{"type":"FeatureCollection","name":"hotspot_2568_filtered_kamphaeng_phet_agri","features":[{"type":"Feature","properties":{"hs_id":"VI1202501010559w4znbctjsz","hsID":"VI1202501010559w4znbctjsz","acq_date":"2025-01-01","Date":"2025-01-01","acq_time":"1259.0","year_be":2568,"season_be":2568,"dataset_year_be":2568,"province":"กำแพงเพชร","Province":"กำแพงเพชร","__province":"กำแพงเพชร","district":"ลานกระบือ","Amphoe":"ลานกระบือ","__district":"ลานกระบือ","subdistrict":"ลานกระบือ","Tambon":"ลานกระบือ","__subdistrict":"ลานกระบือ","village":"บ้านบึงมาลย์น้อย","BaanN":"บ้านบึงมาลย์น้อย","__village":"บ้านบึงมาลย์น้อย","land_type":"พื้นที่เกษตร","LandType":"พื้นที่เกษตร","plant_type":"อ้อย","PlantType":"อ้อย","crop_type":"อ้อย","crop_type_raw":"อ้อย","__crop":"อ้อย","__plant_type":"อ้อย","confidence":"","source":"NASA FIRMS VIIRS","source_file":"HOTSPOT Viirs 1 ม.ค - 31 พ.ค. 68 (รวม).xlsx","filter_rule":"Province=กำแพงเพชร; LandType=พื้นที่เกษตร; PlantType in allowed list; hierarchy uses Province→Amphoe→Tambon→BaanN from source table","latitude":16.6645,"longitude":99.88378,"month":1,"day":1,"responsibility_code":"5.0","landuse_code":"A203","utm_zone":"47.0","utm_e":"594241.32","utm_n":"1842649.402"},"geometry":{"type":"Point","coordinates":[99.88378,16.6645]}},{"type":"Feature","properties":{"hs_id":"VI1202501010559w4znbcz983","hsID":"VI1202501010559w4znbcz983","acq_date":"2025-01-01","Date":"2025-01-01","acq_time":"1259.0","year_be":2568,"season_be":2568,"dataset_year_be":2568,"province":"กำแพงเพชร","Province":"กำแพงเพชร","__province":"กำแพงเพชร","district":"ลานกระบือ","Amphoe":"ลานกระบือ","__district":"ลานกระบือ","subdistrict":"บึงทับแรต","Tambon":"บึงทับแรต","__subdistrict":"บึงทับแรต","village":"บ้านบึงมาลย์น้อย","BaanN":"บ้านบึงมาลย์น้อย","__village":"บ้านบึงมาลย์น้อย","land_type":"พื้นที่เกษตร","LandType":"พื้นที่เกษตร","plant_type":"นาข้าว","PlantType":"นาข้าว","crop_type":"นาข้าว","crop_type_raw":"นาข้าว","__crop":"นาข้าว","__plant_type":"นาข้าว","confidence":"","source":"NASA FIRMS VIIRS","source_file":"HOTSPOT Viirs 1 ม.ค - 31 พ.ค. 68 (รวม).xlsx","filter_rule":"Province=กำแพงเพชร; LandType=พื้นที่เกษตร; PlantType in allowed list; hierarchy uses Province→Amphoe→Tambon→BaanN from source table","latitude":16.66515,"longitude":99.88702,"month":1,"day":1,"responsibility_code":"5.0","landuse_code":"A101","utm_zone":"47.0","utm_e":"594586.52","utm_n":"1842722.844"},"geometry":{"type":"Point","coordinates":[99.88702,16.66515]}},{"type":"Feature","properties":{"hs_id":"VI1202501040641w4yydxyyb6","hsID":"VI1202501040641w4yydxyyb6","acq_date":"2025-01-04","Date":"2025-01-04","acq_time":"1341.0","year_be":2568,"season_be":2568,"dataset_year_be":2568,"province":"กำแพงเพชร","Province":"กำแพงเพชร","__province":"กำแพงเพชร","district":"พรานกระต่าย","Amphoe":"พรานกระต่าย","__district":"พรานกระต่าย","subdistrict":"ถ้ำกระต่ายทอง","Tambon":"ถ้ำกระต่ายทอง","__subdistrict":"ถ้ำกระต่ายทอง","village":"บ้านนาทอง","BaanN":"บ้านนาทอง","__village":"บ้านนาทอง","land_type":"พื้นที่เกษตร","LandType":"พื้นที่เกษตร","plant_type":"นาข้าว","PlantType":"นาข้าว","crop_type":"นาข้าว","crop_type_raw":"นาข้าว","__crop":"นาข้าว","__plant_type":"นาข้าว","confidence":"","source":"NASA FIRMS VIIRS","source_file":"HOTSPOT Viirs 1 ม.ค - 31 พ.ค. 68 (รวม).xlsx","filter_rule":"Province=กำแพงเพชร; LandType=พื้นที่เกษตร; PlantType in allowed list; hierarchy uses Province→Amphoe→Tambon→BaanN from source table","latitude":16.65507,"longitude":99.61134,"month":1,"day":4,"responsibility_code":"5.0","landuse_code":"A101","utm_zone":"47.0","utm_e":"565191.911","utm_n":"1841497.484"},"geometry":{"type":"Point","coordinates":[99.61134,16.65507]}},{"type":"Feature","properties":{"hs_id":"VI1202501050624w4ygeb601b","hsID":"VI1202501050624w4ygeb601b","acq_date":"2025-01-05","Date":"2025-01-05","acq_time":"1324.0","year_be":2568,"season_be":2568,"dataset_year_be":2568,"province":"กำแพงเพชร","Province":"กำแพงเพชร","__province":"กำแพงเพชร","district":"ขาณุวรลักษบุรี","Amphoe":"ขาณุวรลักษบุรี","__district":"ขาณุวรลักษบุรี","subdistrict":"โค้งไผ่","Tambon":"โค้งไผ่","__subdistrict":"โค้งไผ่","village":"บ้านวังหามแห","BaanN":"บ้านวังหามแห","__village":"บ้านวังหามแห","land_type":"พื้นที่เกษตร","LandType":"พื้นที่เกษตร","plant_type":"อ้อย","PlantType":"อ้อย","crop_type":"อ้อย","crop_type_raw":"อ้อย","__crop":"อ้อย","__plant_type":"อ้อย","confidence":"","source":"NASA FIRMS VIIRS","source_file":"HOTSPOT Viirs 1 ม.ค - 31 พ.ค. 68 (รวม).xlsx","filter_rule":"Province=กำแพงเพชร; LandType=พื้นที่เกษตร; PlantType in allowed list; hierarchy uses Province→Amphoe→Tambon→BaanN from source table","latitude":16.08536,"longitude":99.65981,"month":1,"day":5,"responsibility_code":"5.0","landuse_code":"A203","utm_zone":"47.0","utm_e":"570565.389","utm_n":"1778490.04"},"geometry":{"type":"Point","coordinates":[99.65981,16.08536]}},{"type":"Feature","properties":{"hs_id":"VI1202501041914w4yv3reshh","hsID":"VI1202501041914w4yv3reshh","acq_date":"2025-01-05","Date":"2025-01-05","acq_time":"214.0","year_be":2568,"season_be":2568,"dataset_year_be":2568,"province":"กำแพงเพชร","Province":"กำแพงเพชร","__province":"กำแพงเพชร","district":"เมืองกำแพงเพชร","Amphoe":"เมืองกำแพงเพชร","__district":"เมืองกำแพงเพชร","subdistrict":"เทพนคร","Tambon":"เทพนคร","__subdistrict":"เทพนคร","village":"บ้านโขมงหัก","BaanN":"บ้านโขมงหัก","__village":"บ้านโขมงหัก","land_type":"พื้นที่เกษตร","LandType":"พื้นที่เกษตร","plant_type":"นาข้าว","PlantType":"นาข้าว","crop_type":"นาข้าว","crop_type_raw":"นาข้าว","__crop":"นาข้าว","__plant_type":"นาข้าว","confidence":"","source":"NASA FIRMS VIIRS","source_file":"HOTSPOT Viirs 1 ม.ค - 31 พ.ค. 68 (รวม).xlsx","filter_rule":"Province=กำแพงเพชร; LandType=พื้นที่เกษตร; PlantType in allowed list; hierarchy uses Province→Amphoe→Tambon→BaanN from source table","latitude":16.43351,"longitude":99.5521,"month":1,"day":5,"responsibility_code":"5.0","landuse_code":"A101","utm_zone":"47.0","utm_e":"558941.773","utm_n":"1816969.15"},"geometry":{"type":"Point","coordinates":[99.5521,16.43351]}},{"type":"Feature","properties":{"hs_id":"VI1202501050624w4yz6t5uf6","hsID":"VI1202501050624w4yz6t5uf6","acq_date":"2025-01-05","Date":"2025-01-05","acq_time":"1324.0","year_be":2568,"season_be":2568,"dataset_year_be":2568,"province":"กำแพงเพชร","Province":"กำแพงเพชร","__province":"กำแพงเพชร","district":"พรานกระต่าย","Amphoe":"พรานกระต่าย","__district":"พรานกระต่าย","subdistrict":"ห้วยยั้ง","Tambon":"ห้วยยั้ง","__subdistrict":"ห้วยยั้ง","village":"บ้านล้านช้างท่าว","BaanN":"บ้านล้านช้างท่าว","__village":"บ้านล้านช้างท่าว","land_type":"พื้นที่เกษตร","LandType":"พื้นที่เกษตร","plant_type":"นาข้าว","PlantType":"นาข้าว","crop_type":"นาข้าว","crop_type_raw":"นาข้าว","__crop":"นาข้าว","__plant_type":"นาข้าว","confidence":"","source":"NASA FIRMS VIIRS","source_file":"HOTSPOT Viirs 1 ม.ค - 31 พ.ค. 68 (รวม).xlsx","filter_rule":"Province=กำแพงเพชร; LandType=พื้นที่เกษตร; PlantType in allowed list; hierarchy uses Province→Amphoe→Tambon→BaanN from source table","latitude":16.77146,"longitude":99.6073,"month":1,"day":5,"responsibility_code":"5.0","landuse_code":"A101","utm_zone":"47.0","utm_e":"564721.831","utm_n":"1854372.061"},"geometry":{"type":"Point","coordinates":[99.6073,16.77146]}},{"type":"Feature","properties":{"hs_id":"VI1202501060603w4ygjcuuv1","hsID":"VI1202501060603w4ygjcuuv1","acq_date":"2025-01-06","Date":"2025-01-06","acq_time":"1303.0","year_be":2568,"season_be":2568,"dataset_year_be":2568,"province":"กำแพงเพชร","Province":"กำแพงเพชร","__province":"กำแพงเพชร","district":"ขาณุวรลักษบุรี","Amphoe":"ขาณุวรลักษบุรี","__district":"ขาณุวรลักษบุรี","subdistrict":"วังชะพลู","Tambon":"วังชะพลู","__subdistrict":"วังชะพลู","village":"บ้านรังแถว","BaanN":"บ้านรังแถว","__village":"บ้านรังแถว","land_type":"พื้นที่เกษตร","LandType":"พื้นที่เกษตร","plant_type":"นาข้าว","PlantType":"นาข้าว","crop_type":"นาข้าว","crop_type_raw":"นาข้าว","__crop":"นาข้าว","__plant_type":"นาข้าว","confidence":"","source":"NASA FIRMS VIIRS","source_file":"HOTSPOT Viirs 1 ม.ค - 31 พ.ค. 68 (รวม).xlsx","filter_rule":"Province=กำแพงเพชร; LandType=พื้นที่เกษตร; PlantType in allowed list; hierarchy uses Province→Amphoe→Tambon→BaanN from source table","latitude":16.00653,"longitude":99.75162,"month":1,"day":6,"responsibility_code":"5.0","landuse_code":"A101","utm_zone":"47.0","utm_e":"580416.362","utm_n":"1769803.14"},"geometry":{"type":"Point","coordinates":[99.75162,16.00653]}},{"type":"Feature","properties":{"hs_id":"VI1202501090650w4yv6mucvr","hsID":"VI1202501090650w4yv6mucvr","acq_date":"2025-01-09","Date":"2025-01-09","acq_time":"1350.0","year_be":2568,"season_be":2568,"dataset_year_be":2568,"province":"กำแพงเพชร","Province":"กำแพงเพชร","__province":"กำแพงเพชร","district":"เมืองกำแพงเพชร","Amphoe":"เมืองกำแพงเพชร","__district":"เมืองกำแพงเพชร","subdistrict":"เทพนคร","Tambon":"เทพนคร","__subdistrict":"เทพนคร","village":"บ้านไทรย้อย","BaanN":"บ้านไทรย้อย","__village":"บ้านไทรย้อย","land_type":"พื้นที่เกษตร","LandType":"พื้นที่เกษตร","plant_type":"นาข้าว","PlantType":"นาข้าว","crop_type":"นาข้าว","crop_type_raw":"นาข้าว","__crop":"นาข้าว","__plant_type":"นาข้าว","confidence":"","source":"NASA FIRMS VIIRS","source_file":"HOTSPOT Viirs 1 ม.ค - 31 พ.ค. 68 (รวม).xlsx","filter_rule":"Province=กำแพงเพชร; LandType=พื้นที่เกษตร; PlantType in allowed list; hierarchy uses Province→Amphoe→Tambon→BaanN from source table","latitude":16.42353,"longitude":99.59782,"month":1,"day":9,"responsibility_code":"5.0","landuse_code":"A101","utm_zone":"47.0","utm_e":"563826.207","utm_n":"1815878.98"},"geometry":{"type":"Point","coordinates":[99.59782,16.42353]}},{"type":"Feature","properties":{"hs_id":"VI1202501100629w4zn20cc51","hsID":"VI1202501100629w4zn20cc51","acq_date":"2025-01-10","Date":"2025-01-10","acq_time":"1329.0","year_be":2568,"season_be":2568,"dataset_year_be":2568,"province":"กำแพงเพชร","Province":"กำแพงเพชร","__province":"กำแพงเพชร","district":"ลานกระบือ","Amphoe":"ลานกระบือ","__district":"ลานกระบือ","subdistrict":"โนนพลวง","Tambon":"โนนพลวง","__subdistrict":"โนนพลวง","village":"บ้านโนนพลวง","BaanN":"บ้านโนนพลวง","__village":"บ้านโนนพลวง","land_type":"พื้นที่เกษตร","LandType":"พื้นที่เกษตร","plant_type":"อ้อย","PlantType":"อ้อย","crop_type":"อ้อย","crop_type_raw":"อ้อย","__crop":"อ้อย","__plant_type":"อ้อย","confidence":"","source":"NASA FIRMS VIIRS","source_file":"HOTSPOT Viirs 1 ม.ค - 31 พ.ค. 68 (รวม).xlsx","filter_rule":"Province=กำแพงเพชร; LandType=พื้นที่เกษตร; PlantType in allowed list; hierarchy uses Province→Amphoe→Tambon→BaanN from source table","latitude":16.57168,"longitude":99.84629,"month":1,"day":10,"responsibility_code":"5.0","landuse_code":"A203","utm_zone":"47.0","utm_e":"590286.729","utm_n":"1832363.317"},"geometry":{"type":"Point","coordinates":[99.84629,16.57168]}},{"type":"Feature","properties":{"hs_id":"VI1202501100629w4zn2dez9k","hsID":"VI1202501100629w4zn2dez9k","acq_date":"2025-01-10","Date":"2025-01-10","acq_time":"1329.0","year_be":2568,"season_be":2568,"dataset_year_be":2568,"province":"กำแพงเพชร","Province":"กำแพงเพชร","__province":"กำแพงเพชร","district":"ลานกระบือ","Amphoe":"ลานกระบือ","__district":"ลานกระบือ","subdistrict":"โนนพลวง","Tambon":"โนนพลวง","__subdistrict":"โนนพลวง","village":"บ้านโนนทอง (โนนสมอ)","BaanN":"บ้านโนนทอง (โนนสมอ)","__village":"บ้านโนนทอง (โนนสมอ)","land_type":"พื้นที่เกษตร","LandType":"พื้นที่เกษตร","plant_type":"นาข้าว","PlantType":"นาข้าว","crop_type":"นาข้าว","crop_type_raw":"นาข้าว","__crop":"นาข้าว","__plant_type":"นาข้าว","confidence":"","source":"NASA FIRMS VIIRS","source_file":"HOTSPOT Viirs 1 ม.ค - 31 พ.ค. 68 (รวม).xlsx","filter_rule":"Province=กำแพงเพชร; LandType=พื้นที่เกษตร; PlantType in allowed list; hierarchy uses Province→Amphoe→Tambon→BaanN from source table","latitude":16.58243,"longitude":99.87093,"month":1,"day":10,"responsibility_code":"5.0","landuse_code":"A101","utm_zone":"47.0","utm_e":"592910.466","utm_n":"1833563.839"},"geometry":{"type":"Point","coordinates":[99.87093,16.58243]}},{"type":"Feature","properties":{"hs_id":"VI1202501100629w4yz9mk3wn","hsID":"VI1202501100629w4yz9mk3wn","acq_date":"2025-01-10","Date":"2025-01-10","acq_time":"1329.0","year_be":2568,"season_be":2568,"dataset_year_be":2568,"province":"กำแพงเพชร","Province":"กำแพงเพชร","__province":"กำแพงเพชร","district":"พรานกระต่าย","Amphoe":"พรานกระต่าย","__district":"พรานกระต่าย","subdistrict":"ห้วยยั้ง","Tambon":"ห้วยยั้ง","__subdistrict":"ห้วยยั้ง","village":"บ้านทุ่งยาว","BaanN":"บ้านทุ่งยาว","__village":"บ้านทุ่งยาว","land_type":"พื้นที่เกษตร","LandType":"พื้นที่เกษตร","plant_type":"เกษตรอื่น ๆ","PlantType":"เกษตรอื่น ๆ","crop_type":"เกษตรอื่น ๆ","crop_type_raw":"เกษตรอื่น ๆ","__crop":"เกษตรอื่น ๆ","__plant_type":"เกษตรอื่น ๆ","confidence":"","source":"NASA FIRMS VIIRS","source_file":"HOTSPOT Viirs 1 ม.ค - 31 พ.ค. 68 (รวม).xlsx","filter_rule":"Province=กำแพงเพชร; LandType=พื้นที่เกษตร; PlantType in allowed list; hierarchy uses Province→Amphoe→Tambon→BaanN from source table","latitude":16.81624,"longitude":99.55322,"month":1,"day":10,"responsibility_code":"5.0","landuse_code":"A999","utm_zone":"47.0","utm_e":"558944.381","utm_n":"1859309.099"},"geometry":{"type":"Point","coordinates":[99.55322,16.81624]}},{"type":"Feature","properties":{"hs_id":"VI1202501120552w4yv7mvd3s","hsID":"VI1202501120552w4yv7mvd3s","acq_date":"2025-01-12","Date":"2025-01-12","acq_time":"1252.0","year_be":2568,"season_be":2568,"dataset_year_be":2568,"province":"กำแพงเพชร","Province":"กำแพงเพชร","__province":"กำแพงเพชร","district":"เมืองกำแพงเพชร","Amphoe":"เมืองกำแพงเพชร","__district":"เมืองกำแพงเพชร","subdistrict":"เทพนคร","Tambon":"เทพนคร","__subdistrict":"เทพนคร","village":"บ้านสุกรพันธ์","BaanN":"บ้านสุกรพันธ์","__village":"บ้านสุกรพันธ์","land_type":"พื้นที่เกษตร","LandType":"พื้นที่เกษตร","plant_type":"อ้อย","PlantType":"อ้อย","crop_type":"อ้อย","crop_type_raw":"อ้อย","__crop":"อ้อย","__plant_type":"อ้อย","confidence":"","source":"NASA FIRMS VIIRS","source_file":"HOTSPOT Viirs 1 ม.ค - 31 พ.ค. 68 (รวม).xlsx","filter_rule":"Province=กำแพงเพชร; LandType=พื้นที่เกษตร; PlantType in allowed list; hierarchy uses Province→Amphoe→Tambon→BaanN from source table","latitude":16.4236,"longitude":99.64263,"month":1,"day":12,"responsibility_code":"5.0","landuse_code":"A203","utm_zone":"47.0","utm_e":"568610.483","utm_n":"1815901.367"},"geometry":{"type":"Point","coordinates":[99.64263,16.4236]}},{"type":"Feature","properties":{"hs_id":"VI1202501111845w4yz19vyup","hsID":"VI1202501111845w4yz19vyup","acq_date":"2025-01-12","Date":"2025-01-12","acq_time":"145.0","year_be":2568,"season_be":2568,"dataset_year_be":2568,"province":"กำแพงเพชร","Province":"กำแพงเพชร","__province":"กำแพงเพชร","district":"พรานกระต่าย","Amphoe":"พรานกระต่าย","__district":"พรานกระต่าย","subdistrict":"ถ้ำกระต่ายทอง","Tambon":"ถ้ำกระต่ายทอง","__subdistrict":"ถ้ำกระต่ายทอง","village":"บ้านหนองตากล้า","BaanN":"บ้านหนองตากล้า","__village":"บ้านหนองตากล้า","land_type":"พื้นที่เกษตร","LandType":"พื้นที่เกษตร","plant_type":"เกษตรอื่น ๆ","PlantType":"เกษตรอื่น ๆ","crop_type":"เกษตรอื่น ๆ","crop_type_raw":"เกษตรอื่น ๆ","__crop":"เกษตรอื่น ๆ","__plant_type":"เกษตรอื่น ๆ","confidence":"","source":"NASA FIRMS VIIRS","source_file":"HOTSPOT Viirs 1 ม.ค - 31 พ.ค. 68 (รวม).xlsx","filter_rule":"Province=กำแพงเพชร; LandType=พื้นที่เกษตร; PlantType in allowed list; hierarchy uses Province→Amphoe→Tambon→BaanN from source table","latitude":16.71003,"longitude":99.56618,"month":1,"day":12,"responsibility_code":"5.0","landuse_code":"A999","utm_zone":"47.0","utm_e":"560358.766","utm_n":"1847563.311"},"geometry":{"type":"Point","coordinates":[99.56618,16.71003]}},{"type":"Feature","properties":{"hs_id":"VI1202501130713w4z5cd0jcw","hsID":"VI1202501130713w4z5cd0jcw","acq_date":"2025-01-13","Date":"2025-01-13","acq_time":"1413.0","year_be":2568,"season_be":2568,"dataset_year_be":2568,"province":"กำแพงเพชร","Province":"กำแพงเพชร","__province":"กำแพงเพชร","district":"บึงสามัคคี","Amphoe":"บึงสามัคคี","__district":"บึงสามัคคี","subdistrict":"เทพนิมิต","Tambon":"เทพนิมิต","__subdistrict":"เทพนิมิต","village":"บ้านบึงแต๋ว","BaanN":"บ้านบึงแต๋ว","__village":"บ้านบึงแต๋ว","land_type":"พื้นที่เกษตร","LandType":"พื้นที่เกษตร","plant_type":"อ้อย","PlantType":"อ้อย","crop_type":"อ้อย","crop_type_raw":"อ้อย","__crop":"อ้อย","__plant_type":"อ้อย","confidence":"","source":"NASA FIRMS VIIRS","source_file":"HOTSPOT Viirs 1 ม.ค - 31 พ.ค. 68 (รวม).xlsx","filter_rule":"Province=กำแพงเพชร; LandType=พื้นที่เกษตร; PlantType in allowed list; hierarchy uses Province→Amphoe→Tambon→BaanN from source table","latitude":16.13994,"longitude":99.90974,"month":1,"day":13,"responsibility_code":"5.0","landuse_code":"A203","utm_zone":"47.0","utm_e":"597269.956","utm_n":"1784629.539"},"geometry":{"type":"Point","coordinates":[99.90974,16.13994]}},{"type":"Feature","properties":{"hs_id":"VI1202501131946w4zh226zuk","hsID":"VI1202501131946w4zh226zuk","acq_date":"2025-01-14","Date":"2025-01-14","acq_time":"246.0","year_be":2568,"season_be":2568,"dataset_year_be":2568,"province":"กำแพงเพชร","Province":"กำแพงเพชร","__province":"กำแพงเพชร","district":"คลองขลุง","Amphoe":"คลองขลุง","__district":"คลองขลุง","subdistrict":"วังแขม","Tambon":"วังแขม","__subdistrict":"วังแขม","village":"บ้านบ่อทอง","BaanN":"บ้านบ่อทอง","__village":"บ้านบ่อทอง","land_type":"พื้นที่เกษตร","LandType":"พื้นที่เกษตร","plant_type":"อ้อย","PlantType":"อ้อย","crop_type":"อ้อย","crop_type_raw":"อ้อย","__crop":"อ้อย","__plant_type":"อ้อย","confidence":"","source":"NASA FIRMS VIIRS","source_file":"HOTSPOT Viirs 1 ม.ค - 31 พ.ค. 68 (รวม).xlsx","filter_rule":"Province=กำแพงเพชร; LandType=พื้นที่เกษตร; PlantType in allowed list; hierarchy uses Province→Amphoe→Tambon→BaanN from source table","latitude":16.21855,"longitude":99.8587,"month":1,"day":14,"responsibility_code":"5.0","landuse_code":"A203","utm_zone":"47.0","utm_e":"591776.051","utm_n":"1793302.5"},"geometry":{"type":"Point","coordinates":[99.8587,16.21855]}},{"type":"Feature","properties":{"hs_id":"VI1202501140656w4yuve8e96","hsID":"VI1202501140656w4yuve8e96","acq_date":"2025-01-14","Date":"2025-01-14","acq_time":"1356.0","year_be":2568,"season_be":2568,"dataset_year_be":2568,"province":"กำแพงเพชร","Province":"กำแพงเพชร","__province":"กำแพงเพชร","district":"คลองขลุง","Amphoe":"คลองขลุง","__district":"คลองขลุง","subdistrict":"วังบัว","Tambon":"วังบัว","__subdistrict":"วังบัว","village":"บ้านโนนสว่าง","BaanN":"บ้านโนนสว่าง","__village":"บ้านโนนสว่าง","land_type":"พื้นที่เกษตร","LandType":"พื้นที่เกษตร","plant_type":"นาข้าว","PlantType":"นาข้าว","crop_type":"นาข้าว","crop_type_raw":"นาข้าว","__crop":"นาข้าว","__plant_type":"นาข้าว","confidence":"","source":"NASA FIRMS VIIRS","source_file":"HOTSPOT Viirs 1 ม.ค - 31 พ.ค. 68 (รวม).xlsx","filter_rule":"Province=กำแพงเพชร; LandType=พื้นที่เกษตร; PlantType in allowed list; hierarchy uses Province→Amphoe→Tambon→BaanN from source table","latitude":16.32355,"longitude":99.73463,"month":1,"day":14,"responsibility_code":"5.0","landuse_code":"A101","utm_zone":"47.0","utm_e":"578473.31","utm_n":"1804866.617"},"geometry":{"type":"Point","coordinates":[99.73463,16.32355]}},{"type":"Feature","properties":{"hs_id":"VI1202501150635w4ygx96bts","hsID":"VI1202501150635w4ygx96bts","acq_date":"2025-01-15","Date":"2025-01-15","acq_time":"1335.0","year_be":2568,"season_be":2568,"dataset_year_be":2568,"province":"กำแพงเพชร","Province":"กำแพงเพชร","__province":"กำแพงเพชร","district":"ขาณุวรลักษบุรี","Amphoe":"ขาณุวรลักษบุรี","__district":"ขาณุวรลักษบุรี","subdistrict":"แสนตอ","Tambon":"แสนตอ","__subdistrict":"แสนตอ","village":"บ้านโนนตารอด","BaanN":"บ้านโนนตารอด","__village":"บ้านโนนตารอด","land_type":"พื้นที่เกษตร","LandType":"พื้นที่เกษตร","plant_type":"นาข้าว","PlantType":"นาข้าว","crop_type":"นาข้าว","crop_type_raw":"นาข้าว","__crop":"นาข้าว","__plant_type":"นาข้าว","confidence":"","source":"NASA FIRMS VIIRS","source_file":"HOTSPOT Viirs 1 ม.ค - 31 พ.ค. 68 (รวม).xlsx","filter_rule":"Province=กำแพงเพชร; LandType=พื้นที่เกษตร; PlantType in allowed list; hierarchy uses Province→Amphoe→Tambon→BaanN from source table","latitude":16.09096,"longitude":99.8258,"month":1,"day":15,"responsibility_code":"5.0","landuse_code":"A101","utm_zone":"47.0","utm_e":"588316.163","utm_n":"1779173.315"},"geometry":{"type":"Point","coordinates":[99.8258,16.09096]}},{"type":"Feature","properties":{"hs_id":"VI1202501150635w4zh47x676","hsID":"VI1202501150635w4zh47x676","acq_date":"2025-01-15","Date":"2025-01-15","acq_time":"1335.0","year_be":2568,"season_be":2568,"dataset_year_be":2568,"province":"กำแพงเพชร","Province":"กำแพงเพชร","__province":"กำแพงเพชร","district":"บึงสามัคคี","Amphoe":"บึงสามัคคี","__district":"บึงสามัคคี","subdistrict":"เทพนิมิต","Tambon":"เทพนิมิต","__subdistrict":"เทพนิมิต","village":"บ้านใหม่เจริญสุข","BaanN":"บ้านใหม่เจริญสุข","__village":"บ้านใหม่เจริญสุข","land_type":"พื้นที่เกษตร","LandType":"พื้นที่เกษตร","plant_type":"นาข้าว","PlantType":"นาข้าว","crop_type":"นาข้าว","crop_type_raw":"นาข้าว","__crop":"นาข้าว","__plant_type":"นาข้าว","confidence":"","source":"NASA FIRMS VIIRS","source_file":"HOTSPOT Viirs 1 ม.ค - 31 พ.ค. 68 (รวม).xlsx","filter_rule":"Province=กำแพงเพชร; LandType=พื้นที่เกษตร; PlantType in allowed list; hierarchy uses Province→Amphoe→Tambon→BaanN from source table","latitude":16.1915,"longitude":99.95273,"month":1,"day":15,"responsibility_code":"5.0","landuse_code":"A101","utm_zone":"47.0","utm_e":"601840.416","utm_n":"1790354.349"},"geometry":{"type":"Point","coordinates":[99.95273,16.1915]}},{"type":"Feature","properties":{"hs_id":"VI1202501150635w4yv63zyr4","hsID":"VI1202501150635w4yv63zyr4","acq_date":"2025-01-15","Date":"2025-01-15","acq_time":"1335.0","year_be":2568,"season_be":2568,"dataset_year_be":2568,"province":"กำแพงเพชร","Province":"กำแพงเพชร","__province":"กำแพงเพชร","district":"เมืองกำแพงเพชร","Amphoe":"เมืองกำแพงเพชร","__district":"เมืองกำแพงเพชร","subdistrict":"เทพนคร","Tambon":"เทพนคร","__subdistrict":"เทพนคร","village":"บ้านหนองสามมุก","BaanN":"บ้านหนองสามมุก","__village":"บ้านหนองสามมุก","land_type":"พื้นที่เกษตร","LandType":"พื้นที่เกษตร","plant_type":"นาข้าว","PlantType":"นาข้าว","crop_type":"นาข้าว","crop_type_raw":"นาข้าว","__crop":"นาข้าว","__plant_type":"นาข้าว","confidence":"","source":"NASA FIRMS VIIRS","source_file":"HOTSPOT Viirs 1 ม.ค - 31 พ.ค. 68 (รวม).xlsx","filter_rule":"Province=กำแพงเพชร; LandType=พื้นที่เกษตร; PlantType in allowed list; hierarchy uses Province→Amphoe→Tambon→BaanN from source table","latitude":16.4023,"longitude":99.60201,"month":1,"day":15,"responsibility_code":"5.0","landuse_code":"A101","utm_zone":"47.0","utm_e":"564280.539","utm_n":"1813531.759"},"geometry":{"type":"Point","coordinates":[99.60201,16.4023]}},{"type":"Feature","properties":{"hs_id":"VI1202501150635w4yveuk038","hsID":"VI1202501150635w4yveuk038","acq_date":"2025-01-15","Date":"2025-01-15","acq_time":"1335.0","year_be":2568,"season_be":2568,"dataset_year_be":2568,"province":"กำแพงเพชร","Province":"กำแพงเพชร","__province":"กำแพงเพชร","district":"เมืองกำแพงเพชร","Amphoe":"เมืองกำแพงเพชร","__district":"เมืองกำแพงเพชร","subdistrict":"นิคมทุ่งโพธิ์ทะเล","Tambon":"นิคมทุ่งโพธิ์ทะเล","__subdistrict":"นิคมทุ่งโพธิ์ทะเล","village":"บ้านสระสิงห์โต","BaanN":"บ้านสระสิงห์โต","__village":"บ้านสระสิงห์โต","land_type":"พื้นที่เกษตร","LandType":"พื้นที่เกษตร","plant_type":"นาข้าว","PlantType":"นาข้าว","crop_type":"นาข้าว","crop_type_raw":"นาข้าว","__crop":"นาข้าว","__plant_type":"นาข้าว","confidence":"","source":"NASA FIRMS VIIRS","source_file":"HOTSPOT Viirs 1 ม.ค - 31 พ.ค. 68 (รวม).xlsx","filter_rule":"Province=กำแพงเพชร; LandType=พื้นที่เกษตร; PlantType in allowed list; hierarchy uses Province→Amphoe→Tambon→BaanN from source table","latitude":16.45894,"longitude":99.66255,"month":1,"day":15,"responsibility_code":"5.0","landuse_code":"A101","utm_zone":"47.0","utm_e":"570724.527","utm_n":"1819817.714"},"geometry":{"type":"Point","coordinates":[99.66255,16.45894]}},{"type":"Feature","properties":{"hs_id":"VI1202501160618w4ygtuvkn5","hsID":"VI1202501160618w4ygtuvkn5","acq_date":"2025-01-16","Date":"2025-01-16","acq_time":"1318.0","year_be":2568,"season_be":2568,"dataset_year_be":2568,"province":"กำแพงเพชร","Province":"กำแพงเพชร","__province":"กำแพงเพชร","district":"ขาณุวรลักษบุรี","Amphoe":"ขาณุวรลักษบุรี","__district":"ขาณุวรลักษบุรี","subdistrict":"เกาะตาล","Tambon":"เกาะตาล","__subdistrict":"เกาะตาล","village":"บ้านท่าพระ","BaanN":"บ้านท่าพระ","__village":"บ้านท่าพระ","land_type":"พื้นที่เกษตร","LandType":"พื้นที่เกษตร","plant_type":"นาข้าว","PlantType":"นาข้าว","crop_type":"นาข้าว","crop_type_raw":"นาข้าว","__crop":"นาข้าว","__plant_type":"นาข้าว","confidence":"","source":"NASA FIRMS VIIRS","source_file":"HOTSPOT Viirs 1 ม.ค - 31 พ.ค. 68 (รวม).xlsx","filter_rule":"Province=กำแพงเพชร; LandType=พื้นที่เกษตร; PlantType in allowed list; hierarchy uses Province→Amphoe→Tambon→BaanN from source table","latitude":16.11078,"longitude":99.75235,"month":1,"day":16,"responsibility_code":"5.0","landuse_code":"A101","utm_zone":"47.0","utm_e":"580452.577","utm_n":"1781335.887"},"geometry":{"type":"Point","coordinates":[99.75235,16.11078]}},{"type":"Feature","properties":{"hs_id":"VI1202501160618w4yv7h8p90","hsID":"VI1202501160618w4yv7h8p90","acq_date":"2025-01-16","Date":"2025-01-16","acq_time":"1318.0","year_be":2568,"season_be":2568,"dataset_year_be":2568,"province":"กำแพงเพชร","Province":"กำแพงเพชร","__province":"กำแพงเพชร","district":"เมืองกำแพงเพชร","Amphoe":"เมืองกำแพงเพชร","__district":"เมืองกำแพงเพชร","subdistrict":"เทพนคร","Tambon":"เทพนคร","__subdistrict":"เทพนคร","village":"บ้านหนองสามมุก","BaanN":"บ้านหนองสามมุก","__village":"บ้านหนองสามมุก","land_type":"พื้นที่เกษตร","LandType":"พื้นที่เกษตร","plant_type":"อ้อย","PlantType":"อ้อย","crop_type":"อ้อย","crop_type_raw":"อ้อย","__crop":"อ้อย","__plant_type":"อ้อย","confidence":"","source":"NASA FIRMS VIIRS","source_file":"HOTSPOT Viirs 1 ม.ค - 31 พ.ค. 68 (รวม).xlsx","filter_rule":"Province=กำแพงเพชร; LandType=พื้นที่เกษตร; PlantType in allowed list; hierarchy uses Province→Amphoe→Tambon→BaanN from source table","latitude":16.41761,"longitude":99.62407,"month":1,"day":16,"responsibility_code":"5.0","landuse_code":"A203","utm_zone":"47.0","utm_e":"566630.895","utm_n":"1815232.534"},"geometry":{"type":"Point","coordinates":[99.62407,16.41761]}},{"type":"Feature","properties":{"hs_id":"VI1202501170559w4yuhz0bun","hsID":"VI1202501170559w4yuhz0bun","acq_date":"2025-01-17","Date":"2025-01-17","acq_time":"1259.0","year_be":2568,"season_be":2568,"dataset_year_be":2568,"province":"กำแพงเพชร","Province":"กำแพงเพชร","__province":"กำแพงเพชร","district":"คลองขลุง","Amphoe":"คลองขลุง","__district":"คลองขลุง","subdistrict":"คลองขลุง","Tambon":"คลองขลุง","__subdistrict":"คลองขลุง","village":"บ้านเด่นสะเดา","BaanN":"บ้านเด่นสะเดา","__village":"บ้านเด่นสะเดา","land_type":"พื้นที่เกษตร","LandType":"พื้นที่เกษตร","plant_type":"นาข้าว","PlantType":"นาข้าว","crop_type":"นาข้าว","crop_type_raw":"นาข้าว","__crop":"นาข้าว","__plant_type":"นาข้าว","confidence":"","source":"NASA FIRMS VIIRS","source_file":"HOTSPOT Viirs 1 ม.ค - 31 พ.ค. 68 (รวม).xlsx","filter_rule":"Province=กำแพงเพชร; LandType=พื้นที่เกษตร; PlantType in allowed list; hierarchy uses Province→Amphoe→Tambon→BaanN from source table","latitude":16.21049,"longitude":99.70213,"month":1,"day":17,"responsibility_code":"5.0","landuse_code":"A101","utm_zone":"47.0","utm_e":"575044.438","utm_n":"1792347.205"},"geometry":{"type":"Point","coordinates":[99.70213,16.21049]}},{"type":"Feature","properties":{"hs_id":"VI1202501190701w4ygj5kkpw","hsID":"VI1202501190701w4ygj5kkpw","acq_date":"2025-01-19","Date":"2025-01-19","acq_time":"1401.0","year_be":2568,"season_be":2568,"dataset_year_be":2568,"province":"กำแพงเพชร","Province":"กำแพงเพชร","__province":"กำแพงเพชร","district":"ขาณุวรลักษบุรี","Amphoe":"ขาณุวรลักษบุรี","__district":"ขาณุวรลักษบุรี","subdistrict":"วังชะพลู","Tambon":"วังชะพลู","__subdistrict":"วังชะพลู","village":"บ้านช่องลม","BaanN":"บ้านช่องลม","__village":"บ้านช่องลม","land_type":"พื้นที่เกษตร","LandType":"พื้นที่เกษตร","plant_type":"เกษตรอื่น ๆ","PlantType":"เกษตรอื่น ๆ","crop_type":"เกษตรอื่น ๆ","crop_type_raw":"เกษตรอื่น ๆ","__crop":"เกษตรอื่น ๆ","__plant_type":"เกษตรอื่น ๆ","confidence":"","source":"NASA FIRMS VIIRS","source_file":"HOTSPOT Viirs 1 ม.ค - 31 พ.ค. 68 (รวม).xlsx","filter_rule":"Province=กำแพงเพชร; LandType=พื้นที่เกษตร; PlantType in allowed list; hierarchy uses Province→Amphoe→Tambon→BaanN from source table","latitude":16.01467,"longitude":99.71808,"month":1,"day":19,"responsibility_code":"5.0","landuse_code":"A999","utm_zone":"47.0","utm_e":"576824.616","utm_n":"1770690.91"},"geometry":{"type":"Point","coordinates":[99.71808,16.01467]}},{"type":"Feature","properties":{"hs_id":"VI1202501181810w4z58v8x12","hsID":"VI1202501181810w4z58v8x12","acq_date":"2025-01-19","Date":"2025-01-19","acq_time":"110.0","year_be":2568,"season_be":2568,"dataset_year_be":2568,"province":"กำแพงเพชร","Province":"กำแพงเพชร","__province":"กำแพงเพชร","district":"ขาณุวรลักษบุรี","Amphoe":"ขาณุวรลักษบุรี","__district":"ขาณุวรลักษบุรี","subdistrict":"ยางสูง","Tambon":"ยางสูง","__subdistrict":"ยางสูง","village":"บ้านบึงปอแดง","BaanN":"บ้านบึงปอแดง","__village":"บ้านบึงปอแดง","land_type":"พื้นที่เกษตร","LandType":"พื้นที่เกษตร","plant_type":"อ้อย","PlantType":"อ้อย","crop_type":"อ้อย","crop_type_raw":"อ้อย","__crop":"อ้อย","__plant_type":"อ้อย","confidence":"","source":"NASA FIRMS VIIRS","source_file":"HOTSPOT Viirs 1 ม.ค - 31 พ.ค. 68 (รวม).xlsx","filter_rule":"Province=กำแพงเพชร; LandType=พื้นที่เกษตร; PlantType in allowed list; hierarchy uses Province→Amphoe→Tambon→BaanN from source table","latitude":16.1154,"longitude":99.87745,"month":1,"day":19,"responsibility_code":"5.0","landuse_code":"A203","utm_zone":"47.0","utm_e":"593828.805","utm_n":"1781899.787"},"geometry":{"type":"Point","coordinates":[99.87745,16.1154]}},{"type":"Feature","properties":{"hs_id":"VI1202501190701w4zh5cxgcx","hsID":"VI1202501190701w4zh5cxgcx","acq_date":"2025-01-19","Date":"2025-01-19","acq_time":"1401.0","year_be":2568,"season_be":2568,"dataset_year_be":2568,"province":"กำแพงเพชร","Province":"กำแพงเพชร","__province":"กำแพงเพชร","district":"บึงสามัคคี","Amphoe":"บึงสามัคคี","__district":"บึงสามัคคี","subdistrict":"วังชะโอน","Tambon":"วังชะโอน","__subdistrict":"วังชะโอน","village":"บ้านชัยมงคล","BaanN":"บ้านชัยมงคล","__village":"บ้านชัยมงคล","land_type":"พื้นที่เกษตร","LandType":"พื้นที่เกษตร","plant_type":"อ้อย","PlantType":"อ้อย","crop_type":"อ้อย","crop_type_raw":"อ้อย","__crop":"อ้อย","__plant_type":"อ้อย","confidence":"","source":"NASA FIRMS VIIRS","source_file":"HOTSPOT Viirs 1 ม.ค - 31 พ.ค. 68 (รวม).xlsx","filter_rule":"Province=กำแพงเพชร; LandType=พื้นที่เกษตร; PlantType in allowed list; hierarchy uses Province→Amphoe→Tambon→BaanN from source table","latitude":16.1808,"longitude":100.01926,"month":1,"day":19,"responsibility_code":"5.0","landuse_code":"A203","utm_zone":"47.0","utm_e":"608958.512","utm_n":"1789204.727"},"geometry":{"type":"Point","coordinates":[100.01926,16.1808]}},{"type":"Feature","properties":{"hs_id":"VI1202501190701w4ytrjcfyv","hsID":"VI1202501190701w4ytrjcfyv","acq_date":"2025-01-19","Date":"2025-01-19","acq_time":"1401.0","year_be":2568,"season_be":2568,"dataset_year_be":2568,"province":"กำแพงเพชร","Province":"กำแพงเพชร","__province":"กำแพงเพชร","district":"เมืองกำแพงเพชร","Amphoe":"เมืองกำแพงเพชร","__district":"เมืองกำแพงเพชร","subdistrict":"คลองแม่ลาย","Tambon":"คลองแม่ลาย","__subdistrict":"คลองแม่ลาย","village":"บ้านยางเลียง","BaanN":"บ้านยางเลียง","__village":"บ้านยางเลียง","land_type":"พื้นที่เกษตร","LandType":"พื้นที่เกษตร","plant_type":"อ้อย","PlantType":"อ้อย","crop_type":"อ้อย","crop_type_raw":"อ้อย","__crop":"อ้อย","__plant_type":"อ้อย","confidence":"","source":"NASA FIRMS VIIRS","source_file":"HOTSPOT Viirs 1 ม.ค - 31 พ.ค. 68 (รวม).xlsx","filter_rule":"Province=กำแพงเพชร; LandType=พื้นที่เกษตร; PlantType in allowed list; hierarchy uses Province→Amphoe→Tambon→BaanN from source table","latitude":16.42369,"longitude":99.45094,"month":1,"day":19,"responsibility_code":"5.0","landuse_code":"A203","utm_zone":"47.0","utm_e":"548144.217","utm_n":"1815856.099"},"geometry":{"type":"Point","coordinates":[99.45094,16.42369]}},{"type":"Feature","properties":{"hs_id":"VI1202501190701w4yvspdhvt","hsID":"VI1202501190701w4yvspdhvt","acq_date":"2025-01-19","Date":"2025-01-19","acq_time":"1401.0","year_be":2568,"season_be":2568,"dataset_year_be":2568,"province":"กำแพงเพชร","Province":"กำแพงเพชร","__province":"กำแพงเพชร","district":"เมืองกำแพงเพชร","Amphoe":"เมืองกำแพงเพชร","__district":"เมืองกำแพงเพชร","subdistrict":"นิคมทุ่งโพธิ์ทะเล","Tambon":"นิคมทุ่งโพธิ์ทะเล","__subdistrict":"นิคมทุ่งโพธิ์ทะเล","village":"บ้านโพธิ์ทะเล","BaanN":"บ้านโพธิ์ทะเล","__village":"บ้านโพธิ์ทะเล","land_type":"พื้นที่เกษตร","LandType":"พื้นที่เกษตร","plant_type":"นาข้าว","PlantType":"นาข้าว","crop_type":"นาข้าว","crop_type_raw":"นาข้าว","__crop":"นาข้าว","__plant_type":"นาข้าว","confidence":"","source":"NASA FIRMS VIIRS","source_file":"HOTSPOT Viirs 1 ม.ค - 31 พ.ค. 68 (รวม).xlsx","filter_rule":"Province=กำแพงเพชร; LandType=พื้นที่เกษตร; PlantType in allowed list; hierarchy uses Province→Amphoe→Tambon→BaanN from source table","latitude":16.47759,"longitude":99.67096,"month":1,"day":19,"responsibility_code":"5.0","landuse_code":"A101","utm_zone":"47.0","utm_e":"571615.446","utm_n":"1821883.843"},"geometry":{"type":"Point","coordinates":[99.67096,16.47759]}},{"type":"Feature","properties":{"hs_id":"VI1202501190701w4yy6v45b1","hsID":"VI1202501190701w4yy6v45b1","acq_date":"2025-01-19","Date":"2025-01-19","acq_time":"1401.0","year_be":2568,"season_be":2568,"dataset_year_be":2568,"province":"กำแพงเพชร","Province":"กำแพงเพชร","__province":"กำแพงเพชร","district":"พรานกระต่าย","Amphoe":"พรานกระต่าย","__district":"พรานกระต่าย","subdistrict":"เขาคีริส","Tambon":"เขาคีริส","__subdistrict":"เขาคีริส","village":"บ้านเขานางทอง","BaanN":"บ้านเขานางทอง","__village":"บ้านเขานางทอง","land_type":"พื้นที่เกษตร","LandType":"พื้นที่เกษตร","plant_type":"เกษตรอื่น ๆ","PlantType":"เกษตรอื่น ๆ","crop_type":"เกษตรอื่น ๆ","crop_type_raw":"เกษตรอื่น ๆ","__crop":"เกษตรอื่น ๆ","__plant_type":"เกษตรอื่น ๆ","confidence":"","source":"NASA FIRMS VIIRS","source_file":"HOTSPOT Viirs 1 ม.ค - 31 พ.ค. 68 (รวม).xlsx","filter_rule":"Province=กำแพงเพชร; LandType=พื้นที่เกษตร; PlantType in allowed list; hierarchy uses Province→Amphoe→Tambon→BaanN from source table","latitude":16.5955,"longitude":99.61579,"month":1,"day":19,"responsibility_code":"5.0","landuse_code":"A999","utm_zone":"47.0","utm_e":"565686.729","utm_n":"1834908.929"},"geometry":{"type":"Point","coordinates":[99.61579,16.5955]}},{"type":"Feature","properties":{"hs_id":"VI1202501200641w4ygwut3fu","hsID":"VI1202501200641w4ygwut3fu","acq_date":"2025-01-20","Date":"2025-01-20","acq_time":"1341.0","year_be":2568,"season_be":2568,"dataset_year_be":2568,"province":"กำแพงเพชร","Province":"กำแพงเพชร","__province":"กำแพงเพชร","district":"ขาณุวรลักษบุรี","Amphoe":"ขาณุวรลักษบุรี","__district":"ขาณุวรลักษบุรี","subdistrict":"เกาะตาล","Tambon":"เกาะตาล","__subdistrict":"เกาะตาล","village":"บ้านดอนแขวน","BaanN":"บ้านดอนแขวน","__village":"บ้านดอนแขวน","land_type":"พื้นที่เกษตร","LandType":"พื้นที่เกษตร","plant_type":"นาข้าว","PlantType":"นาข้าว","crop_type":"นาข้าว","crop_type_raw":"นาข้าว","__crop":"นาข้าว","__plant_type":"นาข้าว","confidence":"","source":"NASA FIRMS VIIRS","source_file":"HOTSPOT Viirs 1 ม.ค - 31 พ.ค. 68 (รวม).xlsx","filter_rule":"Province=กำแพงเพชร; LandType=พื้นที่เกษตร; PlantType in allowed list; hierarchy uses Province→Amphoe→Tambon→BaanN from source table","latitude":16.10903,"longitude":99.79615,"month":1,"day":20,"responsibility_code":"5.0","landuse_code":"A101","utm_zone":"47.0","utm_e":"585137.328","utm_n":"1781159.86"},"geometry":{"type":"Point","coordinates":[99.79615,16.10903]}},{"type":"Feature","properties":{"hs_id":"VI1202501210624w4yxqvu917","hsID":"VI1202501210624w4yxqvu917","acq_date":"2025-01-21","Date":"2025-01-21","acq_time":"1324.0","year_be":2568,"season_be":2568,"dataset_year_be":2568,"province":"กำแพงเพชร","Province":"กำแพงเพชร","__province":"กำแพงเพชร","district":"พรานกระต่าย","Amphoe":"พรานกระต่าย","__district":"พรานกระต่าย","subdistrict":"วังควง","Tambon":"วังควง","__subdistrict":"วังควง","village":"บ้านสมอโคน","BaanN":"บ้านสมอโคน","__village":"บ้านสมอโคน","land_type":"พื้นที่เกษตร","LandType":"พื้นที่เกษตร","plant_type":"เกษตรอื่น ๆ","PlantType":"เกษตรอื่น ๆ","crop_type":"เกษตรอื่น ๆ","crop_type_raw":"เกษตรอื่น ๆ","__crop":"เกษตรอื่น ๆ","__plant_type":"เกษตรอื่น ๆ","confidence":"","source":"NASA FIRMS VIIRS","source_file":"HOTSPOT Viirs 1 ม.ค - 31 พ.ค. 68 (รวม).xlsx","filter_rule":"Province=กำแพงเพชร; LandType=พื้นที่เกษตร; PlantType in allowed list; hierarchy uses Province→Amphoe→Tambon→BaanN from source table","latitude":16.77494,"longitude":99.4435,"month":1,"day":21,"responsibility_code":"5.0","landuse_code":"A999","utm_zone":"47.0","utm_e":"547263.954","utm_n":"1854710.844"},"geometry":{"type":"Point","coordinates":[99.4435,16.77494]}},{"type":"Feature","properties":{"hs_id":"VI1202501250650w4yuwh6zug","hsID":"VI1202501250650w4yuwh6zug","acq_date":"2025-01-25","Date":"2025-01-25","acq_time":"1350.0","year_be":2568,"season_be":2568,"dataset_year_be":2568,"province":"กำแพงเพชร","Province":"กำแพงเพชร","__province":"กำแพงเพชร","district":"คลองขลุง","Amphoe":"คลองขลุง","__district":"คลองขลุง","subdistrict":"ท่ามะเขือ","Tambon":"ท่ามะเขือ","__subdistrict":"ท่ามะเขือ","village":"บ้านหาดทรายมูน","BaanN":"บ้านหาดทรายมูน","__village":"บ้านหาดทรายมูน","land_type":"พื้นที่เกษตร","LandType":"พื้นที่เกษตร","plant_type":"นาข้าว","PlantType":"นาข้าว","crop_type":"นาข้าว","crop_type_raw":"นาข้าว","__crop":"นาข้าว","__plant_type":"นาข้าว","confidence":"","source":"NASA FIRMS VIIRS","source_file":"HOTSPOT Viirs 1 ม.ค - 31 พ.ค. 68 (รวม).xlsx","filter_rule":"Province=กำแพงเพชร; LandType=พื้นที่เกษตร; PlantType in allowed list; hierarchy uses Province→Amphoe→Tambon→BaanN from source table","latitude":16.28446,"longitude":99.75985,"month":1,"day":25,"responsibility_code":"5.0","landuse_code":"A101","utm_zone":"47.0","utm_e":"581183.547","utm_n":"1800552.129"},"geometry":{"type":"Point","coordinates":[99.75985,16.28446]}},{"type":"Feature","properties":{"hs_id":"VI1202501250650w4yxqungmk","hsID":"VI1202501250650w4yxqungmk","acq_date":"2025-01-25","Date":"2025-01-25","acq_time":"1350.0","year_be":2568,"season_be":2568,"dataset_year_be":2568,"province":"กำแพงเพชร","Province":"กำแพงเพชร","__province":"กำแพงเพชร","district":"พรานกระต่าย","Amphoe":"พรานกระต่าย","__district":"พรานกระต่าย","subdistrict":"วังควง","Tambon":"วังควง","__subdistrict":"วังควง","village":"บ้านสมอโคน","BaanN":"บ้านสมอโคน","__village":"บ้านสมอโคน","land_type":"พื้นที่เกษตร","LandType":"พื้นที่เกษตร","plant_type":"เกษตรอื่น ๆ","PlantType":"เกษตรอื่น ๆ","crop_type":"เกษตรอื่น ๆ","crop_type_raw":"เกษตรอื่น ๆ","__crop":"เกษตรอื่น ๆ","__plant_type":"เกษตรอื่น ๆ","confidence":"","source":"NASA FIRMS VIIRS","source_file":"HOTSPOT Viirs 1 ม.ค - 31 พ.ค. 68 (รวม).xlsx","filter_rule":"Province=กำแพงเพชร; LandType=พื้นที่เกษตร; PlantType in allowed list; hierarchy uses Province→Amphoe→Tambon→BaanN from source table","latitude":16.76572,"longitude":99.44676,"month":1,"day":25,"responsibility_code":"5.0","landuse_code":"A999","utm_zone":"47.0","utm_e":"547613.674","utm_n":"1853691.658"},"geometry":{"type":"Point","coordinates":[99.44676,16.76572]}},{"type":"Feature","properties":{"hs_id":"VI1202501260629w4yfwnzgr1","hsID":"VI1202501260629w4yfwnzgr1","acq_date":"2025-01-26","Date":"2025-01-26","acq_time":"1329.0","year_be":2568,"season_be":2568,"dataset_year_be":2568,"province":"กำแพงเพชร","Province":"กำแพงเพชร","__province":"กำแพงเพชร","district":"ขาณุวรลักษบุรี","Amphoe":"ขาณุวรลักษบุรี","__district":"ขาณุวรลักษบุรี","subdistrict":"บ่อถ้ำ","Tambon":"บ่อถ้ำ","__subdistrict":"บ่อถ้ำ","village":"บ้านบ่อถ้ำ","BaanN":"บ้านบ่อถ้ำ","__village":"บ้านบ่อถ้ำ","land_type":"พื้นที่เกษตร","LandType":"พื้นที่เกษตร","plant_type":"นาข้าว","PlantType":"นาข้าว","crop_type":"นาข้าว","crop_type_raw":"นาข้าว","__crop":"นาข้าว","__plant_type":"นาข้าว","confidence":"","source":"NASA FIRMS VIIRS","source_file":"HOTSPOT Viirs 1 ม.ค - 31 พ.ค. 68 (รวม).xlsx","filter_rule":"Province=กำแพงเพชร; LandType=พื้นที่เกษตร; PlantType in allowed list; hierarchy uses Province→Amphoe→Tambon→BaanN from source table","latitude":15.94585,"longitude":99.76681,"month":1,"day":26,"responsibility_code":"5.0","landuse_code":"A101","utm_zone":"47.0","utm_e":"582066.361","utm_n":"1763096.497"},"geometry":{"type":"Point","coordinates":[99.76681,15.94585]}},{"type":"Feature","properties":{"hs_id":"VI1202501260629w4z5fc0cz5","hsID":"VI1202501260629w4z5fc0cz5","acq_date":"2025-01-26","Date":"2025-01-26","acq_time":"1329.0","year_be":2568,"season_be":2568,"dataset_year_be":2568,"province":"กำแพงเพชร","Province":"กำแพงเพชร","__province":"กำแพงเพชร","district":"บึงสามัคคี","Amphoe":"บึงสามัคคี","__district":"บึงสามัคคี","subdistrict":"ระหาน","Tambon":"ระหาน","__subdistrict":"ระหาน","village":"บ้านกระบวยทองใต้","BaanN":"บ้านกระบวยทองใต้","__village":"บ้านกระบวยทองใต้","land_type":"พื้นที่เกษตร","LandType":"พื้นที่เกษตร","plant_type":"นาข้าว","PlantType":"นาข้าว","crop_type":"นาข้าว","crop_type_raw":"นาข้าว","__crop":"นาข้าว","__plant_type":"นาข้าว","confidence":"","source":"NASA FIRMS VIIRS","source_file":"HOTSPOT Viirs 1 ม.ค - 31 พ.ค. 68 (รวม).xlsx","filter_rule":"Province=กำแพงเพชร; LandType=พื้นที่เกษตร; PlantType in allowed list; hierarchy uses Province→Amphoe→Tambon→BaanN from source table","latitude":16.13374,"longitude":99.96593,"month":1,"day":26,"responsibility_code":"5.0","landuse_code":"A101","utm_zone":"47.0","utm_e":"603281.51","utm_n":"1783970.979"},"geometry":{"type":"Point","coordinates":[99.96593,16.13374]}},{"type":"Feature","properties":{"hs_id":"VI1202501271845w4yv6ggwhr","hsID":"VI1202501271845w4yv6ggwhr","acq_date":"2025-01-28","Date":"2025-01-28","acq_time":"145.0","year_be":2568,"season_be":2568,"dataset_year_be":2568,"province":"กำแพงเพชร","Province":"กำแพงเพชร","__province":"กำแพงเพชร","district":"เมืองกำแพงเพชร","Amphoe":"เมืองกำแพงเพชร","__district":"เมืองกำแพงเพชร","subdistrict":"เทพนคร","Tambon":"เทพนคร","__subdistrict":"เทพนคร","village":"บ้านหนองสามมุก","BaanN":"บ้านหนองสามมุก","__village":"บ้านหนองสามมุก","land_type":"พื้นที่เกษตร","LandType":"พื้นที่เกษตร","plant_type":"นาข้าว","PlantType":"นาข้าว","crop_type":"นาข้าว","crop_type_raw":"นาข้าว","__crop":"นาข้าว","__plant_type":"นาข้าว","confidence":"","source":"NASA FIRMS VIIRS","source_file":"HOTSPOT Viirs 1 ม.ค - 31 พ.ค. 68 (รวม).xlsx","filter_rule":"Province=กำแพงเพชร; LandType=พื้นที่เกษตร; PlantType in allowed list; hierarchy uses Province→Amphoe→Tambon→BaanN from source table","latitude":16.41327,"longitude":99.61803,"month":1,"day":28,"responsibility_code":"5.0","landuse_code":"A101","utm_zone":"47.0","utm_e":"565987.457","utm_n":"1814750.449"},"geometry":{"type":"Point","coordinates":[99.61803,16.41327]}},{"type":"Feature","properties":{"hs_id":"VI1202501271845w4yv6u4h7w","hsID":"VI1202501271845w4yv6u4h7w","acq_date":"2025-01-28","Date":"2025-01-28","acq_time":"145.0","year_be":2568,"season_be":2568,"dataset_year_be":2568,"province":"กำแพงเพชร","Province":"กำแพงเพชร","__province":"กำแพงเพชร","district":"เมืองกำแพงเพชร","Amphoe":"เมืองกำแพงเพชร","__district":"เมืองกำแพงเพชร","subdistrict":"เทพนคร","Tambon":"เทพนคร","__subdistrict":"เทพนคร","village":"บ้านหนองสามมุก","BaanN":"บ้านหนองสามมุก","__village":"บ้านหนองสามมุก","land_type":"พื้นที่เกษตร","LandType":"พื้นที่เกษตร","plant_type":"นาข้าว","PlantType":"นาข้าว","crop_type":"นาข้าว","crop_type_raw":"นาข้าว","__crop":"นาข้าว","__plant_type":"นาข้าว","confidence":"","source":"NASA FIRMS VIIRS","source_file":"HOTSPOT Viirs 1 ม.ค - 31 พ.ค. 68 (รวม).xlsx","filter_rule":"Province=กำแพงเพชร; LandType=พื้นที่เกษตร; PlantType in allowed list; hierarchy uses Province→Amphoe→Tambon→BaanN from source table","latitude":16.41434,"longitude":99.61594,"month":1,"day":28,"responsibility_code":"5.0","landuse_code":"A101","utm_zone":"47.0","utm_e":"565763.939","utm_n":"1814868.138"},"geometry":{"type":"Point","coordinates":[99.61594,16.41434]}},{"type":"Feature","properties":{"hs_id":"VI1202501281823w4z596hys2","hsID":"VI1202501281823w4z596hys2","acq_date":"2025-01-29","Date":"2025-01-29","acq_time":"123.0","year_be":2568,"season_be":2568,"dataset_year_be":2568,"province":"กำแพงเพชร","Province":"กำแพงเพชร","__province":"กำแพงเพชร","district":"ขาณุวรลักษบุรี","Amphoe":"ขาณุวรลักษบุรี","__district":"ขาณุวรลักษบุรี","subdistrict":"ป่าพุทรา","Tambon":"ป่าพุทรา","__subdistrict":"ป่าพุทรา","village":"บ้านบึงกอก","BaanN":"บ้านบึงกอก","__village":"บ้านบึงกอก","land_type":"พื้นที่เกษตร","LandType":"พื้นที่เกษตร","plant_type":"เกษตรอื่น ๆ","PlantType":"เกษตรอื่น ๆ","crop_type":"เกษตรอื่น ๆ","crop_type_raw":"เกษตรอื่น ๆ","__crop":"เกษตรอื่น ๆ","__plant_type":"เกษตรอื่น ๆ","confidence":"","source":"NASA FIRMS VIIRS","source_file":"HOTSPOT Viirs 1 ม.ค - 31 พ.ค. 68 (รวม).xlsx","filter_rule":"Province=กำแพงเพชร; LandType=พื้นที่เกษตร; PlantType in allowed list; hierarchy uses Province→Amphoe→Tambon→BaanN from source table","latitude":16.09609,"longitude":99.90539,"month":1,"day":29,"responsibility_code":"5.0","landuse_code":"A999","utm_zone":"47.0","utm_e":"596826.101","utm_n":"1779776.479"},"geometry":{"type":"Point","coordinates":[99.90539,16.09609]}},{"type":"Feature","properties":{"hs_id":"VI1202501281823w4z596sb8n","hsID":"VI1202501281823w4z596sb8n","acq_date":"2025-01-29","Date":"2025-01-29","acq_time":"123.0","year_be":2568,"season_be":2568,"dataset_year_be":2568,"province":"กำแพงเพชร","Province":"กำแพงเพชร","__province":"กำแพงเพชร","district":"ขาณุวรลักษบุรี","Amphoe":"ขาณุวรลักษบุรี","__district":"ขาณุวรลักษบุรี","subdistrict":"ป่าพุทรา","Tambon":"ป่าพุทรา","__subdistrict":"ป่าพุทรา","village":"บ้านบึงบัว","BaanN":"บ้านบึงบัว","__village":"บ้านบึงบัว","land_type":"พื้นที่เกษตร","LandType":"พื้นที่เกษตร","plant_type":"อ้อย","PlantType":"อ้อย","crop_type":"อ้อย","crop_type_raw":"อ้อย","__crop":"อ้อย","__plant_type":"อ้อย","confidence":"","source":"NASA FIRMS VIIRS","source_file":"HOTSPOT Viirs 1 ม.ค - 31 พ.ค. 68 (รวม).xlsx","filter_rule":"Province=กำแพงเพชร; LandType=พื้นที่เกษตร; PlantType in allowed list; hierarchy uses Province→Amphoe→Tambon→BaanN from source table","latitude":16.09784,"longitude":99.90521,"month":1,"day":29,"responsibility_code":"5.0","landuse_code":"A203","utm_zone":"47.0","utm_e":"596806.002","utm_n":"1779969.992"},"geometry":{"type":"Point","coordinates":[99.90521,16.09784]}},{"type":"Feature","properties":{"hs_id":"VI1202501290713w4yv6bfz2s","hsID":"VI1202501290713w4yv6bfz2s","acq_date":"2025-01-29","Date":"2025-01-29","acq_time":"1413.0","year_be":2568,"season_be":2568,"dataset_year_be":2568,"province":"กำแพงเพชร","Province":"กำแพงเพชร","__province":"กำแพงเพชร","district":"เมืองกำแพงเพชร","Amphoe":"เมืองกำแพงเพชร","__district":"เมืองกำแพงเพชร","subdistrict":"เทพนคร","Tambon":"เทพนคร","__subdistrict":"เทพนคร","village":"บ้านหนองตาพุก","BaanN":"บ้านหนองตาพุก","__village":"บ้านหนองตาพุก","land_type":"พื้นที่เกษตร","LandType":"พื้นที่เกษตร","plant_type":"นาข้าว","PlantType":"นาข้าว","crop_type":"นาข้าว","crop_type_raw":"นาข้าว","__crop":"นาข้าว","__plant_type":"นาข้าว","confidence":"","source":"NASA FIRMS VIIRS","source_file":"HOTSPOT Viirs 1 ม.ค - 31 พ.ค. 68 (รวม).xlsx","filter_rule":"Province=กำแพงเพชร; LandType=พื้นที่เกษตร; PlantType in allowed list; hierarchy uses Province→Amphoe→Tambon→BaanN from source table","latitude":16.39699,"longitude":99.61684,"month":1,"day":29,"responsibility_code":"5.0","landuse_code":"A101","utm_zone":"47.0","utm_e":"565865.872","utm_n":"1812949.102"},"geometry":{"type":"Point","coordinates":[99.61684,16.39699]}},{"type":"Feature","properties":{"hs_id":"VI1202501281823w4yyke3ph0","hsID":"VI1202501281823w4yyke3ph0","acq_date":"2025-01-29","Date":"2025-01-29","acq_time":"123.0","year_be":2568,"season_be":2568,"dataset_year_be":2568,"province":"กำแพงเพชร","Province":"กำแพงเพชร","__province":"กำแพงเพชร","district":"พรานกระต่าย","Amphoe":"พรานกระต่าย","__district":"พรานกระต่าย","subdistrict":"เขาคีริส","Tambon":"เขาคีริส","__subdistrict":"เขาคีริส","village":"บ้านวังแม่พาย","BaanN":"บ้านวังแม่พาย","__village":"บ้านวังแม่พาย","land_type":"พื้นที่เกษตร","LandType":"พื้นที่เกษตร","plant_type":"อ้อย","PlantType":"อ้อย","crop_type":"อ้อย","crop_type_raw":"อ้อย","__crop":"อ้อย","__plant_type":"อ้อย","confidence":"","source":"NASA FIRMS VIIRS","source_file":"HOTSPOT Viirs 1 ม.ค - 31 พ.ค. 68 (รวม).xlsx","filter_rule":"Province=กำแพงเพชร; LandType=พื้นที่เกษตร; PlantType in allowed list; hierarchy uses Province→Amphoe→Tambon→BaanN from source table","latitude":16.58644,"longitude":99.69149,"month":1,"day":29,"responsibility_code":"5.0","landuse_code":"A203","utm_zone":"47.0","utm_e":"573765.465","utm_n":"1833932.958"},"geometry":{"type":"Point","coordinates":[99.69149,16.58644]}},{"type":"Feature","properties":{"hs_id":"VI1202501281823w4yyksjzbs","hsID":"VI1202501281823w4yyksjzbs","acq_date":"2025-01-29","Date":"2025-01-29","acq_time":"123.0","year_be":2568,"season_be":2568,"dataset_year_be":2568,"province":"กำแพงเพชร","Province":"กำแพงเพชร","__province":"กำแพงเพชร","district":"พรานกระต่าย","Amphoe":"พรานกระต่าย","__district":"พรานกระต่าย","subdistrict":"เขาคีริส","Tambon":"เขาคีริส","__subdistrict":"เขาคีริส","village":"บ้านวังแม่พาย","BaanN":"บ้านวังแม่พาย","__village":"บ้านวังแม่พาย","land_type":"พื้นที่เกษตร","LandType":"พื้นที่เกษตร","plant_type":"เกษตรอื่น ๆ","PlantType":"เกษตรอื่น ๆ","crop_type":"เกษตรอื่น ๆ","crop_type_raw":"เกษตรอื่น ๆ","__crop":"เกษตรอื่น ๆ","__plant_type":"เกษตรอื่น ๆ","confidence":"","source":"NASA FIRMS VIIRS","source_file":"HOTSPOT Viirs 1 ม.ค - 31 พ.ค. 68 (รวม).xlsx","filter_rule":"Province=กำแพงเพชร; LandType=พื้นที่เกษตร; PlantType in allowed list; hierarchy uses Province→Amphoe→Tambon→BaanN from source table","latitude":16.59071,"longitude":99.69786,"month":1,"day":29,"responsibility_code":"5.0","landuse_code":"A999","utm_zone":"47.0","utm_e":"574443.377","utm_n":"1834407.689"},"geometry":{"type":"Point","coordinates":[99.69786,16.59071]}},{"type":"Feature","properties":{"hs_id":"VI1202501301927w4yun9x5j7","hsID":"VI1202501301927w4yun9x5j7","acq_date":"2025-01-31","Date":"2025-01-31","acq_time":"227.0","year_be":2568,"season_be":2568,"dataset_year_be":2568,"province":"กำแพงเพชร","Province":"กำแพงเพชร","__province":"กำแพงเพชร","district":"คลองขลุง","Amphoe":"คลองขลุง","__district":"คลองขลุง","subdistrict":"วังแขม","Tambon":"วังแขม","__subdistrict":"วังแขม","village":"บ้านวังแขมเหนือ","BaanN":"บ้านวังแขมเหนือ","__village":"บ้านวังแขมเหนือ","land_type":"พื้นที่เกษตร","LandType":"พื้นที่เกษตร","plant_type":"นาข้าว","PlantType":"นาข้าว","crop_type":"นาข้าว","crop_type_raw":"นาข้าว","__crop":"นาข้าว","__plant_type":"นาข้าว","confidence":"","source":"NASA FIRMS VIIRS","source_file":"HOTSPOT Viirs 1 ม.ค - 31 พ.ค. 68 (รวม).xlsx","filter_rule":"Province=กำแพงเพชร; LandType=พื้นที่เกษตร; PlantType in allowed list; hierarchy uses Province→Amphoe→Tambon→BaanN from source table","latitude":16.18065,"longitude":99.78768,"month":1,"day":31,"responsibility_code":"5.0","landuse_code":"A101","utm_zone":"47.0","utm_e":"584201.239","utm_n":"1789079.335"},"geometry":{"type":"Point","coordinates":[99.78768,16.18065]}},{"type":"Feature","properties":{"hs_id":"VI1202502010618w4ywvfk9y9","hsID":"VI1202502010618w4ywvfk9y9","acq_date":"2025-02-01","Date":"2025-02-01","acq_time":"1318.0","year_be":2568,"season_be":2568,"dataset_year_be":2568,"province":"กำแพงเพชร","Province":"กำแพงเพชร","__province":"กำแพงเพชร","district":"เมืองกำแพงเพชร","Amphoe":"เมืองกำแพงเพชร","__district":"เมืองกำแพงเพชร","subdistrict":"ลานดอกไม้","Tambon":"ลานดอกไม้","__subdistrict":"ลานดอกไม้","village":"บ้านคุยอ้ายพึ่ม","BaanN":"บ้านคุยอ้ายพึ่ม","__village":"บ้านคุยอ้ายพึ่ม","land_type":"พื้นที่เกษตร","LandType":"พื้นที่เกษตร","plant_type":"นาข้าว","PlantType":"นาข้าว","crop_type":"นาข้าว","crop_type_raw":"นาข้าว","__crop":"นาข้าว","__plant_type":"นาข้าว","confidence":"","source":"NASA FIRMS VIIRS","source_file":"HOTSPOT Viirs 1 ม.ค - 31 พ.ค. 68 (รวม).xlsx","filter_rule":"Province=กำแพงเพชร; LandType=พื้นที่เกษตร; PlantType in allowed list; hierarchy uses Province→Amphoe→Tambon→BaanN from source table","latitude":16.66794,"longitude":99.39978,"month":2,"day":1,"responsibility_code":"5.0","landuse_code":"A101","utm_zone":"47.0","utm_e":"542628.394","utm_n":"1842864.153"},"geometry":{"type":"Point","coordinates":[99.39978,16.66794]}},{"type":"Feature","properties":{"hs_id":"VI1202502010618w4ywyd2jes","hsID":"VI1202502010618w4ywyd2jes","acq_date":"2025-02-01","Date":"2025-02-01","acq_time":"1318.0","year_be":2568,"season_be":2568,"dataset_year_be":2568,"province":"กำแพงเพชร","Province":"กำแพงเพชร","__province":"กำแพงเพชร","district":"พรานกระต่าย","Amphoe":"พรานกระต่าย","__district":"พรานกระต่าย","subdistrict":"ท่าไม้","Tambon":"ท่าไม้","__subdistrict":"ท่าไม้","village":"บ้านเกาะน้ำโจน","BaanN":"บ้านเกาะน้ำโจน","__village":"บ้านเกาะน้ำโจน","land_type":"พื้นที่เกษตร","LandType":"พื้นที่เกษตร","plant_type":"เกษตรอื่น ๆ","PlantType":"เกษตรอื่น ๆ","crop_type":"เกษตรอื่น ๆ","crop_type_raw":"เกษตรอื่น ๆ","__crop":"เกษตรอื่น ๆ","__plant_type":"เกษตรอื่น ๆ","confidence":"","source":"NASA FIRMS VIIRS","source_file":"HOTSPOT Viirs 1 ม.ค - 31 พ.ค. 68 (รวม).xlsx","filter_rule":"Province=กำแพงเพชร; LandType=พื้นที่เกษตร; PlantType in allowed list; hierarchy uses Province→Amphoe→Tambon→BaanN from source table","latitude":16.6686,"longitude":99.42643,"month":2,"day":1,"responsibility_code":"5.0","landuse_code":"A999","utm_zone":"47.0","utm_e":"545469.961","utm_n":"1842943.042"},"geometry":{"type":"Point","coordinates":[99.42643,16.6686]}},{"type":"Feature","properties":{"hs_id":"VI1202502020559w4ygujffud","hsID":"VI1202502020559w4ygujffud","acq_date":"2025-02-02","Date":"2025-02-02","acq_time":"1259.0","year_be":2568,"season_be":2568,"dataset_year_be":2568,"province":"กำแพงเพชร","Province":"กำแพงเพชร","__province":"กำแพงเพชร","district":"คลองขลุง","Amphoe":"คลองขลุง","__district":"คลองขลุง","subdistrict":"คลองขลุง","Tambon":"คลองขลุง","__subdistrict":"คลองขลุง","village":"บ้านหนองปลาไหล","BaanN":"บ้านหนองปลาไหล","__village":"บ้านหนองปลาไหล","land_type":"พื้นที่เกษตร","LandType":"พื้นที่เกษตร","plant_type":"นาข้าว","PlantType":"นาข้าว","crop_type":"นาข้าว","crop_type_raw":"นาข้าว","__crop":"นาข้าว","__plant_type":"นาข้าว","confidence":"","source":"NASA FIRMS VIIRS","source_file":"HOTSPOT Viirs 1 ม.ค - 31 พ.ค. 68 (รวม).xlsx","filter_rule":"Province=กำแพงเพชร; LandType=พื้นที่เกษตร; PlantType in allowed list; hierarchy uses Province→Amphoe→Tambon→BaanN from source table","latitude":16.16,"longitude":99.67194,"month":2,"day":2,"responsibility_code":"5.0","landuse_code":"A101","utm_zone":"47.0","utm_e":"571835.828","utm_n":"1786751.057"},"geometry":{"type":"Point","coordinates":[99.67194,16.16]}},{"type":"Feature","properties":{"hs_id":"VI1202502020559w4ygujvqg9","hsID":"VI1202502020559w4ygujvqg9","acq_date":"2025-02-02","Date":"2025-02-02","acq_time":"1259.0","year_be":2568,"season_be":2568,"dataset_year_be":2568,"province":"กำแพงเพชร","Province":"กำแพงเพชร","__province":"กำแพงเพชร","district":"คลองขลุง","Amphoe":"คลองขลุง","__district":"คลองขลุง","subdistrict":"คลองขลุง","Tambon":"คลองขลุง","__subdistrict":"คลองขลุง","village":"บ้านหนองปลาไหล","BaanN":"บ้านหนองปลาไหล","__village":"บ้านหนองปลาไหล","land_type":"พื้นที่เกษตร","LandType":"พื้นที่เกษตร","plant_type":"นาข้าว","PlantType":"นาข้าว","crop_type":"นาข้าว","crop_type_raw":"นาข้าว","__crop":"นาข้าว","__plant_type":"นาข้าว","confidence":"","source":"NASA FIRMS VIIRS","source_file":"HOTSPOT Viirs 1 ม.ค - 31 พ.ค. 68 (รวม).xlsx","filter_rule":"Province=กำแพงเพชร; LandType=พื้นที่เกษตร; PlantType in allowed list; hierarchy uses Province→Amphoe→Tambon→BaanN from source table","latitude":16.16068,"longitude":99.67533,"month":2,"day":2,"responsibility_code":"5.0","landuse_code":"A101","utm_zone":"47.0","utm_e":"572198.014","utm_n":"1786827.466"},"geometry":{"type":"Point","coordinates":[99.67533,16.16068]}},{"type":"Feature","properties":{"hs_id":"VI1202502020559w4yv0mkdqe","hsID":"VI1202502020559w4yv0mkdqe","acq_date":"2025-02-02","Date":"2025-02-02","acq_time":"1259.0","year_be":2568,"season_be":2568,"dataset_year_be":2568,"province":"กำแพงเพชร","Province":"กำแพงเพชร","__province":"กำแพงเพชร","district":"เมืองกำแพงเพชร","Amphoe":"เมืองกำแพงเพชร","__district":"เมืองกำแพงเพชร","subdistrict":"อ่างทอง","Tambon":"อ่างทอง","__subdistrict":"อ่างทอง","village":"บ้านปากอ่างใน","BaanN":"บ้านปากอ่างใน","__village":"บ้านปากอ่างใน","land_type":"พื้นที่เกษตร","LandType":"พื้นที่เกษตร","plant_type":"เกษตรอื่น ๆ","PlantType":"เกษตรอื่น ๆ","crop_type":"เกษตรอื่น ๆ","crop_type_raw":"เกษตรอื่น ๆ","__crop":"เกษตรอื่น ๆ","__plant_type":"เกษตรอื่น ๆ","confidence":"","source":"NASA FIRMS VIIRS","source_file":"HOTSPOT Viirs 1 ม.ค - 31 พ.ค. 68 (รวม).xlsx","filter_rule":"Province=กำแพงเพชร; LandType=พื้นที่เกษตร; PlantType in allowed list; hierarchy uses Province→Amphoe→Tambon→BaanN from source table","latitude":16.3769,"longitude":99.50964,"month":2,"day":2,"responsibility_code":"5.0","landuse_code":"A999","utm_zone":"47.0","utm_e":"554424.403","utm_n":"1810694.936"},"geometry":{"type":"Point","coordinates":[99.50964,16.3769]}},{"type":"Feature","properties":{"hs_id":"VI1202502061855w4ygz3bqxr","hsID":"VI1202502061855w4ygz3bqxr","acq_date":"2025-02-07","Date":"2025-02-07","acq_time":"155.0","year_be":2568,"season_be":2568,"dataset_year_be":2568,"province":"กำแพงเพชร","Province":"กำแพงเพชร","__province":"กำแพงเพชร","district":"คลองขลุง","Amphoe":"คลองขลุง","__district":"คลองขลุง","subdistrict":"วังแขม","Tambon":"วังแขม","__subdistrict":"วังแขม","village":"บ้านเกาะฝ้าย","BaanN":"บ้านเกาะฝ้าย","__village":"บ้านเกาะฝ้าย","land_type":"พื้นที่เกษตร","LandType":"พื้นที่เกษตร","plant_type":"อ้อย","PlantType":"อ้อย","crop_type":"อ้อย","crop_type_raw":"อ้อย","__crop":"อ้อย","__plant_type":"อ้อย","confidence":"","source":"NASA FIRMS VIIRS","source_file":"HOTSPOT Viirs 1 ม.ค - 31 พ.ค. 68 (รวม).xlsx","filter_rule":"Province=กำแพงเพชร; LandType=พื้นที่เกษตร; PlantType in allowed list; hierarchy uses Province→Amphoe→Tambon→BaanN from source table","latitude":16.1387,"longitude":99.81145,"month":2,"day":7,"responsibility_code":"5.0","landuse_code":"A203","utm_zone":"47.0","utm_e":"586760.635","utm_n":"1784448.477"},"geometry":{"type":"Point","coordinates":[99.81145,16.1387]}},{"type":"Feature","properties":{"hs_id":"VI1202502110629w4yfym8vw4","hsID":"VI1202502110629w4yfym8vw4","acq_date":"2025-02-11","Date":"2025-02-11","acq_time":"1329.0","year_be":2568,"season_be":2568,"dataset_year_be":2568,"province":"กำแพงเพชร","Province":"กำแพงเพชร","__province":"กำแพงเพชร","district":"ขาณุวรลักษบุรี","Amphoe":"ขาณุวรลักษบุรี","__district":"ขาณุวรลักษบุรี","subdistrict":"สลกบาตร","Tambon":"สลกบาตร","__subdistrict":"สลกบาตร","village":"บ้านนาเหนือ","BaanN":"บ้านนาเหนือ","__village":"บ้านนาเหนือ","land_type":"พื้นที่เกษตร","LandType":"พื้นที่เกษตร","plant_type":"นาข้าว","PlantType":"นาข้าว","crop_type":"นาข้าว","crop_type_raw":"นาข้าว","__crop":"นาข้าว","__plant_type":"นาข้าว","confidence":"","source":"NASA FIRMS VIIRS","source_file":"HOTSPOT Viirs 1 ม.ค - 31 พ.ค. 68 (รวม).xlsx","filter_rule":"Province=กำแพงเพชร; LandType=พื้นที่เกษตร; PlantType in allowed list; hierarchy uses Province→Amphoe→Tambon→BaanN from source table","latitude":15.98332,"longitude":99.76814,"month":2,"day":11,"responsibility_code":"5.0","landuse_code":"A101","utm_zone":"47.0","utm_e":"582193.424","utm_n":"1767242.048"},"geometry":{"type":"Point","coordinates":[99.76814,15.98332]}},{"type":"Feature","properties":{"hs_id":"VI1202502110629w4yfyq292b","hsID":"VI1202502110629w4yfyq292b","acq_date":"2025-02-11","Date":"2025-02-11","acq_time":"1329.0","year_be":2568,"season_be":2568,"dataset_year_be":2568,"province":"กำแพงเพชร","Province":"กำแพงเพชร","__province":"กำแพงเพชร","district":"ขาณุวรลักษบุรี","Amphoe":"ขาณุวรลักษบุรี","__district":"ขาณุวรลักษบุรี","subdistrict":"สลกบาตร","Tambon":"สลกบาตร","__subdistrict":"สลกบาตร","village":"บ้านนาเหนือ","BaanN":"บ้านนาเหนือ","__village":"บ้านนาเหนือ","land_type":"พื้นที่เกษตร","LandType":"พื้นที่เกษตร","plant_type":"นาข้าว","PlantType":"นาข้าว","crop_type":"นาข้าว","crop_type_raw":"นาข้าว","__crop":"นาข้าว","__plant_type":"นาข้าว","confidence":"","source":"NASA FIRMS VIIRS","source_file":"HOTSPOT Viirs 1 ม.ค - 31 พ.ค. 68 (รวม).xlsx","filter_rule":"Province=กำแพงเพชร; LandType=พื้นที่เกษตร; PlantType in allowed list; hierarchy uses Province→Amphoe→Tambon→BaanN from source table","latitude":15.9867,"longitude":99.76757,"month":2,"day":11,"responsibility_code":"5.0","landuse_code":"A101","utm_zone":"47.0","utm_e":"582131.049","utm_n":"1767615.728"},"geometry":{"type":"Point","coordinates":[99.76757,15.9867]}},{"type":"Feature","properties":{"hs_id":"VI1202502110629w4yfyq7hxw","hsID":"VI1202502110629w4yfyq7hxw","acq_date":"2025-02-11","Date":"2025-02-11","acq_time":"1329.0","year_be":2568,"season_be":2568,"dataset_year_be":2568,"province":"กำแพงเพชร","Province":"กำแพงเพชร","__province":"กำแพงเพชร","district":"ขาณุวรลักษบุรี","Amphoe":"ขาณุวรลักษบุรี","__district":"ขาณุวรลักษบุรี","subdistrict":"สลกบาตร","Tambon":"สลกบาตร","__subdistrict":"สลกบาตร","village":"บ้านโนนตะคร้อ","BaanN":"บ้านโนนตะคร้อ","__village":"บ้านโนนตะคร้อ","land_type":"พื้นที่เกษตร","LandType":"พื้นที่เกษตร","plant_type":"นาข้าว","PlantType":"นาข้าว","crop_type":"นาข้าว","crop_type_raw":"นาข้าว","__crop":"นาข้าว","__plant_type":"นาข้าว","confidence":"","source":"NASA FIRMS VIIRS","source_file":"HOTSPOT Viirs 1 ม.ค - 31 พ.ค. 68 (รวม).xlsx","filter_rule":"Province=กำแพงเพชร; LandType=พื้นที่เกษตร; PlantType in allowed list; hierarchy uses Province→Amphoe→Tambon→BaanN from source table","latitude":15.98729,"longitude":99.77129,"month":2,"day":11,"responsibility_code":"5.0","landuse_code":"A101","utm_zone":"47.0","utm_e":"582528.873","utm_n":"1767682.468"},"geometry":{"type":"Point","coordinates":[99.77129,15.98729]}},{"type":"Feature","properties":{"hs_id":"VI1202502110629w4ygs7mv3d","hsID":"VI1202502110629w4ygs7mv3d","acq_date":"2025-02-11","Date":"2025-02-11","acq_time":"1329.0","year_be":2568,"season_be":2568,"dataset_year_be":2568,"province":"กำแพงเพชร","Province":"กำแพงเพชร","__province":"กำแพงเพชร","district":"ขาณุวรลักษบุรี","Amphoe":"ขาณุวรลักษบุรี","__district":"ขาณุวรลักษบุรี","subdistrict":"โค้งไผ่","Tambon":"โค้งไผ่","__subdistrict":"โค้งไผ่","village":"บ้านหนองเต็ง","BaanN":"บ้านหนองเต็ง","__village":"บ้านหนองเต็ง","land_type":"พื้นที่เกษตร","LandType":"พื้นที่เกษตร","plant_type":"นาข้าว","PlantType":"นาข้าว","crop_type":"นาข้าว","crop_type_raw":"นาข้าว","__crop":"นาข้าว","__plant_type":"นาข้าว","confidence":"","source":"NASA FIRMS VIIRS","source_file":"HOTSPOT Viirs 1 ม.ค - 31 พ.ค. 68 (รวม).xlsx","filter_rule":"Province=กำแพงเพชร; LandType=พื้นที่เกษตร; PlantType in allowed list; hierarchy uses Province→Amphoe→Tambon→BaanN from source table","latitude":16.10275,"longitude":99.68692,"month":2,"day":11,"responsibility_code":"5.0","landuse_code":"A101","utm_zone":"47.0","utm_e":"573458.473","utm_n":"1780423.202"},"geometry":{"type":"Point","coordinates":[99.68692,16.10275]}},{"type":"Feature","properties":{"hs_id":"VI1202502101919w4zj55ewq2","hsID":"VI1202502101919w4zj55ewq2","acq_date":"2025-02-11","Date":"2025-02-11","acq_time":"219.0","year_be":2568,"season_be":2568,"dataset_year_be":2568,"province":"กำแพงเพชร","Province":"กำแพงเพชร","__province":"กำแพงเพชร","district":"ไทรงาม","Amphoe":"ไทรงาม","__district":"ไทรงาม","subdistrict":"หนองแม่แตง","Tambon":"หนองแม่แตง","__subdistrict":"หนองแม่แตง","village":"บ้านหนองลวก","BaanN":"บ้านหนองลวก","__village":"บ้านหนองลวก","land_type":"พื้นที่เกษตร","LandType":"พื้นที่เกษตร","plant_type":"อ้อย","PlantType":"อ้อย","crop_type":"อ้อย","crop_type_raw":"อ้อย","__crop":"อ้อย","__plant_type":"อ้อย","confidence":"","source":"NASA FIRMS VIIRS","source_file":"HOTSPOT Viirs 1 ม.ค - 31 พ.ค. 68 (รวม).xlsx","filter_rule":"Province=กำแพงเพชร; LandType=พื้นที่เกษตร; PlantType in allowed list; hierarchy uses Province→Amphoe→Tambon→BaanN from source table","latitude":16.36796,"longitude":99.98067,"month":2,"day":11,"responsibility_code":"5.0","landuse_code":"A203","utm_zone":"47.0","utm_e":"604733.581","utm_n":"1809890.362"},"geometry":{"type":"Point","coordinates":[99.98067,16.36796]}},{"type":"Feature","properties":{"hs_id":"VI1202502101919w4ywt31r4c","hsID":"VI1202502101919w4ywt31r4c","acq_date":"2025-02-11","Date":"2025-02-11","acq_time":"219.0","year_be":2568,"season_be":2568,"dataset_year_be":2568,"province":"กำแพงเพชร","Province":"กำแพงเพชร","__province":"กำแพงเพชร","district":"โกสัมพีนคร","Amphoe":"โกสัมพีนคร","__district":"โกสัมพีนคร","subdistrict":"เพชรชมภู","Tambon":"เพชรชมภู","__subdistrict":"เพชรชมภู","village":"บ้านวังชมพู","BaanN":"บ้านวังชมพู","__village":"บ้านวังชมพู","land_type":"พื้นที่เกษตร","LandType":"พื้นที่เกษตร","plant_type":"อ้อย","PlantType":"อ้อย","crop_type":"อ้อย","crop_type_raw":"อ้อย","__crop":"อ้อย","__plant_type":"อ้อย","confidence":"","source":"NASA FIRMS VIIRS","source_file":"HOTSPOT Viirs 1 ม.ค - 31 พ.ค. 68 (รวม).xlsx","filter_rule":"Province=กำแพงเพชร; LandType=พื้นที่เกษตร; PlantType in allowed list; hierarchy uses Province→Amphoe→Tambon→BaanN from source table","latitude":16.61803,"longitude":99.37318,"month":2,"day":11,"responsibility_code":"5.0","landuse_code":"A203","utm_zone":"47.0","utm_e":"539802.311","utm_n":"1837337.465"},"geometry":{"type":"Point","coordinates":[99.37318,16.61803]}},{"type":"Feature","properties":{"hs_id":"VI1202502110629w4yydken1p","hsID":"VI1202502110629w4yydken1p","acq_date":"2025-02-11","Date":"2025-02-11","acq_time":"1329.0","year_be":2568,"season_be":2568,"dataset_year_be":2568,"province":"กำแพงเพชร","Province":"กำแพงเพชร","__province":"กำแพงเพชร","district":"พรานกระต่าย","Amphoe":"พรานกระต่าย","__district":"พรานกระต่าย","subdistrict":"ถ้ำกระต่ายทอง","Tambon":"ถ้ำกระต่ายทอง","__subdistrict":"ถ้ำกระต่ายทอง","village":"บ้านนาทอง","BaanN":"บ้านนาทอง","__village":"บ้านนาทอง","land_type":"พื้นที่เกษตร","LandType":"พื้นที่เกษตร","plant_type":"นาข้าว","PlantType":"นาข้าว","crop_type":"นาข้าว","crop_type_raw":"นาข้าว","__crop":"นาข้าว","__plant_type":"นาข้าว","confidence":"","source":"NASA FIRMS VIIRS","source_file":"HOTSPOT Viirs 1 ม.ค - 31 พ.ค. 68 (รวม).xlsx","filter_rule":"Province=กำแพงเพชร; LandType=พื้นที่เกษตร; PlantType in allowed list; hierarchy uses Province→Amphoe→Tambon→BaanN from source table","latitude":16.63712,"longitude":99.59523,"month":2,"day":11,"responsibility_code":"5.0","landuse_code":"A101","utm_zone":"47.0","utm_e":"563479.834","utm_n":"1839506.559"},"geometry":{"type":"Point","coordinates":[99.59523,16.63712]}},{"type":"Feature","properties":{"hs_id":"VI1202502130552w4ywrwrquw","hsID":"VI1202502130552w4ywrwrquw","acq_date":"2025-02-13","Date":"2025-02-13","acq_time":"1252.0","year_be":2568,"season_be":2568,"dataset_year_be":2568,"province":"กำแพงเพชร","Province":"กำแพงเพชร","__province":"กำแพงเพชร","district":"เมืองกำแพงเพชร","Amphoe":"เมืองกำแพงเพชร","__district":"เมืองกำแพงเพชร","subdistrict":"ลานดอกไม้","Tambon":"ลานดอกไม้","__subdistrict":"ลานดอกไม้","village":"บ้านลานดอกไม้","BaanN":"บ้านลานดอกไม้","__village":"บ้านลานดอกไม้","land_type":"พื้นที่เกษตร","LandType":"พื้นที่เกษตร","plant_type":"เกษตรอื่น ๆ","PlantType":"เกษตรอื่น ๆ","crop_type":"เกษตรอื่น ๆ","crop_type_raw":"เกษตรอื่น ๆ","__crop":"เกษตรอื่น ๆ","__plant_type":"เกษตรอื่น ๆ","confidence":"","source":"NASA FIRMS VIIRS","source_file":"HOTSPOT Viirs 1 ม.ค - 31 พ.ค. 68 (รวม).xlsx","filter_rule":"Province=กำแพงเพชร; LandType=พื้นที่เกษตร; PlantType in allowed list; hierarchy uses Province→Amphoe→Tambon→BaanN from source table","latitude":16.60291,"longitude":99.48037,"month":2,"day":13,"responsibility_code":"5.0","landuse_code":"A999","utm_zone":"47.0","utm_e":"551239.099","utm_n":"1835689.184"},"geometry":{"type":"Point","coordinates":[99.48037,16.60291]}},{"type":"Feature","properties":{"hs_id":"VI1202502131823w4zhgtmfpw","hsID":"VI1202502131823w4zhgtmfpw","acq_date":"2025-02-14","Date":"2025-02-14","acq_time":"123.0","year_be":2568,"season_be":2568,"dataset_year_be":2568,"province":"กำแพงเพชร","Province":"กำแพงเพชร","__province":"กำแพงเพชร","district":"บึงสามัคคี","Amphoe":"บึงสามัคคี","__district":"บึงสามัคคี","subdistrict":"บึงสามัคคี","Tambon":"บึงสามัคคี","__subdistrict":"บึงสามัคคี","village":"บ้านอู่ตะเภา","BaanN":"บ้านอู่ตะเภา","__village":"บ้านอู่ตะเภา","land_type":"พื้นที่เกษตร","LandType":"พื้นที่เกษตร","plant_type":"นาข้าว","PlantType":"นาข้าว","crop_type":"นาข้าว","crop_type_raw":"นาข้าว","__crop":"นาข้าว","__plant_type":"นาข้าว","confidence":"","source":"NASA FIRMS VIIRS","source_file":"HOTSPOT Viirs 1 ม.ค - 31 พ.ค. 68 (รวม).xlsx","filter_rule":"Province=กำแพงเพชร; LandType=พื้นที่เกษตร; PlantType in allowed list; hierarchy uses Province→Amphoe→Tambon→BaanN from source table","latitude":16.33293,"longitude":100.00578,"month":2,"day":14,"responsibility_code":"5.0","landuse_code":"A101","utm_zone":"47.0","utm_e":"607434.662","utm_n":"1806028.008"},"geometry":{"type":"Point","coordinates":[100.00578,16.33293]}},{"type":"Feature","properties":{"hs_id":"VI1202502151927w4ygffv0f9","hsID":"VI1202502151927w4ygffv0f9","acq_date":"2025-02-16","Date":"2025-02-16","acq_time":"227.0","year_be":2568,"season_be":2568,"dataset_year_be":2568,"province":"กำแพงเพชร","Province":"กำแพงเพชร","__province":"กำแพงเพชร","district":"ปางศิลาทอง","Amphoe":"ปางศิลาทอง","__district":"ปางศิลาทอง","subdistrict":"โพธิ์ทอง","Tambon":"โพธิ์ทอง","__subdistrict":"โพธิ์ทอง","village":"บ้านหนองไผ่","BaanN":"บ้านหนองไผ่","__village":"บ้านหนองไผ่","land_type":"พื้นที่เกษตร","LandType":"พื้นที่เกษตร","plant_type":"อ้อย","PlantType":"อ้อย","crop_type":"อ้อย","crop_type_raw":"อ้อย","__crop":"อ้อย","__plant_type":"อ้อย","confidence":"","source":"NASA FIRMS VIIRS","source_file":"HOTSPOT Viirs 1 ม.ค - 31 พ.ค. 68 (รวม).xlsx","filter_rule":"Province=กำแพงเพชร; LandType=พื้นที่เกษตร; PlantType in allowed list; hierarchy uses Province→Amphoe→Tambon→BaanN from source table","latitude":16.14317,"longitude":99.62002,"month":2,"day":16,"responsibility_code":"5.0","landuse_code":"A203","utm_zone":"47.0","utm_e":"566290.572","utm_n":"1784871.878"},"geometry":{"type":"Point","coordinates":[99.62002,16.14317]}},{"type":"Feature","properties":{"hs_id":"VI1202502220624w5n8pdbm16","hsID":"VI1202502220624w5n8pdbm16","acq_date":"2025-02-22","Date":"2025-02-22","acq_time":"1324.0","year_be":2568,"season_be":2568,"dataset_year_be":2568,"province":"กำแพงเพชร","Province":"กำแพงเพชร","__province":"กำแพงเพชร","district":"พรานกระต่าย","Amphoe":"พรานกระต่าย","__district":"พรานกระต่าย","subdistrict":"ท่าไม้","Tambon":"ท่าไม้","__subdistrict":"ท่าไม้","village":"บ้านวังตะคร้อ","BaanN":"บ้านวังตะคร้อ","__village":"บ้านวังตะคร้อ","land_type":"พื้นที่เกษตร","LandType":"พื้นที่เกษตร","plant_type":"นาข้าว","PlantType":"นาข้าว","crop_type":"นาข้าว","crop_type_raw":"นาข้าว","__crop":"นาข้าว","__plant_type":"นาข้าว","confidence":"","source":"NASA FIRMS VIIRS","source_file":"HOTSPOT Viirs 1 ม.ค - 31 พ.ค. 68 (รวม).xlsx","filter_rule":"Province=กำแพงเพชร; LandType=พื้นที่เกษตร; PlantType in allowed list; hierarchy uses Province→Amphoe→Tambon→BaanN from source table","latitude":16.89098,"longitude":99.47062,"month":2,"day":22,"responsibility_code":"5.0","landuse_code":"A101","utm_zone":"47.0","utm_e":"550123.66","utm_n":"1867554.576"},"geometry":{"type":"Point","coordinates":[99.47062,16.89098]}},{"type":"Feature","properties":{"hs_id":"VI1202502230603w4yfwzs0cv","hsID":"VI1202502230603w4yfwzs0cv","acq_date":"2025-02-23","Date":"2025-02-23","acq_time":"1303.0","year_be":2568,"season_be":2568,"dataset_year_be":2568,"province":"กำแพงเพชร","Province":"กำแพงเพชร","__province":"กำแพงเพชร","district":"ขาณุวรลักษบุรี","Amphoe":"ขาณุวรลักษบุรี","__district":"ขาณุวรลักษบุรี","subdistrict":"บ่อถ้ำ","Tambon":"บ่อถ้ำ","__subdistrict":"บ่อถ้ำ","village":"บ้านดงดำ, บ้านดงคำน้อย","BaanN":"บ้านดงดำ, บ้านดงคำน้อย","__village":"บ้านดงดำ, บ้านดงคำน้อย","land_type":"พื้นที่เกษตร","LandType":"พื้นที่เกษตร","plant_type":"นาข้าว","PlantType":"นาข้าว","crop_type":"นาข้าว","crop_type_raw":"นาข้าว","__crop":"นาข้าว","__plant_type":"นาข้าว","confidence":"","source":"NASA FIRMS VIIRS","source_file":"HOTSPOT Viirs 1 ม.ค - 31 พ.ค. 68 (รวม).xlsx","filter_rule":"Province=กำแพงเพชร; LandType=พื้นที่เกษตร; PlantType in allowed list; hierarchy uses Province→Amphoe→Tambon→BaanN from source table","latitude":15.94956,"longitude":99.79439,"month":2,"day":23,"responsibility_code":"5.0","landuse_code":"A101","utm_zone":"47.0","utm_e":"585016.652","utm_n":"1763517.957"},"geometry":{"type":"Point","coordinates":[99.79439,15.94956]}},{"type":"Feature","properties":{"hs_id":"VI1202502230603w4yfwzxywr","hsID":"VI1202502230603w4yfwzxywr","acq_date":"2025-02-23","Date":"2025-02-23","acq_time":"1303.0","year_be":2568,"season_be":2568,"dataset_year_be":2568,"province":"กำแพงเพชร","Province":"กำแพงเพชร","__province":"กำแพงเพชร","district":"ขาณุวรลักษบุรี","Amphoe":"ขาณุวรลักษบุรี","__district":"ขาณุวรลักษบุรี","subdistrict":"บ่อถ้ำ","Tambon":"บ่อถ้ำ","__subdistrict":"บ่อถ้ำ","village":"บ้านดงดำ, บ้านดงคำน้อย","BaanN":"บ้านดงดำ, บ้านดงคำน้อย","__village":"บ้านดงดำ, บ้านดงคำน้อย","land_type":"พื้นที่เกษตร","LandType":"พื้นที่เกษตร","plant_type":"นาข้าว","PlantType":"นาข้าว","crop_type":"นาข้าว","crop_type_raw":"นาข้าว","__crop":"นาข้าว","__plant_type":"นาข้าว","confidence":"","source":"NASA FIRMS VIIRS","source_file":"HOTSPOT Viirs 1 ม.ค - 31 พ.ค. 68 (รวม).xlsx","filter_rule":"Province=กำแพงเพชร; LandType=พื้นที่เกษตร; PlantType in allowed list; hierarchy uses Province→Amphoe→Tambon→BaanN from source table","latitude":15.95056,"longitude":99.79974,"month":2,"day":23,"responsibility_code":"5.0","landuse_code":"A101","utm_zone":"47.0","utm_e":"585588.824","utm_n":"1763630.77"},"geometry":{"type":"Point","coordinates":[99.79974,15.95056]}},{"type":"Feature","properties":{"hs_id":"VI1202502230603w4yfyb3c07","hsID":"VI1202502230603w4yfyb3c07","acq_date":"2025-02-23","Date":"2025-02-23","acq_time":"1303.0","year_be":2568,"season_be":2568,"dataset_year_be":2568,"province":"กำแพงเพชร","Province":"กำแพงเพชร","__province":"กำแพงเพชร","district":"ขาณุวรลักษบุรี","Amphoe":"ขาณุวรลักษบุรี","__district":"ขาณุวรลักษบุรี","subdistrict":"บ่อถ้ำ","Tambon":"บ่อถ้ำ","__subdistrict":"บ่อถ้ำ","village":"บ้านดงดำ, บ้านดงคำน้อย","BaanN":"บ้านดงดำ, บ้านดงคำน้อย","__village":"บ้านดงดำ, บ้านดงคำน้อย","land_type":"พื้นที่เกษตร","LandType":"พื้นที่เกษตร","plant_type":"นาข้าว","PlantType":"นาข้าว","crop_type":"นาข้าว","crop_type_raw":"นาข้าว","__crop":"นาข้าว","__plant_type":"นาข้าว","confidence":"","source":"NASA FIRMS VIIRS","source_file":"HOTSPOT Viirs 1 ม.ค - 31 พ.ค. 68 (รวม).xlsx","filter_rule":"Province=กำแพงเพชร; LandType=พื้นที่เกษตร; PlantType in allowed list; hierarchy uses Province→Amphoe→Tambon→BaanN from source table","latitude":15.95371,"longitude":99.79124,"month":2,"day":23,"responsibility_code":"5.0","landuse_code":"A101","utm_zone":"47.0","utm_e":"584677.774","utm_n":"1763975.761"},"geometry":{"type":"Point","coordinates":[99.79124,15.95371]}},{"type":"Feature","properties":{"hs_id":"VI1202502230603w4yfyb7keh","hsID":"VI1202502230603w4yfyb7keh","acq_date":"2025-02-23","Date":"2025-02-23","acq_time":"1303.0","year_be":2568,"season_be":2568,"dataset_year_be":2568,"province":"กำแพงเพชร","Province":"กำแพงเพชร","__province":"กำแพงเพชร","district":"ขาณุวรลักษบุรี","Amphoe":"ขาณุวรลักษบุรี","__district":"ขาณุวรลักษบุรี","subdistrict":"บ่อถ้ำ","Tambon":"บ่อถ้ำ","__subdistrict":"บ่อถ้ำ","village":"บ้านดงดำ, บ้านดงคำน้อย","BaanN":"บ้านดงดำ, บ้านดงคำน้อย","__village":"บ้านดงดำ, บ้านดงคำน้อย","land_type":"พื้นที่เกษตร","LandType":"พื้นที่เกษตร","plant_type":"นาข้าว","PlantType":"นาข้าว","crop_type":"นาข้าว","crop_type_raw":"นาข้าว","__crop":"นาข้าว","__plant_type":"นาข้าว","confidence":"","source":"NASA FIRMS VIIRS","source_file":"HOTSPOT Viirs 1 ม.ค - 31 พ.ค. 68 (รวม).xlsx","filter_rule":"Province=กำแพงเพชร; LandType=พื้นที่เกษตร; PlantType in allowed list; hierarchy uses Province→Amphoe→Tambon→BaanN from source table","latitude":15.95432,"longitude":99.79342,"month":2,"day":23,"responsibility_code":"5.0","landuse_code":"A101","utm_zone":"47.0","utm_e":"584910.832","utm_n":"1764044.128"},"geometry":{"type":"Point","coordinates":[99.79342,15.95432]}},{"type":"Feature","properties":{"hs_id":"VI1202502230603w4yfybmxhu","hsID":"VI1202502230603w4yfybmxhu","acq_date":"2025-02-23","Date":"2025-02-23","acq_time":"1303.0","year_be":2568,"season_be":2568,"dataset_year_be":2568,"province":"กำแพงเพชร","Province":"กำแพงเพชร","__province":"กำแพงเพชร","district":"ขาณุวรลักษบุรี","Amphoe":"ขาณุวรลักษบุรี","__district":"ขาณุวรลักษบุรี","subdistrict":"บ่อถ้ำ","Tambon":"บ่อถ้ำ","__subdistrict":"บ่อถ้ำ","village":"บ้านดงดำ, บ้านดงคำน้อย","BaanN":"บ้านดงดำ, บ้านดงคำน้อย","__village":"บ้านดงดำ, บ้านดงคำน้อย","land_type":"พื้นที่เกษตร","LandType":"พื้นที่เกษตร","plant_type":"นาข้าว","PlantType":"นาข้าว","crop_type":"นาข้าว","crop_type_raw":"นาข้าว","__crop":"นาข้าว","__plant_type":"นาข้าว","confidence":"","source":"NASA FIRMS VIIRS","source_file":"HOTSPOT Viirs 1 ม.ค - 31 พ.ค. 68 (รวม).xlsx","filter_rule":"Province=กำแพงเพชร; LandType=พื้นที่เกษตร; PlantType in allowed list; hierarchy uses Province→Amphoe→Tambon→BaanN from source table","latitude":15.95475,"longitude":99.79658,"month":2,"day":23,"responsibility_code":"5.0","landuse_code":"A101","utm_zone":"47.0","utm_e":"585248.848","utm_n":"1764092.985"},"geometry":{"type":"Point","coordinates":[99.79658,15.95475]}},{"type":"Feature","properties":{"hs_id":"VI1202502230603w4yfybx4xc","hsID":"VI1202502230603w4yfybx4xc","acq_date":"2025-02-23","Date":"2025-02-23","acq_time":"1303.0","year_be":2568,"season_be":2568,"dataset_year_be":2568,"province":"กำแพงเพชร","Province":"กำแพงเพชร","__province":"กำแพงเพชร","district":"ขาณุวรลักษบุรี","Amphoe":"ขาณุวรลักษบุรี","__district":"ขาณุวรลักษบุรี","subdistrict":"บ่อถ้ำ","Tambon":"บ่อถ้ำ","__subdistrict":"บ่อถ้ำ","village":"บ้านดงดำ, บ้านดงคำน้อย","BaanN":"บ้านดงดำ, บ้านดงคำน้อย","__village":"บ้านดงดำ, บ้านดงคำน้อย","land_type":"พื้นที่เกษตร","LandType":"พื้นที่เกษตร","plant_type":"นาข้าว","PlantType":"นาข้าว","crop_type":"นาข้าว","crop_type_raw":"นาข้าว","__crop":"นาข้าว","__plant_type":"นาข้าว","confidence":"","source":"NASA FIRMS VIIRS","source_file":"HOTSPOT Viirs 1 ม.ค - 31 พ.ค. 68 (รวม).xlsx","filter_rule":"Province=กำแพงเพชร; LandType=พื้นที่เกษตร; PlantType in allowed list; hierarchy uses Province→Amphoe→Tambon→BaanN from source table","latitude":15.95533,"longitude":99.79877,"month":2,"day":23,"responsibility_code":"5.0","landuse_code":"A101","utm_zone":"47.0","utm_e":"585482.986","utm_n":"1764158.044"},"geometry":{"type":"Point","coordinates":[99.79877,15.95533]}},{"type":"Feature","properties":{"hs_id":"VI1202502270629w4yyekyt8q","hsID":"VI1202502270629w4yyekyt8q","acq_date":"2025-02-27","Date":"2025-02-27","acq_time":"1329.0","year_be":2568,"season_be":2568,"dataset_year_be":2568,"province":"กำแพงเพชร","Province":"กำแพงเพชร","__province":"กำแพงเพชร","district":"พรานกระต่าย","Amphoe":"พรานกระต่าย","__district":"พรานกระต่าย","subdistrict":"คุยบ้านโอง","Tambon":"คุยบ้านโอง","__subdistrict":"คุยบ้านโอง","village":"บ้านคุยแขวน","BaanN":"บ้านคุยแขวน","__village":"บ้านคุยแขวน","land_type":"พื้นที่เกษตร","LandType":"พื้นที่เกษตร","plant_type":"อ้อย","PlantType":"อ้อย","crop_type":"อ้อย","crop_type_raw":"อ้อย","__crop":"อ้อย","__plant_type":"อ้อย","confidence":"","source":"NASA FIRMS VIIRS","source_file":"HOTSPOT Viirs 1 ม.ค - 31 พ.ค. 68 (รวม).xlsx","filter_rule":"Province=กำแพงเพชร; LandType=พื้นที่เกษตร; PlantType in allowed list; hierarchy uses Province→Amphoe→Tambon→BaanN from source table","latitude":16.6384,"longitude":99.64395,"month":2,"day":27,"responsibility_code":"5.0","landuse_code":"A203","utm_zone":"47.0","utm_e":"568675.425","utm_n":"1839664.249"},"geometry":{"type":"Point","coordinates":[99.64395,16.6384]}},{"type":"Feature","properties":{"hs_id":"VI1202503040635w4yfwhphsp","hsID":"VI1202503040635w4yfwhphsp","acq_date":"2025-03-04","Date":"2025-03-04","acq_time":"1335.0","year_be":2568,"season_be":2568,"dataset_year_be":2568,"province":"กำแพงเพชร","Province":"กำแพงเพชร","__province":"กำแพงเพชร","district":"ขาณุวรลักษบุรี","Amphoe":"ขาณุวรลักษบุรี","__district":"ขาณุวรลักษบุรี","subdistrict":"บ่อถ้ำ","Tambon":"บ่อถ้ำ","__subdistrict":"บ่อถ้ำ","village":"บ้านโป่งสังข์","BaanN":"บ้านโป่งสังข์","__village":"บ้านโป่งสังข์","land_type":"พื้นที่เกษตร","LandType":"พื้นที่เกษตร","plant_type":"ข้าวโพดและไร่หมุนเวียน","PlantType":"ข้าวโพดและไร่หมุนเวียน","crop_type":"ข้าวโพดและไร่หมุนเวียน","crop_type_raw":"ข้าวโพดและไร่หมุนเวียน","__crop":"ข้าวโพดและไร่หมุนเวียน","__plant_type":"ข้าวโพดและไร่หมุนเวียน","confidence":"","source":"NASA FIRMS VIIRS","source_file":"HOTSPOT Viirs 1 ม.ค - 31 พ.ค. 68 (รวม).xlsx","filter_rule":"Province=กำแพงเพชร; LandType=พื้นที่เกษตร; PlantType in allowed list; hierarchy uses Province→Amphoe→Tambon→BaanN from source table","latitude":15.93099,"longitude":99.76565,"month":3,"day":4,"responsibility_code":"5.0","landuse_code":"A202","utm_zone":"47.0","utm_e":"581948.24","utm_n":"1761452.194"},"geometry":{"type":"Point","coordinates":[99.76565,15.93099]}},{"type":"Feature","properties":{"hs_id":"VI1202503040635w4zh3r22fu","hsID":"VI1202503040635w4zh3r22fu","acq_date":"2025-03-04","Date":"2025-03-04","acq_time":"1335.0","year_be":2568,"season_be":2568,"dataset_year_be":2568,"province":"กำแพงเพชร","Province":"กำแพงเพชร","__province":"กำแพงเพชร","district":"ทรายทองวัฒนา","Amphoe":"ทรายทองวัฒนา","__district":"ทรายทองวัฒนา","subdistrict":"ถาวรวัฒนา","Tambon":"ถาวรวัฒนา","__subdistrict":"ถาวรวัฒนา","village":"บ้านน้อย","BaanN":"บ้านน้อย","__village":"บ้านน้อย","land_type":"พื้นที่เกษตร","LandType":"พื้นที่เกษตร","plant_type":"นาข้าว","PlantType":"นาข้าว","crop_type":"นาข้าว","crop_type_raw":"นาข้าว","__crop":"นาข้าว","__plant_type":"นาข้าว","confidence":"","source":"NASA FIRMS VIIRS","source_file":"HOTSPOT Viirs 1 ม.ค - 31 พ.ค. 68 (รวม).xlsx","filter_rule":"Province=กำแพงเพชร; LandType=พื้นที่เกษตร; PlantType in allowed list; hierarchy uses Province→Amphoe→Tambon→BaanN from source table","latitude":16.2558,"longitude":99.89915,"month":3,"day":4,"responsibility_code":"5.0","landuse_code":"A101","utm_zone":"47.0","utm_e":"596081.472","utm_n":"1797441.935"},"geometry":{"type":"Point","coordinates":[99.89915,16.2558]}},{"type":"Feature","properties":{"hs_id":"VI1202503070720w5n8pehes9","hsID":"VI1202503070720w5n8pehes9","acq_date":"2025-03-07","Date":"2025-03-07","acq_time":"1420.0","year_be":2568,"season_be":2568,"dataset_year_be":2568,"province":"กำแพงเพชร","Province":"กำแพงเพชร","__province":"กำแพงเพชร","district":"พรานกระต่าย","Amphoe":"พรานกระต่าย","__district":"พรานกระต่าย","subdistrict":"ท่าไม้","Tambon":"ท่าไม้","__subdistrict":"ท่าไม้","village":"บ้านวังตะคร้อ","BaanN":"บ้านวังตะคร้อ","__village":"บ้านวังตะคร้อ","land_type":"พื้นที่เกษตร","LandType":"พื้นที่เกษตร","plant_type":"นาข้าว","PlantType":"นาข้าว","crop_type":"นาข้าว","crop_type_raw":"นาข้าว","__crop":"นาข้าว","__plant_type":"นาข้าว","confidence":"","source":"NASA FIRMS VIIRS","source_file":"HOTSPOT Viirs 1 ม.ค - 31 พ.ค. 68 (รวม).xlsx","filter_rule":"Province=กำแพงเพชร; LandType=พื้นที่เกษตร; PlantType in allowed list; hierarchy uses Province→Amphoe→Tambon→BaanN from source table","latitude":16.89209,"longitude":99.47659,"month":3,"day":7,"responsibility_code":"5.0","landuse_code":"A101","utm_zone":"47.0","utm_e":"550759.214","utm_n":"1867678.899"},"geometry":{"type":"Point","coordinates":[99.47659,16.89209]}},{"type":"Feature","properties":{"hs_id":"VI1202503091913w4ygkwprux","hsID":"VI1202503091913w4ygkwprux","acq_date":"2025-03-10","Date":"2025-03-10","acq_time":"213.0","year_be":2568,"season_be":2568,"dataset_year_be":2568,"province":"กำแพงเพชร","Province":"กำแพงเพชร","__province":"กำแพงเพชร","district":"ขาณุวรลักษบุรี","Amphoe":"ขาณุวรลักษบุรี","__district":"ขาณุวรลักษบุรี","subdistrict":"โค้งไผ่","Tambon":"โค้งไผ่","__subdistrict":"โค้งไผ่","village":"บ้านหนองพลวง (บ้านหลวง)","BaanN":"บ้านหนองพลวง (บ้านหลวง)","__village":"บ้านหนองพลวง (บ้านหลวง)","land_type":"พื้นที่เกษตร","LandType":"พื้นที่เกษตร","plant_type":"นาข้าว","PlantType":"นาข้าว","crop_type":"นาข้าว","crop_type_raw":"นาข้าว","__crop":"นาข้าว","__plant_type":"นาข้าว","confidence":"","source":"NASA FIRMS VIIRS","source_file":"HOTSPOT Viirs 1 ม.ค - 31 พ.ค. 68 (รวม).xlsx","filter_rule":"Province=กำแพงเพชร; LandType=พื้นที่เกษตร; PlantType in allowed list; hierarchy uses Province→Amphoe→Tambon→BaanN from source table","latitude":16.07437,"longitude":99.7001,"month":3,"day":10,"responsibility_code":"5.0","landuse_code":"A101","utm_zone":"47.0","utm_e":"574878.618","utm_n":"1777288.471"},"geometry":{"type":"Point","coordinates":[99.7001,16.07437]}},{"type":"Feature","properties":{"hs_id":"VI1202503091913w4ygkwy3nj","hsID":"VI1202503091913w4ygkwy3nj","acq_date":"2025-03-10","Date":"2025-03-10","acq_time":"213.0","year_be":2568,"season_be":2568,"dataset_year_be":2568,"province":"กำแพงเพชร","Province":"กำแพงเพชร","__province":"กำแพงเพชร","district":"ขาณุวรลักษบุรี","Amphoe":"ขาณุวรลักษบุรี","__district":"ขาณุวรลักษบุรี","subdistrict":"โค้งไผ่","Tambon":"โค้งไผ่","__subdistrict":"โค้งไผ่","village":"บ้านหนองพลวง (บ้านหลวง)","BaanN":"บ้านหนองพลวง (บ้านหลวง)","__village":"บ้านหนองพลวง (บ้านหลวง)","land_type":"พื้นที่เกษตร","LandType":"พื้นที่เกษตร","plant_type":"นาข้าว","PlantType":"นาข้าว","crop_type":"นาข้าว","crop_type_raw":"นาข้าว","__crop":"นาข้าว","__plant_type":"นาข้าว","confidence":"","source":"NASA FIRMS VIIRS","source_file":"HOTSPOT Viirs 1 ม.ค - 31 พ.ค. 68 (รวม).xlsx","filter_rule":"Province=กำแพงเพชร; LandType=พื้นที่เกษตร; PlantType in allowed list; hierarchy uses Province→Amphoe→Tambon→BaanN from source table","latitude":16.07732,"longitude":99.69879,"month":3,"day":10,"responsibility_code":"5.0","landuse_code":"A101","utm_zone":"47.0","utm_e":"574737.4","utm_n":"1777614.333"},"geometry":{"type":"Point","coordinates":[99.69879,16.07732]}},{"type":"Feature","properties":{"hs_id":"VI1202503100625w4yucgwzxc","hsID":"VI1202503100625w4yucgwzxc","acq_date":"2025-03-10","Date":"2025-03-10","acq_time":"1325.0","year_be":2568,"season_be":2568,"dataset_year_be":2568,"province":"กำแพงเพชร","Province":"กำแพงเพชร","__province":"กำแพงเพชร","district":"เมืองกำแพงเพชร","Amphoe":"เมืองกำแพงเพชร","__district":"เมืองกำแพงเพชร","subdistrict":"ไตรตรึงษ์","Tambon":"ไตรตรึงษ์","__subdistrict":"ไตรตรึงษ์","village":"บ้านตาเปีย","BaanN":"บ้านตาเปีย","__village":"บ้านตาเปีย","land_type":"พื้นที่เกษตร","LandType":"พื้นที่เกษตร","plant_type":"นาข้าว","PlantType":"นาข้าว","crop_type":"นาข้าว","crop_type_raw":"นาข้าว","__crop":"นาข้าว","__plant_type":"นาข้าว","confidence":"","source":"NASA FIRMS VIIRS","source_file":"HOTSPOT Viirs 1 ม.ค - 31 พ.ค. 68 (รวม).xlsx","filter_rule":"Province=กำแพงเพชร; LandType=พื้นที่เกษตร; PlantType in allowed list; hierarchy uses Province→Amphoe→Tambon→BaanN from source table","latitude":16.32423,"longitude":99.5787,"month":3,"day":10,"responsibility_code":"5.0","landuse_code":"A101","utm_zone":"47.0","utm_e":"561816.081","utm_n":"1804888.181"},"geometry":{"type":"Point","coordinates":[99.5787,16.32423]}},{"type":"Feature","properties":{"hs_id":"VI1202503110603w4yfw7zz1y","hsID":"VI1202503110603w4yfw7zz1y","acq_date":"2025-03-11","Date":"2025-03-11","acq_time":"1303.0","year_be":2568,"season_be":2568,"dataset_year_be":2568,"province":"กำแพงเพชร","Province":"กำแพงเพชร","__province":"กำแพงเพชร","district":"ขาณุวรลักษบุรี","Amphoe":"ขาณุวรลักษบุรี","__district":"ขาณุวรลักษบุรี","subdistrict":"บ่อถ้ำ","Tambon":"บ่อถ้ำ","__subdistrict":"บ่อถ้ำ","village":"บ้านโป่งสังข์","BaanN":"บ้านโป่งสังข์","__village":"บ้านโป่งสังข์","land_type":"พื้นที่เกษตร","LandType":"พื้นที่เกษตร","plant_type":"นาข้าว","PlantType":"นาข้าว","crop_type":"นาข้าว","crop_type_raw":"นาข้าว","__crop":"นาข้าว","__plant_type":"นาข้าว","confidence":"","source":"NASA FIRMS VIIRS","source_file":"HOTSPOT Viirs 1 ม.ค - 31 พ.ค. 68 (รวม).xlsx","filter_rule":"Province=กำแพงเพชร; LandType=พื้นที่เกษตร; PlantType in allowed list; hierarchy uses Province→Amphoe→Tambon→BaanN from source table","latitude":15.93004,"longitude":99.77757,"month":3,"day":11,"responsibility_code":"5.0","landuse_code":"A101","utm_zone":"47.0","utm_e":"583224.507","utm_n":"1761351.82"},"geometry":{"type":"Point","coordinates":[99.77757,15.93004]}},{"type":"Feature","properties":{"hs_id":"VI1202503110603w4yfws5v2n","hsID":"VI1202503110603w4yfws5v2n","acq_date":"2025-03-11","Date":"2025-03-11","acq_time":"1303.0","year_be":2568,"season_be":2568,"dataset_year_be":2568,"province":"กำแพงเพชร","Province":"กำแพงเพชร","__province":"กำแพงเพชร","district":"ขาณุวรลักษบุรี","Amphoe":"ขาณุวรลักษบุรี","__district":"ขาณุวรลักษบุรี","subdistrict":"บ่อถ้ำ","Tambon":"บ่อถ้ำ","__subdistrict":"บ่อถ้ำ","village":"บ้านคลองกระดาน","BaanN":"บ้านคลองกระดาน","__village":"บ้านคลองกระดาน","land_type":"พื้นที่เกษตร","LandType":"พื้นที่เกษตร","plant_type":"นาข้าว","PlantType":"นาข้าว","crop_type":"นาข้าว","crop_type_raw":"นาข้าว","__crop":"นาข้าว","__plant_type":"นาข้าว","confidence":"","source":"NASA FIRMS VIIRS","source_file":"HOTSPOT Viirs 1 ม.ค - 31 พ.ค. 68 (รวม).xlsx","filter_rule":"Province=กำแพงเพชร; LandType=พื้นที่เกษตร; PlantType in allowed list; hierarchy uses Province→Amphoe→Tambon→BaanN from source table","latitude":15.93111,"longitude":99.78299,"month":3,"day":11,"responsibility_code":"5.0","landuse_code":"A101","utm_zone":"47.0","utm_e":"583804.205","utm_n":"1761472.354"},"geometry":{"type":"Point","coordinates":[99.78299,15.93111]}},{"type":"Feature","properties":{"hs_id":"VI1202503110603w4yfws2651","hsID":"VI1202503110603w4yfws2651","acq_date":"2025-03-11","Date":"2025-03-11","acq_time":"1303.0","year_be":2568,"season_be":2568,"dataset_year_be":2568,"province":"กำแพงเพชร","Province":"กำแพงเพชร","__province":"กำแพงเพชร","district":"ขาณุวรลักษบุรี","Amphoe":"ขาณุวรลักษบุรี","__district":"ขาณุวรลักษบุรี","subdistrict":"บ่อถ้ำ","Tambon":"บ่อถ้ำ","__subdistrict":"บ่อถ้ำ","village":"บ้านโป่งสังข์","BaanN":"บ้านโป่งสังข์","__village":"บ้านโป่งสังข์","land_type":"พื้นที่เกษตร","LandType":"พื้นที่เกษตร","plant_type":"นาข้าว","PlantType":"นาข้าว","crop_type":"นาข้าว","crop_type_raw":"นาข้าว","__crop":"นาข้าว","__plant_type":"นาข้าว","confidence":"","source":"NASA FIRMS VIIRS","source_file":"HOTSPOT Viirs 1 ม.ค - 31 พ.ค. 68 (รวม).xlsx","filter_rule":"Province=กำแพงเพชร; LandType=พื้นที่เกษตร; PlantType in allowed list; hierarchy uses Province→Amphoe→Tambon→BaanN from source table","latitude":15.9319,"longitude":99.77831,"month":3,"day":11,"responsibility_code":"5.0","landuse_code":"A101","utm_zone":"47.0","utm_e":"583302.947","utm_n":"1761557.872"},"geometry":{"type":"Point","coordinates":[99.77831,15.9319]}},{"type":"Feature","properties":{"hs_id":"VI1202503111836w4ygx48vfw","hsID":"VI1202503111836w4ygx48vfw","acq_date":"2025-03-12","Date":"2025-03-12","acq_time":"136.0","year_be":2568,"season_be":2568,"dataset_year_be":2568,"province":"กำแพงเพชร","Province":"กำแพงเพชร","__province":"กำแพงเพชร","district":"ขาณุวรลักษบุรี","Amphoe":"ขาณุวรลักษบุรี","__district":"ขาณุวรลักษบุรี","subdistrict":"เกาะตาล","Tambon":"เกาะตาล","__subdistrict":"เกาะตาล","village":"บ้านโคกสะอาด","BaanN":"บ้านโคกสะอาด","__village":"บ้านโคกสะอาด","land_type":"พื้นที่เกษตร","LandType":"พื้นที่เกษตร","plant_type":"นาข้าว","PlantType":"นาข้าว","crop_type":"นาข้าว","crop_type_raw":"นาข้าว","__crop":"นาข้าว","__plant_type":"นาข้าว","confidence":"","source":"NASA FIRMS VIIRS","source_file":"HOTSPOT Viirs 1 ม.ค - 31 พ.ค. 68 (รวม).xlsx","filter_rule":"Province=กำแพงเพชร; LandType=พื้นที่เกษตร; PlantType in allowed list; hierarchy uses Province→Amphoe→Tambon→BaanN from source table","latitude":16.09874,"longitude":99.80095,"month":3,"day":12,"responsibility_code":"5.0","landuse_code":"A101","utm_zone":"47.0","utm_e":"585655.065","utm_n":"1780023.517"},"geometry":{"type":"Point","coordinates":[99.80095,16.09874]}},{"type":"Feature","properties":{"hs_id":"VI1202503130707w4yfvxwq42","hsID":"VI1202503130707w4yfvxwq42","acq_date":"2025-03-13","Date":"2025-03-13","acq_time":"1407.0","year_be":2568,"season_be":2568,"dataset_year_be":2568,"province":"กำแพงเพชร","Province":"กำแพงเพชร","__province":"กำแพงเพชร","district":"ขาณุวรลักษบุรี","Amphoe":"ขาณุวรลักษบุรี","__district":"ขาณุวรลักษบุรี","subdistrict":"วังชะพลู","Tambon":"วังชะพลู","__subdistrict":"วังชะพลู","village":"บ้านสันเนินดินแดง","BaanN":"บ้านสันเนินดินแดง","__village":"บ้านสันเนินดินแดง","land_type":"พื้นที่เกษตร","LandType":"พื้นที่เกษตร","plant_type":"นาข้าว","PlantType":"นาข้าว","crop_type":"นาข้าว","crop_type_raw":"นาข้าว","__crop":"นาข้าว","__plant_type":"นาข้าว","confidence":"","source":"NASA FIRMS VIIRS","source_file":"HOTSPOT Viirs 1 ม.ค - 31 พ.ค. 68 (รวม).xlsx","filter_rule":"Province=กำแพงเพชร; LandType=พื้นที่เกษตร; PlantType in allowed list; hierarchy uses Province→Amphoe→Tambon→BaanN from source table","latitude":15.99438,"longitude":99.74257,"month":3,"day":13,"responsibility_code":"5.0","landuse_code":"A101","utm_zone":"47.0","utm_e":"579452.851","utm_n":"1768455.597"},"geometry":{"type":"Point","coordinates":[99.74257,15.99438]}},{"type":"Feature","properties":{"hs_id":"VI1202503150629w4yggmbdnz","hsID":"VI1202503150629w4yggmbdnz","acq_date":"2025-03-15","Date":"2025-03-15","acq_time":"1329.0","year_be":2568,"season_be":2568,"dataset_year_be":2568,"province":"กำแพงเพชร","Province":"กำแพงเพชร","__province":"กำแพงเพชร","district":"ปางศิลาทอง","Amphoe":"ปางศิลาทอง","__district":"ปางศิลาทอง","subdistrict":"โพธิ์ทอง","Tambon":"โพธิ์ทอง","__subdistrict":"โพธิ์ทอง","village":"บ้านหนองหล่ม","BaanN":"บ้านหนองหล่ม","__village":"บ้านหนองหล่ม","land_type":"พื้นที่เกษตร","LandType":"พื้นที่เกษตร","plant_type":"นาข้าว","PlantType":"นาข้าว","crop_type":"นาข้าว","crop_type_raw":"นาข้าว","__crop":"นาข้าว","__plant_type":"นาข้าว","confidence":"","source":"NASA FIRMS VIIRS","source_file":"HOTSPOT Viirs 1 ม.ค - 31 พ.ค. 68 (รวม).xlsx","filter_rule":"Province=กำแพงเพชร; LandType=พื้นที่เกษตร; PlantType in allowed list; hierarchy uses Province→Amphoe→Tambon→BaanN from source table","latitude":16.1599,"longitude":99.63599,"month":3,"day":15,"responsibility_code":"5.0","landuse_code":"A101","utm_zone":"47.0","utm_e":"567992.378","utm_n":"1786727.784"},"geometry":{"type":"Point","coordinates":[99.63599,16.1599]}},{"type":"Feature","properties":{"hs_id":"VI1202503150629w4yggnmd3p","hsID":"VI1202503150629w4yggnmd3p","acq_date":"2025-03-15","Date":"2025-03-15","acq_time":"1329.0","year_be":2568,"season_be":2568,"dataset_year_be":2568,"province":"กำแพงเพชร","Province":"กำแพงเพชร","__province":"กำแพงเพชร","district":"คลองขลุง","Amphoe":"คลองขลุง","__district":"คลองขลุง","subdistrict":"คลองขลุง","Tambon":"คลองขลุง","__subdistrict":"คลองขลุง","village":"บ้านหนองทองหล่อ","BaanN":"บ้านหนองทองหล่อ","__village":"บ้านหนองทองหล่อ","land_type":"พื้นที่เกษตร","LandType":"พื้นที่เกษตร","plant_type":"นาข้าว","PlantType":"นาข้าว","crop_type":"นาข้าว","crop_type_raw":"นาข้าว","__crop":"นาข้าว","__plant_type":"นาข้าว","confidence":"","source":"NASA FIRMS VIIRS","source_file":"HOTSPOT Viirs 1 ม.ค - 31 พ.ค. 68 (รวม).xlsx","filter_rule":"Province=กำแพงเพชร; LandType=พื้นที่เกษตร; PlantType in allowed list; hierarchy uses Province→Amphoe→Tambon→BaanN from source table","latitude":16.16269,"longitude":99.63162,"month":3,"day":15,"responsibility_code":"5.0","landuse_code":"A101","utm_zone":"47.0","utm_e":"567524.227","utm_n":"1787034.981"},"geometry":{"type":"Point","coordinates":[99.63162,16.16269]}},{"type":"Feature","properties":{"hs_id":"VI1202503150629w4yggq2q13","hsID":"VI1202503150629w4yggq2q13","acq_date":"2025-03-15","Date":"2025-03-15","acq_time":"1329.0","year_be":2568,"season_be":2568,"dataset_year_be":2568,"province":"กำแพงเพชร","Province":"กำแพงเพชร","__province":"กำแพงเพชร","district":"คลองขลุง","Amphoe":"คลองขลุง","__district":"คลองขลุง","subdistrict":"คลองขลุง","Tambon":"คลองขลุง","__subdistrict":"คลองขลุง","village":"บ้านหนองทองหล่อ","BaanN":"บ้านหนองทองหล่อ","__village":"บ้านหนองทองหล่อ","land_type":"พื้นที่เกษตร","LandType":"พื้นที่เกษตร","plant_type":"นาข้าว","PlantType":"นาข้าว","crop_type":"นาข้าว","crop_type_raw":"นาข้าว","__crop":"นาข้าว","__plant_type":"นาข้าว","confidence":"","source":"NASA FIRMS VIIRS","source_file":"HOTSPOT Viirs 1 ม.ค - 31 พ.ค. 68 (รวม).xlsx","filter_rule":"Province=กำแพงเพชร; LandType=พื้นที่เกษตร; PlantType in allowed list; hierarchy uses Province→Amphoe→Tambon→BaanN from source table","latitude":16.1633,"longitude":99.63541,"month":3,"day":15,"responsibility_code":"5.0","landuse_code":"A101","utm_zone":"47.0","utm_e":"567929.208","utm_n":"1787103.707"},"geometry":{"type":"Point","coordinates":[99.63541,16.1633]}},{"type":"Feature","properties":{"hs_id":"VI1202503160610w4yucd75v9","hsID":"VI1202503160610w4yucd75v9","acq_date":"2025-03-16","Date":"2025-03-16","acq_time":"1310.0","year_be":2568,"season_be":2568,"dataset_year_be":2568,"province":"กำแพงเพชร","Province":"กำแพงเพชร","__province":"กำแพงเพชร","district":"เมืองกำแพงเพชร","Amphoe":"เมืองกำแพงเพชร","__district":"เมืองกำแพงเพชร","subdistrict":"ไตรตรึงษ์","Tambon":"ไตรตรึงษ์","__subdistrict":"ไตรตรึงษ์","village":"บ้านดงตาจันทร์","BaanN":"บ้านดงตาจันทร์","__village":"บ้านดงตาจันทร์","land_type":"พื้นที่เกษตร","LandType":"พื้นที่เกษตร","plant_type":"นาข้าว","PlantType":"นาข้าว","crop_type":"นาข้าว","crop_type_raw":"นาข้าว","__crop":"นาข้าว","__plant_type":"นาข้าว","confidence":"","source":"NASA FIRMS VIIRS","source_file":"HOTSPOT Viirs 1 ม.ค - 31 พ.ค. 68 (รวม).xlsx","filter_rule":"Province=กำแพงเพชร; LandType=พื้นที่เกษตร; PlantType in allowed list; hierarchy uses Province→Amphoe→Tambon→BaanN from source table","latitude":16.31672,"longitude":99.56247,"month":3,"day":16,"responsibility_code":"5.0","landuse_code":"A101","utm_zone":"47.0","utm_e":"560084.654","utm_n":"1804052.555"},"geometry":{"type":"Point","coordinates":[99.56247,16.31672]}},{"type":"Feature","properties":{"hs_id":"VI1202503170553w4ygerknwh","hsID":"VI1202503170553w4ygerknwh","acq_date":"2025-03-17","Date":"2025-03-17","acq_time":"1253.0","year_be":2568,"season_be":2568,"dataset_year_be":2568,"province":"กำแพงเพชร","Province":"กำแพงเพชร","__province":"กำแพงเพชร","district":"ปางศิลาทอง","Amphoe":"ปางศิลาทอง","__district":"ปางศิลาทอง","subdistrict":"โพธิ์ทอง","Tambon":"โพธิ์ทอง","__subdistrict":"โพธิ์ทอง","village":"บ้านคลองวังวัด (โพธิ์ศรี)","BaanN":"บ้านคลองวังวัด (โพธิ์ศรี)","__village":"บ้านคลองวังวัด (โพธิ์ศรี)","land_type":"พื้นที่เกษตร","LandType":"พื้นที่เกษตร","plant_type":"อ้อย","PlantType":"อ้อย","crop_type":"อ้อย","crop_type_raw":"อ้อย","__crop":"อ้อย","__plant_type":"อ้อย","confidence":"","source":"NASA FIRMS VIIRS","source_file":"HOTSPOT Viirs 1 ม.ค - 31 พ.ค. 68 (รวม).xlsx","filter_rule":"Province=กำแพงเพชร; LandType=พื้นที่เกษตร; PlantType in allowed list; hierarchy uses Province→Amphoe→Tambon→BaanN from source table","latitude":16.12495,"longitude":99.64077,"month":3,"day":17,"responsibility_code":"5.0","landuse_code":"A203","utm_zone":"47.0","utm_e":"568515.438","utm_n":"1782863.138"},"geometry":{"type":"Point","coordinates":[99.64077,16.12495]}},{"type":"Feature","properties":{"hs_id":"VI1202503170553w4ygg2563u","hsID":"VI1202503170553w4ygg2563u","acq_date":"2025-03-17","Date":"2025-03-17","acq_time":"1253.0","year_be":2568,"season_be":2568,"dataset_year_be":2568,"province":"กำแพงเพชร","Province":"กำแพงเพชร","__province":"กำแพงเพชร","district":"ปางศิลาทอง","Amphoe":"ปางศิลาทอง","__district":"ปางศิลาทอง","subdistrict":"โพธิ์ทอง","Tambon":"โพธิ์ทอง","__subdistrict":"โพธิ์ทอง","village":"บ้านคลองวังวัด (โพธิ์ศรี)","BaanN":"บ้านคลองวังวัด (โพธิ์ศรี)","__village":"บ้านคลองวังวัด (โพธิ์ศรี)","land_type":"พื้นที่เกษตร","LandType":"พื้นที่เกษตร","plant_type":"อ้อย","PlantType":"อ้อย","crop_type":"อ้อย","crop_type_raw":"อ้อย","__crop":"อ้อย","__plant_type":"อ้อย","confidence":"","source":"NASA FIRMS VIIRS","source_file":"HOTSPOT Viirs 1 ม.ค - 31 พ.ค. 68 (รวม).xlsx","filter_rule":"Province=กำแพงเพชร; LandType=พื้นที่เกษตร; PlantType in allowed list; hierarchy uses Province→Amphoe→Tambon→BaanN from source table","latitude":16.12834,"longitude":99.63955,"month":3,"day":17,"responsibility_code":"5.0","landuse_code":"A203","utm_zone":"47.0","utm_e":"568383.82","utm_n":"1783237.74"},"geometry":{"type":"Point","coordinates":[99.63955,16.12834]}},{"type":"Feature","properties":{"hs_id":"VI1202503210616w4ygjb2cn2","hsID":"VI1202503210616w4ygjb2cn2","acq_date":"2025-03-21","Date":"2025-03-21","acq_time":"1316.0","year_be":2568,"season_be":2568,"dataset_year_be":2568,"province":"กำแพงเพชร","Province":"กำแพงเพชร","__province":"กำแพงเพชร","district":"ขาณุวรลักษบุรี","Amphoe":"ขาณุวรลักษบุรี","__district":"ขาณุวรลักษบุรี","subdistrict":"วังชะพลู","Tambon":"วังชะพลู","__subdistrict":"วังชะพลู","village":"บ้านสันเนินดินแดง","BaanN":"บ้านสันเนินดินแดง","__village":"บ้านสันเนินดินแดง","land_type":"พื้นที่เกษตร","LandType":"พื้นที่เกษตร","plant_type":"นาข้าว","PlantType":"นาข้าว","crop_type":"นาข้าว","crop_type_raw":"นาข้าว","__crop":"นาข้าว","__plant_type":"นาข้าว","confidence":"","source":"NASA FIRMS VIIRS","source_file":"HOTSPOT Viirs 1 ม.ค - 31 พ.ค. 68 (รวม).xlsx","filter_rule":"Province=กำแพงเพชร; LandType=พื้นที่เกษตร; PlantType in allowed list; hierarchy uses Province→Amphoe→Tambon→BaanN from source table","latitude":15.99764,"longitude":99.74618,"month":3,"day":21,"responsibility_code":"5.0","landuse_code":"A101","utm_zone":"47.0","utm_e":"579837.835","utm_n":"1768817.608"},"geometry":{"type":"Point","coordinates":[99.74618,15.99764]}},{"type":"Feature","properties":{"hs_id":"VI1202503201908w4ywq2571x","hsID":"VI1202503201908w4ywq2571x","acq_date":"2025-03-21","Date":"2025-03-21","acq_time":"208.0","year_be":2568,"season_be":2568,"dataset_year_be":2568,"province":"กำแพงเพชร","Province":"กำแพงเพชร","__province":"กำแพงเพชร","district":"โกสัมพีนคร","Amphoe":"โกสัมพีนคร","__district":"โกสัมพีนคร","subdistrict":"ลานดอกไม้ตก","Tambon":"ลานดอกไม้ตก","__subdistrict":"ลานดอกไม้ตก","village":"บ้านคลองแต้ว","BaanN":"บ้านคลองแต้ว","__village":"บ้านคลองแต้ว","land_type":"พื้นที่เกษตร","LandType":"พื้นที่เกษตร","plant_type":"เกษตรอื่น ๆ","PlantType":"เกษตรอื่น ๆ","crop_type":"เกษตรอื่น ๆ","crop_type_raw":"เกษตรอื่น ๆ","__crop":"เกษตรอื่น ๆ","__plant_type":"เกษตรอื่น ๆ","confidence":"","source":"NASA FIRMS VIIRS","source_file":"HOTSPOT Viirs 1 ม.ค - 31 พ.ค. 68 (รวม).xlsx","filter_rule":"Province=กำแพงเพชร; LandType=พื้นที่เกษตร; PlantType in allowed list; hierarchy uses Province→Amphoe→Tambon→BaanN from source table","latitude":16.56794,"longitude":99.41982,"month":3,"day":21,"responsibility_code":"5.0","landuse_code":"A999","utm_zone":"47.0","utm_e":"544788.465","utm_n":"1831806.198"},"geometry":{"type":"Point","coordinates":[99.41982,16.56794]}},{"type":"Feature","properties":{"hs_id":"VI1202503210618w5n8pewcjq","hsID":"VI1202503210618w5n8pewcjq","acq_date":"2025-03-21","Date":"2025-03-21","acq_time":"1318.0","year_be":2568,"season_be":2568,"dataset_year_be":2568,"province":"กำแพงเพชร","Province":"กำแพงเพชร","__province":"กำแพงเพชร","district":"พรานกระต่าย","Amphoe":"พรานกระต่าย","__district":"พรานกระต่าย","subdistrict":"ท่าไม้","Tambon":"ท่าไม้","__subdistrict":"ท่าไม้","village":"บ้านวังตะคร้อ","BaanN":"บ้านวังตะคร้อ","__village":"บ้านวังตะคร้อ","land_type":"พื้นที่เกษตร","LandType":"พื้นที่เกษตร","plant_type":"เกษตรอื่น ๆ","PlantType":"เกษตรอื่น ๆ","crop_type":"เกษตรอื่น ๆ","crop_type_raw":"เกษตรอื่น ๆ","__crop":"เกษตรอื่น ๆ","__plant_type":"เกษตรอื่น ๆ","confidence":"","source":"NASA FIRMS VIIRS","source_file":"HOTSPOT Viirs 1 ม.ค - 31 พ.ค. 68 (รวม).xlsx","filter_rule":"Province=กำแพงเพชร; LandType=พื้นที่เกษตร; PlantType in allowed list; hierarchy uses Province→Amphoe→Tambon→BaanN from source table","latitude":16.89443,"longitude":99.47972,"month":3,"day":21,"responsibility_code":"5.0","landuse_code":"A999","utm_zone":"47.0","utm_e":"551091.951","utm_n":"1867938.575"},"geometry":{"type":"Point","coordinates":[99.47972,16.89443]}},{"type":"Feature","properties":{"hs_id":"VI1202503210618w5n8peswgs","hsID":"VI1202503210618w5n8peswgs","acq_date":"2025-03-21","Date":"2025-03-21","acq_time":"1318.0","year_be":2568,"season_be":2568,"dataset_year_be":2568,"province":"กำแพงเพชร","Province":"กำแพงเพชร","__province":"กำแพงเพชร","district":"พรานกระต่าย","Amphoe":"พรานกระต่าย","__district":"พรานกระต่าย","subdistrict":"ท่าไม้","Tambon":"ท่าไม้","__subdistrict":"ท่าไม้","village":"บ้านวังตะคร้อ","BaanN":"บ้านวังตะคร้อ","__village":"บ้านวังตะคร้อ","land_type":"พื้นที่เกษตร","LandType":"พื้นที่เกษตร","plant_type":"เกษตรอื่น ๆ","PlantType":"เกษตรอื่น ๆ","crop_type":"เกษตรอื่น ๆ","crop_type_raw":"เกษตรอื่น ๆ","__crop":"เกษตรอื่น ๆ","__plant_type":"เกษตรอื่น ๆ","confidence":"","source":"NASA FIRMS VIIRS","source_file":"HOTSPOT Viirs 1 ม.ค - 31 พ.ค. 68 (รวม).xlsx","filter_rule":"Province=กำแพงเพชร; LandType=พื้นที่เกษตร; PlantType in allowed list; hierarchy uses Province→Amphoe→Tambon→BaanN from source table","latitude":16.89541,"longitude":99.47655,"month":3,"day":21,"responsibility_code":"5.0","landuse_code":"A999","utm_zone":"47.0","utm_e":"550754.066","utm_n":"1868046.171"},"geometry":{"type":"Point","coordinates":[99.47655,16.89541]}},{"type":"Feature","properties":{"hs_id":"VI1202503210618w5n8psq25k","hsID":"VI1202503210618w5n8psq25k","acq_date":"2025-03-21","Date":"2025-03-21","acq_time":"1318.0","year_be":2568,"season_be":2568,"dataset_year_be":2568,"province":"กำแพงเพชร","Province":"กำแพงเพชร","__province":"กำแพงเพชร","district":"พรานกระต่าย","Amphoe":"พรานกระต่าย","__district":"พรานกระต่าย","subdistrict":"ท่าไม้","Tambon":"ท่าไม้","__subdistrict":"ท่าไม้","village":"บ้านวังตะคร้อ","BaanN":"บ้านวังตะคร้อ","__village":"บ้านวังตะคร้อ","land_type":"พื้นที่เกษตร","LandType":"พื้นที่เกษตร","plant_type":"อ้อย","PlantType":"อ้อย","crop_type":"อ้อย","crop_type_raw":"อ้อย","__crop":"อ้อย","__plant_type":"อ้อย","confidence":"","source":"NASA FIRMS VIIRS","source_file":"HOTSPOT Viirs 1 ม.ค - 31 พ.ค. 68 (รวม).xlsx","filter_rule":"Province=กำแพงเพชร; LandType=พื้นที่เกษตร; PlantType in allowed list; hierarchy uses Province→Amphoe→Tambon→BaanN from source table","latitude":16.89837,"longitude":99.47894,"month":3,"day":21,"responsibility_code":"5.0","landuse_code":"A203","utm_zone":"47.0","utm_e":"551007.818","utm_n":"1868374.244"},"geometry":{"type":"Point","coordinates":[99.47894,16.89837]}},{"type":"Feature","properties":{"hs_id":"VI1202503210618w5n8pskjcj","hsID":"VI1202503210618w5n8pskjcj","acq_date":"2025-03-21","Date":"2025-03-21","acq_time":"1318.0","year_be":2568,"season_be":2568,"dataset_year_be":2568,"province":"กำแพงเพชร","Province":"กำแพงเพชร","__province":"กำแพงเพชร","district":"พรานกระต่าย","Amphoe":"พรานกระต่าย","__district":"พรานกระต่าย","subdistrict":"ท่าไม้","Tambon":"ท่าไม้","__subdistrict":"ท่าไม้","village":"บ้านวังตะคร้อ","BaanN":"บ้านวังตะคร้อ","__village":"บ้านวังตะคร้อ","land_type":"พื้นที่เกษตร","LandType":"พื้นที่เกษตร","plant_type":"เกษตรอื่น ๆ","PlantType":"เกษตรอื่น ๆ","crop_type":"เกษตรอื่น ๆ","crop_type_raw":"เกษตรอื่น ๆ","__crop":"เกษตรอื่น ๆ","__plant_type":"เกษตรอื่น ๆ","confidence":"","source":"NASA FIRMS VIIRS","source_file":"HOTSPOT Viirs 1 ม.ค - 31 พ.ค. 68 (รวม).xlsx","filter_rule":"Province=กำแพงเพชร; LandType=พื้นที่เกษตร; PlantType in allowed list; hierarchy uses Province→Amphoe→Tambon→BaanN from source table","latitude":16.89936,"longitude":99.47576,"month":3,"day":21,"responsibility_code":"5.0","landuse_code":"A999","utm_zone":"47.0","utm_e":"550668.872","utm_n":"1868482.944"},"geometry":{"type":"Point","coordinates":[99.47576,16.89936]}},{"type":"Feature","properties":{"hs_id":"VI1202503220557w4yv5n8j8k","hsID":"VI1202503220557w4yv5n8j8k","acq_date":"2025-03-22","Date":"2025-03-22","acq_time":"1257.0","year_be":2568,"season_be":2568,"dataset_year_be":2568,"province":"กำแพงเพชร","Province":"กำแพงเพชร","__province":"กำแพงเพชร","district":"เมืองกำแพงเพชร","Amphoe":"เมืองกำแพงเพชร","__district":"เมืองกำแพงเพชร","subdistrict":"เทพนคร","Tambon":"เทพนคร","__subdistrict":"เทพนคร","village":"บ้านหนองตาพุก","BaanN":"บ้านหนองตาพุก","__village":"บ้านหนองตาพุก","land_type":"พื้นที่เกษตร","LandType":"พื้นที่เกษตร","plant_type":"นาข้าว","PlantType":"นาข้าว","crop_type":"นาข้าว","crop_type_raw":"นาข้าว","__crop":"นาข้าว","__plant_type":"นาข้าว","confidence":"","source":"NASA FIRMS VIIRS","source_file":"HOTSPOT Viirs 1 ม.ค - 31 พ.ค. 68 (รวม).xlsx","filter_rule":"Province=กำแพงเพชร; LandType=พื้นที่เกษตร; PlantType in allowed list; hierarchy uses Province→Amphoe→Tambon→BaanN from source table","latitude":16.38433,"longitude":99.62404,"month":3,"day":22,"responsibility_code":"5.0","landuse_code":"A101","utm_zone":"47.0","utm_e":"566639.014","utm_n":"1811550.952"},"geometry":{"type":"Point","coordinates":[99.62404,16.38433]}},{"type":"Feature","properties":{"hs_id":"VI1202503211849w4ytqc1tbp","hsID":"VI1202503211849w4ytqc1tbp","acq_date":"2025-03-22","Date":"2025-03-22","acq_time":"149.0","year_be":2568,"season_be":2568,"dataset_year_be":2568,"province":"กำแพงเพชร","Province":"กำแพงเพชร","__province":"กำแพงเพชร","district":"เมืองกำแพงเพชร","Amphoe":"เมืองกำแพงเพชร","__district":"เมืองกำแพงเพชร","subdistrict":"คลองแม่ลาย","Tambon":"คลองแม่ลาย","__subdistrict":"คลองแม่ลาย","village":"บ้านมอวรรณทอง","BaanN":"บ้านมอวรรณทอง","__village":"บ้านมอวรรณทอง","land_type":"พื้นที่เกษตร","LandType":"พื้นที่เกษตร","plant_type":"อ้อย","PlantType":"อ้อย","crop_type":"อ้อย","crop_type_raw":"อ้อย","__crop":"อ้อย","__plant_type":"อ้อย","confidence":"","source":"NASA FIRMS VIIRS","source_file":"HOTSPOT Viirs 1 ม.ค - 31 พ.ค. 68 (รวม).xlsx","filter_rule":"Province=กำแพงเพชร; LandType=พื้นที่เกษตร; PlantType in allowed list; hierarchy uses Province→Amphoe→Tambon→BaanN from source table","latitude":16.39812,"longitude":99.43932,"month":3,"day":22,"responsibility_code":"5.0","landuse_code":"A203","utm_zone":"47.0","utm_e":"546909.725","utm_n":"1813024.783"},"geometry":{"type":"Point","coordinates":[99.43932,16.39812]}},{"type":"Feature","properties":{"hs_id":"VI1202503211847w4yyyn60kd","hsID":"VI1202503211847w4yyyn60kd","acq_date":"2025-03-22","Date":"2025-03-22","acq_time":"147.0","year_be":2568,"season_be":2568,"dataset_year_be":2568,"province":"กำแพงเพชร","Province":"กำแพงเพชร","__province":"กำแพงเพชร","district":"พรานกระต่าย","Amphoe":"พรานกระต่าย","__district":"พรานกระต่าย","subdistrict":"วังตะแบก","Tambon":"วังตะแบก","__subdistrict":"วังตะแบก","village":"บ้านบึงเฉลียง","BaanN":"บ้านบึงเฉลียง","__village":"บ้านบึงเฉลียง","land_type":"พื้นที่เกษตร","LandType":"พื้นที่เกษตร","plant_type":"อ้อย","PlantType":"อ้อย","crop_type":"อ้อย","crop_type_raw":"อ้อย","__crop":"อ้อย","__plant_type":"อ้อย","confidence":"","source":"NASA FIRMS VIIRS","source_file":"HOTSPOT Viirs 1 ม.ค - 31 พ.ค. 68 (รวม).xlsx","filter_rule":"Province=กำแพงเพชร; LandType=พื้นที่เกษตร; PlantType in allowed list; hierarchy uses Province→Amphoe→Tambon→BaanN from source table","latitude":16.68966,"longitude":99.7588,"month":3,"day":22,"responsibility_code":"5.0","landuse_code":"A203","utm_zone":"47.0","utm_e":"580902.868","utm_n":"1845378.055"},"geometry":{"type":"Point","coordinates":[99.7588,16.68966]}},{"type":"Feature","properties":{"hs_id":"VI1202503230540w4yu8xvw1w","hsID":"VI1202503230540w4yu8xvw1w","acq_date":"2025-03-23","Date":"2025-03-23","acq_time":"1240.0","year_be":2568,"season_be":2568,"dataset_year_be":2568,"province":"กำแพงเพชร","Province":"กำแพงเพชร","__province":"กำแพงเพชร","district":"เมืองกำแพงเพชร","Amphoe":"เมืองกำแพงเพชร","__district":"เมืองกำแพงเพชร","subdistrict":"ไตรตรึงษ์","Tambon":"ไตรตรึงษ์","__subdistrict":"ไตรตรึงษ์","village":"บ้านทรัพย์พลู","BaanN":"บ้านทรัพย์พลู","__village":"บ้านทรัพย์พลู","land_type":"พื้นที่เกษตร","LandType":"พื้นที่เกษตร","plant_type":"นาข้าว","PlantType":"นาข้าว","crop_type":"นาข้าว","crop_type_raw":"นาข้าว","__crop":"นาข้าว","__plant_type":"นาข้าว","confidence":"","source":"NASA FIRMS VIIRS","source_file":"HOTSPOT Viirs 1 ม.ค - 31 พ.ค. 68 (รวม).xlsx","filter_rule":"Province=กำแพงเพชร; LandType=พื้นที่เกษตร; PlantType in allowed list; hierarchy uses Province→Amphoe→Tambon→BaanN from source table","latitude":16.3034,"longitude":99.52178,"month":3,"day":23,"responsibility_code":"5.0","landuse_code":"A101","utm_zone":"47.0","utm_e":"555741.695","utm_n":"1802567.521"},"geometry":{"type":"Point","coordinates":[99.52178,16.3034]}},{"type":"Feature","properties":{"hs_id":"VI1202503240701w4ygkgf9bt","hsID":"VI1202503240701w4ygkgf9bt","acq_date":"2025-03-24","Date":"2025-03-24","acq_time":"1401.0","year_be":2568,"season_be":2568,"dataset_year_be":2568,"province":"กำแพงเพชร","Province":"กำแพงเพชร","__province":"กำแพงเพชร","district":"ขาณุวรลักษบุรี","Amphoe":"ขาณุวรลักษบุรี","__district":"ขาณุวรลักษบุรี","subdistrict":"โค้งไผ่","Tambon":"โค้งไผ่","__subdistrict":"โค้งไผ่","village":"บ้านหนองพลวง (บ้านหลวง)","BaanN":"บ้านหนองพลวง (บ้านหลวง)","__village":"บ้านหนองพลวง (บ้านหลวง)","land_type":"พื้นที่เกษตร","LandType":"พื้นที่เกษตร","plant_type":"นาข้าว","PlantType":"นาข้าว","crop_type":"นาข้าว","crop_type_raw":"นาข้าว","__crop":"นาข้าว","__plant_type":"นาข้าว","confidence":"","source":"NASA FIRMS VIIRS","source_file":"HOTSPOT Viirs 1 ม.ค - 31 พ.ค. 68 (รวม).xlsx","filter_rule":"Province=กำแพงเพชร; LandType=พื้นที่เกษตร; PlantType in allowed list; hierarchy uses Province→Amphoe→Tambon→BaanN from source table","latitude":16.06097,"longitude":99.70439,"month":3,"day":24,"responsibility_code":"5.0","landuse_code":"A101","utm_zone":"47.0","utm_e":"575342.515","utm_n":"1775807.69"},"geometry":{"type":"Point","coordinates":[99.70439,16.06097]}},{"type":"Feature","properties":{"hs_id":"VI1202503240701w4yu5rjchv","hsID":"VI1202503240701w4yu5rjchv","acq_date":"2025-03-24","Date":"2025-03-24","acq_time":"1401.0","year_be":2568,"season_be":2568,"dataset_year_be":2568,"province":"กำแพงเพชร","Province":"กำแพงเพชร","__province":"กำแพงเพชร","district":"คลองขลุง","Amphoe":"คลองขลุง","__district":"คลองขลุง","subdistrict":"วังไทร","Tambon":"วังไทร","__subdistrict":"วังไทร","village":"บ้านใหม่","BaanN":"บ้านใหม่","__village":"บ้านใหม่","land_type":"พื้นที่เกษตร","LandType":"พื้นที่เกษตร","plant_type":"นาข้าว","PlantType":"นาข้าว","crop_type":"นาข้าว","crop_type_raw":"นาข้าว","__crop":"นาข้าว","__plant_type":"นาข้าว","confidence":"","source":"NASA FIRMS VIIRS","source_file":"HOTSPOT Viirs 1 ม.ค - 31 พ.ค. 68 (รวม).xlsx","filter_rule":"Province=กำแพงเพชร; LandType=พื้นที่เกษตร; PlantType in allowed list; hierarchy uses Province→Amphoe→Tambon→BaanN from source table","latitude":16.21053,"longitude":99.64312,"month":3,"day":24,"responsibility_code":"5.0","landuse_code":"A101","utm_zone":"47.0","utm_e":"568737.134","utm_n":"1792330.958"},"geometry":{"type":"Point","coordinates":[99.64312,16.21053]}},{"type":"Feature","properties":{"hs_id":"VI1202503241932w4zh6z2d4f","hsID":"VI1202503241932w4zh6z2d4f","acq_date":"2025-03-25","Date":"2025-03-25","acq_time":"232.0","year_be":2568,"season_be":2568,"dataset_year_be":2568,"province":"กำแพงเพชร","Province":"กำแพงเพชร","__province":"กำแพงเพชร","district":"บึงสามัคคี","Amphoe":"บึงสามัคคี","__district":"บึงสามัคคี","subdistrict":"บึงสามัคคี","Tambon":"บึงสามัคคี","__subdistrict":"บึงสามัคคี","village":"บ้านไผ่งาม","BaanN":"บ้านไผ่งาม","__village":"บ้านไผ่งาม","land_type":"พื้นที่เกษตร","LandType":"พื้นที่เกษตร","plant_type":"อ้อย","PlantType":"อ้อย","crop_type":"อ้อย","crop_type_raw":"อ้อย","__crop":"อ้อย","__plant_type":"อ้อย","confidence":"","source":"NASA FIRMS VIIRS","source_file":"HOTSPOT Viirs 1 ม.ค - 31 พ.ค. 68 (รวม).xlsx","filter_rule":"Province=กำแพงเพชร; LandType=พื้นที่เกษตร; PlantType in allowed list; hierarchy uses Province→Amphoe→Tambon→BaanN from source table","latitude":16.256,"longitude":99.96541,"month":3,"day":25,"responsibility_code":"5.0","landuse_code":"A203","utm_zone":"47.0","utm_e":"603162.336","utm_n":"1797496.317"},"geometry":{"type":"Point","coordinates":[99.96541,16.256]}},{"type":"Feature","properties":{"hs_id":"VI1202503241932w4zh6xqnj6","hsID":"VI1202503241932w4zh6xqnj6","acq_date":"2025-03-25","Date":"2025-03-25","acq_time":"232.0","year_be":2568,"season_be":2568,"dataset_year_be":2568,"province":"กำแพงเพชร","Province":"กำแพงเพชร","__province":"กำแพงเพชร","district":"บึงสามัคคี","Amphoe":"บึงสามัคคี","__district":"บึงสามัคคี","subdistrict":"บึงสามัคคี","Tambon":"บึงสามัคคี","__subdistrict":"บึงสามัคคี","village":"บ้านไผ่งาม","BaanN":"บ้านไผ่งาม","__village":"บ้านไผ่งาม","land_type":"พื้นที่เกษตร","LandType":"พื้นที่เกษตร","plant_type":"อ้อย","PlantType":"อ้อย","crop_type":"อ้อย","crop_type_raw":"อ้อย","__crop":"อ้อย","__plant_type":"อ้อย","confidence":"","source":"NASA FIRMS VIIRS","source_file":"HOTSPOT Viirs 1 ม.ค - 31 พ.ค. 68 (รวม).xlsx","filter_rule":"Province=กำแพงเพชร; LandType=พื้นที่เกษตร; PlantType in allowed list; hierarchy uses Province→Amphoe→Tambon→BaanN from source table","latitude":16.25669,"longitude":99.96208,"month":3,"day":25,"responsibility_code":"5.0","landuse_code":"A203","utm_zone":"47.0","utm_e":"602806.109","utm_n":"1797570.976"},"geometry":{"type":"Point","coordinates":[99.96208,16.25669]}},{"type":"Feature","properties":{"hs_id":"VI1202503241932w4zh6xwdmq","hsID":"VI1202503241932w4zh6xwdmq","acq_date":"2025-03-25","Date":"2025-03-25","acq_time":"232.0","year_be":2568,"season_be":2568,"dataset_year_be":2568,"province":"กำแพงเพชร","Province":"กำแพงเพชร","__province":"กำแพงเพชร","district":"บึงสามัคคี","Amphoe":"บึงสามัคคี","__district":"บึงสามัคคี","subdistrict":"บึงสามัคคี","Tambon":"บึงสามัคคี","__subdistrict":"บึงสามัคคี","village":"บ้านไผ่งาม","BaanN":"บ้านไผ่งาม","__village":"บ้านไผ่งาม","land_type":"พื้นที่เกษตร","LandType":"พื้นที่เกษตร","plant_type":"อ้อย","PlantType":"อ้อย","crop_type":"อ้อย","crop_type_raw":"อ้อย","__crop":"อ้อย","__plant_type":"อ้อย","confidence":"","source":"NASA FIRMS VIIRS","source_file":"HOTSPOT Viirs 1 ม.ค - 31 พ.ค. 68 (รวม).xlsx","filter_rule":"Province=กำแพงเพชร; LandType=พื้นที่เกษตร; PlantType in allowed list; hierarchy uses Province→Amphoe→Tambon→BaanN from source table","latitude":16.25744,"longitude":99.96277,"month":3,"day":25,"responsibility_code":"5.0","landuse_code":"A203","utm_zone":"47.0","utm_e":"602879.457","utm_n":"1797654.295"},"geometry":{"type":"Point","coordinates":[99.96277,16.25744]}},{"type":"Feature","properties":{"hs_id":"VI1202503250642w4ywy2cmqh","hsID":"VI1202503250642w4ywy2cmqh","acq_date":"2025-03-25","Date":"2025-03-25","acq_time":"1342.0","year_be":2568,"season_be":2568,"dataset_year_be":2568,"province":"กำแพงเพชร","Province":"กำแพงเพชร","__province":"กำแพงเพชร","district":"พรานกระต่าย","Amphoe":"พรานกระต่าย","__district":"พรานกระต่าย","subdistrict":"ท่าไม้","Tambon":"ท่าไม้","__subdistrict":"ท่าไม้","village":"บ้านเกาะน้ำโจน","BaanN":"บ้านเกาะน้ำโจน","__village":"บ้านเกาะน้ำโจน","land_type":"พื้นที่เกษตร","LandType":"พื้นที่เกษตร","plant_type":"นาข้าว","PlantType":"นาข้าว","crop_type":"นาข้าว","crop_type_raw":"นาข้าว","__crop":"นาข้าว","__plant_type":"นาข้าว","confidence":"","source":"NASA FIRMS VIIRS","source_file":"HOTSPOT Viirs 1 ม.ค - 31 พ.ค. 68 (รวม).xlsx","filter_rule":"Province=กำแพงเพชร; LandType=พื้นที่เกษตร; PlantType in allowed list; hierarchy uses Province→Amphoe→Tambon→BaanN from source table","latitude":16.66032,"longitude":99.41726,"month":3,"day":25,"responsibility_code":"5.0","landuse_code":"A101","utm_zone":"47.0","utm_e":"544494.068","utm_n":"1842025.011"},"geometry":{"type":"Point","coordinates":[99.41726,16.66032]}},{"type":"Feature","properties":{"hs_id":"VI1202503251913w4yubyyhdr","hsID":"VI1202503251913w4yubyyhdr","acq_date":"2025-03-26","Date":"2025-03-26","acq_time":"213.0","year_be":2568,"season_be":2568,"dataset_year_be":2568,"province":"กำแพงเพชร","Province":"กำแพงเพชร","__province":"กำแพงเพชร","district":"เมืองกำแพงเพชร","Amphoe":"เมืองกำแพงเพชร","__district":"เมืองกำแพงเพชร","subdistrict":"ไตรตรึงษ์","Tambon":"ไตรตรึงษ์","__subdistrict":"ไตรตรึงษ์","village":"บ้านโนนโก","BaanN":"บ้านโนนโก","__village":"บ้านโนนโก","land_type":"พื้นที่เกษตร","LandType":"พื้นที่เกษตร","plant_type":"เกษตรอื่น ๆ","PlantType":"เกษตรอื่น ๆ","crop_type":"เกษตรอื่น ๆ","crop_type_raw":"เกษตรอื่น ๆ","__crop":"เกษตรอื่น ๆ","__plant_type":"เกษตรอื่น ๆ","confidence":"","source":"NASA FIRMS VIIRS","source_file":"HOTSPOT Viirs 1 ม.ค - 31 พ.ค. 68 (รวม).xlsx","filter_rule":"Province=กำแพงเพชร; LandType=พื้นที่เกษตร; PlantType in allowed list; hierarchy uses Province→Amphoe→Tambon→BaanN from source table","latitude":16.3416,"longitude":99.53349,"month":3,"day":26,"responsibility_code":"5.0","landuse_code":"A999","utm_zone":"47.0","utm_e":"556981.645","utm_n":"1806796.509"},"geometry":{"type":"Point","coordinates":[99.53349,16.3416]}},{"type":"Feature","properties":{"hs_id":"VI1202503260625w4yvw6fy24","hsID":"VI1202503260625w4yvw6fy24","acq_date":"2025-03-26","Date":"2025-03-26","acq_time":"1325.0","year_be":2568,"season_be":2568,"dataset_year_be":2568,"province":"กำแพงเพชร","Province":"กำแพงเพชร","__province":"กำแพงเพชร","district":"ไทรงาม","Amphoe":"ไทรงาม","__district":"ไทรงาม","subdistrict":"หนองคล้า","Tambon":"หนองคล้า","__subdistrict":"หนองคล้า","village":"บ้านแม่บัว","BaanN":"บ้านแม่บัว","__village":"บ้านแม่บัว","land_type":"พื้นที่เกษตร","LandType":"พื้นที่เกษตร","plant_type":"อ้อย","PlantType":"อ้อย","crop_type":"อ้อย","crop_type_raw":"อ้อย","__crop":"อ้อย","__plant_type":"อ้อย","confidence":"","source":"NASA FIRMS VIIRS","source_file":"HOTSPOT Viirs 1 ม.ค - 31 พ.ค. 68 (รวม).xlsx","filter_rule":"Province=กำแพงเพชร; LandType=พื้นที่เกษตร; PlantType in allowed list; hierarchy uses Province→Amphoe→Tambon→BaanN from source table","latitude":16.45174,"longitude":99.77063,"month":3,"day":26,"responsibility_code":"5.0","landuse_code":"A203","utm_zone":"47.0","utm_e":"582265.211","utm_n":"1819062.081"},"geometry":{"type":"Point","coordinates":[99.77063,16.45174]}},{"type":"Feature","properties":{"hs_id":"VI1202503260625w4yxtxpsnb","hsID":"VI1202503260625w4yxtxpsnb","acq_date":"2025-03-26","Date":"2025-03-26","acq_time":"1325.0","year_be":2568,"season_be":2568,"dataset_year_be":2568,"province":"กำแพงเพชร","Province":"กำแพงเพชร","__province":"กำแพงเพชร","district":"พรานกระต่าย","Amphoe":"พรานกระต่าย","__district":"พรานกระต่าย","subdistrict":"วังควง","Tambon":"วังควง","__subdistrict":"วังควง","village":"บ้านลานสอ","BaanN":"บ้านลานสอ","__village":"บ้านลานสอ","land_type":"พื้นที่เกษตร","LandType":"พื้นที่เกษตร","plant_type":"เกษตรอื่น ๆ","PlantType":"เกษตรอื่น ๆ","crop_type":"เกษตรอื่น ๆ","crop_type_raw":"เกษตรอื่น ๆ","__crop":"เกษตรอื่น ๆ","__plant_type":"เกษตรอื่น ๆ","confidence":"","source":"NASA FIRMS VIIRS","source_file":"HOTSPOT Viirs 1 ม.ค - 31 พ.ค. 68 (รวม).xlsx","filter_rule":"Province=กำแพงเพชร; LandType=พื้นที่เกษตร; PlantType in allowed list; hierarchy uses Province→Amphoe→Tambon→BaanN from source table","latitude":16.82625,"longitude":99.39292,"month":3,"day":26,"responsibility_code":"5.0","landuse_code":"A999","utm_zone":"47.0","utm_e":"541862.298","utm_n":"1860375.658"},"geometry":{"type":"Point","coordinates":[99.39292,16.82625]}},{"type":"Feature","properties":{"hs_id":"VI1202503270603w4yfxx8kw9","hsID":"VI1202503270603w4yfxx8kw9","acq_date":"2025-03-27","Date":"2025-03-27","acq_time":"1303.0","year_be":2568,"season_be":2568,"dataset_year_be":2568,"province":"กำแพงเพชร","Province":"กำแพงเพชร","__province":"กำแพงเพชร","district":"ขาณุวรลักษบุรี","Amphoe":"ขาณุวรลักษบุรี","__district":"ขาณุวรลักษบุรี","subdistrict":"สลกบาตร","Tambon":"สลกบาตร","__subdistrict":"สลกบาตร","village":"บ้านกระทุ่มโทน","BaanN":"บ้านกระทุ่มโทน","__village":"บ้านกระทุ่มโทน","land_type":"พื้นที่เกษตร","LandType":"พื้นที่เกษตร","plant_type":"นาข้าว","PlantType":"นาข้าว","crop_type":"นาข้าว","crop_type_raw":"นาข้าว","__crop":"นาข้าว","__plant_type":"นาข้าว","confidence":"","source":"NASA FIRMS VIIRS","source_file":"HOTSPOT Viirs 1 ม.ค - 31 พ.ค. 68 (รวม).xlsx","filter_rule":"Province=กำแพงเพชร; LandType=พื้นที่เกษตร; PlantType in allowed list; hierarchy uses Province→Amphoe→Tambon→BaanN from source table","latitude":15.95018,"longitude":99.8224,"month":3,"day":27,"responsibility_code":"5.0","landuse_code":"A101","utm_zone":"47.0","utm_e":"588014.222","utm_n":"1763598.168"},"geometry":{"type":"Point","coordinates":[99.8224,15.95018]}},{"type":"Feature","properties":{"hs_id":"VI1202503261856w4yyuck39h","hsID":"VI1202503261856w4yyuck39h","acq_date":"2025-03-27","Date":"2025-03-27","acq_time":"156.0","year_be":2568,"season_be":2568,"dataset_year_be":2568,"province":"กำแพงเพชร","Province":"กำแพงเพชร","__province":"กำแพงเพชร","district":"พรานกระต่าย","Amphoe":"พรานกระต่าย","__district":"พรานกระต่าย","subdistrict":"คุยบ้านโอง","Tambon":"คุยบ้านโอง","__subdistrict":"คุยบ้านโอง","village":"บ้านหนองกระดี่","BaanN":"บ้านหนองกระดี่","__village":"บ้านหนองกระดี่","land_type":"พื้นที่เกษตร","LandType":"พื้นที่เกษตร","plant_type":"อ้อย","PlantType":"อ้อย","crop_type":"อ้อย","crop_type_raw":"อ้อย","__crop":"อ้อย","__plant_type":"อ้อย","confidence":"","source":"NASA FIRMS VIIRS","source_file":"HOTSPOT Viirs 1 ม.ค - 31 พ.ค. 68 (รวม).xlsx","filter_rule":"Province=กำแพงเพชร; LandType=พื้นที่เกษตร; PlantType in allowed list; hierarchy uses Province→Amphoe→Tambon→BaanN from source table","latitude":16.66242,"longitude":99.70681,"month":3,"day":27,"responsibility_code":"5.0","landuse_code":"A203","utm_zone":"47.0","utm_e":"575370.144","utm_n":"1842344.17"},"geometry":{"type":"Point","coordinates":[99.70681,16.66242]}},{"type":"Feature","properties":{"hs_id":"VI1202503280726w4yf9628gm","hsID":"VI1202503280726w4yf9628gm","acq_date":"2025-03-28","Date":"2025-03-28","acq_time":"1426.0","year_be":2568,"season_be":2568,"dataset_year_be":2568,"province":"กำแพงเพชร","Province":"กำแพงเพชร","__province":"กำแพงเพชร","district":"ขาณุวรลักษบุรี","Amphoe":"ขาณุวรลักษบุรี","__district":"ขาณุวรลักษบุรี","subdistrict":"ปางมะค่า","Tambon":"ปางมะค่า","__subdistrict":"ปางมะค่า","village":"บ้านคลองสะพานช้าง","BaanN":"บ้านคลองสะพานช้าง","__village":"บ้านคลองสะพานช้าง","land_type":"พื้นที่เกษตร","LandType":"พื้นที่เกษตร","plant_type":"ข้าวโพดและไร่หมุนเวียน","PlantType":"ข้าวโพดและไร่หมุนเวียน","crop_type":"ข้าวโพดและไร่หมุนเวียน","crop_type_raw":"ข้าวโพดและไร่หมุนเวียน","__crop":"ข้าวโพดและไร่หมุนเวียน","__plant_type":"ข้าวโพดและไร่หมุนเวียน","confidence":"","source":"NASA FIRMS VIIRS","source_file":"HOTSPOT Viirs 1 ม.ค - 31 พ.ค. 68 (รวม).xlsx","filter_rule":"Province=กำแพงเพชร; LandType=พื้นที่เกษตร; PlantType in allowed list; hierarchy uses Province→Amphoe→Tambon→BaanN from source table","latitude":15.92072,"longitude":99.54795,"month":3,"day":28,"responsibility_code":"5.0","landuse_code":"A202","utm_zone":"47.0","utm_e":"558649.858","utm_n":"1760242.828"},"geometry":{"type":"Point","coordinates":[99.54795,15.92072]}},{"type":"Feature","properties":{"hs_id":"VI1202503280726w4yf96ks4m","hsID":"VI1202503280726w4yf96ks4m","acq_date":"2025-03-28","Date":"2025-03-28","acq_time":"1426.0","year_be":2568,"season_be":2568,"dataset_year_be":2568,"province":"กำแพงเพชร","Province":"กำแพงเพชร","__province":"กำแพงเพชร","district":"ขาณุวรลักษบุรี","Amphoe":"ขาณุวรลักษบุรี","__district":"ขาณุวรลักษบุรี","subdistrict":"ปางมะค่า","Tambon":"ปางมะค่า","__subdistrict":"ปางมะค่า","village":"บ้านศรีไพศาล","BaanN":"บ้านศรีไพศาล","__village":"บ้านศรีไพศาล","land_type":"พื้นที่เกษตร","LandType":"พื้นที่เกษตร","plant_type":"อ้อย","PlantType":"อ้อย","crop_type":"อ้อย","crop_type_raw":"อ้อย","__crop":"อ้อย","__plant_type":"อ้อย","confidence":"","source":"NASA FIRMS VIIRS","source_file":"HOTSPOT Viirs 1 ม.ค - 31 พ.ค. 68 (รวม).xlsx","filter_rule":"Province=กำแพงเพชร; LandType=พื้นที่เกษตร; PlantType in allowed list; hierarchy uses Province→Amphoe→Tambon→BaanN from source table","latitude":15.92128,"longitude":99.5534,"month":3,"day":28,"responsibility_code":"5.0","landuse_code":"A203","utm_zone":"47.0","utm_e":"559233.05","utm_n":"1760306.312"},"geometry":{"type":"Point","coordinates":[99.5534,15.92128]}},{"type":"Feature","properties":{"hs_id":"VI1202503280726w4yf966rx7","hsID":"VI1202503280726w4yf966rx7","acq_date":"2025-03-28","Date":"2025-03-28","acq_time":"1426.0","year_be":2568,"season_be":2568,"dataset_year_be":2568,"province":"กำแพงเพชร","Province":"กำแพงเพชร","__province":"กำแพงเพชร","district":"ขาณุวรลักษบุรี","Amphoe":"ขาณุวรลักษบุรี","__district":"ขาณุวรลักษบุรี","subdistrict":"ปางมะค่า","Tambon":"ปางมะค่า","__subdistrict":"ปางมะค่า","village":"บ้านคลองสะพานช้าง","BaanN":"บ้านคลองสะพานช้าง","__village":"บ้านคลองสะพานช้าง","land_type":"พื้นที่เกษตร","LandType":"พื้นที่เกษตร","plant_type":"เกษตรอื่น ๆ","PlantType":"เกษตรอื่น ๆ","crop_type":"เกษตรอื่น ๆ","crop_type_raw":"เกษตรอื่น ๆ","__crop":"เกษตรอื่น ๆ","__plant_type":"เกษตรอื่น ๆ","confidence":"","source":"NASA FIRMS VIIRS","source_file":"HOTSPOT Viirs 1 ม.ค - 31 พ.ค. 68 (รวม).xlsx","filter_rule":"Province=กำแพงเพชร; LandType=พื้นที่เกษตร; PlantType in allowed list; hierarchy uses Province→Amphoe→Tambon→BaanN from source table","latitude":15.92187,"longitude":99.55053,"month":3,"day":28,"responsibility_code":"5.0","landuse_code":"A999","utm_zone":"47.0","utm_e":"558925.68","utm_n":"1760370.765"},"geometry":{"type":"Point","coordinates":[99.55053,15.92187]}},{"type":"Feature","properties":{"hs_id":"VI1202503271836w4ygjn6qee","hsID":"VI1202503271836w4ygjn6qee","acq_date":"2025-03-28","Date":"2025-03-28","acq_time":"136.0","year_be":2568,"season_be":2568,"dataset_year_be":2568,"province":"กำแพงเพชร","Province":"กำแพงเพชร","__province":"กำแพงเพชร","district":"ขาณุวรลักษบุรี","Amphoe":"ขาณุวรลักษบุรี","__district":"ขาณุวรลักษบุรี","subdistrict":"วังชะพลู","Tambon":"วังชะพลู","__subdistrict":"วังชะพลู","village":"บ้านสองหนอง","BaanN":"บ้านสองหนอง","__village":"บ้านสองหนอง","land_type":"พื้นที่เกษตร","LandType":"พื้นที่เกษตร","plant_type":"นาข้าว","PlantType":"นาข้าว","crop_type":"นาข้าว","crop_type_raw":"นาข้าว","__crop":"นาข้าว","__plant_type":"นาข้าว","confidence":"","source":"NASA FIRMS VIIRS","source_file":"HOTSPOT Viirs 1 ม.ค - 31 พ.ค. 68 (รวม).xlsx","filter_rule":"Province=กำแพงเพชร; LandType=พื้นที่เกษตร; PlantType in allowed list; hierarchy uses Province→Amphoe→Tambon→BaanN from source table","latitude":16.03156,"longitude":99.71516,"month":3,"day":28,"responsibility_code":"5.0","landuse_code":"A101","utm_zone":"47.0","utm_e":"576505.765","utm_n":"1772558.238"},"geometry":{"type":"Point","coordinates":[99.71516,16.03156]}},{"type":"Feature","properties":{"hs_id":"VI1202503280726w4ygs0n697","hsID":"VI1202503280726w4ygs0n697","acq_date":"2025-03-28","Date":"2025-03-28","acq_time":"1426.0","year_be":2568,"season_be":2568,"dataset_year_be":2568,"province":"กำแพงเพชร","Province":"กำแพงเพชร","__province":"กำแพงเพชร","district":"ขาณุวรลักษบุรี","Amphoe":"ขาณุวรลักษบุรี","__district":"ขาณุวรลักษบุรี","subdistrict":"โค้งไผ่","Tambon":"โค้งไผ่","__subdistrict":"โค้งไผ่","village":"บ้านหัวรัง","BaanN":"บ้านหัวรัง","__village":"บ้านหัวรัง","land_type":"พื้นที่เกษตร","LandType":"พื้นที่เกษตร","plant_type":"นาข้าว","PlantType":"นาข้าว","crop_type":"นาข้าว","crop_type_raw":"นาข้าว","__crop":"นาข้าว","__plant_type":"นาข้าว","confidence":"","source":"NASA FIRMS VIIRS","source_file":"HOTSPOT Viirs 1 ม.ค - 31 พ.ค. 68 (รวม).xlsx","filter_rule":"Province=กำแพงเพชร; LandType=พื้นที่เกษตร; PlantType in allowed list; hierarchy uses Province→Amphoe→Tambon→BaanN from source table","latitude":16.08443,"longitude":99.67661,"month":3,"day":28,"responsibility_code":"5.0","landuse_code":"A101","utm_zone":"47.0","utm_e":"572362.523","utm_n":"1778392.968"},"geometry":{"type":"Point","coordinates":[99.67661,16.08443]}},{"type":"Feature","properties":{"hs_id":"VI1202503271836w4yvw4ubzr","hsID":"VI1202503271836w4yvw4ubzr","acq_date":"2025-03-28","Date":"2025-03-28","acq_time":"136.0","year_be":2568,"season_be":2568,"dataset_year_be":2568,"province":"กำแพงเพชร","Province":"กำแพงเพชร","__province":"กำแพงเพชร","district":"ไทรงาม","Amphoe":"ไทรงาม","__district":"ไทรงาม","subdistrict":"หนองทอง","Tambon":"หนองทอง","__subdistrict":"หนองทอง","village":"บ้านศรีบุญส่ง","BaanN":"บ้านศรีบุญส่ง","__village":"บ้านศรีบุญส่ง","land_type":"พื้นที่เกษตร","LandType":"พื้นที่เกษตร","plant_type":"อ้อย","PlantType":"อ้อย","crop_type":"อ้อย","crop_type_raw":"อ้อย","__crop":"อ้อย","__plant_type":"อ้อย","confidence":"","source":"NASA FIRMS VIIRS","source_file":"HOTSPOT Viirs 1 ม.ค - 31 พ.ค. 68 (รวม).xlsx","filter_rule":"Province=กำแพงเพชร; LandType=พื้นที่เกษตร; PlantType in allowed list; hierarchy uses Province→Amphoe→Tambon→BaanN from source table","latitude":16.45082,"longitude":99.7627,"month":3,"day":28,"responsibility_code":"5.0","landuse_code":"A203","utm_zone":"47.0","utm_e":"581419.02","utm_n":"1818957.096"},"geometry":{"type":"Point","coordinates":[99.7627,16.45082]}},{"type":"Feature","properties":{"hs_id":"VI1202503271836w4yvw4f7c6","hsID":"VI1202503271836w4yvw4f7c6","acq_date":"2025-03-28","Date":"2025-03-28","acq_time":"136.0","year_be":2568,"season_be":2568,"dataset_year_be":2568,"province":"กำแพงเพชร","Province":"กำแพงเพชร","__province":"กำแพงเพชร","district":"ไทรงาม","Amphoe":"ไทรงาม","__district":"ไทรงาม","subdistrict":"หนองทอง","Tambon":"หนองทอง","__subdistrict":"หนองทอง","village":"บ้านศรีบุญส่ง","BaanN":"บ้านศรีบุญส่ง","__village":"บ้านศรีบุญส่ง","land_type":"พื้นที่เกษตร","LandType":"พื้นที่เกษตร","plant_type":"อ้อย","PlantType":"อ้อย","crop_type":"อ้อย","crop_type_raw":"อ้อย","__crop":"อ้อย","__plant_type":"อ้อย","confidence":"","source":"NASA FIRMS VIIRS","source_file":"HOTSPOT Viirs 1 ม.ค - 31 พ.ค. 68 (รวม).xlsx","filter_rule":"Province=กำแพงเพชร; LandType=พื้นที่เกษตร; PlantType in allowed list; hierarchy uses Province→Amphoe→Tambon→BaanN from source table","latitude":16.45131,"longitude":99.75901,"month":3,"day":28,"responsibility_code":"5.0","landuse_code":"A203","utm_zone":"47.0","utm_e":"581024.886","utm_n":"1819009.821"},"geometry":{"type":"Point","coordinates":[99.75901,16.45131]}},{"type":"Feature","properties":{"hs_id":"VI1202503271836w4yxngxy7d","hsID":"VI1202503271836w4yxngxy7d","acq_date":"2025-03-28","Date":"2025-03-28","acq_time":"136.0","year_be":2568,"season_be":2568,"dataset_year_be":2568,"province":"กำแพงเพชร","Province":"กำแพงเพชร","__province":"กำแพงเพชร","district":"พรานกระต่าย","Amphoe":"พรานกระต่าย","__district":"พรานกระต่าย","subdistrict":"ท่าไม้","Tambon":"ท่าไม้","__subdistrict":"ท่าไม้","village":"บ้านคลองสงกรานต์","BaanN":"บ้านคลองสงกรานต์","__village":"บ้านคลองสงกรานต์","land_type":"พื้นที่เกษตร","LandType":"พื้นที่เกษตร","plant_type":"นาข้าว","PlantType":"นาข้าว","crop_type":"นาข้าว","crop_type_raw":"นาข้าว","__crop":"นาข้าว","__plant_type":"นาข้าว","confidence":"","source":"NASA FIRMS VIIRS","source_file":"HOTSPOT Viirs 1 ม.ค - 31 พ.ค. 68 (รวม).xlsx","filter_rule":"Province=กำแพงเพชร; LandType=พื้นที่เกษตร; PlantType in allowed list; hierarchy uses Province→Amphoe→Tambon→BaanN from source table","latitude":16.71953,"longitude":99.44805,"month":3,"day":28,"responsibility_code":"5.0","landuse_code":"A101","utm_zone":"47.0","utm_e":"547762.67","utm_n":"1848582.196"},"geometry":{"type":"Point","coordinates":[99.44805,16.71953]}},{"type":"Feature","properties":{"hs_id":"VI1202503271836w4yxx02det","hsID":"VI1202503271836w4yxx02det","acq_date":"2025-03-28","Date":"2025-03-28","acq_time":"136.0","year_be":2568,"season_be":2568,"dataset_year_be":2568,"province":"กำแพงเพชร","Province":"กำแพงเพชร","__province":"กำแพงเพชร","district":"พรานกระต่าย","Amphoe":"พรานกระต่าย","__district":"พรานกระต่าย","subdistrict":"วังควง","Tambon":"วังควง","__subdistrict":"วังควง","village":"บ้านสมอโคน","BaanN":"บ้านสมอโคน","__village":"บ้านสมอโคน","land_type":"พื้นที่เกษตร","LandType":"พื้นที่เกษตร","plant_type":"เกษตรอื่น ๆ","PlantType":"เกษตรอื่น ๆ","crop_type":"เกษตรอื่น ๆ","crop_type_raw":"เกษตรอื่น ๆ","__crop":"เกษตรอื่น ๆ","__plant_type":"เกษตรอื่น ๆ","confidence":"","source":"NASA FIRMS VIIRS","source_file":"HOTSPOT Viirs 1 ม.ค - 31 พ.ค. 68 (รวม).xlsx","filter_rule":"Province=กำแพงเพชร; LandType=พื้นที่เกษตร; PlantType in allowed list; hierarchy uses Province→Amphoe→Tambon→BaanN from source table","latitude":16.78894,"longitude":99.44908,"month":3,"day":28,"responsibility_code":"5.0","landuse_code":"A999","utm_zone":"47.0","utm_e":"547855.122","utm_n":"1856260.938"},"geometry":{"type":"Point","coordinates":[99.44908,16.78894]}},{"type":"Feature","properties":{"hs_id":"VI1202503290707w4yfz0wsz5","hsID":"VI1202503290707w4yfz0wsz5","acq_date":"2025-03-29","Date":"2025-03-29","acq_time":"1407.0","year_be":2568,"season_be":2568,"dataset_year_be":2568,"province":"กำแพงเพชร","Province":"กำแพงเพชร","__province":"กำแพงเพชร","district":"ขาณุวรลักษบุรี","Amphoe":"ขาณุวรลักษบุรี","__district":"ขาณุวรลักษบุรี","subdistrict":"บ่อถ้ำ","Tambon":"บ่อถ้ำ","__subdistrict":"บ่อถ้ำ","village":"บ้านดงดำ, บ้านดงคำน้อย","BaanN":"บ้านดงดำ, บ้านดงคำน้อย","__village":"บ้านดงดำ, บ้านดงคำน้อย","land_type":"พื้นที่เกษตร","LandType":"พื้นที่เกษตร","plant_type":"เกษตรอื่น ๆ","PlantType":"เกษตรอื่น ๆ","crop_type":"เกษตรอื่น ๆ","crop_type_raw":"เกษตรอื่น ๆ","__crop":"เกษตรอื่น ๆ","__plant_type":"เกษตรอื่น ๆ","confidence":"","source":"NASA FIRMS VIIRS","source_file":"HOTSPOT Viirs 1 ม.ค - 31 พ.ค. 68 (รวม).xlsx","filter_rule":"Province=กำแพงเพชร; LandType=พื้นที่เกษตร; PlantType in allowed list; hierarchy uses Province→Amphoe→Tambon→BaanN from source table","latitude":15.95573,"longitude":99.80904,"month":3,"day":29,"responsibility_code":"5.0","landuse_code":"A999","utm_zone":"47.0","utm_e":"586581.954","utm_n":"1764206.533"},"geometry":{"type":"Point","coordinates":[99.80904,15.95573]}},{"type":"Feature","properties":{"hs_id":"VI1202503290707w4yfz2f8tq","hsID":"VI1202503290707w4yfz2f8tq","acq_date":"2025-03-29","Date":"2025-03-29","acq_time":"1407.0","year_be":2568,"season_be":2568,"dataset_year_be":2568,"province":"กำแพงเพชร","Province":"กำแพงเพชร","__province":"กำแพงเพชร","district":"ขาณุวรลักษบุรี","Amphoe":"ขาณุวรลักษบุรี","__district":"ขาณุวรลักษบุรี","subdistrict":"สลกบาตร","Tambon":"สลกบาตร","__subdistrict":"สลกบาตร","village":"บ้านดงดำ, บ้านดงคำน้อย","BaanN":"บ้านดงดำ, บ้านดงคำน้อย","__village":"บ้านดงดำ, บ้านดงคำน้อย","land_type":"พื้นที่เกษตร","LandType":"พื้นที่เกษตร","plant_type":"นาข้าว","PlantType":"นาข้าว","crop_type":"นาข้าว","crop_type_raw":"นาข้าว","__crop":"นาข้าว","__plant_type":"นาข้าว","confidence":"","source":"NASA FIRMS VIIRS","source_file":"HOTSPOT Viirs 1 ม.ค - 31 พ.ค. 68 (รวม).xlsx","filter_rule":"Province=กำแพงเพชร; LandType=พื้นที่เกษตร; PlantType in allowed list; hierarchy uses Province→Amphoe→Tambon→BaanN from source table","latitude":15.95639,"longitude":99.81446,"month":3,"day":29,"responsibility_code":"5.0","landuse_code":"A101","utm_zone":"47.0","utm_e":"587161.74","utm_n":"1764281.804"},"geometry":{"type":"Point","coordinates":[99.81446,15.95639]}},{"type":"Feature","properties":{"hs_id":"VI1202503281817w4ygm9r0dr","hsID":"VI1202503281817w4ygm9r0dr","acq_date":"2025-03-29","Date":"2025-03-29","acq_time":"117.0","year_be":2568,"season_be":2568,"dataset_year_be":2568,"province":"กำแพงเพชร","Province":"กำแพงเพชร","__province":"กำแพงเพชร","district":"ขาณุวรลักษบุรี","Amphoe":"ขาณุวรลักษบุรี","__district":"ขาณุวรลักษบุรี","subdistrict":"ดอนแตง","Tambon":"ดอนแตง","__subdistrict":"ดอนแตง","village":"บ้านดงดำ","BaanN":"บ้านดงดำ","__village":"บ้านดงดำ","land_type":"พื้นที่เกษตร","LandType":"พื้นที่เกษตร","plant_type":"นาข้าว","PlantType":"นาข้าว","crop_type":"นาข้าว","crop_type_raw":"นาข้าว","__crop":"นาข้าว","__plant_type":"นาข้าว","confidence":"","source":"NASA FIRMS VIIRS","source_file":"HOTSPOT Viirs 1 ม.ค - 31 พ.ค. 68 (รวม).xlsx","filter_rule":"Province=กำแพงเพชร; LandType=พื้นที่เกษตร; PlantType in allowed list; hierarchy uses Province→Amphoe→Tambon→BaanN from source table","latitude":16.04703,"longitude":99.7436,"month":3,"day":29,"responsibility_code":"5.0","landuse_code":"A101","utm_zone":"47.0","utm_e":"579542.201","utm_n":"1774280.27"},"geometry":{"type":"Point","coordinates":[99.7436,16.04703]}},{"type":"Feature","properties":{"hs_id":"VI1202503290707w4ygg1pb2u","hsID":"VI1202503290707w4ygg1pb2u","acq_date":"2025-03-29","Date":"2025-03-29","acq_time":"1407.0","year_be":2568,"season_be":2568,"dataset_year_be":2568,"province":"กำแพงเพชร","Province":"กำแพงเพชร","__province":"กำแพงเพชร","district":"ปางศิลาทอง","Amphoe":"ปางศิลาทอง","__district":"ปางศิลาทอง","subdistrict":"โพธิ์ทอง","Tambon":"โพธิ์ทอง","__subdistrict":"โพธิ์ทอง","village":"บ้านไผ่ยาวสามัคคี","BaanN":"บ้านไผ่ยาวสามัคคี","__village":"บ้านไผ่ยาวสามัคคี","land_type":"พื้นที่เกษตร","LandType":"พื้นที่เกษตร","plant_type":"นาข้าว","PlantType":"นาข้าว","crop_type":"นาข้าว","crop_type_raw":"นาข้าว","__crop":"นาข้าว","__plant_type":"นาข้าว","confidence":"","source":"NASA FIRMS VIIRS","source_file":"HOTSPOT Viirs 1 ม.ค - 31 พ.ค. 68 (รวม).xlsx","filter_rule":"Province=กำแพงเพชร; LandType=พื้นที่เกษตร; PlantType in allowed list; hierarchy uses Province→Amphoe→Tambon→BaanN from source table","latitude":16.13349,"longitude":99.6347,"month":3,"day":29,"responsibility_code":"5.0","landuse_code":"A101","utm_zone":"47.0","utm_e":"567863.462","utm_n":"1783805.839"},"geometry":{"type":"Point","coordinates":[99.6347,16.13349]}},{"type":"Feature","properties":{"hs_id":"VI1202503290707w4yu5dbx3d","hsID":"VI1202503290707w4yu5dbx3d","acq_date":"2025-03-29","Date":"2025-03-29","acq_time":"1407.0","year_be":2568,"season_be":2568,"dataset_year_be":2568,"province":"กำแพงเพชร","Province":"กำแพงเพชร","__province":"กำแพงเพชร","district":"คลองขลุง","Amphoe":"คลองขลุง","__district":"คลองขลุง","subdistrict":"วังไทร","Tambon":"วังไทร","__subdistrict":"วังไทร","village":"บ้านหนองเม่น","BaanN":"บ้านหนองเม่น","__village":"บ้านหนองเม่น","land_type":"พื้นที่เกษตร","LandType":"พื้นที่เกษตร","plant_type":"นาข้าว","PlantType":"นาข้าว","crop_type":"นาข้าว","crop_type_raw":"นาข้าว","__crop":"นาข้าว","__plant_type":"นาข้าว","confidence":"","source":"NASA FIRMS VIIRS","source_file":"HOTSPOT Viirs 1 ม.ค - 31 พ.ค. 68 (รวม).xlsx","filter_rule":"Province=กำแพงเพชร; LandType=พื้นที่เกษตร; PlantType in allowed list; hierarchy uses Province→Amphoe→Tambon→BaanN from source table","latitude":16.18824,"longitude":99.64675,"month":3,"day":29,"responsibility_code":"5.0","landuse_code":"A101","utm_zone":"47.0","utm_e":"569132.891","utm_n":"1789866.402"},"geometry":{"type":"Point","coordinates":[99.64675,16.18824]}},{"type":"Feature","properties":{"hs_id":"VI1202503301919w4z5dxfzse","hsID":"VI1202503301919w4z5dxfzse","acq_date":"2025-03-31","Date":"2025-03-31","acq_time":"219.0","year_be":2568,"season_be":2568,"dataset_year_be":2568,"province":"กำแพงเพชร","Province":"กำแพงเพชร","__province":"กำแพงเพชร","district":"ขาณุวรลักษบุรี","Amphoe":"ขาณุวรลักษบุรี","__district":"ขาณุวรลักษบุรี","subdistrict":"ป่าพุทรา","Tambon":"ป่าพุทรา","__subdistrict":"ป่าพุทรา","village":"บ้านหนองกระทุ่ม","BaanN":"บ้านหนองกระทุ่ม","__village":"บ้านหนองกระทุ่ม","land_type":"พื้นที่เกษตร","LandType":"พื้นที่เกษตร","plant_type":"นาข้าว","PlantType":"นาข้าว","crop_type":"นาข้าว","crop_type_raw":"นาข้าว","__crop":"นาข้าว","__plant_type":"นาข้าว","confidence":"","source":"NASA FIRMS VIIRS","source_file":"HOTSPOT Viirs 1 ม.ค - 31 พ.ค. 68 (รวม).xlsx","filter_rule":"Province=กำแพงเพชร; LandType=พื้นที่เกษตร; PlantType in allowed list; hierarchy uses Province→Amphoe→Tambon→BaanN from source table","latitude":16.12786,"longitude":99.95759,"month":3,"day":31,"responsibility_code":"5.0","landuse_code":"A101","utm_zone":"47.0","utm_e":"602392.71","utm_n":"1783316.32"},"geometry":{"type":"Point","coordinates":[99.95759,16.12786]}},{"type":"Feature","properties":{"hs_id":"VI1202503311902w4yvtw0p75","hsID":"VI1202503311902w4yvtw0p75","acq_date":"2025-04-01","Date":"2025-04-01","acq_time":"202.0","year_be":2568,"season_be":2568,"dataset_year_be":2568,"province":"กำแพงเพชร","Province":"กำแพงเพชร","__province":"กำแพงเพชร","district":"เมืองกำแพงเพชร","Amphoe":"เมืองกำแพงเพชร","__district":"เมืองกำแพงเพชร","subdistrict":"นิคมทุ่งโพธิ์ทะเล","Tambon":"นิคมทุ่งโพธิ์ทะเล","__subdistrict":"นิคมทุ่งโพธิ์ทะเล","village":"บ้านสระเตย","BaanN":"บ้านสระเตย","__village":"บ้านสระเตย","land_type":"พื้นที่เกษตร","LandType":"พื้นที่เกษตร","plant_type":"นาข้าว","PlantType":"นาข้าว","crop_type":"นาข้าว","crop_type_raw":"นาข้าว","__crop":"นาข้าว","__plant_type":"นาข้าว","confidence":"","source":"NASA FIRMS VIIRS","source_file":"HOTSPOT Viirs 1 ม.ค - 31 พ.ค. 68 (รวม).xlsx","filter_rule":"Province=กำแพงเพชร; LandType=พื้นที่เกษตร; PlantType in allowed list; hierarchy uses Province→Amphoe→Tambon→BaanN from source table","latitude":16.46977,"longitude":99.73402,"month":4,"day":1,"responsibility_code":"5.0","landuse_code":"A101","utm_zone":"47.0","utm_e":"578349.646","utm_n":"1821042.149"},"geometry":{"type":"Point","coordinates":[99.73402,16.46977]}},{"type":"Feature","properties":{"hs_id":"VI1202504021824w4yvcs967p","hsID":"VI1202504021824w4yvcs967p","acq_date":"2025-04-03","Date":"2025-04-03","acq_time":"124.0","year_be":2568,"season_be":2568,"dataset_year_be":2568,"province":"กำแพงเพชร","Province":"กำแพงเพชร","__province":"กำแพงเพชร","district":"เมืองกำแพงเพชร","Amphoe":"เมืองกำแพงเพชร","__district":"เมืองกำแพงเพชร","subdistrict":"สระแก้ว","Tambon":"สระแก้ว","__subdistrict":"สระแก้ว","village":"บ้านลำมะโกรก","BaanN":"บ้านลำมะโกรก","__village":"บ้านลำมะโกรก","land_type":"พื้นที่เกษตร","LandType":"พื้นที่เกษตร","plant_type":"อ้อย","PlantType":"อ้อย","crop_type":"อ้อย","crop_type_raw":"อ้อย","__crop":"อ้อย","__plant_type":"อ้อย","confidence":"","source":"NASA FIRMS VIIRS","source_file":"HOTSPOT Viirs 1 ม.ค - 31 พ.ค. 68 (รวม).xlsx","filter_rule":"Province=กำแพงเพชร; LandType=พื้นที่เกษตร; PlantType in allowed list; hierarchy uses Province→Amphoe→Tambon→BaanN from source table","latitude":16.50464,"longitude":99.55996,"month":4,"day":3,"responsibility_code":"5.0","landuse_code":"A203","utm_zone":"47.0","utm_e":"559759.121","utm_n":"1824840.122"},"geometry":{"type":"Point","coordinates":[99.55996,16.50464]}},{"type":"Feature","properties":{"hs_id":"VI1202504040654w4yfz34dmk","hsID":"VI1202504040654w4yfz34dmk","acq_date":"2025-04-04","Date":"2025-04-04","acq_time":"1354.0","year_be":2568,"season_be":2568,"dataset_year_be":2568,"province":"กำแพงเพชร","Province":"กำแพงเพชร","__province":"กำแพงเพชร","district":"ขาณุวรลักษบุรี","Amphoe":"ขาณุวรลักษบุรี","__district":"ขาณุวรลักษบุรี","subdistrict":"สลกบาตร","Tambon":"สลกบาตร","__subdistrict":"สลกบาตร","village":"บ้านดงดำ, บ้านดงคำน้อย","BaanN":"บ้านดงดำ, บ้านดงคำน้อย","__village":"บ้านดงดำ, บ้านดงคำน้อย","land_type":"พื้นที่เกษตร","LandType":"พื้นที่เกษตร","plant_type":"นาข้าว","PlantType":"นาข้าว","crop_type":"นาข้าว","crop_type_raw":"นาข้าว","__crop":"นาข้าว","__plant_type":"นาข้าว","confidence":"","source":"NASA FIRMS VIIRS","source_file":"HOTSPOT Viirs 1 ม.ค - 31 พ.ค. 68 (รวม).xlsx","filter_rule":"Province=กำแพงเพชร; LandType=พื้นที่เกษตร; PlantType in allowed list; hierarchy uses Province→Amphoe→Tambon→BaanN from source table","latitude":15.95805,"longitude":99.81445,"month":4,"day":4,"responsibility_code":"5.0","landuse_code":"A101","utm_zone":"47.0","utm_e":"587159.952","utm_n":"1764465.435"},"geometry":{"type":"Point","coordinates":[99.81445,15.95805]}},{"type":"Feature","properties":{"hs_id":"VI1202504040654w4yfz384d4","hsID":"VI1202504040654w4yfz384d4","acq_date":"2025-04-04","Date":"2025-04-04","acq_time":"1354.0","year_be":2568,"season_be":2568,"dataset_year_be":2568,"province":"กำแพงเพชร","Province":"กำแพงเพชร","__province":"กำแพงเพชร","district":"ขาณุวรลักษบุรี","Amphoe":"ขาณุวรลักษบุรี","__district":"ขาณุวรลักษบุรี","subdistrict":"สลกบาตร","Tambon":"สลกบาตร","__subdistrict":"สลกบาตร","village":"บ้านดงดำ, บ้านดงคำน้อย","BaanN":"บ้านดงดำ, บ้านดงคำน้อย","__village":"บ้านดงดำ, บ้านดงคำน้อย","land_type":"พื้นที่เกษตร","LandType":"พื้นที่เกษตร","plant_type":"นาข้าว","PlantType":"นาข้าว","crop_type":"นาข้าว","crop_type_raw":"นาข้าว","__crop":"นาข้าว","__plant_type":"นาข้าว","confidence":"","source":"NASA FIRMS VIIRS","source_file":"HOTSPOT Viirs 1 ม.ค - 31 พ.ค. 68 (รวม).xlsx","filter_rule":"Province=กำแพงเพชร; LandType=พื้นที่เกษตร; PlantType in allowed list; hierarchy uses Province→Amphoe→Tambon→BaanN from source table","latitude":15.96083,"longitude":99.81088,"month":4,"day":4,"responsibility_code":"5.0","landuse_code":"A101","utm_zone":"47.0","utm_e":"586776.683","utm_n":"1764771.478"},"geometry":{"type":"Point","coordinates":[99.81088,15.96083]}},{"type":"Feature","properties":{"hs_id":"VI1202504040654w4yfz3ey6j","hsID":"VI1202504040654w4yfz3ey6j","acq_date":"2025-04-04","Date":"2025-04-04","acq_time":"1354.0","year_be":2568,"season_be":2568,"dataset_year_be":2568,"province":"กำแพงเพชร","Province":"กำแพงเพชร","__province":"กำแพงเพชร","district":"ขาณุวรลักษบุรี","Amphoe":"ขาณุวรลักษบุรี","__district":"ขาณุวรลักษบุรี","subdistrict":"สลกบาตร","Tambon":"สลกบาตร","__subdistrict":"สลกบาตร","village":"บ้านโนนปอแดง","BaanN":"บ้านโนนปอแดง","__village":"บ้านโนนปอแดง","land_type":"พื้นที่เกษตร","LandType":"พื้นที่เกษตร","plant_type":"นาข้าว","PlantType":"นาข้าว","crop_type":"นาข้าว","crop_type_raw":"นาข้าว","__crop":"นาข้าว","__plant_type":"นาข้าว","confidence":"","source":"NASA FIRMS VIIRS","source_file":"HOTSPOT Viirs 1 ม.ค - 31 พ.ค. 68 (รวม).xlsx","filter_rule":"Province=กำแพงเพชร; LandType=พื้นที่เกษตร; PlantType in allowed list; hierarchy uses Province→Amphoe→Tambon→BaanN from source table","latitude":15.96149,"longitude":99.81603,"month":4,"day":4,"responsibility_code":"5.0","landuse_code":"A101","utm_zone":"47.0","utm_e":"587327.558","utm_n":"1764846.641"},"geometry":{"type":"Point","coordinates":[99.81603,15.96149]}},{"type":"Feature","properties":{"hs_id":"VI1202504040654w4yfz3f322","hsID":"VI1202504040654w4yfz3f322","acq_date":"2025-04-04","Date":"2025-04-04","acq_time":"1354.0","year_be":2568,"season_be":2568,"dataset_year_be":2568,"province":"กำแพงเพชร","Province":"กำแพงเพชร","__province":"กำแพงเพชร","district":"ขาณุวรลักษบุรี","Amphoe":"ขาณุวรลักษบุรี","__district":"ขาณุวรลักษบุรี","subdistrict":"สลกบาตร","Tambon":"สลกบาตร","__subdistrict":"สลกบาตร","village":"บ้านโนนปอแดง","BaanN":"บ้านโนนปอแดง","__village":"บ้านโนนปอแดง","land_type":"พื้นที่เกษตร","LandType":"พื้นที่เกษตร","plant_type":"นาข้าว","PlantType":"นาข้าว","crop_type":"นาข้าว","crop_type_raw":"นาข้าว","__crop":"นาข้าว","__plant_type":"นาข้าว","confidence":"","source":"NASA FIRMS VIIRS","source_file":"HOTSPOT Viirs 1 ม.ค - 31 พ.ค. 68 (รวม).xlsx","filter_rule":"Province=กำแพงเพชร; LandType=พื้นที่เกษตร; PlantType in allowed list; hierarchy uses Province→Amphoe→Tambon→BaanN from source table","latitude":15.96198,"longitude":99.8139,"month":4,"day":4,"responsibility_code":"5.0","landuse_code":"A101","utm_zone":"47.0","utm_e":"587099.391","utm_n":"1764899.955"},"geometry":{"type":"Point","coordinates":[99.8139,15.96198]}},{"type":"Feature","properties":{"hs_id":"VI1202504050635w4yv48m655","hsID":"VI1202504050635w4yv48m655","acq_date":"2025-04-05","Date":"2025-04-05","acq_time":"1335.0","year_be":2568,"season_be":2568,"dataset_year_be":2568,"province":"กำแพงเพชร","Province":"กำแพงเพชร","__province":"กำแพงเพชร","district":"เมืองกำแพงเพชร","Amphoe":"เมืองกำแพงเพชร","__district":"เมืองกำแพงเพชร","subdistrict":"ธำมรงค์","Tambon":"ธำมรงค์","__subdistrict":"ธำมรงค์","village":"บ้านคลองสีนวลเหนือ","BaanN":"บ้านคลองสีนวลเหนือ","__village":"บ้านคลองสีนวลเหนือ","land_type":"พื้นที่เกษตร","LandType":"พื้นที่เกษตร","plant_type":"นาข้าว","PlantType":"นาข้าว","crop_type":"นาข้าว","crop_type_raw":"นาข้าว","__crop":"นาข้าว","__plant_type":"นาข้าว","confidence":"","source":"NASA FIRMS VIIRS","source_file":"HOTSPOT Viirs 1 ม.ค - 31 พ.ค. 68 (รวม).xlsx","filter_rule":"Province=กำแพงเพชร; LandType=พื้นที่เกษตร; PlantType in allowed list; hierarchy uses Province→Amphoe→Tambon→BaanN from source table","latitude":16.34939,"longitude":99.6094,"month":4,"day":5,"responsibility_code":"5.0","landuse_code":"A101","utm_zone":"47.0","utm_e":"565087.195","utm_n":"1807681.019"},"geometry":{"type":"Point","coordinates":[99.6094,16.34939]}},{"type":"Feature","properties":{"hs_id":"VI1202504060618w4ygkgrgd9","hsID":"VI1202504060618w4ygkgrgd9","acq_date":"2025-04-06","Date":"2025-04-06","acq_time":"1318.0","year_be":2568,"season_be":2568,"dataset_year_be":2568,"province":"กำแพงเพชร","Province":"กำแพงเพชร","__province":"กำแพงเพชร","district":"ขาณุวรลักษบุรี","Amphoe":"ขาณุวรลักษบุรี","__district":"ขาณุวรลักษบุรี","subdistrict":"ดอนแตง","Tambon":"ดอนแตง","__subdistrict":"ดอนแตง","village":"บ้านดอนแตง","BaanN":"บ้านดอนแตง","__village":"บ้านดอนแตง","land_type":"พื้นที่เกษตร","LandType":"พื้นที่เกษตร","plant_type":"นาข้าว","PlantType":"นาข้าว","crop_type":"นาข้าว","crop_type_raw":"นาข้าว","__crop":"นาข้าว","__plant_type":"นาข้าว","confidence":"","source":"NASA FIRMS VIIRS","source_file":"HOTSPOT Viirs 1 ม.ค - 31 พ.ค. 68 (รวม).xlsx","filter_rule":"Province=กำแพงเพชร; LandType=พื้นที่เกษตร; PlantType in allowed list; hierarchy uses Province→Amphoe→Tambon→BaanN from source table","latitude":16.0585,"longitude":99.71168,"month":4,"day":6,"responsibility_code":"5.0","landuse_code":"A101","utm_zone":"47.0","utm_e":"576123.237","utm_n":"1775537.119"},"geometry":{"type":"Point","coordinates":[99.71168,16.0585]}},{"type":"Feature","properties":{"hs_id":"VI1202504060618w4ygkgttm0","hsID":"VI1202504060618w4ygkgttm0","acq_date":"2025-04-06","Date":"2025-04-06","acq_time":"1318.0","year_be":2568,"season_be":2568,"dataset_year_be":2568,"province":"กำแพงเพชร","Province":"กำแพงเพชร","__province":"กำแพงเพชร","district":"ขาณุวรลักษบุรี","Amphoe":"ขาณุวรลักษบุรี","__district":"ขาณุวรลักษบุรี","subdistrict":"ดอนแตง","Tambon":"ดอนแตง","__subdistrict":"ดอนแตง","village":"บ้านดอนแตง","BaanN":"บ้านดอนแตง","__village":"บ้านดอนแตง","land_type":"พื้นที่เกษตร","LandType":"พื้นที่เกษตร","plant_type":"อ้อย","PlantType":"อ้อย","crop_type":"อ้อย","crop_type_raw":"อ้อย","__crop":"อ้อย","__plant_type":"อ้อย","confidence":"","source":"NASA FIRMS VIIRS","source_file":"HOTSPOT Viirs 1 ม.ค - 31 พ.ค. 68 (รวม).xlsx","filter_rule":"Province=กำแพงเพชร; LandType=พื้นที่เกษตร; PlantType in allowed list; hierarchy uses Province→Amphoe→Tambon→BaanN from source table","latitude":16.06017,"longitude":99.7087,"month":4,"day":6,"responsibility_code":"5.0","landuse_code":"A203","utm_zone":"47.0","utm_e":"575803.842","utm_n":"1775720.765"},"geometry":{"type":"Point","coordinates":[99.7087,16.06017]}},{"type":"Feature","properties":{"hs_id":"VI1202504060618w4ygkexxuy","hsID":"VI1202504060618w4ygkexxuy","acq_date":"2025-04-06","Date":"2025-04-06","acq_time":"1318.0","year_be":2568,"season_be":2568,"dataset_year_be":2568,"province":"กำแพงเพชร","Province":"กำแพงเพชร","__province":"กำแพงเพชร","district":"ขาณุวรลักษบุรี","Amphoe":"ขาณุวรลักษบุรี","__district":"ขาณุวรลักษบุรี","subdistrict":"โค้งไผ่","Tambon":"โค้งไผ่","__subdistrict":"โค้งไผ่","village":"บ้านหนองพลวง (บ้านหลวง)","BaanN":"บ้านหนองพลวง (บ้านหลวง)","__village":"บ้านหนองพลวง (บ้านหลวง)","land_type":"พื้นที่เกษตร","LandType":"พื้นที่เกษตร","plant_type":"นาข้าว","PlantType":"นาข้าว","crop_type":"นาข้าว","crop_type_raw":"นาข้าว","__crop":"นาข้าว","__plant_type":"นาข้าว","confidence":"","source":"NASA FIRMS VIIRS","source_file":"HOTSPOT Viirs 1 ม.ค - 31 พ.ค. 68 (รวม).xlsx","filter_rule":"Province=กำแพงเพชร; LandType=พื้นที่เกษตร; PlantType in allowed list; hierarchy uses Province→Amphoe→Tambon→BaanN from source table","latitude":16.06063,"longitude":99.70045,"month":4,"day":6,"responsibility_code":"5.0","landuse_code":"A101","utm_zone":"47.0","utm_e":"574921.197","utm_n":"1775768.649"},"geometry":{"type":"Point","coordinates":[99.70045,16.06063]}},{"type":"Feature","properties":{"hs_id":"VI1202504060618w4ygm5c6wz","hsID":"VI1202504060618w4ygm5c6wz","acq_date":"2025-04-06","Date":"2025-04-06","acq_time":"1318.0","year_be":2568,"season_be":2568,"dataset_year_be":2568,"province":"กำแพงเพชร","Province":"กำแพงเพชร","__province":"กำแพงเพชร","district":"ขาณุวรลักษบุรี","Amphoe":"ขาณุวรลักษบุรี","__district":"ขาณุวรลักษบุรี","subdistrict":"ดอนแตง","Tambon":"ดอนแตง","__subdistrict":"ดอนแตง","village":"บ้านดอนแตง","BaanN":"บ้านดอนแตง","__village":"บ้านดอนแตง","land_type":"พื้นที่เกษตร","LandType":"พื้นที่เกษตร","plant_type":"นาข้าว","PlantType":"นาข้าว","crop_type":"นาข้าว","crop_type_raw":"นาข้าว","__crop":"นาข้าว","__plant_type":"นาข้าว","confidence":"","source":"NASA FIRMS VIIRS","source_file":"HOTSPOT Viirs 1 ม.ค - 31 พ.ค. 68 (รวม).xlsx","filter_rule":"Province=กำแพงเพชร; LandType=พื้นที่เกษตร; PlantType in allowed list; hierarchy uses Province→Amphoe→Tambon→BaanN from source table","latitude":16.06111,"longitude":99.71393,"month":4,"day":6,"responsibility_code":"5.0","landuse_code":"A101","utm_zone":"47.0","utm_e":"576362.918","utm_n":"1775826.672"},"geometry":{"type":"Point","coordinates":[99.71393,16.06111]}},{"type":"Feature","properties":{"hs_id":"VI1202504060618w4ygksj3py","hsID":"VI1202504060618w4ygksj3py","acq_date":"2025-04-06","Date":"2025-04-06","acq_time":"1318.0","year_be":2568,"season_be":2568,"dataset_year_be":2568,"province":"กำแพงเพชร","Province":"กำแพงเพชร","__province":"กำแพงเพชร","district":"ขาณุวรลักษบุรี","Amphoe":"ขาณุวรลักษบุรี","__district":"ขาณุวรลักษบุรี","subdistrict":"โค้งไผ่","Tambon":"โค้งไผ่","__subdistrict":"โค้งไผ่","village":"บ้านหนองพลวง (บ้านหลวง)","BaanN":"บ้านหนองพลวง (บ้านหลวง)","__village":"บ้านหนองพลวง (บ้านหลวง)","land_type":"พื้นที่เกษตร","LandType":"พื้นที่เกษตร","plant_type":"นาข้าว","PlantType":"นาข้าว","crop_type":"นาข้าว","crop_type_raw":"นาข้าว","__crop":"นาข้าว","__plant_type":"นาข้าว","confidence":"","source":"NASA FIRMS VIIRS","source_file":"HOTSPOT Viirs 1 ม.ค - 31 พ.ค. 68 (รวม).xlsx","filter_rule":"Province=กำแพงเพชร; LandType=พื้นที่เกษตร; PlantType in allowed list; hierarchy uses Province→Amphoe→Tambon→BaanN from source table","latitude":16.06222,"longitude":99.69749,"month":4,"day":6,"responsibility_code":"5.0","landuse_code":"A101","utm_zone":"47.0","utm_e":"574603.985","utm_n":"1775943.47"},"geometry":{"type":"Point","coordinates":[99.69749,16.06222]}},{"type":"Feature","properties":{"hs_id":"VI1202504060618w4ygmh5pge","hsID":"VI1202504060618w4ygmh5pge","acq_date":"2025-04-06","Date":"2025-04-06","acq_time":"1318.0","year_be":2568,"season_be":2568,"dataset_year_be":2568,"province":"กำแพงเพชร","Province":"กำแพงเพชร","__province":"กำแพงเพชร","district":"ขาณุวรลักษบุรี","Amphoe":"ขาณุวรลักษบุรี","__district":"ขาณุวรลักษบุรี","subdistrict":"ดอนแตง","Tambon":"ดอนแตง","__subdistrict":"ดอนแตง","village":"บ้านดอนแตง","BaanN":"บ้านดอนแตง","__village":"บ้านดอนแตง","land_type":"พื้นที่เกษตร","LandType":"พื้นที่เกษตร","plant_type":"นาข้าว","PlantType":"นาข้าว","crop_type":"นาข้าว","crop_type_raw":"นาข้าว","__crop":"นาข้าว","__plant_type":"นาข้าว","confidence":"","source":"NASA FIRMS VIIRS","source_file":"HOTSPOT Viirs 1 ม.ค - 31 พ.ค. 68 (รวม).xlsx","filter_rule":"Province=กำแพงเพชร; LandType=พื้นที่เกษตร; PlantType in allowed list; hierarchy uses Province→Amphoe→Tambon→BaanN from source table","latitude":16.06336,"longitude":99.71619,"month":4,"day":6,"responsibility_code":"5.0","landuse_code":"A101","utm_zone":"47.0","utm_e":"576603.801","utm_n":"1776076.407"},"geometry":{"type":"Point","coordinates":[99.71619,16.06336]}},{"type":"Feature","properties":{"hs_id":"VI1202504060618w4ytwbfy89","hsID":"VI1202504060618w4ytwbfy89","acq_date":"2025-04-06","Date":"2025-04-06","acq_time":"1318.0","year_be":2568,"season_be":2568,"dataset_year_be":2568,"province":"กำแพงเพชร","Province":"กำแพงเพชร","__province":"กำแพงเพชร","district":"เมืองกำแพงเพชร","Amphoe":"เมืองกำแพงเพชร","__district":"เมืองกำแพงเพชร","subdistrict":"ท่าขุนราม","Tambon":"ท่าขุนราม","__subdistrict":"ท่าขุนราม","village":"บ้านใหม่สันติธรรม","BaanN":"บ้านใหม่สันติธรรม","__village":"บ้านใหม่สันติธรรม","land_type":"พื้นที่เกษตร","LandType":"พื้นที่เกษตร","plant_type":"นาข้าว","PlantType":"นาข้าว","crop_type":"นาข้าว","crop_type_raw":"นาข้าว","__crop":"นาข้าว","__plant_type":"นาข้าว","confidence":"","source":"NASA FIRMS VIIRS","source_file":"HOTSPOT Viirs 1 ม.ค - 31 พ.ค. 68 (รวม).xlsx","filter_rule":"Province=กำแพงเพชร; LandType=พื้นที่เกษตร; PlantType in allowed list; hierarchy uses Province→Amphoe→Tambon→BaanN from source table","latitude":16.44079,"longitude":99.44106,"month":4,"day":6,"responsibility_code":"5.0","landuse_code":"A101","utm_zone":"47.0","utm_e":"547085.251","utm_n":"1817745.408"},"geometry":{"type":"Point","coordinates":[99.44106,16.44079]}},{"type":"Feature","properties":{"hs_id":"VI1202504070557w4zn82hx67","hsID":"VI1202504070557w4zn82hx67","acq_date":"2025-04-07","Date":"2025-04-07","acq_time":"1257.0","year_be":2568,"season_be":2568,"dataset_year_be":2568,"province":"กำแพงเพชร","Province":"กำแพงเพชร","__province":"กำแพงเพชร","district":"ลานกระบือ","Amphoe":"ลานกระบือ","__district":"ลานกระบือ","subdistrict":"ลานกระบือ","Tambon":"ลานกระบือ","__subdistrict":"ลานกระบือ","village":"บ้านโนนตากแดด","BaanN":"บ้านโนนตากแดด","__village":"บ้านโนนตากแดด","land_type":"พื้นที่เกษตร","LandType":"พื้นที่เกษตร","plant_type":"อ้อย","PlantType":"อ้อย","crop_type":"อ้อย","crop_type_raw":"อ้อย","__crop":"อ้อย","__plant_type":"อ้อย","confidence":"","source":"NASA FIRMS VIIRS","source_file":"HOTSPOT Viirs 1 ม.ค - 31 พ.ค. 68 (รวม).xlsx","filter_rule":"Province=กำแพงเพชร; LandType=พื้นที่เกษตร; PlantType in allowed list; hierarchy uses Province→Amphoe→Tambon→BaanN from source table","latitude":16.61259,"longitude":99.86102,"month":4,"day":7,"responsibility_code":"5.0","landuse_code":"A203","utm_zone":"47.0","utm_e":"591838.879","utm_n":"1836895.915"},"geometry":{"type":"Point","coordinates":[99.86102,16.61259]}},{"type":"Feature","properties":{"hs_id":"VI1202504090701w4yurg8e6c","hsID":"VI1202504090701w4yurg8e6c","acq_date":"2025-04-09","Date":"2025-04-09","acq_time":"1401.0","year_be":2568,"season_be":2568,"dataset_year_be":2568,"province":"กำแพงเพชร","Province":"กำแพงเพชร","__province":"กำแพงเพชร","district":"คลองขลุง","Amphoe":"คลองขลุง","__district":"คลองขลุง","subdistrict":"วังแขม","Tambon":"วังแขม","__subdistrict":"วังแขม","village":"บ้านหนองนกกระทุง","BaanN":"บ้านหนองนกกระทุง","__village":"บ้านหนองนกกระทุง","land_type":"พื้นที่เกษตร","LandType":"พื้นที่เกษตร","plant_type":"นาข้าว","PlantType":"นาข้าว","crop_type":"นาข้าว","crop_type_raw":"นาข้าว","__crop":"นาข้าว","__plant_type":"นาข้าว","confidence":"","source":"NASA FIRMS VIIRS","source_file":"HOTSPOT Viirs 1 ม.ค - 31 พ.ค. 68 (รวม).xlsx","filter_rule":"Province=กำแพงเพชร; LandType=พื้นที่เกษตร; PlantType in allowed list; hierarchy uses Province→Amphoe→Tambon→BaanN from source table","latitude":16.23561,"longitude":99.83357,"month":4,"day":9,"responsibility_code":"5.0","landuse_code":"A101","utm_zone":"47.0","utm_e":"589082.372","utm_n":"1795178.712"},"geometry":{"type":"Point","coordinates":[99.83357,16.23561]}},{"type":"Feature","properties":{"hs_id":"VI1202504090701w4yufxtex3","hsID":"VI1202504090701w4yufxtex3","acq_date":"2025-04-09","Date":"2025-04-09","acq_time":"1401.0","year_be":2568,"season_be":2568,"dataset_year_be":2568,"province":"กำแพงเพชร","Province":"กำแพงเพชร","__province":"กำแพงเพชร","district":"เมืองกำแพงเพชร","Amphoe":"เมืองกำแพงเพชร","__district":"เมืองกำแพงเพชร","subdistrict":"ธำมรงค์","Tambon":"ธำมรงค์","__subdistrict":"ธำมรงค์","village":"บ้านคลองสีนวล","BaanN":"บ้านคลองสีนวล","__village":"บ้านคลองสีนวล","land_type":"พื้นที่เกษตร","LandType":"พื้นที่เกษตร","plant_type":"นาข้าว","PlantType":"นาข้าว","crop_type":"นาข้าว","crop_type_raw":"นาข้าว","__crop":"นาข้าว","__plant_type":"นาข้าว","confidence":"","source":"NASA FIRMS VIIRS","source_file":"HOTSPOT Viirs 1 ม.ค - 31 พ.ค. 68 (รวม).xlsx","filter_rule":"Province=กำแพงเพชร; LandType=พื้นที่เกษตร; PlantType in allowed list; hierarchy uses Province→Amphoe→Tambon→BaanN from source table","latitude":16.34552,"longitude":99.60992,"month":4,"day":9,"responsibility_code":"5.0","landuse_code":"A101","utm_zone":"47.0","utm_e":"565144.018","utm_n":"1807253.073"},"geometry":{"type":"Point","coordinates":[99.60992,16.34552]}},{"type":"Feature","properties":{"hs_id":"VI1202504090701w4yufxys0v","hsID":"VI1202504090701w4yufxys0v","acq_date":"2025-04-09","Date":"2025-04-09","acq_time":"1401.0","year_be":2568,"season_be":2568,"dataset_year_be":2568,"province":"กำแพงเพชร","Province":"กำแพงเพชร","__province":"กำแพงเพชร","district":"เมืองกำแพงเพชร","Amphoe":"เมืองกำแพงเพชร","__district":"เมืองกำแพงเพชร","subdistrict":"ธำมรงค์","Tambon":"ธำมรงค์","__subdistrict":"ธำมรงค์","village":"บ้านคลองสีนวล","BaanN":"บ้านคลองสีนวล","__village":"บ้านคลองสีนวล","land_type":"พื้นที่เกษตร","LandType":"พื้นที่เกษตร","plant_type":"นาข้าว","PlantType":"นาข้าว","crop_type":"นาข้าว","crop_type_raw":"นาข้าว","__crop":"นาข้าว","__plant_type":"นาข้าว","confidence":"","source":"NASA FIRMS VIIRS","source_file":"HOTSPOT Viirs 1 ม.ค - 31 พ.ค. 68 (รวม).xlsx","filter_rule":"Province=กำแพงเพชร; LandType=พื้นที่เกษตร; PlantType in allowed list; hierarchy uses Province→Amphoe→Tambon→BaanN from source table","latitude":16.347,"longitude":99.61101,"month":4,"day":9,"responsibility_code":"5.0","landuse_code":"A101","utm_zone":"47.0","utm_e":"565259.951","utm_n":"1807417.145"},"geometry":{"type":"Point","coordinates":[99.61101,16.347]}},{"type":"Feature","properties":{"hs_id":"VI1202504090701w4yv48mk9z","hsID":"VI1202504090701w4yv48mk9z","acq_date":"2025-04-09","Date":"2025-04-09","acq_time":"1401.0","year_be":2568,"season_be":2568,"dataset_year_be":2568,"province":"กำแพงเพชร","Province":"กำแพงเพชร","__province":"กำแพงเพชร","district":"เมืองกำแพงเพชร","Amphoe":"เมืองกำแพงเพชร","__district":"เมืองกำแพงเพชร","subdistrict":"ธำมรงค์","Tambon":"ธำมรงค์","__subdistrict":"ธำมรงค์","village":"บ้านคลองสีนวลเหนือ","BaanN":"บ้านคลองสีนวลเหนือ","__village":"บ้านคลองสีนวลเหนือ","land_type":"พื้นที่เกษตร","LandType":"พื้นที่เกษตร","plant_type":"นาข้าว","PlantType":"นาข้าว","crop_type":"นาข้าว","crop_type_raw":"นาข้าว","__crop":"นาข้าว","__plant_type":"นาข้าว","confidence":"","source":"NASA FIRMS VIIRS","source_file":"HOTSPOT Viirs 1 ม.ค - 31 พ.ค. 68 (รวม).xlsx","filter_rule":"Province=กำแพงเพชร; LandType=พื้นที่เกษตร; PlantType in allowed list; hierarchy uses Province→Amphoe→Tambon→BaanN from source table","latitude":16.34984,"longitude":99.60934,"month":4,"day":9,"responsibility_code":"5.0","landuse_code":"A101","utm_zone":"47.0","utm_e":"565080.637","utm_n":"1807730.78"},"geometry":{"type":"Point","coordinates":[99.60934,16.34984]}},{"type":"Feature","properties":{"hs_id":"VI1202504090701w4yv4y37v1","hsID":"VI1202504090701w4yv4y37v1","acq_date":"2025-04-09","Date":"2025-04-09","acq_time":"1401.0","year_be":2568,"season_be":2568,"dataset_year_be":2568,"province":"กำแพงเพชร","Province":"กำแพงเพชร","__province":"กำแพงเพชร","district":"เมืองกำแพงเพชร","Amphoe":"เมืองกำแพงเพชร","__district":"เมืองกำแพงเพชร","subdistrict":"เทพนคร","Tambon":"เทพนคร","__subdistrict":"เทพนคร","village":"บ้านโคนเหนือ","BaanN":"บ้านโคนเหนือ","__village":"บ้านโคนเหนือ","land_type":"พื้นที่เกษตร","LandType":"พื้นที่เกษตร","plant_type":"เกษตรอื่น ๆ","PlantType":"เกษตรอื่น ๆ","crop_type":"เกษตรอื่น ๆ","crop_type_raw":"เกษตรอื่น ๆ","__crop":"เกษตรอื่น ๆ","__plant_type":"เกษตรอื่น ๆ","confidence":"","source":"NASA FIRMS VIIRS","source_file":"HOTSPOT Viirs 1 ม.ค - 31 พ.ค. 68 (รวม).xlsx","filter_rule":"Province=กำแพงเพชร; LandType=พื้นที่เกษตร; PlantType in allowed list; hierarchy uses Province→Amphoe→Tambon→BaanN from source table","latitude":16.38264,"longitude":99.61497,"month":4,"day":9,"responsibility_code":"5.0","landuse_code":"A999","utm_zone":"47.0","utm_e":"565670.995","utm_n":"1811361.044"},"geometry":{"type":"Point","coordinates":[99.61497,16.38264]}},{"type":"Feature","properties":{"hs_id":"VI1202504110625w4yfwwkuex","hsID":"VI1202504110625w4yfwwkuex","acq_date":"2025-04-11","Date":"2025-04-11","acq_time":"1325.0","year_be":2568,"season_be":2568,"dataset_year_be":2568,"province":"กำแพงเพชร","Province":"กำแพงเพชร","__province":"กำแพงเพชร","district":"ขาณุวรลักษบุรี","Amphoe":"ขาณุวรลักษบุรี","__district":"ขาณุวรลักษบุรี","subdistrict":"บ่อถ้ำ","Tambon":"บ่อถ้ำ","__subdistrict":"บ่อถ้ำ","village":"บ้านดงดำ, บ้านดงคำน้อย","BaanN":"บ้านดงดำ, บ้านดงคำน้อย","__village":"บ้านดงดำ, บ้านดงคำน้อย","land_type":"พื้นที่เกษตร","LandType":"พื้นที่เกษตร","plant_type":"นาข้าว","PlantType":"นาข้าว","crop_type":"นาข้าว","crop_type_raw":"นาข้าว","__crop":"นาข้าว","__plant_type":"นาข้าว","confidence":"","source":"NASA FIRMS VIIRS","source_file":"HOTSPOT Viirs 1 ม.ค - 31 พ.ค. 68 (รวม).xlsx","filter_rule":"Province=กำแพงเพชร; LandType=พื้นที่เกษตร; PlantType in allowed list; hierarchy uses Province→Amphoe→Tambon→BaanN from source table","latitude":15.94335,"longitude":99.78451,"month":4,"day":11,"responsibility_code":"5.0","landuse_code":"A101","utm_zone":"47.0","utm_e":"583961.81","utm_n":"1762826.986"},"geometry":{"type":"Point","coordinates":[99.78451,15.94335]}},{"type":"Feature","properties":{"hs_id":"VI1202504110625w4yfwwt2fq","hsID":"VI1202504110625w4yfwwt2fq","acq_date":"2025-04-11","Date":"2025-04-11","acq_time":"1325.0","year_be":2568,"season_be":2568,"dataset_year_be":2568,"province":"กำแพงเพชร","Province":"กำแพงเพชร","__province":"กำแพงเพชร","district":"ขาณุวรลักษบุรี","Amphoe":"ขาณุวรลักษบุรี","__district":"ขาณุวรลักษบุรี","subdistrict":"บ่อถ้ำ","Tambon":"บ่อถ้ำ","__subdistrict":"บ่อถ้ำ","village":"บ้านดงดำ, บ้านดงคำน้อย","BaanN":"บ้านดงดำ, บ้านดงคำน้อย","__village":"บ้านดงดำ, บ้านดงคำน้อย","land_type":"พื้นที่เกษตร","LandType":"พื้นที่เกษตร","plant_type":"นาข้าว","PlantType":"นาข้าว","crop_type":"นาข้าว","crop_type_raw":"นาข้าว","__crop":"นาข้าว","__plant_type":"นาข้าว","confidence":"","source":"NASA FIRMS VIIRS","source_file":"HOTSPOT Viirs 1 ม.ค - 31 พ.ค. 68 (รวม).xlsx","filter_rule":"Province=กำแพงเพชร; LandType=พื้นที่เกษตร; PlantType in allowed list; hierarchy uses Province→Amphoe→Tambon→BaanN from source table","latitude":15.94407,"longitude":99.78514,"month":4,"day":11,"responsibility_code":"5.0","landuse_code":"A101","utm_zone":"47.0","utm_e":"584028.939","utm_n":"1762906.888"},"geometry":{"type":"Point","coordinates":[99.78514,15.94407]}},{"type":"Feature","properties":{"hs_id":"VI1202504110625w4z5f6y7r3","hsID":"VI1202504110625w4z5f6y7r3","acq_date":"2025-04-11","Date":"2025-04-11","acq_time":"1325.0","year_be":2568,"season_be":2568,"dataset_year_be":2568,"province":"กำแพงเพชร","Province":"กำแพงเพชร","__province":"กำแพงเพชร","district":"บึงสามัคคี","Amphoe":"บึงสามัคคี","__district":"บึงสามัคคี","subdistrict":"ระหาน","Tambon":"ระหาน","__subdistrict":"ระหาน","village":"บ้านทุ่งสนุ่นใต้","BaanN":"บ้านทุ่งสนุ่นใต้","__village":"บ้านทุ่งสนุ่นใต้","land_type":"พื้นที่เกษตร","LandType":"พื้นที่เกษตร","plant_type":"นาข้าว","PlantType":"นาข้าว","crop_type":"นาข้าว","crop_type_raw":"นาข้าว","__crop":"นาข้าว","__plant_type":"นาข้าว","confidence":"","source":"NASA FIRMS VIIRS","source_file":"HOTSPOT Viirs 1 ม.ค - 31 พ.ค. 68 (รวม).xlsx","filter_rule":"Province=กำแพงเพชร; LandType=พื้นที่เกษตร; PlantType in allowed list; hierarchy uses Province→Amphoe→Tambon→BaanN from source table","latitude":16.1436,"longitude":99.95153,"month":4,"day":11,"responsibility_code":"5.0","landuse_code":"A101","utm_zone":"47.0","utm_e":"601736.641","utm_n":"1785054.619"},"geometry":{"type":"Point","coordinates":[99.95153,16.1436]}},{"type":"Feature","properties":{"hs_id":"VI1202504110625w4zh5e65zm","hsID":"VI1202504110625w4zh5e65zm","acq_date":"2025-04-11","Date":"2025-04-11","acq_time":"1325.0","year_be":2568,"season_be":2568,"dataset_year_be":2568,"province":"กำแพงเพชร","Province":"กำแพงเพชร","__province":"กำแพงเพชร","district":"บึงสามัคคี","Amphoe":"บึงสามัคคี","__district":"บึงสามัคคี","subdistrict":"วังชะโอน","Tambon":"วังชะโอน","__subdistrict":"วังชะโอน","village":"บ้านชายเคือง","BaanN":"บ้านชายเคือง","__village":"บ้านชายเคือง","land_type":"พื้นที่เกษตร","LandType":"พื้นที่เกษตร","plant_type":"นาข้าว","PlantType":"นาข้าว","crop_type":"นาข้าว","crop_type_raw":"นาข้าว","__crop":"นาข้าว","__plant_type":"นาข้าว","confidence":"","source":"NASA FIRMS VIIRS","source_file":"HOTSPOT Viirs 1 ม.ค - 31 พ.ค. 68 (รวม).xlsx","filter_rule":"Province=กำแพงเพชร; LandType=พื้นที่เกษตร; PlantType in allowed list; hierarchy uses Province→Amphoe→Tambon→BaanN from source table","latitude":16.1904,"longitude":100.00062,"month":4,"day":11,"responsibility_code":"5.0","landuse_code":"A101","utm_zone":"47.0","utm_e":"606960.559","utm_n":"1790256.992"},"geometry":{"type":"Point","coordinates":[100.00062,16.1904]}},{"type":"Feature","properties":{"hs_id":"VI1202504110625w4zh5e9h4b","hsID":"VI1202504110625w4zh5e9h4b","acq_date":"2025-04-11","Date":"2025-04-11","acq_time":"1325.0","year_be":2568,"season_be":2568,"dataset_year_be":2568,"province":"กำแพงเพชร","Province":"กำแพงเพชร","__province":"กำแพงเพชร","district":"บึงสามัคคี","Amphoe":"บึงสามัคคี","__district":"บึงสามัคคี","subdistrict":"วังชะโอน","Tambon":"วังชะโอน","__subdistrict":"วังชะโอน","village":"บ้านชายเคือง","BaanN":"บ้านชายเคือง","__village":"บ้านชายเคือง","land_type":"พื้นที่เกษตร","LandType":"พื้นที่เกษตร","plant_type":"นาข้าว","PlantType":"นาข้าว","crop_type":"นาข้าว","crop_type_raw":"นาข้าว","__crop":"นาข้าว","__plant_type":"นาข้าว","confidence":"","source":"NASA FIRMS VIIRS","source_file":"HOTSPOT Viirs 1 ม.ค - 31 พ.ค. 68 (รวม).xlsx","filter_rule":"Province=กำแพงเพชร; LandType=พื้นที่เกษตร; PlantType in allowed list; hierarchy uses Province→Amphoe→Tambon→BaanN from source table","latitude":16.19179,"longitude":99.99905,"month":4,"day":11,"responsibility_code":"5.0","landuse_code":"A101","utm_zone":"47.0","utm_e":"606791.972","utm_n":"1790409.952"},"geometry":{"type":"Point","coordinates":[99.99905,16.19179]}},{"type":"Feature","properties":{"hs_id":"VI1202504130726w4yut4pbsq","hsID":"VI1202504130726w4yut4pbsq","acq_date":"2025-04-13","Date":"2025-04-13","acq_time":"1426.0","year_be":2568,"season_be":2568,"dataset_year_be":2568,"province":"กำแพงเพชร","Province":"กำแพงเพชร","__province":"กำแพงเพชร","district":"คลองขลุง","Amphoe":"คลองขลุง","__district":"คลองขลุง","subdistrict":"ท่ามะเขือ","Tambon":"ท่ามะเขือ","__subdistrict":"ท่ามะเขือ","village":"บ้านละหาน","BaanN":"บ้านละหาน","__village":"บ้านละหาน","land_type":"พื้นที่เกษตร","LandType":"พื้นที่เกษตร","plant_type":"นาข้าว","PlantType":"นาข้าว","crop_type":"นาข้าว","crop_type_raw":"นาข้าว","__crop":"นาข้าว","__plant_type":"นาข้าว","confidence":"","source":"NASA FIRMS VIIRS","source_file":"HOTSPOT Viirs 1 ม.ค - 31 พ.ค. 68 (รวม).xlsx","filter_rule":"Province=กำแพงเพชร; LandType=พื้นที่เกษตร; PlantType in allowed list; hierarchy uses Province→Amphoe→Tambon→BaanN from source table","latitude":16.27087,"longitude":99.72275,"month":4,"day":13,"responsibility_code":"5.0","landuse_code":"A101","utm_zone":"47.0","utm_e":"577224.859","utm_n":"1799034.357"},"geometry":{"type":"Point","coordinates":[99.72275,16.27087]}},{"type":"Feature","properties":{"hs_id":"VI1202504150650w4ygr5rnvm","hsID":"VI1202504150650w4ygr5rnvm","acq_date":"2025-04-15","Date":"2025-04-15","acq_time":"1350.0","year_be":2568,"season_be":2568,"dataset_year_be":2568,"province":"กำแพงเพชร","Province":"กำแพงเพชร","__province":"กำแพงเพชร","district":"ขาณุวรลักษบุรี","Amphoe":"ขาณุวรลักษบุรี","__district":"ขาณุวรลักษบุรี","subdistrict":"แสนตอ","Tambon":"แสนตอ","__subdistrict":"แสนตอ","village":"บ้านใหม่","BaanN":"บ้านใหม่","__village":"บ้านใหม่","land_type":"พื้นที่เกษตร","LandType":"พื้นที่เกษตร","plant_type":"นาข้าว","PlantType":"นาข้าว","crop_type":"นาข้าว","crop_type_raw":"นาข้าว","__crop":"นาข้าว","__plant_type":"นาข้าว","confidence":"","source":"NASA FIRMS VIIRS","source_file":"HOTSPOT Viirs 1 ม.ค - 31 พ.ค. 68 (รวม).xlsx","filter_rule":"Province=กำแพงเพชร; LandType=พื้นที่เกษตร; PlantType in allowed list; hierarchy uses Province→Amphoe→Tambon→BaanN from source table","latitude":16.05908,"longitude":99.80965,"month":4,"day":15,"responsibility_code":"5.0","landuse_code":"A101","utm_zone":"47.0","utm_e":"586602.683","utm_n":"1775639.77"},"geometry":{"type":"Point","coordinates":[99.80965,16.05908]}},{"type":"Feature","properties":{"hs_id":"VI1202504150650w4ygr5xwwe","hsID":"VI1202504150650w4ygr5xwwe","acq_date":"2025-04-15","Date":"2025-04-15","acq_time":"1350.0","year_be":2568,"season_be":2568,"dataset_year_be":2568,"province":"กำแพงเพชร","Province":"กำแพงเพชร","__province":"กำแพงเพชร","district":"ขาณุวรลักษบุรี","Amphoe":"ขาณุวรลักษบุรี","__district":"ขาณุวรลักษบุรี","subdistrict":"แสนตอ","Tambon":"แสนตอ","__subdistrict":"แสนตอ","village":"บ้านใหม่","BaanN":"บ้านใหม่","__village":"บ้านใหม่","land_type":"พื้นที่เกษตร","LandType":"พื้นที่เกษตร","plant_type":"นาข้าว","PlantType":"นาข้าว","crop_type":"นาข้าว","crop_type_raw":"นาข้าว","__crop":"นาข้าว","__plant_type":"นาข้าว","confidence":"","source":"NASA FIRMS VIIRS","source_file":"HOTSPOT Viirs 1 ม.ค - 31 พ.ค. 68 (รวม).xlsx","filter_rule":"Province=กำแพงเพชร; LandType=พื้นที่เกษตร; PlantType in allowed list; hierarchy uses Province→Amphoe→Tambon→BaanN from source table","latitude":16.0604,"longitude":99.81039,"month":4,"day":15,"responsibility_code":"5.0","landuse_code":"A101","utm_zone":"47.0","utm_e":"586681.269","utm_n":"1775786.103"},"geometry":{"type":"Point","coordinates":[99.81039,16.0604]}},{"type":"Feature","properties":{"hs_id":"VI1202504150650w4yu5nnw2n","hsID":"VI1202504150650w4yu5nnw2n","acq_date":"2025-04-15","Date":"2025-04-15","acq_time":"1350.0","year_be":2568,"season_be":2568,"dataset_year_be":2568,"province":"กำแพงเพชร","Province":"กำแพงเพชร","__province":"กำแพงเพชร","district":"คลองขลุง","Amphoe":"คลองขลุง","__district":"คลองขลุง","subdistrict":"วังไทร","Tambon":"วังไทร","__subdistrict":"วังไทร","village":"บ้านวังไทร 1","BaanN":"บ้านวังไทร 1","__village":"บ้านวังไทร 1","land_type":"พื้นที่เกษตร","LandType":"พื้นที่เกษตร","plant_type":"นาข้าว","PlantType":"นาข้าว","crop_type":"นาข้าว","crop_type_raw":"นาข้าว","__crop":"นาข้าว","__plant_type":"นาข้าว","confidence":"","source":"NASA FIRMS VIIRS","source_file":"HOTSPOT Viirs 1 ม.ค - 31 พ.ค. 68 (รวม).xlsx","filter_rule":"Province=กำแพงเพชร; LandType=พื้นที่เกษตร; PlantType in allowed list; hierarchy uses Province→Amphoe→Tambon→BaanN from source table","latitude":16.20594,"longitude":99.63296,"month":4,"day":15,"responsibility_code":"5.0","landuse_code":"A101","utm_zone":"47.0","utm_e":"567652.754","utm_n":"1791819.825"},"geometry":{"type":"Point","coordinates":[99.63296,16.20594]}},{"type":"Feature","properties":{"hs_id":"VI1202504150650w4yur0ebyh","hsID":"VI1202504150650w4yur0ebyh","acq_date":"2025-04-15","Date":"2025-04-15","acq_time":"1350.0","year_be":2568,"season_be":2568,"dataset_year_be":2568,"province":"กำแพงเพชร","Province":"กำแพงเพชร","__province":"กำแพงเพชร","district":"คลองขลุง","Amphoe":"คลองขลุง","__district":"คลองขลุง","subdistrict":"วังแขม","Tambon":"วังแขม","__subdistrict":"วังแขม","village":"บ้านแม่น้ำกงจีน","BaanN":"บ้านแม่น้ำกงจีน","__village":"บ้านแม่น้ำกงจีน","land_type":"พื้นที่เกษตร","LandType":"พื้นที่เกษตร","plant_type":"นาข้าว","PlantType":"นาข้าว","crop_type":"นาข้าว","crop_type_raw":"นาข้าว","__crop":"นาข้าว","__plant_type":"นาข้าว","confidence":"","source":"NASA FIRMS VIIRS","source_file":"HOTSPOT Viirs 1 ม.ค - 31 พ.ค. 68 (รวม).xlsx","filter_rule":"Province=กำแพงเพชร; LandType=พื้นที่เกษตร; PlantType in allowed list; hierarchy uses Province→Amphoe→Tambon→BaanN from source table","latitude":16.21872,"longitude":99.80522,"month":4,"day":15,"responsibility_code":"5.0","landuse_code":"A101","utm_zone":"47.0","utm_e":"586059.816","utm_n":"1793298.122"},"geometry":{"type":"Point","coordinates":[99.80522,16.21872]}},{"type":"Feature","properties":{"hs_id":"VI1202504150650w4yy40e1r7","hsID":"VI1202504150650w4yy40e1r7","acq_date":"2025-04-15","Date":"2025-04-15","acq_time":"1350.0","year_be":2568,"season_be":2568,"dataset_year_be":2568,"province":"กำแพงเพชร","Province":"กำแพงเพชร","__province":"กำแพงเพชร","district":"เมืองกำแพงเพชร","Amphoe":"เมืองกำแพงเพชร","__district":"เมืองกำแพงเพชร","subdistrict":"สระแก้ว","Tambon":"สระแก้ว","__subdistrict":"สระแก้ว","village":"บ้านทรัพย์ไพรวัลย์","BaanN":"บ้านทรัพย์ไพรวัลย์","__village":"บ้านทรัพย์ไพรวัลย์","land_type":"พื้นที่เกษตร","LandType":"พื้นที่เกษตร","plant_type":"นาข้าว","PlantType":"นาข้าว","crop_type":"นาข้าว","crop_type_raw":"นาข้าว","__crop":"นาข้าว","__plant_type":"นาข้าว","confidence":"","source":"NASA FIRMS VIIRS","source_file":"HOTSPOT Viirs 1 ม.ค - 31 พ.ค. 68 (รวม).xlsx","filter_rule":"Province=กำแพงเพชร; LandType=พื้นที่เกษตร; PlantType in allowed list; hierarchy uses Province→Amphoe→Tambon→BaanN from source table","latitude":16.52642,"longitude":99.58451,"month":4,"day":15,"responsibility_code":"5.0","landuse_code":"A101","utm_zone":"47.0","utm_e":"562372.193","utm_n":"1827256.962"},"geometry":{"type":"Point","coordinates":[99.58451,16.52642]}},{"type":"Feature","properties":{"hs_id":"VI1202504170612w4z5brvsgd","hsID":"VI1202504170612w4z5brvsgd","acq_date":"2025-04-17","Date":"2025-04-17","acq_time":"1312.0","year_be":2568,"season_be":2568,"dataset_year_be":2568,"province":"กำแพงเพชร","Province":"กำแพงเพชร","__province":"กำแพงเพชร","district":"คลองขลุง","Amphoe":"คลองขลุง","__district":"คลองขลุง","subdistrict":"วังแขม","Tambon":"วังแขม","__subdistrict":"วังแขม","village":"บ้านบึงเสือเต้น","BaanN":"บ้านบึงเสือเต้น","__village":"บ้านบึงเสือเต้น","land_type":"พื้นที่เกษตร","LandType":"พื้นที่เกษตร","plant_type":"นาข้าว","PlantType":"นาข้าว","crop_type":"นาข้าว","crop_type_raw":"นาข้าว","__crop":"นาข้าว","__plant_type":"นาข้าว","confidence":"","source":"NASA FIRMS VIIRS","source_file":"HOTSPOT Viirs 1 ม.ค - 31 พ.ค. 68 (รวม).xlsx","filter_rule":"Province=กำแพงเพชร; LandType=พื้นที่เกษตร; PlantType in allowed list; hierarchy uses Province→Amphoe→Tambon→BaanN from source table","latitude":16.17133,"longitude":99.86245,"month":4,"day":17,"responsibility_code":"5.0","landuse_code":"A101","utm_zone":"47.0","utm_e":"592198.801","utm_n":"1788080.37"},"geometry":{"type":"Point","coordinates":[99.86245,16.17133]}},{"type":"Feature","properties":{"hs_id":"VI1202504170612w4yuq5um83","hsID":"VI1202504170612w4yuq5um83","acq_date":"2025-04-17","Date":"2025-04-17","acq_time":"1312.0","year_be":2568,"season_be":2568,"dataset_year_be":2568,"province":"กำแพงเพชร","Province":"กำแพงเพชร","__province":"กำแพงเพชร","district":"คลองขลุง","Amphoe":"คลองขลุง","__district":"คลองขลุง","subdistrict":"ท่ามะเขือ","Tambon":"ท่ามะเขือ","__subdistrict":"ท่ามะเขือ","village":"บ้านน้อย","BaanN":"บ้านน้อย","__village":"บ้านน้อย","land_type":"พื้นที่เกษตร","LandType":"พื้นที่เกษตร","plant_type":"อ้อย","PlantType":"อ้อย","crop_type":"อ้อย","crop_type_raw":"อ้อย","__crop":"อ้อย","__plant_type":"อ้อย","confidence":"","source":"NASA FIRMS VIIRS","source_file":"HOTSPOT Viirs 1 ม.ค - 31 พ.ค. 68 (รวม).xlsx","filter_rule":"Province=กำแพงเพชร; LandType=พื้นที่เกษตร; PlantType in allowed list; hierarchy uses Province→Amphoe→Tambon→BaanN from source table","latitude":16.23737,"longitude":99.76171,"month":4,"day":17,"responsibility_code":"5.0","landuse_code":"A203","utm_zone":"47.0","utm_e":"581401.676","utm_n":"1795343.518"},"geometry":{"type":"Point","coordinates":[99.76171,16.23737]}},{"type":"Feature","properties":{"hs_id":"VI1202504170612w4yuu9qw7j","hsID":"VI1202504170612w4yuu9qw7j","acq_date":"2025-04-17","Date":"2025-04-17","acq_time":"1312.0","year_be":2568,"season_be":2568,"dataset_year_be":2568,"province":"กำแพงเพชร","Province":"กำแพงเพชร","__province":"กำแพงเพชร","district":"คลองขลุง","Amphoe":"คลองขลุง","__district":"คลองขลุง","subdistrict":"วังบัว","Tambon":"วังบัว","__subdistrict":"วังบัว","village":"บ้านสามง่าม","BaanN":"บ้านสามง่าม","__village":"บ้านสามง่าม","land_type":"พื้นที่เกษตร","LandType":"พื้นที่เกษตร","plant_type":"นาข้าว","PlantType":"นาข้าว","crop_type":"นาข้าว","crop_type_raw":"นาข้าว","__crop":"นาข้าว","__plant_type":"นาข้าว","confidence":"","source":"NASA FIRMS VIIRS","source_file":"HOTSPOT Viirs 1 ม.ค - 31 พ.ค. 68 (รวม).xlsx","filter_rule":"Province=กำแพงเพชร; LandType=พื้นที่เกษตร; PlantType in allowed list; hierarchy uses Province→Amphoe→Tambon→BaanN from source table","latitude":16.31168,"longitude":99.699,"month":4,"day":17,"responsibility_code":"5.0","landuse_code":"A101","utm_zone":"47.0","utm_e":"574671.644","utm_n":"1803540.117"},"geometry":{"type":"Point","coordinates":[99.699,16.31168]}},{"type":"Feature","properties":{"hs_id":"VI1202504170612w4yvh8910y","hsID":"VI1202504170612w4yvh8910y","acq_date":"2025-04-17","Date":"2025-04-17","acq_time":"1312.0","year_be":2568,"season_be":2568,"dataset_year_be":2568,"province":"กำแพงเพชร","Province":"กำแพงเพชร","__province":"กำแพงเพชร","district":"เมืองกำแพงเพชร","Amphoe":"เมืองกำแพงเพชร","__district":"เมืองกำแพงเพชร","subdistrict":"คณฑี","Tambon":"คณฑี","__subdistrict":"คณฑี","village":"บ้านหงษ์ทองเจริญ","BaanN":"บ้านหงษ์ทองเจริญ","__village":"บ้านหงษ์ทองเจริญ","land_type":"พื้นที่เกษตร","LandType":"พื้นที่เกษตร","plant_type":"นาข้าว","PlantType":"นาข้าว","crop_type":"นาข้าว","crop_type_raw":"นาข้าว","__crop":"นาข้าว","__plant_type":"นาข้าว","confidence":"","source":"NASA FIRMS VIIRS","source_file":"HOTSPOT Viirs 1 ม.ค - 31 พ.ค. 68 (รวม).xlsx","filter_rule":"Province=กำแพงเพชร; LandType=พื้นที่เกษตร; PlantType in allowed list; hierarchy uses Province→Amphoe→Tambon→BaanN from source table","latitude":16.35061,"longitude":99.69135,"month":4,"day":17,"responsibility_code":"5.0","landuse_code":"A101","utm_zone":"47.0","utm_e":"573839.775","utm_n":"1807843.951"},"geometry":{"type":"Point","coordinates":[99.69135,16.35061]}},{"type":"Feature","properties":{"hs_id":"VI1202504170612w4yvh8f63m","hsID":"VI1202504170612w4yvh8f63m","acq_date":"2025-04-17","Date":"2025-04-17","acq_time":"1312.0","year_be":2568,"season_be":2568,"dataset_year_be":2568,"province":"กำแพงเพชร","Province":"กำแพงเพชร","__province":"กำแพงเพชร","district":"เมืองกำแพงเพชร","Amphoe":"เมืองกำแพงเพชร","__district":"เมืองกำแพงเพชร","subdistrict":"คณฑี","Tambon":"คณฑี","__subdistrict":"คณฑี","village":"บ้านหงษ์ทองเจริญ","BaanN":"บ้านหงษ์ทองเจริญ","__village":"บ้านหงษ์ทองเจริญ","land_type":"พื้นที่เกษตร","LandType":"พื้นที่เกษตร","plant_type":"นาข้าว","PlantType":"นาข้าว","crop_type":"นาข้าว","crop_type_raw":"นาข้าว","__crop":"นาข้าว","__plant_type":"นาข้าว","confidence":"","source":"NASA FIRMS VIIRS","source_file":"HOTSPOT Viirs 1 ม.ค - 31 พ.ค. 68 (รวม).xlsx","filter_rule":"Province=กำแพงเพชร; LandType=พื้นที่เกษตร; PlantType in allowed list; hierarchy uses Province→Amphoe→Tambon→BaanN from source table","latitude":16.35219,"longitude":99.69309,"month":4,"day":17,"responsibility_code":"5.0","landuse_code":"A101","utm_zone":"47.0","utm_e":"574025.029","utm_n":"1808019.371"},"geometry":{"type":"Point","coordinates":[99.69309,16.35219]}},{"type":"Feature","properties":{"hs_id":"VI1202504170612w4yvh926kg","hsID":"VI1202504170612w4yvh926kg","acq_date":"2025-04-17","Date":"2025-04-17","acq_time":"1312.0","year_be":2568,"season_be":2568,"dataset_year_be":2568,"province":"กำแพงเพชร","Province":"กำแพงเพชร","__province":"กำแพงเพชร","district":"เมืองกำแพงเพชร","Amphoe":"เมืองกำแพงเพชร","__district":"เมืองกำแพงเพชร","subdistrict":"คณฑี","Tambon":"คณฑี","__subdistrict":"คณฑี","village":"บ้านโพธิ์พัฒนา","BaanN":"บ้านโพธิ์พัฒนา","__village":"บ้านโพธิ์พัฒนา","land_type":"พื้นที่เกษตร","LandType":"พื้นที่เกษตร","plant_type":"นาข้าว","PlantType":"นาข้าว","crop_type":"นาข้าว","crop_type_raw":"นาข้าว","__crop":"นาข้าว","__plant_type":"นาข้าว","confidence":"","source":"NASA FIRMS VIIRS","source_file":"HOTSPOT Viirs 1 ม.ค - 31 พ.ค. 68 (รวม).xlsx","filter_rule":"Province=กำแพงเพชร; LandType=พื้นที่เกษตร; PlantType in allowed list; hierarchy uses Province→Amphoe→Tambon→BaanN from source table","latitude":16.35493,"longitude":99.69049,"month":4,"day":17,"responsibility_code":"5.0","landuse_code":"A101","utm_zone":"47.0","utm_e":"573746.298","utm_n":"1808321.539"},"geometry":{"type":"Point","coordinates":[99.69049,16.35493]}},{"type":"Feature","properties":{"hs_id":"VI1202504170612w4yvh97wbt","hsID":"VI1202504170612w4yvh97wbt","acq_date":"2025-04-17","Date":"2025-04-17","acq_time":"1312.0","year_be":2568,"season_be":2568,"dataset_year_be":2568,"province":"กำแพงเพชร","Province":"กำแพงเพชร","__province":"กำแพงเพชร","district":"เมืองกำแพงเพชร","Amphoe":"เมืองกำแพงเพชร","__district":"เมืองกำแพงเพชร","subdistrict":"คณฑี","Tambon":"คณฑี","__subdistrict":"คณฑี","village":"บ้านหงษ์ทองเจริญ","BaanN":"บ้านหงษ์ทองเจริญ","__village":"บ้านหงษ์ทองเจริญ","land_type":"พื้นที่เกษตร","LandType":"พื้นที่เกษตร","plant_type":"นาข้าว","PlantType":"นาข้าว","crop_type":"นาข้าว","crop_type_raw":"นาข้าว","__crop":"นาข้าว","__plant_type":"นาข้าว","confidence":"","source":"NASA FIRMS VIIRS","source_file":"HOTSPOT Viirs 1 ม.ค - 31 พ.ค. 68 (รวม).xlsx","filter_rule":"Province=กำแพงเพชร; LandType=พื้นที่เกษตร; PlantType in allowed list; hierarchy uses Province→Amphoe→Tambon→BaanN from source table","latitude":16.35571,"longitude":99.69478,"month":4,"day":17,"responsibility_code":"5.0","landuse_code":"A101","utm_zone":"47.0","utm_e":"574204.206","utm_n":"1808409.386"},"geometry":{"type":"Point","coordinates":[99.69478,16.35571]}},{"type":"Feature","properties":{"hs_id":"VI1202504170612w4yvh99etf","hsID":"VI1202504170612w4yvh99etf","acq_date":"2025-04-17","Date":"2025-04-17","acq_time":"1312.0","year_be":2568,"season_be":2568,"dataset_year_be":2568,"province":"กำแพงเพชร","Province":"กำแพงเพชร","__province":"กำแพงเพชร","district":"เมืองกำแพงเพชร","Amphoe":"เมืองกำแพงเพชร","__district":"เมืองกำแพงเพชร","subdistrict":"คณฑี","Tambon":"คณฑี","__subdistrict":"คณฑี","village":"บ้านโพธิ์พัฒนา","BaanN":"บ้านโพธิ์พัฒนา","__village":"บ้านโพธิ์พัฒนา","land_type":"พื้นที่เกษตร","LandType":"พื้นที่เกษตร","plant_type":"นาข้าว","PlantType":"นาข้าว","crop_type":"นาข้าว","crop_type_raw":"นาข้าว","__crop":"นาข้าว","__plant_type":"นาข้าว","confidence":"","source":"NASA FIRMS VIIRS","source_file":"HOTSPOT Viirs 1 ม.ค - 31 พ.ค. 68 (รวม).xlsx","filter_rule":"Province=กำแพงเพชร; LandType=พื้นที่เกษตร; PlantType in allowed list; hierarchy uses Province→Amphoe→Tambon→BaanN from source table","latitude":16.35651,"longitude":99.69225,"month":4,"day":17,"responsibility_code":"5.0","landuse_code":"A101","utm_zone":"47.0","utm_e":"573933.684","utm_n":"1808496.965"},"geometry":{"type":"Point","coordinates":[99.69225,16.35651]}},{"type":"Feature","properties":{"hs_id":"VI1202504180553w4ygs5dtg2","hsID":"VI1202504180553w4ygs5dtg2","acq_date":"2025-04-18","Date":"2025-04-18","acq_time":"1253.0","year_be":2568,"season_be":2568,"dataset_year_be":2568,"province":"กำแพงเพชร","Province":"กำแพงเพชร","__province":"กำแพงเพชร","district":"ขาณุวรลักษบุรี","Amphoe":"ขาณุวรลักษบุรี","__district":"ขาณุวรลักษบุรี","subdistrict":"โค้งไผ่","Tambon":"โค้งไผ่","__subdistrict":"โค้งไผ่","village":"บ้านหนองเต็ง","BaanN":"บ้านหนองเต็ง","__village":"บ้านหนองเต็ง","land_type":"พื้นที่เกษตร","LandType":"พื้นที่เกษตร","plant_type":"นาข้าว","PlantType":"นาข้าว","crop_type":"นาข้าว","crop_type_raw":"นาข้าว","__crop":"นาข้าว","__plant_type":"นาข้าว","confidence":"","source":"NASA FIRMS VIIRS","source_file":"HOTSPOT Viirs 1 ม.ค - 31 พ.ค. 68 (รวม).xlsx","filter_rule":"Province=กำแพงเพชร; LandType=พื้นที่เกษตร; PlantType in allowed list; hierarchy uses Province→Amphoe→Tambon→BaanN from source table","latitude":16.1042,"longitude":99.67155,"month":4,"day":18,"responsibility_code":"5.0","landuse_code":"A101","utm_zone":"47.0","utm_e":"571814.236","utm_n":"1780578.199"},"geometry":{"type":"Point","coordinates":[99.67155,16.1042]}},{"type":"Feature","properties":{"hs_id":"VI1202504180553w4ygs5vg4j","hsID":"VI1202504180553w4ygs5vg4j","acq_date":"2025-04-18","Date":"2025-04-18","acq_time":"1253.0","year_be":2568,"season_be":2568,"dataset_year_be":2568,"province":"กำแพงเพชร","Province":"กำแพงเพชร","__province":"กำแพงเพชร","district":"ขาณุวรลักษบุรี","Amphoe":"ขาณุวรลักษบุรี","__district":"ขาณุวรลักษบุรี","subdistrict":"โค้งไผ่","Tambon":"โค้งไผ่","__subdistrict":"โค้งไผ่","village":"บ้านหนองเต็ง","BaanN":"บ้านหนองเต็ง","__village":"บ้านหนองเต็ง","land_type":"พื้นที่เกษตร","LandType":"พื้นที่เกษตร","plant_type":"นาข้าว","PlantType":"นาข้าว","crop_type":"นาข้าว","crop_type_raw":"นาข้าว","__crop":"นาข้าว","__plant_type":"นาข้าว","confidence":"","source":"NASA FIRMS VIIRS","source_file":"HOTSPOT Viirs 1 ม.ค - 31 พ.ค. 68 (รวม).xlsx","filter_rule":"Province=กำแพงเพชร; LandType=พื้นที่เกษตร; PlantType in allowed list; hierarchy uses Province→Amphoe→Tambon→BaanN from source table","latitude":16.10513,"longitude":99.67596,"month":4,"day":18,"responsibility_code":"5.0","landuse_code":"A101","utm_zone":"47.0","utm_e":"572285.514","utm_n":"1780682.616"},"geometry":{"type":"Point","coordinates":[99.67596,16.10513]}},{"type":"Feature","properties":{"hs_id":"VI1202504180553w4ygsh4qtq","hsID":"VI1202504180553w4ygsh4qtq","acq_date":"2025-04-18","Date":"2025-04-18","acq_time":"1253.0","year_be":2568,"season_be":2568,"dataset_year_be":2568,"province":"กำแพงเพชร","Province":"กำแพงเพชร","__province":"กำแพงเพชร","district":"ขาณุวรลักษบุรี","Amphoe":"ขาณุวรลักษบุรี","__district":"ขาณุวรลักษบุรี","subdistrict":"โค้งไผ่","Tambon":"โค้งไผ่","__subdistrict":"โค้งไผ่","village":"บ้านหนองเต็ง","BaanN":"บ้านหนองเต็ง","__village":"บ้านหนองเต็ง","land_type":"พื้นที่เกษตร","LandType":"พื้นที่เกษตร","plant_type":"นาข้าว","PlantType":"นาข้าว","crop_type":"นาข้าว","crop_type_raw":"นาข้าว","__crop":"นาข้าว","__plant_type":"นาข้าว","confidence":"","source":"NASA FIRMS VIIRS","source_file":"HOTSPOT Viirs 1 ม.ค - 31 พ.ค. 68 (รวม).xlsx","filter_rule":"Province=กำแพงเพชร; LandType=พื้นที่เกษตร; PlantType in allowed list; hierarchy uses Province→Amphoe→Tambon→BaanN from source table","latitude":16.10711,"longitude":99.67129,"month":4,"day":18,"responsibility_code":"5.0","landuse_code":"A101","utm_zone":"47.0","utm_e":"571785.384","utm_n":"1780900.018"},"geometry":{"type":"Point","coordinates":[99.67129,16.10711]}},{"type":"Feature","properties":{"hs_id":"VI1202504180553w4zh0v1mx4","hsID":"VI1202504180553w4zh0v1mx4","acq_date":"2025-04-18","Date":"2025-04-18","acq_time":"1253.0","year_be":2568,"season_be":2568,"dataset_year_be":2568,"province":"กำแพงเพชร","Province":"กำแพงเพชร","__province":"กำแพงเพชร","district":"บึงสามัคคี","Amphoe":"บึงสามัคคี","__district":"บึงสามัคคี","subdistrict":"เทพนิมิต","Tambon":"เทพนิมิต","__subdistrict":"เทพนิมิต","village":"บ้านโนนสาน","BaanN":"บ้านโนนสาน","__village":"บ้านโนนสาน","land_type":"พื้นที่เกษตร","LandType":"พื้นที่เกษตร","plant_type":"นาข้าว","PlantType":"นาข้าว","crop_type":"นาข้าว","crop_type_raw":"นาข้าว","__crop":"นาข้าว","__plant_type":"นาข้าว","confidence":"","source":"NASA FIRMS VIIRS","source_file":"HOTSPOT Viirs 1 ม.ค - 31 พ.ค. 68 (รวม).xlsx","filter_rule":"Province=กำแพงเพชร; LandType=พื้นที่เกษตร; PlantType in allowed list; hierarchy uses Province→Amphoe→Tambon→BaanN from source table","latitude":16.2003,"longitude":99.87873,"month":4,"day":18,"responsibility_code":"5.0","landuse_code":"A101","utm_zone":"47.0","utm_e":"593925.6","utm_n":"1791292.612"},"geometry":{"type":"Point","coordinates":[99.87873,16.2003]}},{"type":"Feature","properties":{"hs_id":"VI1202504190714w4yggrdqqv","hsID":"VI1202504190714w4yggrdqqv","acq_date":"2025-04-19","Date":"2025-04-19","acq_time":"1414.0","year_be":2568,"season_be":2568,"dataset_year_be":2568,"province":"กำแพงเพชร","Province":"กำแพงเพชร","__province":"กำแพงเพชร","district":"คลองขลุง","Amphoe":"คลองขลุง","__district":"คลองขลุง","subdistrict":"วังไทร","Tambon":"วังไทร","__subdistrict":"วังไทร","village":"บ้านคงอ้ายง้าว","BaanN":"บ้านคงอ้ายง้าว","__village":"บ้านคงอ้ายง้าว","land_type":"พื้นที่เกษตร","LandType":"พื้นที่เกษตร","plant_type":"นาข้าว","PlantType":"นาข้าว","crop_type":"นาข้าว","crop_type_raw":"นาข้าว","__crop":"นาข้าว","__plant_type":"นาข้าว","confidence":"","source":"NASA FIRMS VIIRS","source_file":"HOTSPOT Viirs 1 ม.ค - 31 พ.ค. 68 (รวม).xlsx","filter_rule":"Province=กำแพงเพชร; LandType=พื้นที่เกษตร; PlantType in allowed list; hierarchy uses Province→Amphoe→Tambon→BaanN from source table","latitude":16.17023,"longitude":99.63839,"month":4,"day":19,"responsibility_code":"5.0","landuse_code":"A101","utm_zone":"47.0","utm_e":"568245.421","utm_n":"1787871.304"},"geometry":{"type":"Point","coordinates":[99.63839,16.17023]}},{"type":"Feature","properties":{"hs_id":"VI1202504190714w4yggrubxw","hsID":"VI1202504190714w4yggrubxw","acq_date":"2025-04-19","Date":"2025-04-19","acq_time":"1414.0","year_be":2568,"season_be":2568,"dataset_year_be":2568,"province":"กำแพงเพชร","Province":"กำแพงเพชร","__province":"กำแพงเพชร","district":"คลองขลุง","Amphoe":"คลองขลุง","__district":"คลองขลุง","subdistrict":"คลองขลุง","Tambon":"คลองขลุง","__subdistrict":"คลองขลุง","village":"บ้านคงอ้ายง้าว","BaanN":"บ้านคงอ้ายง้าว","__village":"บ้านคงอ้ายง้าว","land_type":"พื้นที่เกษตร","LandType":"พื้นที่เกษตร","plant_type":"นาข้าว","PlantType":"นาข้าว","crop_type":"นาข้าว","crop_type_raw":"นาข้าว","__crop":"นาข้าว","__plant_type":"นาข้าว","confidence":"","source":"NASA FIRMS VIIRS","source_file":"HOTSPOT Viirs 1 ม.ค - 31 พ.ค. 68 (รวม).xlsx","filter_rule":"Province=กำแพงเพชร; LandType=พื้นที่เกษตร; PlantType in allowed list; hierarchy uses Province→Amphoe→Tambon→BaanN from source table","latitude":16.17062,"longitude":99.64186,"month":4,"day":19,"responsibility_code":"5.0","landuse_code":"A101","utm_zone":"47.0","utm_e":"568616.251","utm_n":"1787915.6"},"geometry":{"type":"Point","coordinates":[99.64186,16.17062]}},{"type":"Feature","properties":{"hs_id":"VI1202504190714w4zh0v98b8","hsID":"VI1202504190714w4zh0v98b8","acq_date":"2025-04-19","Date":"2025-04-19","acq_time":"1414.0","year_be":2568,"season_be":2568,"dataset_year_be":2568,"province":"กำแพงเพชร","Province":"กำแพงเพชร","__province":"กำแพงเพชร","district":"บึงสามัคคี","Amphoe":"บึงสามัคคี","__district":"บึงสามัคคี","subdistrict":"เทพนิมิต","Tambon":"เทพนิมิต","__subdistrict":"เทพนิมิต","village":"บ้านโนนสาน","BaanN":"บ้านโนนสาน","__village":"บ้านโนนสาน","land_type":"พื้นที่เกษตร","LandType":"พื้นที่เกษตร","plant_type":"นาข้าว","PlantType":"นาข้าว","crop_type":"นาข้าว","crop_type_raw":"นาข้าว","__crop":"นาข้าว","__plant_type":"นาข้าว","confidence":"","source":"NASA FIRMS VIIRS","source_file":"HOTSPOT Viirs 1 ม.ค - 31 พ.ค. 68 (รวม).xlsx","filter_rule":"Province=กำแพงเพชร; LandType=พื้นที่เกษตร; PlantType in allowed list; hierarchy uses Province→Amphoe→Tambon→BaanN from source table","latitude":16.20222,"longitude":99.8788,"month":4,"day":19,"responsibility_code":"5.0","landuse_code":"A101","utm_zone":"47.0","utm_e":"593932.174","utm_n":"1791505.049"},"geometry":{"type":"Point","coordinates":[99.8788,16.20222]}},{"type":"Feature","properties":{"hs_id":"VI1202504190714w4zh0q5uyp","hsID":"VI1202504190714w4zh0q5uyp","acq_date":"2025-04-19","Date":"2025-04-19","acq_time":"1414.0","year_be":2568,"season_be":2568,"dataset_year_be":2568,"province":"กำแพงเพชร","Province":"กำแพงเพชร","__province":"กำแพงเพชร","district":"คลองขลุง","Amphoe":"คลองขลุง","__district":"คลองขลุง","subdistrict":"วังแขม","Tambon":"วังแขม","__subdistrict":"วังแขม","village":"บ้านโนนสาน","BaanN":"บ้านโนนสาน","__village":"บ้านโนนสาน","land_type":"พื้นที่เกษตร","LandType":"พื้นที่เกษตร","plant_type":"นาข้าว","PlantType":"นาข้าว","crop_type":"นาข้าว","crop_type_raw":"นาข้าว","__crop":"นาข้าว","__plant_type":"นาข้าว","confidence":"","source":"NASA FIRMS VIIRS","source_file":"HOTSPOT Viirs 1 ม.ค - 31 พ.ค. 68 (รวม).xlsx","filter_rule":"Province=กำแพงเพชร; LandType=พื้นที่เกษตร; PlantType in allowed list; hierarchy uses Province→Amphoe→Tambon→BaanN from source table","latitude":16.20569,"longitude":99.86015,"month":4,"day":19,"responsibility_code":"5.0","landuse_code":"A101","utm_zone":"47.0","utm_e":"591936.997","utm_n":"1791880.483"},"geometry":{"type":"Point","coordinates":[99.86015,16.20569]}},{"type":"Feature","properties":{"hs_id":"VI1202504190714w4zh28231k","hsID":"VI1202504190714w4zh28231k","acq_date":"2025-04-19","Date":"2025-04-19","acq_time":"1414.0","year_be":2568,"season_be":2568,"dataset_year_be":2568,"province":"กำแพงเพชร","Province":"กำแพงเพชร","__province":"กำแพงเพชร","district":"คลองขลุง","Amphoe":"คลองขลุง","__district":"คลองขลุง","subdistrict":"วังแขม","Tambon":"วังแขม","__subdistrict":"วังแขม","village":"บ้านโนนสาน","BaanN":"บ้านโนนสาน","__village":"บ้านโนนสาน","land_type":"พื้นที่เกษตร","LandType":"พื้นที่เกษตร","plant_type":"อ้อย","PlantType":"อ้อย","crop_type":"อ้อย","crop_type_raw":"อ้อย","__crop":"อ้อย","__plant_type":"อ้อย","confidence":"","source":"NASA FIRMS VIIRS","source_file":"HOTSPOT Viirs 1 ม.ค - 31 พ.ค. 68 (รวม).xlsx","filter_rule":"Province=กำแพงเพชร; LandType=พื้นที่เกษตร; PlantType in allowed list; hierarchy uses Province→Amphoe→Tambon→BaanN from source table","latitude":16.21739,"longitude":99.86613,"month":4,"day":19,"responsibility_code":"5.0","landuse_code":"A203","utm_zone":"47.0","utm_e":"592570.746","utm_n":"1793177.511"},"geometry":{"type":"Point","coordinates":[99.86613,16.21739]}},{"type":"Feature","properties":{"hs_id":"VI1202504190714w4zh286gmz","hsID":"VI1202504190714w4zh286gmz","acq_date":"2025-04-19","Date":"2025-04-19","acq_time":"1414.0","year_be":2568,"season_be":2568,"dataset_year_be":2568,"province":"กำแพงเพชร","Province":"กำแพงเพชร","__province":"กำแพงเพชร","district":"คลองขลุง","Amphoe":"คลองขลุง","__district":"คลองขลุง","subdistrict":"วังแขม","Tambon":"วังแขม","__subdistrict":"วังแขม","village":"บ้านโนนสาน","BaanN":"บ้านโนนสาน","__village":"บ้านโนนสาน","land_type":"พื้นที่เกษตร","LandType":"พื้นที่เกษตร","plant_type":"นาข้าว","PlantType":"นาข้าว","crop_type":"นาข้าว","crop_type_raw":"นาข้าว","__crop":"นาข้าว","__plant_type":"นาข้าว","confidence":"","source":"NASA FIRMS VIIRS","source_file":"HOTSPOT Viirs 1 ม.ค - 31 พ.ค. 68 (รวม).xlsx","filter_rule":"Province=กำแพงเพชร; LandType=พื้นที่เกษตร; PlantType in allowed list; hierarchy uses Province→Amphoe→Tambon→BaanN from source table","latitude":16.21779,"longitude":99.86975,"month":4,"day":19,"responsibility_code":"5.0","landuse_code":"A101","utm_zone":"47.0","utm_e":"592957.484","utm_n":"1793223.399"},"geometry":{"type":"Point","coordinates":[99.86975,16.21779]}},{"type":"Feature","properties":{"hs_id":"VI1202504190714w4yuqdvk6h","hsID":"VI1202504190714w4yuqdvk6h","acq_date":"2025-04-19","Date":"2025-04-19","acq_time":"1414.0","year_be":2568,"season_be":2568,"dataset_year_be":2568,"province":"กำแพงเพชร","Province":"กำแพงเพชร","__province":"กำแพงเพชร","district":"คลองขลุง","Amphoe":"คลองขลุง","__district":"คลองขลุง","subdistrict":"ท่ามะเขือ","Tambon":"ท่ามะเขือ","__subdistrict":"ท่ามะเขือ","village":"บ้านคลองตะลุง","BaanN":"บ้านคลองตะลุง","__village":"บ้านคลองตะลุง","land_type":"พื้นที่เกษตร","LandType":"พื้นที่เกษตร","plant_type":"อ้อย","PlantType":"อ้อย","crop_type":"อ้อย","crop_type_raw":"อ้อย","__crop":"อ้อย","__plant_type":"อ้อย","confidence":"","source":"NASA FIRMS VIIRS","source_file":"HOTSPOT Viirs 1 ม.ค - 31 พ.ค. 68 (รวม).xlsx","filter_rule":"Province=กำแพงเพชร; LandType=พื้นที่เกษตร; PlantType in allowed list; hierarchy uses Province→Amphoe→Tambon→BaanN from source table","latitude":16.23168,"longitude":99.78513,"month":4,"day":19,"responsibility_code":"5.0","landuse_code":"A203","utm_zone":"47.0","utm_e":"583907.044","utm_n":"1794723.506"},"geometry":{"type":"Point","coordinates":[99.78513,16.23168]}},{"type":"Feature","properties":{"hs_id":"VI1202504190714w4yutwb7vd","hsID":"VI1202504190714w4yutwb7vd","acq_date":"2025-04-19","Date":"2025-04-19","acq_time":"1414.0","year_be":2568,"season_be":2568,"dataset_year_be":2568,"province":"กำแพงเพชร","Province":"กำแพงเพชร","__province":"กำแพงเพชร","district":"คลองขลุง","Amphoe":"คลองขลุง","__district":"คลองขลุง","subdistrict":"วังบัว","Tambon":"วังบัว","__subdistrict":"วังบัว","village":"บ้านโนนดู่","BaanN":"บ้านโนนดู่","__village":"บ้านโนนดู่","land_type":"พื้นที่เกษตร","LandType":"พื้นที่เกษตร","plant_type":"นาข้าว","PlantType":"นาข้าว","crop_type":"นาข้าว","crop_type_raw":"นาข้าว","__crop":"นาข้าว","__plant_type":"นาข้าว","confidence":"","source":"NASA FIRMS VIIRS","source_file":"HOTSPOT Viirs 1 ม.ค - 31 พ.ค. 68 (รวม).xlsx","filter_rule":"Province=กำแพงเพชร; LandType=พื้นที่เกษตร; PlantType in allowed list; hierarchy uses Province→Amphoe→Tambon→BaanN from source table","latitude":16.2975,"longitude":99.73447,"month":4,"day":19,"responsibility_code":"5.0","landuse_code":"A101","utm_zone":"47.0","utm_e":"578466.593","utm_n":"1801984.765"},"geometry":{"type":"Point","coordinates":[99.73447,16.2975]}},{"type":"Feature","properties":{"hs_id":"VI1202504190714w4yugm374k","hsID":"VI1202504190714w4yugm374k","acq_date":"2025-04-19","Date":"2025-04-19","acq_time":"1414.0","year_be":2568,"season_be":2568,"dataset_year_be":2568,"province":"กำแพงเพชร","Province":"กำแพงเพชร","__province":"กำแพงเพชร","district":"เมืองกำแพงเพชร","Amphoe":"เมืองกำแพงเพชร","__district":"เมืองกำแพงเพชร","subdistrict":"ธำมรงค์","Tambon":"ธำมรงค์","__subdistrict":"ธำมรงค์","village":"บ้านเกาะธำมรงค์","BaanN":"บ้านเกาะธำมรงค์","__village":"บ้านเกาะธำมรงค์","land_type":"พื้นที่เกษตร","LandType":"พื้นที่เกษตร","plant_type":"นาข้าว","PlantType":"นาข้าว","crop_type":"นาข้าว","crop_type_raw":"นาข้าว","__crop":"นาข้าว","__plant_type":"นาข้าว","confidence":"","source":"NASA FIRMS VIIRS","source_file":"HOTSPOT Viirs 1 ม.ค - 31 พ.ค. 68 (รวม).xlsx","filter_rule":"Province=กำแพงเพชร; LandType=พื้นที่เกษตร; PlantType in allowed list; hierarchy uses Province→Amphoe→Tambon→BaanN from source table","latitude":16.33309,"longitude":99.63683,"month":4,"day":19,"responsibility_code":"5.0","landuse_code":"A101","utm_zone":"47.0","utm_e":"568022.605","utm_n":"1805886.821"},"geometry":{"type":"Point","coordinates":[99.63683,16.33309]}},{"type":"Feature","properties":{"hs_id":"VI1202504190714w4yy78jwe4","hsID":"VI1202504190714w4yy78jwe4","acq_date":"2025-04-19","Date":"2025-04-19","acq_time":"1414.0","year_be":2568,"season_be":2568,"dataset_year_be":2568,"province":"กำแพงเพชร","Province":"กำแพงเพชร","__province":"กำแพงเพชร","district":"พรานกระต่าย","Amphoe":"พรานกระต่าย","__district":"พรานกระต่าย","subdistrict":"เขาคีริส","Tambon":"เขาคีริส","__subdistrict":"เขาคีริส","village":"บ้านคุยขยัน","BaanN":"บ้านคุยขยัน","__village":"บ้านคุยขยัน","land_type":"พื้นที่เกษตร","LandType":"พื้นที่เกษตร","plant_type":"นาข้าว","PlantType":"นาข้าว","crop_type":"นาข้าว","crop_type_raw":"นาข้าว","__crop":"นาข้าว","__plant_type":"นาข้าว","confidence":"","source":"NASA FIRMS VIIRS","source_file":"HOTSPOT Viirs 1 ม.ค - 31 พ.ค. 68 (รวม).xlsx","filter_rule":"Province=กำแพงเพชร; LandType=พื้นที่เกษตร; PlantType in allowed list; hierarchy uses Province→Amphoe→Tambon→BaanN from source table","latitude":16.56851,"longitude":99.65368,"month":4,"day":19,"responsibility_code":"5.0","landuse_code":"A101","utm_zone":"47.0","utm_e":"569738.346","utm_n":"1831935.907"},"geometry":{"type":"Point","coordinates":[99.65368,16.56851]}},{"type":"Feature","properties":{"hs_id":"VI1202504190714w4yysmu31b","hsID":"VI1202504190714w4yysmu31b","acq_date":"2025-04-19","Date":"2025-04-19","acq_time":"1414.0","year_be":2568,"season_be":2568,"dataset_year_be":2568,"province":"กำแพงเพชร","Province":"กำแพงเพชร","__province":"กำแพงเพชร","district":"พรานกระต่าย","Amphoe":"พรานกระต่าย","__district":"พรานกระต่าย","subdistrict":"คุยบ้านโอง","Tambon":"คุยบ้านโอง","__subdistrict":"คุยบ้านโอง","village":"บ้านจำปาทอง","BaanN":"บ้านจำปาทอง","__village":"บ้านจำปาทอง","land_type":"พื้นที่เกษตร","LandType":"พื้นที่เกษตร","plant_type":"นาข้าว","PlantType":"นาข้าว","crop_type":"นาข้าว","crop_type_raw":"นาข้าว","__crop":"นาข้าว","__plant_type":"นาข้าว","confidence":"","source":"NASA FIRMS VIIRS","source_file":"HOTSPOT Viirs 1 ม.ค - 31 พ.ค. 68 (รวม).xlsx","filter_rule":"Province=กำแพงเพชร; LandType=พื้นที่เกษตร; PlantType in allowed list; hierarchy uses Province→Amphoe→Tambon→BaanN from source table","latitude":16.64309,"longitude":99.68487,"month":4,"day":19,"responsibility_code":"5.0","landuse_code":"A101","utm_zone":"47.0","utm_e":"573037.819","utm_n":"1840197.585"},"geometry":{"type":"Point","coordinates":[99.68487,16.64309]}},{"type":"Feature","properties":{"hs_id":"VI1202504190714w4yysmygke","hsID":"VI1202504190714w4yysmygke","acq_date":"2025-04-19","Date":"2025-04-19","acq_time":"1414.0","year_be":2568,"season_be":2568,"dataset_year_be":2568,"province":"กำแพงเพชร","Province":"กำแพงเพชร","__province":"กำแพงเพชร","district":"พรานกระต่าย","Amphoe":"พรานกระต่าย","__district":"พรานกระต่าย","subdistrict":"คุยบ้านโอง","Tambon":"คุยบ้านโอง","__subdistrict":"คุยบ้านโอง","village":"บ้านจำปาทอง","BaanN":"บ้านจำปาทอง","__village":"บ้านจำปาทอง","land_type":"พื้นที่เกษตร","LandType":"พื้นที่เกษตร","plant_type":"นาข้าว","PlantType":"นาข้าว","crop_type":"นาข้าว","crop_type_raw":"นาข้าว","__crop":"นาข้าว","__plant_type":"นาข้าว","confidence":"","source":"NASA FIRMS VIIRS","source_file":"HOTSPOT Viirs 1 ม.ค - 31 พ.ค. 68 (รวม).xlsx","filter_rule":"Province=กำแพงเพชร; LandType=พื้นที่เกษตร; PlantType in allowed list; hierarchy uses Province→Amphoe→Tambon→BaanN from source table","latitude":16.64349,"longitude":99.68842,"month":4,"day":19,"responsibility_code":"5.0","landuse_code":"A101","utm_zone":"47.0","utm_e":"573416.271","utm_n":"1840243.135"},"geometry":{"type":"Point","coordinates":[99.68842,16.64349]}},{"type":"Feature","properties":{"hs_id":"VI1202504200657w4ygwp28z8","hsID":"VI1202504200657w4ygwp28z8","acq_date":"2025-04-20","Date":"2025-04-20","acq_time":"1357.0","year_be":2568,"season_be":2568,"dataset_year_be":2568,"province":"กำแพงเพชร","Province":"กำแพงเพชร","__province":"กำแพงเพชร","district":"ขาณุวรลักษบุรี","Amphoe":"ขาณุวรลักษบุรี","__district":"ขาณุวรลักษบุรี","subdistrict":"เกาะตาล","Tambon":"เกาะตาล","__subdistrict":"เกาะตาล","village":"บ้านท่าพระ","BaanN":"บ้านท่าพระ","__village":"บ้านท่าพระ","land_type":"พื้นที่เกษตร","LandType":"พื้นที่เกษตร","plant_type":"นาข้าว","PlantType":"นาข้าว","crop_type":"นาข้าว","crop_type_raw":"นาข้าว","__crop":"นาข้าว","__plant_type":"นาข้าว","confidence":"","source":"NASA FIRMS VIIRS","source_file":"HOTSPOT Viirs 1 ม.ค - 31 พ.ค. 68 (รวม).xlsx","filter_rule":"Province=กำแพงเพชร; LandType=พื้นที่เกษตร; PlantType in allowed list; hierarchy uses Province→Amphoe→Tambon→BaanN from source table","latitude":16.12394,"longitude":99.75687,"month":4,"day":20,"responsibility_code":"5.0","landuse_code":"A101","utm_zone":"47.0","utm_e":"580930.608","utm_n":"1782793.464"},"geometry":{"type":"Point","coordinates":[99.75687,16.12394]}},{"type":"Feature","properties":{"hs_id":"VI1202504200657w4ygv8bmwc","hsID":"VI1202504200657w4ygv8bmwc","acq_date":"2025-04-20","Date":"2025-04-20","acq_time":"1357.0","year_be":2568,"season_be":2568,"dataset_year_be":2568,"province":"กำแพงเพชร","Province":"กำแพงเพชร","__province":"กำแพงเพชร","district":"คลองขลุง","Amphoe":"คลองขลุง","__district":"คลองขลุง","subdistrict":"คลองขลุง","Tambon":"คลองขลุง","__subdistrict":"คลองขลุง","village":"บ้านเกาะกลาง","BaanN":"บ้านเกาะกลาง","__village":"บ้านเกาะกลาง","land_type":"พื้นที่เกษตร","LandType":"พื้นที่เกษตร","plant_type":"นาข้าว","PlantType":"นาข้าว","crop_type":"นาข้าว","crop_type_raw":"นาข้าว","__crop":"นาข้าว","__plant_type":"นาข้าว","confidence":"","source":"NASA FIRMS VIIRS","source_file":"HOTSPOT Viirs 1 ม.ค - 31 พ.ค. 68 (รวม).xlsx","filter_rule":"Province=กำแพงเพชร; LandType=พื้นที่เกษตร; PlantType in allowed list; hierarchy uses Province→Amphoe→Tambon→BaanN from source table","latitude":16.133,"longitude":99.73452,"month":4,"day":20,"responsibility_code":"5.0","landuse_code":"A101","utm_zone":"47.0","utm_e":"578537.084","utm_n":"1783787.074"},"geometry":{"type":"Point","coordinates":[99.73452,16.133]}},{"type":"Feature","properties":{"hs_id":"VI1202504200657w4ygzf8gh6","hsID":"VI1202504200657w4ygzf8gh6","acq_date":"2025-04-20","Date":"2025-04-20","acq_time":"1357.0","year_be":2568,"season_be":2568,"dataset_year_be":2568,"province":"กำแพงเพชร","Province":"กำแพงเพชร","__province":"กำแพงเพชร","district":"ขาณุวรลักษบุรี","Amphoe":"ขาณุวรลักษบุรี","__district":"ขาณุวรลักษบุรี","subdistrict":"ยางสูง","Tambon":"ยางสูง","__subdistrict":"ยางสูง","village":"บ้านไร่ใหม่","BaanN":"บ้านไร่ใหม่","__village":"บ้านไร่ใหม่","land_type":"พื้นที่เกษตร","LandType":"พื้นที่เกษตร","plant_type":"นาข้าว","PlantType":"นาข้าว","crop_type":"นาข้าว","crop_type_raw":"นาข้าว","__crop":"นาข้าว","__plant_type":"นาข้าว","confidence":"","source":"NASA FIRMS VIIRS","source_file":"HOTSPOT Viirs 1 ม.ค - 31 พ.ค. 68 (รวม).xlsx","filter_rule":"Province=กำแพงเพชร; LandType=พื้นที่เกษตร; PlantType in allowed list; hierarchy uses Province→Amphoe→Tambon→BaanN from source table","latitude":16.14219,"longitude":99.83398,"month":4,"day":20,"responsibility_code":"5.0","landuse_code":"A101","utm_zone":"47.0","utm_e":"589168.134","utm_n":"1784844.177"},"geometry":{"type":"Point","coordinates":[99.83398,16.14219]}},{"type":"Feature","properties":{"hs_id":"VI1202504200657w4zh286t6s","hsID":"VI1202504200657w4zh286t6s","acq_date":"2025-04-20","Date":"2025-04-20","acq_time":"1357.0","year_be":2568,"season_be":2568,"dataset_year_be":2568,"province":"กำแพงเพชร","Province":"กำแพงเพชร","__province":"กำแพงเพชร","district":"คลองขลุง","Amphoe":"คลองขลุง","__district":"คลองขลุง","subdistrict":"วังแขม","Tambon":"วังแขม","__subdistrict":"วังแขม","village":"บ้านโนนสาน","BaanN":"บ้านโนนสาน","__village":"บ้านโนนสาน","land_type":"พื้นที่เกษตร","LandType":"พื้นที่เกษตร","plant_type":"นาข้าว","PlantType":"นาข้าว","crop_type":"นาข้าว","crop_type_raw":"นาข้าว","__crop":"นาข้าว","__plant_type":"นาข้าว","confidence":"","source":"NASA FIRMS VIIRS","source_file":"HOTSPOT Viirs 1 ม.ค - 31 พ.ค. 68 (รวม).xlsx","filter_rule":"Province=กำแพงเพชร; LandType=พื้นที่เกษตร; PlantType in allowed list; hierarchy uses Province→Amphoe→Tambon→BaanN from source table","latitude":16.21812,"longitude":99.86927,"month":4,"day":20,"responsibility_code":"5.0","landuse_code":"A101","utm_zone":"47.0","utm_e":"592906.025","utm_n":"1793259.689"},"geometry":{"type":"Point","coordinates":[99.86927,16.21812]}},{"type":"Feature","properties":{"hs_id":"VI1202504200657w4yuqysrn4","hsID":"VI1202504200657w4yuqysrn4","acq_date":"2025-04-20","Date":"2025-04-20","acq_time":"1357.0","year_be":2568,"season_be":2568,"dataset_year_be":2568,"province":"กำแพงเพชร","Province":"กำแพงเพชร","__province":"กำแพงเพชร","district":"คลองขลุง","Amphoe":"คลองขลุง","__district":"คลองขลุง","subdistrict":"ท่ามะเขือ","Tambon":"ท่ามะเขือ","__subdistrict":"ท่ามะเขือ","village":"บ้านวังตะล่อม","BaanN":"บ้านวังตะล่อม","__village":"บ้านวังตะล่อม","land_type":"พื้นที่เกษตร","LandType":"พื้นที่เกษตร","plant_type":"นาข้าว","PlantType":"นาข้าว","crop_type":"นาข้าว","crop_type_raw":"นาข้าว","__crop":"นาข้าว","__plant_type":"นาข้าว","confidence":"","source":"NASA FIRMS VIIRS","source_file":"HOTSPOT Viirs 1 ม.ค - 31 พ.ค. 68 (รวม).xlsx","filter_rule":"Province=กำแพงเพชร; LandType=พื้นที่เกษตร; PlantType in allowed list; hierarchy uses Province→Amphoe→Tambon→BaanN from source table","latitude":16.25274,"longitude":99.79492,"month":4,"day":20,"responsibility_code":"5.0","landuse_code":"A101","utm_zone":"47.0","utm_e":"584944.319","utm_n":"1797057.322"},"geometry":{"type":"Point","coordinates":[99.79492,16.25274]}},{"type":"Feature","properties":{"hs_id":"VI1202504200657w4yurnb70k","hsID":"VI1202504200657w4yurnb70k","acq_date":"2025-04-20","Date":"2025-04-20","acq_time":"1357.0","year_be":2568,"season_be":2568,"dataset_year_be":2568,"province":"กำแพงเพชร","Province":"กำแพงเพชร","__province":"กำแพงเพชร","district":"คลองขลุง","Amphoe":"คลองขลุง","__district":"คลองขลุง","subdistrict":"วังยาง","Tambon":"วังยาง","__subdistrict":"วังยาง","village":"บ้านวังตะล่อม","BaanN":"บ้านวังตะล่อม","__village":"บ้านวังตะล่อม","land_type":"พื้นที่เกษตร","LandType":"พื้นที่เกษตร","plant_type":"นาข้าว","PlantType":"นาข้าว","crop_type":"นาข้าว","crop_type_raw":"นาข้าว","__crop":"นาข้าว","__plant_type":"นาข้าว","confidence":"","source":"NASA FIRMS VIIRS","source_file":"HOTSPOT Viirs 1 ม.ค - 31 พ.ค. 68 (รวม).xlsx","filter_rule":"Province=กำแพงเพชร; LandType=พื้นที่เกษตร; PlantType in allowed list; hierarchy uses Province→Amphoe→Tambon→BaanN from source table","latitude":16.25344,"longitude":99.80016,"month":4,"day":20,"responsibility_code":"5.0","landuse_code":"A101","utm_zone":"47.0","utm_e":"585503.988","utm_n":"1797136.942"},"geometry":{"type":"Point","coordinates":[99.80016,16.25344]}},{"type":"Feature","properties":{"hs_id":"VI1202504200657w4zj87p7j5","hsID":"VI1202504200657w4zj87p7j5","acq_date":"2025-04-20","Date":"2025-04-20","acq_time":"1357.0","year_be":2568,"season_be":2568,"dataset_year_be":2568,"province":"กำแพงเพชร","Province":"กำแพงเพชร","__province":"กำแพงเพชร","district":"ไทรงาม","Amphoe":"ไทรงาม","__district":"ไทรงาม","subdistrict":"ไทรงาม","Tambon":"ไทรงาม","__subdistrict":"ไทรงาม","village":"บ้านไทรงาม","BaanN":"บ้านไทรงาม","__village":"บ้านไทรงาม","land_type":"พื้นที่เกษตร","LandType":"พื้นที่เกษตร","plant_type":"นาข้าว","PlantType":"นาข้าว","crop_type":"นาข้าว","crop_type_raw":"นาข้าว","__crop":"นาข้าว","__plant_type":"นาข้าว","confidence":"","source":"NASA FIRMS VIIRS","source_file":"HOTSPOT Viirs 1 ม.ค - 31 พ.ค. 68 (รวม).xlsx","filter_rule":"Province=กำแพงเพชร; LandType=พื้นที่เกษตร; PlantType in allowed list; hierarchy uses Province→Amphoe→Tambon→BaanN from source table","latitude":16.45256,"longitude":99.86491,"month":4,"day":20,"responsibility_code":"5.0","landuse_code":"A101","utm_zone":"47.0","utm_e":"592329.88","utm_n":"1819193.485"},"geometry":{"type":"Point","coordinates":[99.86491,16.45256]}},{"type":"Feature","properties":{"hs_id":"VI1202504210635w4yfzuzr4j","hsID":"VI1202504210635w4yfzuzr4j","acq_date":"2025-04-21","Date":"2025-04-21","acq_time":"1335.0","year_be":2568,"season_be":2568,"dataset_year_be":2568,"province":"กำแพงเพชร","Province":"กำแพงเพชร","__province":"กำแพงเพชร","district":"ขาณุวรลักษบุรี","Amphoe":"ขาณุวรลักษบุรี","__district":"ขาณุวรลักษบุรี","subdistrict":"สลกบาตร","Tambon":"สลกบาตร","__subdistrict":"สลกบาตร","village":"บ้านโนนปอแดง","BaanN":"บ้านโนนปอแดง","__village":"บ้านโนนปอแดง","land_type":"พื้นที่เกษตร","LandType":"พื้นที่เกษตร","plant_type":"นาข้าว","PlantType":"นาข้าว","crop_type":"นาข้าว","crop_type_raw":"นาข้าว","__crop":"นาข้าว","__plant_type":"นาข้าว","confidence":"","source":"NASA FIRMS VIIRS","source_file":"HOTSPOT Viirs 1 ม.ค - 31 พ.ค. 68 (รวม).xlsx","filter_rule":"Province=กำแพงเพชร; LandType=พื้นที่เกษตร; PlantType in allowed list; hierarchy uses Province→Amphoe→Tambon→BaanN from source table","latitude":15.97947,"longitude":99.84281,"month":4,"day":21,"responsibility_code":"5.0","landuse_code":"A101","utm_zone":"47.0","utm_e":"590185.547","utm_n":"1766847.077"},"geometry":{"type":"Point","coordinates":[99.84281,15.97947]}},{"type":"Feature","properties":{"hs_id":"VI1202504210635w4z53vgzuf","hsID":"VI1202504210635w4z53vgzuf","acq_date":"2025-04-21","Date":"2025-04-21","acq_time":"1335.0","year_be":2568,"season_be":2568,"dataset_year_be":2568,"province":"กำแพงเพชร","Province":"กำแพงเพชร","__province":"กำแพงเพชร","district":"ขาณุวรลักษบุรี","Amphoe":"ขาณุวรลักษบุรี","__district":"ขาณุวรลักษบุรี","subdistrict":"ป่าพุทรา","Tambon":"ป่าพุทรา","__subdistrict":"ป่าพุทรา","village":"บ้านวังเรียง","BaanN":"บ้านวังเรียง","__village":"บ้านวังเรียง","land_type":"พื้นที่เกษตร","LandType":"พื้นที่เกษตร","plant_type":"เกษตรอื่น ๆ","PlantType":"เกษตรอื่น ๆ","crop_type":"เกษตรอื่น ๆ","crop_type_raw":"เกษตรอื่น ๆ","__crop":"เกษตรอื่น ๆ","__plant_type":"เกษตรอื่น ๆ","confidence":"","source":"NASA FIRMS VIIRS","source_file":"HOTSPOT Viirs 1 ม.ค - 31 พ.ค. 68 (รวม).xlsx","filter_rule":"Province=กำแพงเพชร; LandType=พื้นที่เกษตร; PlantType in allowed list; hierarchy uses Province→Amphoe→Tambon→BaanN from source table","latitude":16.07297,"longitude":99.92601,"month":4,"day":21,"responsibility_code":"5.0","landuse_code":"A999","utm_zone":"47.0","utm_e":"599042.904","utm_n":"1777228.541"},"geometry":{"type":"Point","coordinates":[99.92601,16.07297]}},{"type":"Feature","properties":{"hs_id":"VI1202504210635w4yv3bp460","hsID":"VI1202504210635w4yv3bp460","acq_date":"2025-04-21","Date":"2025-04-21","acq_time":"1335.0","year_be":2568,"season_be":2568,"dataset_year_be":2568,"province":"กำแพงเพชร","Province":"กำแพงเพชร","__province":"กำแพงเพชร","district":"เมืองกำแพงเพชร","Amphoe":"เมืองกำแพงเพชร","__district":"เมืองกำแพงเพชร","subdistrict":"เทพนคร","Tambon":"เทพนคร","__subdistrict":"เทพนคร","village":"บ้านเทพนคร","BaanN":"บ้านเทพนคร","__village":"บ้านเทพนคร","land_type":"พื้นที่เกษตร","LandType":"พื้นที่เกษตร","plant_type":"นาข้าว","PlantType":"นาข้าว","crop_type":"นาข้าว","crop_type_raw":"นาข้าว","__crop":"นาข้าว","__plant_type":"นาข้าว","confidence":"","source":"NASA FIRMS VIIRS","source_file":"HOTSPOT Viirs 1 ม.ค - 31 พ.ค. 68 (รวม).xlsx","filter_rule":"Province=กำแพงเพชร; LandType=พื้นที่เกษตร; PlantType in allowed list; hierarchy uses Province→Amphoe→Tambon→BaanN from source table","latitude":16.39199,"longitude":99.5788,"month":4,"day":21,"responsibility_code":"5.0","landuse_code":"A101","utm_zone":"47.0","utm_e":"561805.436","utm_n":"1812384.021"},"geometry":{"type":"Point","coordinates":[99.5788,16.39199]}},{"type":"Feature","properties":{"hs_id":"VI1202504210635w4yy4g497m","hsID":"VI1202504210635w4yy4g497m","acq_date":"2025-04-21","Date":"2025-04-21","acq_time":"1335.0","year_be":2568,"season_be":2568,"dataset_year_be":2568,"province":"กำแพงเพชร","Province":"กำแพงเพชร","__province":"กำแพงเพชร","district":"เมืองกำแพงเพชร","Amphoe":"เมืองกำแพงเพชร","__district":"เมืองกำแพงเพชร","subdistrict":"สระแก้ว","Tambon":"สระแก้ว","__subdistrict":"สระแก้ว","village":"บ้านห้วยปัก","BaanN":"บ้านห้วยปัก","__village":"บ้านห้วยปัก","land_type":"พื้นที่เกษตร","LandType":"พื้นที่เกษตร","plant_type":"นาข้าว","PlantType":"นาข้าว","crop_type":"นาข้าว","crop_type_raw":"นาข้าว","__crop":"นาข้าว","__plant_type":"นาข้าว","confidence":"","source":"NASA FIRMS VIIRS","source_file":"HOTSPOT Viirs 1 ม.ค - 31 พ.ค. 68 (รวม).xlsx","filter_rule":"Province=กำแพงเพชร; LandType=พื้นที่เกษตร; PlantType in allowed list; hierarchy uses Province→Amphoe→Tambon→BaanN from source table","latitude":16.54016,"longitude":99.61662,"month":4,"day":21,"responsibility_code":"5.0","landuse_code":"A101","utm_zone":"47.0","utm_e":"565794.057","utm_n":"1828787.172"},"geometry":{"type":"Point","coordinates":[99.61662,16.54016]}},{"type":"Feature","properties":{"hs_id":"VI1202504210635w4yygbxpnc","hsID":"VI1202504210635w4yygbxpnc","acq_date":"2025-04-21","Date":"2025-04-21","acq_time":"1335.0","year_be":2568,"season_be":2568,"dataset_year_be":2568,"province":"กำแพงเพชร","Province":"กำแพงเพชร","__province":"กำแพงเพชร","district":"พรานกระต่าย","Amphoe":"พรานกระต่าย","__district":"พรานกระต่าย","subdistrict":"คุยบ้านโอง","Tambon":"คุยบ้านโอง","__subdistrict":"คุยบ้านโอง","village":"บ้านคุยบ้านโอง","BaanN":"บ้านคุยบ้านโอง","__village":"บ้านคุยบ้านโอง","land_type":"พื้นที่เกษตร","LandType":"พื้นที่เกษตร","plant_type":"นาข้าว","PlantType":"นาข้าว","crop_type":"นาข้าว","crop_type_raw":"นาข้าว","__crop":"นาข้าว","__plant_type":"นาข้าว","confidence":"","source":"NASA FIRMS VIIRS","source_file":"HOTSPOT Viirs 1 ม.ค - 31 พ.ค. 68 (รวม).xlsx","filter_rule":"Province=กำแพงเพชร; LandType=พื้นที่เกษตร; PlantType in allowed list; hierarchy uses Province→Amphoe→Tambon→BaanN from source table","latitude":16.65923,"longitude":99.66689,"month":4,"day":21,"responsibility_code":"5.0","landuse_code":"A101","utm_zone":"47.0","utm_e":"571114.317","utm_n":"1841976.634"},"geometry":{"type":"Point","coordinates":[99.66689,16.65923]}},{"type":"Feature","properties":{"hs_id":"VI1202504210635w4yyg7tptq","hsID":"VI1202504210635w4yyg7tptq","acq_date":"2025-04-21","Date":"2025-04-21","acq_time":"1335.0","year_be":2568,"season_be":2568,"dataset_year_be":2568,"province":"กำแพงเพชร","Province":"กำแพงเพชร","__province":"กำแพงเพชร","district":"พรานกระต่าย","Amphoe":"พรานกระต่าย","__district":"พรานกระต่าย","subdistrict":"คุยบ้านโอง","Tambon":"คุยบ้านโอง","__subdistrict":"คุยบ้านโอง","village":"บ้านคุยแขวน","BaanN":"บ้านคุยแขวน","__village":"บ้านคุยแขวน","land_type":"พื้นที่เกษตร","LandType":"พื้นที่เกษตร","plant_type":"นาข้าว","PlantType":"นาข้าว","crop_type":"นาข้าว","crop_type_raw":"นาข้าว","__crop":"นาข้าว","__plant_type":"นาข้าว","confidence":"","source":"NASA FIRMS VIIRS","source_file":"HOTSPOT Viirs 1 ม.ค - 31 พ.ค. 68 (รวม).xlsx","filter_rule":"Province=กำแพงเพชร; LandType=พื้นที่เกษตร; PlantType in allowed list; hierarchy uses Province→Amphoe→Tambon→BaanN from source table","latitude":16.67582,"longitude":99.64211,"month":4,"day":21,"responsibility_code":"5.0","landuse_code":"A101","utm_zone":"47.0","utm_e":"568465.888","utm_n":"1843803.287"},"geometry":{"type":"Point","coordinates":[99.64211,16.67582]}},{"type":"Feature","properties":{"hs_id":"VI1202504220618w4yues838j","hsID":"VI1202504220618w4yues838j","acq_date":"2025-04-22","Date":"2025-04-22","acq_time":"1318.0","year_be":2568,"season_be":2568,"dataset_year_be":2568,"province":"กำแพงเพชร","Province":"กำแพงเพชร","__province":"กำแพงเพชร","district":"คลองขลุง","Amphoe":"คลองขลุง","__district":"คลองขลุง","subdistrict":"หัวถนน","Tambon":"หัวถนน","__subdistrict":"หัวถนน","village":"บ้านโนนดุม","BaanN":"บ้านโนนดุม","__village":"บ้านโนนดุม","land_type":"พื้นที่เกษตร","LandType":"พื้นที่เกษตร","plant_type":"นาข้าว","PlantType":"นาข้าว","crop_type":"นาข้าว","crop_type_raw":"นาข้าว","__crop":"นาข้าว","__plant_type":"นาข้าว","confidence":"","source":"NASA FIRMS VIIRS","source_file":"HOTSPOT Viirs 1 ม.ค - 31 พ.ค. 68 (รวม).xlsx","filter_rule":"Province=กำแพงเพชร; LandType=พื้นที่เกษตร; PlantType in allowed list; hierarchy uses Province→Amphoe→Tambon→BaanN from source table","latitude":16.28477,"longitude":99.64635,"month":4,"day":22,"responsibility_code":"5.0","landuse_code":"A101","utm_zone":"47.0","utm_e":"569056.449","utm_n":"1800544.691"},"geometry":{"type":"Point","coordinates":[99.64635,16.28477]}},{"type":"Feature","properties":{"hs_id":"VI1202504211908w4yv32z09u","hsID":"VI1202504211908w4yv32z09u","acq_date":"2025-04-22","Date":"2025-04-22","acq_time":"208.0","year_be":2568,"season_be":2568,"dataset_year_be":2568,"province":"กำแพงเพชร","Province":"กำแพงเพชร","__province":"กำแพงเพชร","district":"เมืองกำแพงเพชร","Amphoe":"เมืองกำแพงเพชร","__district":"เมืองกำแพงเพชร","subdistrict":"เทพนคร","Tambon":"เทพนคร","__subdistrict":"เทพนคร","village":"บ้านเทพนคร","BaanN":"บ้านเทพนคร","__village":"บ้านเทพนคร","land_type":"พื้นที่เกษตร","LandType":"พื้นที่เกษตร","plant_type":"นาข้าว","PlantType":"นาข้าว","crop_type":"นาข้าว","crop_type_raw":"นาข้าว","__crop":"นาข้าว","__plant_type":"นาข้าว","confidence":"","source":"NASA FIRMS VIIRS","source_file":"HOTSPOT Viirs 1 ม.ค - 31 พ.ค. 68 (รวม).xlsx","filter_rule":"Province=กำแพงเพชร; LandType=พื้นที่เกษตร; PlantType in allowed list; hierarchy uses Province→Amphoe→Tambon→BaanN from source table","latitude":16.39583,"longitude":99.55681,"month":4,"day":22,"responsibility_code":"5.0","landuse_code":"A101","utm_zone":"47.0","utm_e":"559456.07","utm_n":"1812802.246"},"geometry":{"type":"Point","coordinates":[99.55681,16.39583]}},{"type":"Feature","properties":{"hs_id":"VI1202504220618w4yv6yf97k","hsID":"VI1202504220618w4yv6yf97k","acq_date":"2025-04-22","Date":"2025-04-22","acq_time":"1318.0","year_be":2568,"season_be":2568,"dataset_year_be":2568,"province":"กำแพงเพชร","Province":"กำแพงเพชร","__province":"กำแพงเพชร","district":"เมืองกำแพงเพชร","Amphoe":"เมืองกำแพงเพชร","__district":"เมืองกำแพงเพชร","subdistrict":"เทพนคร","Tambon":"เทพนคร","__subdistrict":"เทพนคร","village":"บ้านบ่อตาโพธิ์","BaanN":"บ้านบ่อตาโพธิ์","__village":"บ้านบ่อตาโพธิ์","land_type":"พื้นที่เกษตร","LandType":"พื้นที่เกษตร","plant_type":"นาข้าว","PlantType":"นาข้าว","crop_type":"นาข้าว","crop_type_raw":"นาข้าว","__crop":"นาข้าว","__plant_type":"นาข้าว","confidence":"","source":"NASA FIRMS VIIRS","source_file":"HOTSPOT Viirs 1 ม.ค - 31 พ.ค. 68 (รวม).xlsx","filter_rule":"Province=กำแพงเพชร; LandType=พื้นที่เกษตร; PlantType in allowed list; hierarchy uses Province→Amphoe→Tambon→BaanN from source table","latitude":16.42892,"longitude":99.61661,"month":4,"day":22,"responsibility_code":"5.0","landuse_code":"A101","utm_zone":"47.0","utm_e":"565830.57","utm_n":"1816481.256"},"geometry":{"type":"Point","coordinates":[99.61661,16.42892]}},{"type":"Feature","properties":{"hs_id":"VI1202504220618w4yww2zn2j","hsID":"VI1202504220618w4yww2zn2j","acq_date":"2025-04-22","Date":"2025-04-22","acq_time":"1318.0","year_be":2568,"season_be":2568,"dataset_year_be":2568,"province":"กำแพงเพชร","Province":"กำแพงเพชร","__province":"กำแพงเพชร","district":"โกสัมพีนคร","Amphoe":"โกสัมพีนคร","__district":"โกสัมพีนคร","subdistrict":"ลานดอกไม้ตก","Tambon":"ลานดอกไม้ตก","__subdistrict":"ลานดอกไม้ตก","village":"บ้านเกาะพิมูล","BaanN":"บ้านเกาะพิมูล","__village":"บ้านเกาะพิมูล","land_type":"พื้นที่เกษตร","LandType":"พื้นที่เกษตร","plant_type":"นาข้าว","PlantType":"นาข้าว","crop_type":"นาข้าว","crop_type_raw":"นาข้าว","__crop":"นาข้าว","__plant_type":"นาข้าว","confidence":"","source":"NASA FIRMS VIIRS","source_file":"HOTSPOT Viirs 1 ม.ค - 31 พ.ค. 68 (รวม).xlsx","filter_rule":"Province=กำแพงเพชร; LandType=พื้นที่เกษตร; PlantType in allowed list; hierarchy uses Province→Amphoe→Tambon→BaanN from source table","latitude":16.61655,"longitude":99.4249,"month":4,"day":22,"responsibility_code":"5.0","landuse_code":"A101","utm_zone":"47.0","utm_e":"545319.045","utm_n":"1837184.73"},"geometry":{"type":"Point","coordinates":[99.4249,16.61655]}},{"type":"Feature","properties":{"hs_id":"VI1202504220618w4yww3jn9p","hsID":"VI1202504220618w4yww3jn9p","acq_date":"2025-04-22","Date":"2025-04-22","acq_time":"1318.0","year_be":2568,"season_be":2568,"dataset_year_be":2568,"province":"กำแพงเพชร","Province":"กำแพงเพชร","__province":"กำแพงเพชร","district":"โกสัมพีนคร","Amphoe":"โกสัมพีนคร","__district":"โกสัมพีนคร","subdistrict":"ลานดอกไม้ตก","Tambon":"ลานดอกไม้ตก","__subdistrict":"ลานดอกไม้ตก","village":"บ้านเกาะพิมูล","BaanN":"บ้านเกาะพิมูล","__village":"บ้านเกาะพิมูล","land_type":"พื้นที่เกษตร","LandType":"พื้นที่เกษตร","plant_type":"นาข้าว","PlantType":"นาข้าว","crop_type":"นาข้าว","crop_type_raw":"นาข้าว","__crop":"นาข้าว","__plant_type":"นาข้าว","confidence":"","source":"NASA FIRMS VIIRS","source_file":"HOTSPOT Viirs 1 ม.ค - 31 พ.ค. 68 (รวม).xlsx","filter_rule":"Province=กำแพงเพชร; LandType=พื้นที่เกษตร; PlantType in allowed list; hierarchy uses Province→Amphoe→Tambon→BaanN from source table","latitude":16.61798,"longitude":99.4222,"month":4,"day":22,"responsibility_code":"5.0","landuse_code":"A101","utm_zone":"47.0","utm_e":"545030.73","utm_n":"1837342.313"},"geometry":{"type":"Point","coordinates":[99.4222,16.61798]}},{"type":"Feature","properties":{"hs_id":"VI1202504230557w4yfd223wh","hsID":"VI1202504230557w4yfd223wh","acq_date":"2025-04-23","Date":"2025-04-23","acq_time":"1257.0","year_be":2568,"season_be":2568,"dataset_year_be":2568,"province":"กำแพงเพชร","Province":"กำแพงเพชร","__province":"กำแพงเพชร","district":"ขาณุวรลักษบุรี","Amphoe":"ขาณุวรลักษบุรี","__district":"ขาณุวรลักษบุรี","subdistrict":"ปางมะค่า","Tambon":"ปางมะค่า","__subdistrict":"ปางมะค่า","village":"บ้านวังไทร 1","BaanN":"บ้านวังไทร 1","__village":"บ้านวังไทร 1","land_type":"พื้นที่เกษตร","LandType":"พื้นที่เกษตร","plant_type":"นาข้าว","PlantType":"นาข้าว","crop_type":"นาข้าว","crop_type_raw":"นาข้าว","__crop":"นาข้าว","__plant_type":"นาข้าว","confidence":"","source":"NASA FIRMS VIIRS","source_file":"HOTSPOT Viirs 1 ม.ค - 31 พ.ค. 68 (รวม).xlsx","filter_rule":"Province=กำแพงเพชร; LandType=พื้นที่เกษตร; PlantType in allowed list; hierarchy uses Province→Amphoe→Tambon→BaanN from source table","latitude":15.90986,"longitude":99.59167,"month":4,"day":23,"responsibility_code":"5.0","landuse_code":"A101","utm_zone":"47.0","utm_e":"563332.969","utm_n":"1759054.276"},"geometry":{"type":"Point","coordinates":[99.59167,15.90986]}},{"type":"Feature","properties":{"hs_id":"VI1202504230557w4yfd0rp5r","hsID":"VI1202504230557w4yfd0rp5r","acq_date":"2025-04-23","Date":"2025-04-23","acq_time":"1257.0","year_be":2568,"season_be":2568,"dataset_year_be":2568,"province":"กำแพงเพชร","Province":"กำแพงเพชร","__province":"กำแพงเพชร","district":"ขาณุวรลักษบุรี","Amphoe":"ขาณุวรลักษบุรี","__district":"ขาณุวรลักษบุรี","subdistrict":"ปางมะค่า","Tambon":"ปางมะค่า","__subdistrict":"ปางมะค่า","village":"บ้านวังไทร 1","BaanN":"บ้านวังไทร 1","__village":"บ้านวังไทร 1","land_type":"พื้นที่เกษตร","LandType":"พื้นที่เกษตร","plant_type":"นาข้าว","PlantType":"นาข้าว","crop_type":"นาข้าว","crop_type_raw":"นาข้าว","__crop":"นาข้าว","__plant_type":"นาข้าว","confidence":"","source":"NASA FIRMS VIIRS","source_file":"HOTSPOT Viirs 1 ม.ค - 31 พ.ค. 68 (รวม).xlsx","filter_rule":"Province=กำแพงเพชร; LandType=พื้นที่เกษตร; PlantType in allowed list; hierarchy uses Province→Amphoe→Tambon→BaanN from source table","latitude":15.91082,"longitude":99.58984,"month":4,"day":23,"responsibility_code":"5.0","landuse_code":"A101","utm_zone":"47.0","utm_e":"563136.778","utm_n":"1759159.916"},"geometry":{"type":"Point","coordinates":[99.58984,15.91082]}},{"type":"Feature","properties":{"hs_id":"VI1202504230557w4yuq2vh37","hsID":"VI1202504230557w4yuq2vh37","acq_date":"2025-04-23","Date":"2025-04-23","acq_time":"1257.0","year_be":2568,"season_be":2568,"dataset_year_be":2568,"province":"กำแพงเพชร","Province":"กำแพงเพชร","__province":"กำแพงเพชร","district":"คลองขลุง","Amphoe":"คลองขลุง","__district":"คลองขลุง","subdistrict":"วังยาง","Tambon":"วังยาง","__subdistrict":"วังยาง","village":"บ้านน้อย","BaanN":"บ้านน้อย","__village":"บ้านน้อย","land_type":"พื้นที่เกษตร","LandType":"พื้นที่เกษตร","plant_type":"อ้อย","PlantType":"อ้อย","crop_type":"อ้อย","crop_type_raw":"อ้อย","__crop":"อ้อย","__plant_type":"อ้อย","confidence":"","source":"NASA FIRMS VIIRS","source_file":"HOTSPOT Viirs 1 ม.ค - 31 พ.ค. 68 (รวม).xlsx","filter_rule":"Province=กำแพงเพชร; LandType=พื้นที่เกษตร; PlantType in allowed list; hierarchy uses Province→Amphoe→Tambon→BaanN from source table","latitude":16.22069,"longitude":99.77377,"month":4,"day":23,"responsibility_code":"5.0","landuse_code":"A203","utm_zone":"47.0","utm_e":"582697.523","utm_n":"1793503.116"},"geometry":{"type":"Point","coordinates":[99.77377,16.22069]}},{"type":"Feature","properties":{"hs_id":"VI1202504230557w4yu77prqq","hsID":"VI1202504230557w4yu77prqq","acq_date":"2025-04-23","Date":"2025-04-23","acq_time":"1257.0","year_be":2568,"season_be":2568,"dataset_year_be":2568,"province":"กำแพงเพชร","Province":"กำแพงเพชร","__province":"กำแพงเพชร","district":"คลองขลุง","Amphoe":"คลองขลุง","__district":"คลองขลุง","subdistrict":"วังไทร","Tambon":"วังไทร","__subdistrict":"วังไทร","village":"บ้านใหม่","BaanN":"บ้านใหม่","__village":"บ้านใหม่","land_type":"พื้นที่เกษตร","LandType":"พื้นที่เกษตร","plant_type":"นาข้าว","PlantType":"นาข้าว","crop_type":"นาข้าว","crop_type_raw":"นาข้าว","__crop":"นาข้าว","__plant_type":"นาข้าว","confidence":"","source":"NASA FIRMS VIIRS","source_file":"HOTSPOT Viirs 1 ม.ค - 31 พ.ค. 68 (รวม).xlsx","filter_rule":"Province=กำแพงเพชร; LandType=พื้นที่เกษตร; PlantType in allowed list; hierarchy uses Province→Amphoe→Tambon→BaanN from source table","latitude":16.23358,"longitude":99.64524,"month":4,"day":23,"responsibility_code":"5.0","landuse_code":"A101","utm_zone":"47.0","utm_e":"568955.707","utm_n":"1794881.522"},"geometry":{"type":"Point","coordinates":[99.64524,16.23358]}},{"type":"Feature","properties":{"hs_id":"VI1202504230557w4yuszq1j1","hsID":"VI1202504230557w4yuszq1j1","acq_date":"2025-04-23","Date":"2025-04-23","acq_time":"1257.0","year_be":2568,"season_be":2568,"dataset_year_be":2568,"province":"กำแพงเพชร","Province":"กำแพงเพชร","__province":"กำแพงเพชร","district":"คลองขลุง","Amphoe":"คลองขลุง","__district":"คลองขลุง","subdistrict":"วังบัว","Tambon":"วังบัว","__subdistrict":"วังบัว","village":"บ้านวังบัว","BaanN":"บ้านวังบัว","__village":"บ้านวังบัว","land_type":"พื้นที่เกษตร","LandType":"พื้นที่เกษตร","plant_type":"นาข้าว","PlantType":"นาข้าว","crop_type":"นาข้าว","crop_type_raw":"นาข้าว","__crop":"นาข้าว","__plant_type":"นาข้าว","confidence":"","source":"NASA FIRMS VIIRS","source_file":"HOTSPOT Viirs 1 ม.ค - 31 พ.ค. 68 (รวม).xlsx","filter_rule":"Province=กำแพงเพชร; LandType=พื้นที่เกษตร; PlantType in allowed list; hierarchy uses Province→Amphoe→Tambon→BaanN from source table","latitude":16.29977,"longitude":99.70939,"month":4,"day":23,"responsibility_code":"5.0","landuse_code":"A101","utm_zone":"47.0","utm_e":"575786.198","utm_n":"1802226.408"},"geometry":{"type":"Point","coordinates":[99.70939,16.29977]}},{"type":"Feature","properties":{"hs_id":"VI1202504230557w4yuupcvth","hsID":"VI1202504230557w4yuupcvth","acq_date":"2025-04-23","Date":"2025-04-23","acq_time":"1257.0","year_be":2568,"season_be":2568,"dataset_year_be":2568,"province":"กำแพงเพชร","Province":"กำแพงเพชร","__province":"กำแพงเพชร","district":"เมืองกำแพงเพชร","Amphoe":"เมืองกำแพงเพชร","__district":"เมืองกำแพงเพชร","subdistrict":"คณฑี","Tambon":"คณฑี","__subdistrict":"คณฑี","village":"บ้านเกาะธำมรงค์","BaanN":"บ้านเกาะธำมรงค์","__village":"บ้านเกาะธำมรงค์","land_type":"พื้นที่เกษตร","LandType":"พื้นที่เกษตร","plant_type":"อ้อย","PlantType":"อ้อย","crop_type":"อ้อย","crop_type_raw":"อ้อย","__crop":"อ้อย","__plant_type":"อ้อย","confidence":"","source":"NASA FIRMS VIIRS","source_file":"HOTSPOT Viirs 1 ม.ค - 31 พ.ค. 68 (รวม).xlsx","filter_rule":"Province=กำแพงเพชร; LandType=พื้นที่เกษตร; PlantType in allowed list; hierarchy uses Province→Amphoe→Tambon→BaanN from source table","latitude":16.34725,"longitude":99.67059,"month":4,"day":23,"responsibility_code":"5.0","landuse_code":"A203","utm_zone":"47.0","utm_e":"571623.637","utm_n":"1807464.834"},"geometry":{"type":"Point","coordinates":[99.67059,16.34725]}},{"type":"Feature","properties":{"hs_id":"VI1202504230559w4yv6xqu76","hsID":"VI1202504230559w4yv6xqu76","acq_date":"2025-04-23","Date":"2025-04-23","acq_time":"1259.0","year_be":2568,"season_be":2568,"dataset_year_be":2568,"province":"กำแพงเพชร","Province":"กำแพงเพชร","__province":"กำแพงเพชร","district":"เมืองกำแพงเพชร","Amphoe":"เมืองกำแพงเพชร","__district":"เมืองกำแพงเพชร","subdistrict":"เทพนคร","Tambon":"เทพนคร","__subdistrict":"เทพนคร","village":"บ้านไทรย้อย","BaanN":"บ้านไทรย้อย","__village":"บ้านไทรย้อย","land_type":"พื้นที่เกษตร","LandType":"พื้นที่เกษตร","plant_type":"นาข้าว","PlantType":"นาข้าว","crop_type":"นาข้าว","crop_type_raw":"นาข้าว","__crop":"นาข้าว","__plant_type":"นาข้าว","confidence":"","source":"NASA FIRMS VIIRS","source_file":"HOTSPOT Viirs 1 ม.ค - 31 พ.ค. 68 (รวม).xlsx","filter_rule":"Province=กำแพงเพชร; LandType=พื้นที่เกษตร; PlantType in allowed list; hierarchy uses Province→Amphoe→Tambon→BaanN from source table","latitude":16.43217,"longitude":99.61147,"month":4,"day":23,"responsibility_code":"5.0","landuse_code":"A101","utm_zone":"47.0","utm_e":"565280.71","utm_n":"1816839.122"},"geometry":{"type":"Point","coordinates":[99.61147,16.43217]}},{"type":"Feature","properties":{"hs_id":"VI1202504230559w4yyfcnj1s","hsID":"VI1202504230559w4yyfcnj1s","acq_date":"2025-04-23","Date":"2025-04-23","acq_time":"1259.0","year_be":2568,"season_be":2568,"dataset_year_be":2568,"province":"กำแพงเพชร","Province":"กำแพงเพชร","__province":"กำแพงเพชร","district":"พรานกระต่าย","Amphoe":"พรานกระต่าย","__district":"พรานกระต่าย","subdistrict":"ถ้ำกระต่ายทอง","Tambon":"ถ้ำกระต่ายทอง","__subdistrict":"ถ้ำกระต่ายทอง","village":"บ้านนาทอง","BaanN":"บ้านนาทอง","__village":"บ้านนาทอง","land_type":"พื้นที่เกษตร","LandType":"พื้นที่เกษตร","plant_type":"นาข้าว","PlantType":"นาข้าว","crop_type":"นาข้าว","crop_type_raw":"นาข้าว","__crop":"นาข้าว","__plant_type":"นาข้าว","confidence":"","source":"NASA FIRMS VIIRS","source_file":"HOTSPOT Viirs 1 ม.ค - 31 พ.ค. 68 (รวม).xlsx","filter_rule":"Province=กำแพงเพชร; LandType=พื้นที่เกษตร; PlantType in allowed list; hierarchy uses Province→Amphoe→Tambon→BaanN from source table","latitude":16.66165,"longitude":99.62135,"month":4,"day":23,"responsibility_code":"5.0","landuse_code":"A101","utm_zone":"47.0","utm_e":"566257.126","utm_n":"1842228.699"},"geometry":{"type":"Point","coordinates":[99.62135,16.66165]}},{"type":"Feature","properties":{"hs_id":"VI1202504230559w4yyffj5yu","hsID":"VI1202504230559w4yyffj5yu","acq_date":"2025-04-23","Date":"2025-04-23","acq_time":"1259.0","year_be":2568,"season_be":2568,"dataset_year_be":2568,"province":"กำแพงเพชร","Province":"กำแพงเพชร","__province":"กำแพงเพชร","district":"พรานกระต่าย","Amphoe":"พรานกระต่าย","__district":"พรานกระต่าย","subdistrict":"ถ้ำกระต่ายทอง","Tambon":"ถ้ำกระต่ายทอง","__subdistrict":"ถ้ำกระต่ายทอง","village":"บ้านนาทอง","BaanN":"บ้านนาทอง","__village":"บ้านนาทอง","land_type":"พื้นที่เกษตร","LandType":"พื้นที่เกษตร","plant_type":"นาข้าว","PlantType":"นาข้าว","crop_type":"นาข้าว","crop_type_raw":"นาข้าว","__crop":"นาข้าว","__plant_type":"นาข้าว","confidence":"","source":"NASA FIRMS VIIRS","source_file":"HOTSPOT Viirs 1 ม.ค - 31 พ.ค. 68 (รวม).xlsx","filter_rule":"Province=กำแพงเพชร; LandType=พื้นที่เกษตร; PlantType in allowed list; hierarchy uses Province→Amphoe→Tambon→BaanN from source table","latitude":16.66693,"longitude":99.6202,"month":4,"day":23,"responsibility_code":"5.0","landuse_code":"A101","utm_zone":"47.0","utm_e":"566132.68","utm_n":"1842812.428"},"geometry":{"type":"Point","coordinates":[99.6202,16.66693]}},{"type":"Feature","properties":{"hs_id":"VI1202504230559w4yzh5p2hv","hsID":"VI1202504230559w4yzh5p2hv","acq_date":"2025-04-23","Date":"2025-04-23","acq_time":"1259.0","year_be":2568,"season_be":2568,"dataset_year_be":2568,"province":"กำแพงเพชร","Province":"กำแพงเพชร","__province":"กำแพงเพชร","district":"พรานกระต่าย","Amphoe":"พรานกระต่าย","__district":"พรานกระต่าย","subdistrict":"วังตะแบก","Tambon":"วังตะแบก","__subdistrict":"วังตะแบก","village":"บ้านวังมะค่า","BaanN":"บ้านวังมะค่า","__village":"บ้านวังมะค่า","land_type":"พื้นที่เกษตร","LandType":"พื้นที่เกษตร","plant_type":"นาข้าว","PlantType":"นาข้าว","crop_type":"นาข้าว","crop_type_raw":"นาข้าว","__crop":"นาข้าว","__plant_type":"นาข้าว","confidence":"","source":"NASA FIRMS VIIRS","source_file":"HOTSPOT Viirs 1 ม.ค - 31 พ.ค. 68 (รวม).xlsx","filter_rule":"Province=กำแพงเพชร; LandType=พื้นที่เกษตร; PlantType in allowed list; hierarchy uses Province→Amphoe→Tambon→BaanN from source table","latitude":16.71573,"longitude":99.67813,"month":4,"day":23,"responsibility_code":"5.0","landuse_code":"A101","utm_zone":"47.0","utm_e":"572291.705","utm_n":"1848231.158"},"geometry":{"type":"Point","coordinates":[99.67813,16.71573]}},{"type":"Feature","properties":{"hs_id":"VI1202504240540w4yut84vny","hsID":"VI1202504240540w4yut84vny","acq_date":"2025-04-24","Date":"2025-04-24","acq_time":"1240.0","year_be":2568,"season_be":2568,"dataset_year_be":2568,"province":"กำแพงเพชร","Province":"กำแพงเพชร","__province":"กำแพงเพชร","district":"คลองขลุง","Amphoe":"คลองขลุง","__district":"คลองขลุง","subdistrict":"ท่ามะเขือ","Tambon":"ท่ามะเขือ","__subdistrict":"ท่ามะเขือ","village":"บ้านดงประดา","BaanN":"บ้านดงประดา","__village":"บ้านดงประดา","land_type":"พื้นที่เกษตร","LandType":"พื้นที่เกษตร","plant_type":"นาข้าว","PlantType":"นาข้าว","crop_type":"นาข้าว","crop_type_raw":"นาข้าว","__crop":"นาข้าว","__plant_type":"นาข้าว","confidence":"","source":"NASA FIRMS VIIRS","source_file":"HOTSPOT Viirs 1 ม.ค - 31 พ.ค. 68 (รวม).xlsx","filter_rule":"Province=กำแพงเพชร; LandType=พื้นที่เกษตร; PlantType in allowed list; hierarchy uses Province→Amphoe→Tambon→BaanN from source table","latitude":16.26066,"longitude":99.73796,"month":4,"day":24,"responsibility_code":"5.0","landuse_code":"A101","utm_zone":"47.0","utm_e":"578854.177","utm_n":"1797910.68"},"geometry":{"type":"Point","coordinates":[99.73796,16.26066]}},{"type":"Feature","properties":{"hs_id":"VI1202504240540w4yut95eb7","hsID":"VI1202504240540w4yut95eb7","acq_date":"2025-04-24","Date":"2025-04-24","acq_time":"1240.0","year_be":2568,"season_be":2568,"dataset_year_be":2568,"province":"กำแพงเพชร","Province":"กำแพงเพชร","__province":"กำแพงเพชร","district":"คลองขลุง","Amphoe":"คลองขลุง","__district":"คลองขลุง","subdistrict":"ท่ามะเขือ","Tambon":"ท่ามะเขือ","__subdistrict":"ท่ามะเขือ","village":"บ้านโนนมะกอก","BaanN":"บ้านโนนมะกอก","__village":"บ้านโนนมะกอก","land_type":"พื้นที่เกษตร","LandType":"พื้นที่เกษตร","plant_type":"อ้อย","PlantType":"อ้อย","crop_type":"อ้อย","crop_type_raw":"อ้อย","__crop":"อ้อย","__plant_type":"อ้อย","confidence":"","source":"NASA FIRMS VIIRS","source_file":"HOTSPOT Viirs 1 ม.ค - 31 พ.ค. 68 (รวม).xlsx","filter_rule":"Province=กำแพงเพชร; LandType=พื้นที่เกษตร; PlantType in allowed list; hierarchy uses Province→Amphoe→Tambon→BaanN from source table","latitude":16.26592,"longitude":99.73871,"month":4,"day":24,"responsibility_code":"5.0","landuse_code":"A203","utm_zone":"47.0","utm_e":"578932.221","utm_n":"1798492.857"},"geometry":{"type":"Point","coordinates":[99.73871,16.26592]}},{"type":"Feature","properties":{"hs_id":"VI1202504240720w4yv613bh0","hsID":"VI1202504240720w4yv613bh0","acq_date":"2025-04-24","Date":"2025-04-24","acq_time":"1420.0","year_be":2568,"season_be":2568,"dataset_year_be":2568,"province":"กำแพงเพชร","Province":"กำแพงเพชร","__province":"กำแพงเพชร","district":"เมืองกำแพงเพชร","Amphoe":"เมืองกำแพงเพชร","__district":"เมืองกำแพงเพชร","subdistrict":"เทพนคร","Tambon":"เทพนคร","__subdistrict":"เทพนคร","village":"บ้านเทพนคร","BaanN":"บ้านเทพนคร","__village":"บ้านเทพนคร","land_type":"พื้นที่เกษตร","LandType":"พื้นที่เกษตร","plant_type":"นาข้าว","PlantType":"นาข้าว","crop_type":"นาข้าว","crop_type_raw":"นาข้าว","__crop":"นาข้าว","__plant_type":"นาข้าว","confidence":"","source":"NASA FIRMS VIIRS","source_file":"HOTSPOT Viirs 1 ม.ค - 31 พ.ค. 68 (รวม).xlsx","filter_rule":"Province=กำแพงเพชร; LandType=พื้นที่เกษตร; PlantType in allowed list; hierarchy uses Province→Amphoe→Tambon→BaanN from source table","latitude":16.39847,"longitude":99.58266,"month":4,"day":24,"responsibility_code":"5.0","landuse_code":"A101","utm_zone":"47.0","utm_e":"562215.568","utm_n":"1813102.04"},"geometry":{"type":"Point","coordinates":[99.58266,16.39847]}},{"type":"Feature","properties":{"hs_id":"VI1202504250701w4ygpmczg1","hsID":"VI1202504250701w4ygpmczg1","acq_date":"2025-04-25","Date":"2025-04-25","acq_time":"1401.0","year_be":2568,"season_be":2568,"dataset_year_be":2568,"province":"กำแพงเพชร","Province":"กำแพงเพชร","__province":"กำแพงเพชร","district":"ขาณุวรลักษบุรี","Amphoe":"ขาณุวรลักษบุรี","__district":"ขาณุวรลักษบุรี","subdistrict":"แสนตอ","Tambon":"แสนตอ","__subdistrict":"แสนตอ","village":"บ้านหนองเหมือดเหนือ","BaanN":"บ้านหนองเหมือดเหนือ","__village":"บ้านหนองเหมือดเหนือ","land_type":"พื้นที่เกษตร","LandType":"พื้นที่เกษตร","plant_type":"นาข้าว","PlantType":"นาข้าว","crop_type":"นาข้าว","crop_type_raw":"นาข้าว","__crop":"นาข้าว","__plant_type":"นาข้าว","confidence":"","source":"NASA FIRMS VIIRS","source_file":"HOTSPOT Viirs 1 ม.ค - 31 พ.ค. 68 (รวม).xlsx","filter_rule":"Province=กำแพงเพชร; LandType=พื้นที่เกษตร; PlantType in allowed list; hierarchy uses Province→Amphoe→Tambon→BaanN from source table","latitude":16.02902,"longitude":99.81333,"month":4,"day":25,"responsibility_code":"5.0","landuse_code":"A101","utm_zone":"47.0","utm_e":"587009.377","utm_n":"1772315.943"},"geometry":{"type":"Point","coordinates":[99.81333,16.02902]}},{"type":"Feature","properties":{"hs_id":"VI1202504250701w4z583wy5y","hsID":"VI1202504250701w4z583wy5y","acq_date":"2025-04-25","Date":"2025-04-25","acq_time":"1401.0","year_be":2568,"season_be":2568,"dataset_year_be":2568,"province":"กำแพงเพชร","Province":"กำแพงเพชร","__province":"กำแพงเพชร","district":"ขาณุวรลักษบุรี","Amphoe":"ขาณุวรลักษบุรี","__district":"ขาณุวรลักษบุรี","subdistrict":"ยางสูง","Tambon":"ยางสูง","__subdistrict":"ยางสูง","village":"บ้านวังวน, บ้านคลองวน","BaanN":"บ้านวังวน, บ้านคลองวน","__village":"บ้านวังวน, บ้านคลองวน","land_type":"พื้นที่เกษตร","LandType":"พื้นที่เกษตร","plant_type":"นาข้าว","PlantType":"นาข้าว","crop_type":"นาข้าว","crop_type_raw":"นาข้าว","__crop":"นาข้าว","__plant_type":"นาข้าว","confidence":"","source":"NASA FIRMS VIIRS","source_file":"HOTSPOT Viirs 1 ม.ค - 31 พ.ค. 68 (รวม).xlsx","filter_rule":"Province=กำแพงเพชร; LandType=พื้นที่เกษตร; PlantType in allowed list; hierarchy uses Province→Amphoe→Tambon→BaanN from source table","latitude":16.09329,"longitude":99.86417,"month":4,"day":25,"responsibility_code":"5.0","landuse_code":"A101","utm_zone":"47.0","utm_e":"592418.87","utm_n":"1779447.85"},"geometry":{"type":"Point","coordinates":[99.86417,16.09329]}},{"type":"Feature","properties":{"hs_id":"VI1202504250701w4yvh6x8mz","hsID":"VI1202504250701w4yvh6x8mz","acq_date":"2025-04-25","Date":"2025-04-25","acq_time":"1401.0","year_be":2568,"season_be":2568,"dataset_year_be":2568,"province":"กำแพงเพชร","Province":"กำแพงเพชร","__province":"กำแพงเพชร","district":"เมืองกำแพงเพชร","Amphoe":"เมืองกำแพงเพชร","__district":"เมืองกำแพงเพชร","subdistrict":"คณฑี","Tambon":"คณฑี","__subdistrict":"คณฑี","village":"บ้านโพธิ์พัฒนา","BaanN":"บ้านโพธิ์พัฒนา","__village":"บ้านโพธิ์พัฒนา","land_type":"พื้นที่เกษตร","LandType":"พื้นที่เกษตร","plant_type":"นาข้าว","PlantType":"นาข้าว","crop_type":"นาข้าว","crop_type_raw":"นาข้าว","__crop":"นาข้าว","__plant_type":"นาข้าว","confidence":"","source":"NASA FIRMS VIIRS","source_file":"HOTSPOT Viirs 1 ม.ค - 31 พ.ค. 68 (รวม).xlsx","filter_rule":"Province=กำแพงเพชร; LandType=พื้นที่เกษตร; PlantType in allowed list; hierarchy uses Province→Amphoe→Tambon→BaanN from source table","latitude":16.36147,"longitude":99.68951,"month":4,"day":25,"responsibility_code":"5.0","landuse_code":"A101","utm_zone":"47.0","utm_e":"573639.174","utm_n":"1809044.671"},"geometry":{"type":"Point","coordinates":[99.68951,16.36147]}},{"type":"Feature","properties":{"hs_id":"VI1202504250701w4yv5ydmcd","hsID":"VI1202504250701w4yv5ydmcd","acq_date":"2025-04-25","Date":"2025-04-25","acq_time":"1401.0","year_be":2568,"season_be":2568,"dataset_year_be":2568,"province":"กำแพงเพชร","Province":"กำแพงเพชร","__province":"กำแพงเพชร","district":"เมืองกำแพงเพชร","Amphoe":"เมืองกำแพงเพชร","__district":"เมืองกำแพงเพชร","subdistrict":"คณฑี","Tambon":"คณฑี","__subdistrict":"คณฑี","village":"บ้านโพธิ์อำนวย","BaanN":"บ้านโพธิ์อำนวย","__village":"บ้านโพธิ์อำนวย","land_type":"พื้นที่เกษตร","LandType":"พื้นที่เกษตร","plant_type":"นาข้าว","PlantType":"นาข้าว","crop_type":"นาข้าว","crop_type_raw":"นาข้าว","__crop":"นาข้าว","__plant_type":"นาข้าว","confidence":"","source":"NASA FIRMS VIIRS","source_file":"HOTSPOT Viirs 1 ม.ค - 31 พ.ค. 68 (รวม).xlsx","filter_rule":"Province=กำแพงเพชร; LandType=พื้นที่เกษตร; PlantType in allowed list; hierarchy uses Province→Amphoe→Tambon→BaanN from source table","latitude":16.38436,"longitude":99.66014,"month":4,"day":25,"responsibility_code":"5.0","landuse_code":"A101","utm_zone":"47.0","utm_e":"570494.135","utm_n":"1811566.458"},"geometry":{"type":"Point","coordinates":[99.66014,16.38436]}},{"type":"Feature","properties":{"hs_id":"VI1202504250701w4yv5yf8g5","hsID":"VI1202504250701w4yv5yf8g5","acq_date":"2025-04-25","Date":"2025-04-25","acq_time":"1401.0","year_be":2568,"season_be":2568,"dataset_year_be":2568,"province":"กำแพงเพชร","Province":"กำแพงเพชร","__province":"กำแพงเพชร","district":"เมืองกำแพงเพชร","Amphoe":"เมืองกำแพงเพชร","__district":"เมืองกำแพงเพชร","subdistrict":"คณฑี","Tambon":"คณฑี","__subdistrict":"คณฑี","village":"บ้านโพธิ์อำนวย","BaanN":"บ้านโพธิ์อำนวย","__village":"บ้านโพธิ์อำนวย","land_type":"พื้นที่เกษตร","LandType":"พื้นที่เกษตร","plant_type":"นาข้าว","PlantType":"นาข้าว","crop_type":"นาข้าว","crop_type_raw":"นาข้าว","__crop":"นาข้าว","__plant_type":"นาข้าว","confidence":"","source":"NASA FIRMS VIIRS","source_file":"HOTSPOT Viirs 1 ม.ค - 31 พ.ค. 68 (รวม).xlsx","filter_rule":"Province=กำแพงเพชร; LandType=พื้นที่เกษตร; PlantType in allowed list; hierarchy uses Province→Amphoe→Tambon→BaanN from source table","latitude":16.38488,"longitude":99.66055,"month":4,"day":25,"responsibility_code":"5.0","landuse_code":"A101","utm_zone":"47.0","utm_e":"570537.732","utm_n":"1811624.125"},"geometry":{"type":"Point","coordinates":[99.66055,16.38488]}},{"type":"Feature","properties":{"hs_id":"VI1202504250701w4yvdfdy4j","hsID":"VI1202504250701w4yvdfdy4j","acq_date":"2025-04-25","Date":"2025-04-25","acq_time":"1401.0","year_be":2568,"season_be":2568,"dataset_year_be":2568,"province":"กำแพงเพชร","Province":"กำแพงเพชร","__province":"กำแพงเพชร","district":"เมืองกำแพงเพชร","Amphoe":"เมืองกำแพงเพชร","__district":"เมืองกำแพงเพชร","subdistrict":"เทพนคร","Tambon":"เทพนคร","__subdistrict":"เทพนคร","village":"บ้านตลกแรด","BaanN":"บ้านตลกแรด","__village":"บ้านตลกแรด","land_type":"พื้นที่เกษตร","LandType":"พื้นที่เกษตร","plant_type":"นาข้าว","PlantType":"นาข้าว","crop_type":"นาข้าว","crop_type_raw":"นาข้าว","__crop":"นาข้าว","__plant_type":"นาข้าว","confidence":"","source":"NASA FIRMS VIIRS","source_file":"HOTSPOT Viirs 1 ม.ค - 31 พ.ค. 68 (รวม).xlsx","filter_rule":"Province=กำแพงเพชร; LandType=พื้นที่เกษตร; PlantType in allowed list; hierarchy uses Province→Amphoe→Tambon→BaanN from source table","latitude":16.45034,"longitude":99.61691,"month":4,"day":25,"responsibility_code":"5.0","landuse_code":"A101","utm_zone":"47.0","utm_e":"565855.379","utm_n":"1818850.929"},"geometry":{"type":"Point","coordinates":[99.61691,16.45034]}},{"type":"Feature","properties":{"hs_id":"VI1202504250701w4yvwsu6dx","hsID":"VI1202504250701w4yvwsu6dx","acq_date":"2025-04-25","Date":"2025-04-25","acq_time":"1401.0","year_be":2568,"season_be":2568,"dataset_year_be":2568,"province":"กำแพงเพชร","Province":"กำแพงเพชร","__province":"กำแพงเพชร","district":"ไทรงาม","Amphoe":"ไทรงาม","__district":"ไทรงาม","subdistrict":"หนองคล้า","Tambon":"หนองคล้า","__subdistrict":"หนองคล้า","village":"บ้านแม่บัว","BaanN":"บ้านแม่บัว","__village":"บ้านแม่บัว","land_type":"พื้นที่เกษตร","LandType":"พื้นที่เกษตร","plant_type":"นาข้าว","PlantType":"นาข้าว","crop_type":"นาข้าว","crop_type_raw":"นาข้าว","__crop":"นาข้าว","__plant_type":"นาข้าว","confidence":"","source":"NASA FIRMS VIIRS","source_file":"HOTSPOT Viirs 1 ม.ค - 31 พ.ค. 68 (รวม).xlsx","filter_rule":"Province=กำแพงเพชร; LandType=พื้นที่เกษตร; PlantType in allowed list; hierarchy uses Province→Amphoe→Tambon→BaanN from source table","latitude":16.46211,"longitude":99.78378,"month":4,"day":25,"responsibility_code":"5.0","landuse_code":"A101","utm_zone":"47.0","utm_e":"583664.609","utm_n":"1820214.686"},"geometry":{"type":"Point","coordinates":[99.78378,16.46211]}},{"type":"Feature","properties":{"hs_id":"VI1202504250701w4yvwt89nx","hsID":"VI1202504250701w4yvwt89nx","acq_date":"2025-04-25","Date":"2025-04-25","acq_time":"1401.0","year_be":2568,"season_be":2568,"dataset_year_be":2568,"province":"กำแพงเพชร","Province":"กำแพงเพชร","__province":"กำแพงเพชร","district":"ไทรงาม","Amphoe":"ไทรงาม","__district":"ไทรงาม","subdistrict":"หนองคล้า","Tambon":"หนองคล้า","__subdistrict":"หนองคล้า","village":"บ้านแม่บัว","BaanN":"บ้านแม่บัว","__village":"บ้านแม่บัว","land_type":"พื้นที่เกษตร","LandType":"พื้นที่เกษตร","plant_type":"นาข้าว","PlantType":"นาข้าว","crop_type":"นาข้าว","crop_type_raw":"นาข้าว","__crop":"นาข้าว","__plant_type":"นาข้าว","confidence":"","source":"NASA FIRMS VIIRS","source_file":"HOTSPOT Viirs 1 ม.ค - 31 พ.ค. 68 (รวม).xlsx","filter_rule":"Province=กำแพงเพชร; LandType=พื้นที่เกษตร; PlantType in allowed list; hierarchy uses Province→Amphoe→Tambon→BaanN from source table","latitude":16.46597,"longitude":99.7788,"month":4,"day":25,"responsibility_code":"5.0","landuse_code":"A101","utm_zone":"47.0","utm_e":"583131.346","utm_n":"1820639.655"},"geometry":{"type":"Point","coordinates":[99.7788,16.46597]}},{"type":"Feature","properties":{"hs_id":"VI1202504260644w4ygpbh3uq","hsID":"VI1202504260644w4ygpbh3uq","acq_date":"2025-04-26","Date":"2025-04-26","acq_time":"1344.0","year_be":2568,"season_be":2568,"dataset_year_be":2568,"province":"กำแพงเพชร","Province":"กำแพงเพชร","__province":"กำแพงเพชร","district":"ขาณุวรลักษบุรี","Amphoe":"ขาณุวรลักษบุรี","__district":"ขาณุวรลักษบุรี","subdistrict":"สลกบาตร","Tambon":"สลกบาตร","__subdistrict":"สลกบาตร","village":"บ้านวังสลักพระ","BaanN":"บ้านวังสลักพระ","__village":"บ้านวังสลักพระ","land_type":"พื้นที่เกษตร","LandType":"พื้นที่เกษตร","plant_type":"นาข้าว","PlantType":"นาข้าว","crop_type":"นาข้าว","crop_type_raw":"นาข้าว","__crop":"นาข้าว","__plant_type":"นาข้าว","confidence":"","source":"NASA FIRMS VIIRS","source_file":"HOTSPOT Viirs 1 ม.ค - 31 พ.ค. 68 (รวม).xlsx","filter_rule":"Province=กำแพงเพชร; LandType=พื้นที่เกษตร; PlantType in allowed list; hierarchy uses Province→Amphoe→Tambon→BaanN from source table","latitude":15.99643,"longitude":99.83879,"month":4,"day":26,"responsibility_code":"5.0","landuse_code":"A101","utm_zone":"47.0","utm_e":"589747.791","utm_n":"1768721.529"},"geometry":{"type":"Point","coordinates":[99.83879,15.99643]}},{"type":"Feature","properties":{"hs_id":"VI1202504260644w4ygsbq7dk","hsID":"VI1202504260644w4ygsbq7dk","acq_date":"2025-04-26","Date":"2025-04-26","acq_time":"1344.0","year_be":2568,"season_be":2568,"dataset_year_be":2568,"province":"กำแพงเพชร","Province":"กำแพงเพชร","__province":"กำแพงเพชร","district":"ขาณุวรลักษบุรี","Amphoe":"ขาณุวรลักษบุรี","__district":"ขาณุวรลักษบุรี","subdistrict":"โค้งไผ่","Tambon":"โค้งไผ่","__subdistrict":"โค้งไผ่","village":"บ้านหนองโมก","BaanN":"บ้านหนองโมก","__village":"บ้านหนองโมก","land_type":"พื้นที่เกษตร","LandType":"พื้นที่เกษตร","plant_type":"นาข้าว","PlantType":"นาข้าว","crop_type":"นาข้าว","crop_type_raw":"นาข้าว","__crop":"นาข้าว","__plant_type":"นาข้าว","confidence":"","source":"NASA FIRMS VIIRS","source_file":"HOTSPOT Viirs 1 ม.ค - 31 พ.ค. 68 (รวม).xlsx","filter_rule":"Province=กำแพงเพชร; LandType=พื้นที่เกษตร; PlantType in allowed list; hierarchy uses Province→Amphoe→Tambon→BaanN from source table","latitude":16.08598,"longitude":99.70961,"month":4,"day":26,"responsibility_code":"5.0","landuse_code":"A101","utm_zone":"47.0","utm_e":"575891.39","utm_n":"1778576.263"},"geometry":{"type":"Point","coordinates":[99.70961,16.08598]}},{"type":"Feature","properties":{"hs_id":"VI1202504260644w4ygtr4gu5","hsID":"VI1202504260644w4ygtr4gu5","acq_date":"2025-04-26","Date":"2025-04-26","acq_time":"1344.0","year_be":2568,"season_be":2568,"dataset_year_be":2568,"province":"กำแพงเพชร","Province":"กำแพงเพชร","__province":"กำแพงเพชร","district":"ขาณุวรลักษบุรี","Amphoe":"ขาณุวรลักษบุรี","__district":"ขาณุวรลักษบุรี","subdistrict":"โค้งไผ่","Tambon":"โค้งไผ่","__subdistrict":"โค้งไผ่","village":"บ้านคลองน้ำเย็น","BaanN":"บ้านคลองน้ำเย็น","__village":"บ้านคลองน้ำเย็น","land_type":"พื้นที่เกษตร","LandType":"พื้นที่เกษตร","plant_type":"นาข้าว","PlantType":"นาข้าว","crop_type":"นาข้าว","crop_type_raw":"นาข้าว","__crop":"นาข้าว","__plant_type":"นาข้าว","confidence":"","source":"NASA FIRMS VIIRS","source_file":"HOTSPOT Viirs 1 ม.ค - 31 พ.ค. 68 (รวม).xlsx","filter_rule":"Province=กำแพงเพชร; LandType=พื้นที่เกษตร; PlantType in allowed list; hierarchy uses Province→Amphoe→Tambon→BaanN from source table","latitude":16.1231,"longitude":99.72685,"month":4,"day":26,"responsibility_code":"5.0","landuse_code":"A101","utm_zone":"47.0","utm_e":"577720.807","utm_n":"1782688.997"},"geometry":{"type":"Point","coordinates":[99.72685,16.1231]}},{"type":"Feature","properties":{"hs_id":"VI1202504260644w4ygtrjx58","hsID":"VI1202504260644w4ygtrjx58","acq_date":"2025-04-26","Date":"2025-04-26","acq_time":"1344.0","year_be":2568,"season_be":2568,"dataset_year_be":2568,"province":"กำแพงเพชร","Province":"กำแพงเพชร","__province":"กำแพงเพชร","district":"ขาณุวรลักษบุรี","Amphoe":"ขาณุวรลักษบุรี","__district":"ขาณุวรลักษบุรี","subdistrict":"โค้งไผ่","Tambon":"โค้งไผ่","__subdistrict":"โค้งไผ่","village":"บ้านคลองน้ำเย็น","BaanN":"บ้านคลองน้ำเย็น","__village":"บ้านคลองน้ำเย็น","land_type":"พื้นที่เกษตร","LandType":"พื้นที่เกษตร","plant_type":"นาข้าว","PlantType":"นาข้าว","crop_type":"นาข้าว","crop_type_raw":"นาข้าว","__crop":"นาข้าว","__plant_type":"นาข้าว","confidence":"","source":"NASA FIRMS VIIRS","source_file":"HOTSPOT Viirs 1 ม.ค - 31 พ.ค. 68 (รวม).xlsx","filter_rule":"Province=กำแพงเพชร; LandType=พื้นที่เกษตร; PlantType in allowed list; hierarchy uses Province→Amphoe→Tambon→BaanN from source table","latitude":16.12364,"longitude":99.73061,"month":4,"day":26,"responsibility_code":"5.0","landuse_code":"A101","utm_zone":"47.0","utm_e":"578122.664","utm_n":"1782750.153"},"geometry":{"type":"Point","coordinates":[99.73061,16.12364]}},{"type":"Feature","properties":{"hs_id":"VI1202504260644w4yv1x2g38","hsID":"VI1202504260644w4yv1x2g38","acq_date":"2025-04-26","Date":"2025-04-26","acq_time":"1344.0","year_be":2568,"season_be":2568,"dataset_year_be":2568,"province":"กำแพงเพชร","Province":"กำแพงเพชร","__province":"กำแพงเพชร","district":"เมืองกำแพงเพชร","Amphoe":"เมืองกำแพงเพชร","__district":"เมืองกำแพงเพชร","subdistrict":"เทพนคร","Tambon":"เทพนคร","__subdistrict":"เทพนคร","village":"บ้านเทพนคร","BaanN":"บ้านเทพนคร","__village":"บ้านเทพนคร","land_type":"พื้นที่เกษตร","LandType":"พื้นที่เกษตร","plant_type":"นาข้าว","PlantType":"นาข้าว","crop_type":"นาข้าว","crop_type_raw":"นาข้าว","__crop":"นาข้าว","__plant_type":"นาข้าว","confidence":"","source":"NASA FIRMS VIIRS","source_file":"HOTSPOT Viirs 1 ม.ค - 31 พ.ค. 68 (รวม).xlsx","filter_rule":"Province=กำแพงเพชร; LandType=พื้นที่เกษตร; PlantType in allowed list; hierarchy uses Province→Amphoe→Tambon→BaanN from source table","latitude":16.38804,"longitude":99.5592,"month":4,"day":26,"responsibility_code":"5.0","landuse_code":"A101","utm_zone":"47.0","utm_e":"559713.654","utm_n":"1811941.194"},"geometry":{"type":"Point","coordinates":[99.5592,16.38804]}},{"type":"Feature","properties":{"hs_id":"VI1202504260644w4yv1x7w2k","hsID":"VI1202504260644w4yv1x7w2k","acq_date":"2025-04-26","Date":"2025-04-26","acq_time":"1344.0","year_be":2568,"season_be":2568,"dataset_year_be":2568,"province":"กำแพงเพชร","Province":"กำแพงเพชร","__province":"กำแพงเพชร","district":"เมืองกำแพงเพชร","Amphoe":"เมืองกำแพงเพชร","__district":"เมืองกำแพงเพชร","subdistrict":"เทพนคร","Tambon":"เทพนคร","__subdistrict":"เทพนคร","village":"บ้านเทพนคร","BaanN":"บ้านเทพนคร","__village":"บ้านเทพนคร","land_type":"พื้นที่เกษตร","LandType":"พื้นที่เกษตร","plant_type":"นาข้าว","PlantType":"นาข้าว","crop_type":"นาข้าว","crop_type_raw":"นาข้าว","__crop":"นาข้าว","__plant_type":"นาข้าว","confidence":"","source":"NASA FIRMS VIIRS","source_file":"HOTSPOT Viirs 1 ม.ค - 31 พ.ค. 68 (รวม).xlsx","filter_rule":"Province=กำแพงเพชร; LandType=พื้นที่เกษตร; PlantType in allowed list; hierarchy uses Province→Amphoe→Tambon→BaanN from source table","latitude":16.38858,"longitude":99.56293,"month":4,"day":26,"responsibility_code":"5.0","landuse_code":"A101","utm_zone":"47.0","utm_e":"560111.804","utm_n":"1812002.031"},"geometry":{"type":"Point","coordinates":[99.56293,16.38858]}},{"type":"Feature","properties":{"hs_id":"VI1202504260644w4yv6e4ej4","hsID":"VI1202504260644w4yv6e4ej4","acq_date":"2025-04-26","Date":"2025-04-26","acq_time":"1344.0","year_be":2568,"season_be":2568,"dataset_year_be":2568,"province":"กำแพงเพชร","Province":"กำแพงเพชร","__province":"กำแพงเพชร","district":"เมืองกำแพงเพชร","Amphoe":"เมืองกำแพงเพชร","__district":"เมืองกำแพงเพชร","subdistrict":"เทพนคร","Tambon":"เทพนคร","__subdistrict":"เทพนคร","village":"บ้านไทรย้อย","BaanN":"บ้านไทรย้อย","__village":"บ้านไทรย้อย","land_type":"พื้นที่เกษตร","LandType":"พื้นที่เกษตร","plant_type":"นาข้าว","PlantType":"นาข้าว","crop_type":"นาข้าว","crop_type_raw":"นาข้าว","__crop":"นาข้าว","__plant_type":"นาข้าว","confidence":"","source":"NASA FIRMS VIIRS","source_file":"HOTSPOT Viirs 1 ม.ค - 31 พ.ค. 68 (รวม).xlsx","filter_rule":"Province=กำแพงเพชร; LandType=พื้นที่เกษตร; PlantType in allowed list; hierarchy uses Province→Amphoe→Tambon→BaanN from source table","latitude":16.40861,"longitude":99.6057,"month":4,"day":26,"responsibility_code":"5.0","landuse_code":"A101","utm_zone":"47.0","utm_e":"564672.473","utm_n":"1814230.969"},"geometry":{"type":"Point","coordinates":[99.6057,16.40861]}},{"type":"Feature","properties":{"hs_id":"VI1202504260644w4yv3ege3f","hsID":"VI1202504260644w4yv3ege3f","acq_date":"2025-04-26","Date":"2025-04-26","acq_time":"1344.0","year_be":2568,"season_be":2568,"dataset_year_be":2568,"province":"กำแพงเพชร","Province":"กำแพงเพชร","__province":"กำแพงเพชร","district":"เมืองกำแพงเพชร","Amphoe":"เมืองกำแพงเพชร","__district":"เมืองกำแพงเพชร","subdistrict":"เทพนคร","Tambon":"เทพนคร","__subdistrict":"เทพนคร","village":"บ้านวังทองหลาง","BaanN":"บ้านวังทองหลาง","__village":"บ้านวังทองหลาง","land_type":"พื้นที่เกษตร","LandType":"พื้นที่เกษตร","plant_type":"นาข้าว","PlantType":"นาข้าว","crop_type":"นาข้าว","crop_type_raw":"นาข้าว","__crop":"นาข้าว","__plant_type":"นาข้าว","confidence":"","source":"NASA FIRMS VIIRS","source_file":"HOTSPOT Viirs 1 ม.ค - 31 พ.ค. 68 (รวม).xlsx","filter_rule":"Province=กำแพงเพชร; LandType=พื้นที่เกษตร; PlantType in allowed list; hierarchy uses Province→Amphoe→Tambon→BaanN from source table","latitude":16.41277,"longitude":99.56299,"month":4,"day":26,"responsibility_code":"5.0","landuse_code":"A101","utm_zone":"47.0","utm_e":"560110.787","utm_n":"1814678.022"},"geometry":{"type":"Point","coordinates":[99.56299,16.41277]}},{"type":"Feature","properties":{"hs_id":"VI1202504260644w4yvsuej1d","hsID":"VI1202504260644w4yvsuej1d","acq_date":"2025-04-26","Date":"2025-04-26","acq_time":"1344.0","year_be":2568,"season_be":2568,"dataset_year_be":2568,"province":"กำแพงเพชร","Province":"กำแพงเพชร","__province":"กำแพงเพชร","district":"เมืองกำแพงเพชร","Amphoe":"เมืองกำแพงเพชร","__district":"เมืองกำแพงเพชร","subdistrict":"นิคมทุ่งโพธิ์ทะเล","Tambon":"นิคมทุ่งโพธิ์ทะเล","__subdistrict":"นิคมทุ่งโพธิ์ทะเล","village":"บ้านใหม่ศรีอุบล","BaanN":"บ้านใหม่ศรีอุบล","__village":"บ้านใหม่ศรีอุบล","land_type":"พื้นที่เกษตร","LandType":"พื้นที่เกษตร","plant_type":"อ้อย","PlantType":"อ้อย","crop_type":"อ้อย","crop_type_raw":"อ้อย","__crop":"อ้อย","__plant_type":"อ้อย","confidence":"","source":"NASA FIRMS VIIRS","source_file":"HOTSPOT Viirs 1 ม.ค - 31 พ.ค. 68 (รวม).xlsx","filter_rule":"Province=กำแพงเพชร; LandType=พื้นที่เกษตร; PlantType in allowed list; hierarchy uses Province→Amphoe→Tambon→BaanN from source table","latitude":16.46114,"longitude":99.70512,"month":4,"day":26,"responsibility_code":"5.0","landuse_code":"A203","utm_zone":"47.0","utm_e":"575268.042","utm_n":"1820076.459"},"geometry":{"type":"Point","coordinates":[99.70512,16.46114]}},{"type":"Feature","properties":{"hs_id":"VI1202504251934w4ytyrfjk4","hsID":"VI1202504251934w4ytyrfjk4","acq_date":"2025-04-26","Date":"2025-04-26","acq_time":"234.0","year_be":2568,"season_be":2568,"dataset_year_be":2568,"province":"กำแพงเพชร","Province":"กำแพงเพชร","__province":"กำแพงเพชร","district":"เมืองกำแพงเพชร","Amphoe":"เมืองกำแพงเพชร","__district":"เมืองกำแพงเพชร","subdistrict":"ทรงธรรม","Tambon":"ทรงธรรม","__subdistrict":"ทรงธรรม","village":"บ้านมอทรงธรรม","BaanN":"บ้านมอทรงธรรม","__village":"บ้านมอทรงธรรม","land_type":"พื้นที่เกษตร","LandType":"พื้นที่เกษตร","plant_type":"เกษตรอื่น ๆ","PlantType":"เกษตรอื่น ๆ","crop_type":"เกษตรอื่น ๆ","crop_type_raw":"เกษตรอื่น ๆ","__crop":"เกษตรอื่น ๆ","__plant_type":"เกษตรอื่น ๆ","confidence":"","source":"NASA FIRMS VIIRS","source_file":"HOTSPOT Viirs 1 ม.ค - 31 พ.ค. 68 (รวม).xlsx","filter_rule":"Province=กำแพงเพชร; LandType=พื้นที่เกษตร; PlantType in allowed list; hierarchy uses Province→Amphoe→Tambon→BaanN from source table","latitude":16.52298,"longitude":99.41821,"month":4,"day":26,"responsibility_code":"5.0","landuse_code":"A999","utm_zone":"47.0","utm_e":"544627.038","utm_n":"1826832.248"},"geometry":{"type":"Point","coordinates":[99.41821,16.52298]}},{"type":"Feature","properties":{"hs_id":"VI1202504260644w4yyj6ngbq","hsID":"VI1202504260644w4yyj6ngbq","acq_date":"2025-04-26","Date":"2025-04-26","acq_time":"1344.0","year_be":2568,"season_be":2568,"dataset_year_be":2568,"province":"กำแพงเพชร","Province":"กำแพงเพชร","__province":"กำแพงเพชร","district":"พรานกระต่าย","Amphoe":"พรานกระต่าย","__district":"พรานกระต่าย","subdistrict":"เขาคีริส","Tambon":"เขาคีริส","__subdistrict":"เขาคีริส","village":"บ้านหนองขาม","BaanN":"บ้านหนองขาม","__village":"บ้านหนองขาม","land_type":"พื้นที่เกษตร","LandType":"พื้นที่เกษตร","plant_type":"นาข้าว","PlantType":"นาข้าว","crop_type":"นาข้าว","crop_type_raw":"นาข้าว","__crop":"นาข้าว","__plant_type":"นาข้าว","confidence":"","source":"NASA FIRMS VIIRS","source_file":"HOTSPOT Viirs 1 ม.ค - 31 พ.ค. 68 (รวม).xlsx","filter_rule":"Province=กำแพงเพชร; LandType=พื้นที่เกษตร; PlantType in allowed list; hierarchy uses Province→Amphoe→Tambon→BaanN from source table","latitude":16.5351,"longitude":99.73219,"month":4,"day":26,"responsibility_code":"5.0","landuse_code":"A101","utm_zone":"47.0","utm_e":"578128.065","utm_n":"1828268.721"},"geometry":{"type":"Point","coordinates":[99.73219,16.5351]}},{"type":"Feature","properties":{"hs_id":"VI1202504260644w4yyuxshz4","hsID":"VI1202504260644w4yyuxshz4","acq_date":"2025-04-26","Date":"2025-04-26","acq_time":"1344.0","year_be":2568,"season_be":2568,"dataset_year_be":2568,"province":"กำแพงเพชร","Province":"กำแพงเพชร","__province":"กำแพงเพชร","district":"พรานกระต่าย","Amphoe":"พรานกระต่าย","__district":"พรานกระต่าย","subdistrict":"วังตะแบก","Tambon":"วังตะแบก","__subdistrict":"วังตะแบก","village":"บ้านห้วยน้ำใส","BaanN":"บ้านห้วยน้ำใส","__village":"บ้านห้วยน้ำใส","land_type":"พื้นที่เกษตร","LandType":"พื้นที่เกษตร","plant_type":"นาข้าว","PlantType":"นาข้าว","crop_type":"นาข้าว","crop_type_raw":"นาข้าว","__crop":"นาข้าว","__plant_type":"นาข้าว","confidence":"","source":"NASA FIRMS VIIRS","source_file":"HOTSPOT Viirs 1 ม.ค - 31 พ.ค. 68 (รวม).xlsx","filter_rule":"Province=กำแพงเพชร; LandType=พื้นที่เกษตร; PlantType in allowed list; hierarchy uses Province→Amphoe→Tambon→BaanN from source table","latitude":16.6973,"longitude":99.69574,"month":4,"day":26,"responsibility_code":"5.0","landuse_code":"A101","utm_zone":"47.0","utm_e":"574176.205","utm_n":"1846198.745"},"geometry":{"type":"Point","coordinates":[99.69574,16.6973]}},{"type":"Feature","properties":{"hs_id":"VI1202504280605w4yfz930ye","hsID":"VI1202504280605w4yfz930ye","acq_date":"2025-04-28","Date":"2025-04-28","acq_time":"1305.0","year_be":2568,"season_be":2568,"dataset_year_be":2568,"province":"กำแพงเพชร","Province":"กำแพงเพชร","__province":"กำแพงเพชร","district":"ขาณุวรลักษบุรี","Amphoe":"ขาณุวรลักษบุรี","__district":"ขาณุวรลักษบุรี","subdistrict":"สลกบาตร","Tambon":"สลกบาตร","__subdistrict":"สลกบาตร","village":"บ้านกระทุ่มโทน","BaanN":"บ้านกระทุ่มโทน","__village":"บ้านกระทุ่มโทน","land_type":"พื้นที่เกษตร","LandType":"พื้นที่เกษตร","plant_type":"นาข้าว","PlantType":"นาข้าว","crop_type":"นาข้าว","crop_type_raw":"นาข้าว","__crop":"นาข้าว","__plant_type":"นาข้าว","confidence":"","source":"NASA FIRMS VIIRS","source_file":"HOTSPOT Viirs 1 ม.ค - 31 พ.ค. 68 (รวม).xlsx","filter_rule":"Province=กำแพงเพชร; LandType=พื้นที่เกษตร; PlantType in allowed list; hierarchy uses Province→Amphoe→Tambon→BaanN from source table","latitude":15.95916,"longitude":99.82343,"month":4,"day":28,"responsibility_code":"5.0","landuse_code":"A101","utm_zone":"47.0","utm_e":"588120.535","utm_n":"1764592.004"},"geometry":{"type":"Point","coordinates":[99.82343,15.95916]}},{"type":"Feature","properties":{"hs_id":"VI1202504280605w4yy7pmdhx","hsID":"VI1202504280605w4yy7pmdhx","acq_date":"2025-04-28","Date":"2025-04-28","acq_time":"1305.0","year_be":2568,"season_be":2568,"dataset_year_be":2568,"province":"กำแพงเพชร","Province":"กำแพงเพชร","__province":"กำแพงเพชร","district":"พรานกระต่าย","Amphoe":"พรานกระต่าย","__district":"พรานกระต่าย","subdistrict":"เขาคีริส","Tambon":"เขาคีริส","__subdistrict":"เขาคีริส","village":"บ้านดอนขมิ้น","BaanN":"บ้านดอนขมิ้น","__village":"บ้านดอนขมิ้น","land_type":"พื้นที่เกษตร","LandType":"พื้นที่เกษตร","plant_type":"นาข้าว","PlantType":"นาข้าว","crop_type":"นาข้าว","crop_type_raw":"นาข้าว","__crop":"นาข้าว","__plant_type":"นาข้าว","confidence":"","source":"NASA FIRMS VIIRS","source_file":"HOTSPOT Viirs 1 ม.ค - 31 พ.ค. 68 (รวม).xlsx","filter_rule":"Province=กำแพงเพชร; LandType=พื้นที่เกษตร; PlantType in allowed list; hierarchy uses Province→Amphoe→Tambon→BaanN from source table","latitude":16.60759,"longitude":99.63177,"month":4,"day":28,"responsibility_code":"5.0","landuse_code":"A101","utm_zone":"47.0","utm_e":"567387.17","utm_n":"1836251.703"},"geometry":{"type":"Point","coordinates":[99.63177,16.60759]}},{"type":"Feature","properties":{"hs_id":"VI1202504300707w4yvh4d607","hsID":"VI1202504300707w4yvh4d607","acq_date":"2025-04-30","Date":"2025-04-30","acq_time":"1407.0","year_be":2568,"season_be":2568,"dataset_year_be":2568,"province":"กำแพงเพชร","Province":"กำแพงเพชร","__province":"กำแพงเพชร","district":"เมืองกำแพงเพชร","Amphoe":"เมืองกำแพงเพชร","__district":"เมืองกำแพงเพชร","subdistrict":"คณฑี","Tambon":"คณฑี","__subdistrict":"คณฑี","village":"บ้านโพธิ์อำนวย","BaanN":"บ้านโพธิ์อำนวย","__village":"บ้านโพธิ์อำนวย","land_type":"พื้นที่เกษตร","LandType":"พื้นที่เกษตร","plant_type":"นาข้าว","PlantType":"นาข้าว","crop_type":"นาข้าว","crop_type_raw":"นาข้าว","__crop":"นาข้าว","__plant_type":"นาข้าว","confidence":"","source":"NASA FIRMS VIIRS","source_file":"HOTSPOT Viirs 1 ม.ค - 31 พ.ค. 68 (รวม).xlsx","filter_rule":"Province=กำแพงเพชร; LandType=พื้นที่เกษตร; PlantType in allowed list; hierarchy uses Province→Amphoe→Tambon→BaanN from source table","latitude":16.36175,"longitude":99.67107,"month":4,"day":30,"responsibility_code":"5.0","landuse_code":"A101","utm_zone":"47.0","utm_e":"571669.616","utm_n":"1809069.058"},"geometry":{"type":"Point","coordinates":[99.67107,16.36175]}},{"type":"Feature","properties":{"hs_id":"VI1202504300707w4yvh4upzt","hsID":"VI1202504300707w4yvh4upzt","acq_date":"2025-04-30","Date":"2025-04-30","acq_time":"1407.0","year_be":2568,"season_be":2568,"dataset_year_be":2568,"province":"กำแพงเพชร","Province":"กำแพงเพชร","__province":"กำแพงเพชร","district":"เมืองกำแพงเพชร","Amphoe":"เมืองกำแพงเพชร","__district":"เมืองกำแพงเพชร","subdistrict":"คณฑี","Tambon":"คณฑี","__subdistrict":"คณฑี","village":"บ้านโพธิ์อำนวย","BaanN":"บ้านโพธิ์อำนวย","__village":"บ้านโพธิ์อำนวย","land_type":"พื้นที่เกษตร","LandType":"พื้นที่เกษตร","plant_type":"นาข้าว","PlantType":"นาข้าว","crop_type":"นาข้าว","crop_type_raw":"นาข้าว","__crop":"นาข้าว","__plant_type":"นาข้าว","confidence":"","source":"NASA FIRMS VIIRS","source_file":"HOTSPOT Viirs 1 ม.ค - 31 พ.ค. 68 (รวม).xlsx","filter_rule":"Province=กำแพงเพชร; LandType=พื้นที่เกษตร; PlantType in allowed list; hierarchy uses Province→Amphoe→Tambon→BaanN from source table","latitude":16.36412,"longitude":99.67379,"month":4,"day":30,"responsibility_code":"5.0","landuse_code":"A101","utm_zone":"47.0","utm_e":"571959.252","utm_n":"1809332.199"},"geometry":{"type":"Point","coordinates":[99.67379,16.36412]}},{"type":"Feature","properties":{"hs_id":"VI1202504300707w4yv4ks7qs","hsID":"VI1202504300707w4yv4ks7qs","acq_date":"2025-04-30","Date":"2025-04-30","acq_time":"1407.0","year_be":2568,"season_be":2568,"dataset_year_be":2568,"province":"กำแพงเพชร","Province":"กำแพงเพชร","__province":"กำแพงเพชร","district":"เมืองกำแพงเพชร","Amphoe":"เมืองกำแพงเพชร","__district":"เมืองกำแพงเพชร","subdistrict":"เทพนคร","Tambon":"เทพนคร","__subdistrict":"เทพนคร","village":"บ้านท่าตะคล้อ","BaanN":"บ้านท่าตะคล้อ","__village":"บ้านท่าตะคล้อ","land_type":"พื้นที่เกษตร","LandType":"พื้นที่เกษตร","plant_type":"นาข้าว","PlantType":"นาข้าว","crop_type":"นาข้าว","crop_type_raw":"นาข้าว","__crop":"นาข้าว","__plant_type":"นาข้าว","confidence":"","source":"NASA FIRMS VIIRS","source_file":"HOTSPOT Viirs 1 ม.ค - 31 พ.ค. 68 (รวม).xlsx","filter_rule":"Province=กำแพงเพชร; LandType=พื้นที่เกษตร; PlantType in allowed list; hierarchy uses Province→Amphoe→Tambon→BaanN from source table","latitude":16.37296,"longitude":99.59719,"month":4,"day":30,"responsibility_code":"5.0","landuse_code":"A101","utm_zone":"47.0","utm_e":"563775.405","utm_n":"1810284.544"},"geometry":{"type":"Point","coordinates":[99.59719,16.37296]}},{"type":"Feature","properties":{"hs_id":"VI1202504300707w4yvhj0zp1","hsID":"VI1202504300707w4yvhj0zp1","acq_date":"2025-04-30","Date":"2025-04-30","acq_time":"1407.0","year_be":2568,"season_be":2568,"dataset_year_be":2568,"province":"กำแพงเพชร","Province":"กำแพงเพชร","__province":"กำแพงเพชร","district":"เมืองกำแพงเพชร","Amphoe":"เมืองกำแพงเพชร","__district":"เมืองกำแพงเพชร","subdistrict":"คณฑี","Tambon":"คณฑี","__subdistrict":"คณฑี","village":"บ้านโพธิ์อำนวย","BaanN":"บ้านโพธิ์อำนวย","__village":"บ้านโพธิ์อำนวย","land_type":"พื้นที่เกษตร","LandType":"พื้นที่เกษตร","plant_type":"นาข้าว","PlantType":"นาข้าว","crop_type":"นาข้าว","crop_type_raw":"นาข้าว","__crop":"นาข้าว","__plant_type":"นาข้าว","confidence":"","source":"NASA FIRMS VIIRS","source_file":"HOTSPOT Viirs 1 ม.ค - 31 พ.ค. 68 (รวม).xlsx","filter_rule":"Province=กำแพงเพชร; LandType=พื้นที่เกษตร; PlantType in allowed list; hierarchy uses Province→Amphoe→Tambon→BaanN from source table","latitude":16.37633,"longitude":99.6693,"month":4,"day":30,"responsibility_code":"5.0","landuse_code":"A101","utm_zone":"47.0","utm_e":"571475.264","utm_n":"1810681.343"},"geometry":{"type":"Point","coordinates":[99.6693,16.37633]}},{"type":"Feature","properties":{"hs_id":"VI1202504300707w4yy5ps4tq","hsID":"VI1202504300707w4yy5ps4tq","acq_date":"2025-04-30","Date":"2025-04-30","acq_time":"1407.0","year_be":2568,"season_be":2568,"dataset_year_be":2568,"province":"กำแพงเพชร","Province":"กำแพงเพชร","__province":"กำแพงเพชร","district":"พรานกระต่าย","Amphoe":"พรานกระต่าย","__district":"พรานกระต่าย","subdistrict":"เขาคีริส","Tambon":"เขาคีริส","__subdistrict":"เขาคีริส","village":"บ้านคุยขยัน","BaanN":"บ้านคุยขยัน","__village":"บ้านคุยขยัน","land_type":"พื้นที่เกษตร","LandType":"พื้นที่เกษตร","plant_type":"เกษตรอื่น ๆ","PlantType":"เกษตรอื่น ๆ","crop_type":"เกษตรอื่น ๆ","crop_type_raw":"เกษตรอื่น ๆ","__crop":"เกษตรอื่น ๆ","__plant_type":"เกษตรอื่น ๆ","confidence":"","source":"NASA FIRMS VIIRS","source_file":"HOTSPOT Viirs 1 ม.ค - 31 พ.ค. 68 (รวม).xlsx","filter_rule":"Province=กำแพงเพชร; LandType=พื้นที่เกษตร; PlantType in allowed list; hierarchy uses Province→Amphoe→Tambon→BaanN from source table","latitude":16.5651,"longitude":99.62975,"month":4,"day":30,"responsibility_code":"5.0","landuse_code":"A999","utm_zone":"47.0","utm_e":"567186.45","utm_n":"1831550.518"},"geometry":{"type":"Point","coordinates":[99.62975,16.5651]}},{"type":"Feature","properties":{"hs_id":"VI1202504300707w4yy70jbyt","hsID":"VI1202504300707w4yy70jbyt","acq_date":"2025-04-30","Date":"2025-04-30","acq_time":"1407.0","year_be":2568,"season_be":2568,"dataset_year_be":2568,"province":"กำแพงเพชร","Province":"กำแพงเพชร","__province":"กำแพงเพชร","district":"พรานกระต่าย","Amphoe":"พรานกระต่าย","__district":"พรานกระต่าย","subdistrict":"เขาคีริส","Tambon":"เขาคีริส","__subdistrict":"เขาคีริส","village":"บ้านราษฏร์ขยัน","BaanN":"บ้านราษฏร์ขยัน","__village":"บ้านราษฏร์ขยัน","land_type":"พื้นที่เกษตร","LandType":"พื้นที่เกษตร","plant_type":"นาข้าว","PlantType":"นาข้าว","crop_type":"นาข้าว","crop_type_raw":"นาข้าว","__crop":"นาข้าว","__plant_type":"นาข้าว","confidence":"","source":"NASA FIRMS VIIRS","source_file":"HOTSPOT Viirs 1 ม.ค - 31 พ.ค. 68 (รวม).xlsx","filter_rule":"Province=กำแพงเพชร; LandType=พื้นที่เกษตร; PlantType in allowed list; hierarchy uses Province→Amphoe→Tambon→BaanN from source table","latitude":16.56754,"longitude":99.6322,"month":4,"day":30,"responsibility_code":"5.0","landuse_code":"A101","utm_zone":"47.0","utm_e":"567446.994","utm_n":"1831821.266"},"geometry":{"type":"Point","coordinates":[99.6322,16.56754]}},{"type":"Feature","properties":{"hs_id":"VI1202504300707w4yyqhdegu","hsID":"VI1202504300707w4yyqhdegu","acq_date":"2025-04-30","Date":"2025-04-30","acq_time":"1407.0","year_be":2568,"season_be":2568,"dataset_year_be":2568,"province":"กำแพงเพชร","Province":"กำแพงเพชร","__province":"กำแพงเพชร","district":"ลานกระบือ","Amphoe":"ลานกระบือ","__district":"ลานกระบือ","subdistrict":"หนองหลวง","Tambon":"หนองหลวง","__subdistrict":"หนองหลวง","village":"บ้านหนองมะนาว","BaanN":"บ้านหนองมะนาว","__village":"บ้านหนองมะนาว","land_type":"พื้นที่เกษตร","LandType":"พื้นที่เกษตร","plant_type":"นาข้าว","PlantType":"นาข้าว","crop_type":"นาข้าว","crop_type_raw":"นาข้าว","__crop":"นาข้าว","__plant_type":"นาข้าว","confidence":"","source":"NASA FIRMS VIIRS","source_file":"HOTSPOT Viirs 1 ม.ค - 31 พ.ค. 68 (รวม).xlsx","filter_rule":"Province=กำแพงเพชร; LandType=พื้นที่เกษตร; PlantType in allowed list; hierarchy uses Province→Amphoe→Tambon→BaanN from source table","latitude":16.59277,"longitude":99.75946,"month":4,"day":30,"responsibility_code":"5.0","landuse_code":"A101","utm_zone":"47.0","utm_e":"581013.931","utm_n":"1834659.449"},"geometry":{"type":"Point","coordinates":[99.75946,16.59277]}},{"type":"Feature","properties":{"hs_id":"VI1202504300707w4yyqjh8kc","hsID":"VI1202504300707w4yyqjh8kc","acq_date":"2025-04-30","Date":"2025-04-30","acq_time":"1407.0","year_be":2568,"season_be":2568,"dataset_year_be":2568,"province":"กำแพงเพชร","Province":"กำแพงเพชร","__province":"กำแพงเพชร","district":"ลานกระบือ","Amphoe":"ลานกระบือ","__district":"ลานกระบือ","subdistrict":"หนองหลวง","Tambon":"หนองหลวง","__subdistrict":"หนองหลวง","village":"บ้านหนองมะนาว","BaanN":"บ้านหนองมะนาว","__village":"บ้านหนองมะนาว","land_type":"พื้นที่เกษตร","LandType":"พื้นที่เกษตร","plant_type":"นาข้าว","PlantType":"นาข้าว","crop_type":"นาข้าว","crop_type_raw":"นาข้าว","__crop":"นาข้าว","__plant_type":"นาข้าว","confidence":"","source":"NASA FIRMS VIIRS","source_file":"HOTSPOT Viirs 1 ม.ค - 31 พ.ค. 68 (รวม).xlsx","filter_rule":"Province=กำแพงเพชร; LandType=พื้นที่เกษตร; PlantType in allowed list; hierarchy uses Province→Amphoe→Tambon→BaanN from source table","latitude":16.5949,"longitude":99.76225,"month":4,"day":30,"responsibility_code":"5.0","landuse_code":"A101","utm_zone":"47.0","utm_e":"581310.669","utm_n":"1834896.217"},"geometry":{"type":"Point","coordinates":[99.76225,16.5949]}},{"type":"Feature","properties":{"hs_id":"VI1202505010650w4ygnm2e2x","hsID":"VI1202505010650w4ygnm2e2x","acq_date":"2025-05-01","Date":"2025-05-01","acq_time":"1350.0","year_be":2568,"season_be":2568,"dataset_year_be":2568,"province":"กำแพงเพชร","Province":"กำแพงเพชร","__province":"กำแพงเพชร","district":"ขาณุวรลักษบุรี","Amphoe":"ขาณุวรลักษบุรี","__district":"ขาณุวรลักษบุรี","subdistrict":"ดอนแตง","Tambon":"ดอนแตง","__subdistrict":"ดอนแตง","village":"บ้านสระตาพรม","BaanN":"บ้านสระตาพรม","__village":"บ้านสระตาพรม","land_type":"พื้นที่เกษตร","LandType":"พื้นที่เกษตร","plant_type":"นาข้าว","PlantType":"นาข้าว","crop_type":"นาข้าว","crop_type_raw":"นาข้าว","__crop":"นาข้าว","__plant_type":"นาข้าว","confidence":"","source":"NASA FIRMS VIIRS","source_file":"HOTSPOT Viirs 1 ม.ค - 31 พ.ค. 68 (รวม).xlsx","filter_rule":"Province=กำแพงเพชร; LandType=พื้นที่เกษตร; PlantType in allowed list; hierarchy uses Province→Amphoe→Tambon→BaanN from source table","latitude":16.02553,"longitude":99.76756,"month":5,"day":1,"responsibility_code":"5.0","landuse_code":"A101","utm_zone":"47.0","utm_e":"582114.111","utm_n":"1771911.213"},"geometry":{"type":"Point","coordinates":[99.76756,16.02553]}},{"type":"Feature","properties":{"hs_id":"VI1202505010650w4yg6z5nb5","hsID":"VI1202505010650w4yg6z5nb5","acq_date":"2025-05-01","Date":"2025-05-01","acq_time":"1350.0","year_be":2568,"season_be":2568,"dataset_year_be":2568,"province":"กำแพงเพชร","Province":"กำแพงเพชร","__province":"กำแพงเพชร","district":"ขาณุวรลักษบุรี","Amphoe":"ขาณุวรลักษบุรี","__district":"ขาณุวรลักษบุรี","subdistrict":"วังหามแห","Tambon":"วังหามแห","__subdistrict":"วังหามแห","village":"บ้านทรัพย์เจริญ","BaanN":"บ้านทรัพย์เจริญ","__village":"บ้านทรัพย์เจริญ","land_type":"พื้นที่เกษตร","LandType":"พื้นที่เกษตร","plant_type":"เกษตรอื่น ๆ","PlantType":"เกษตรอื่น ๆ","crop_type":"เกษตรอื่น ๆ","crop_type_raw":"เกษตรอื่น ๆ","__crop":"เกษตรอื่น ๆ","__plant_type":"เกษตรอื่น ๆ","confidence":"","source":"NASA FIRMS VIIRS","source_file":"HOTSPOT Viirs 1 ม.ค - 31 พ.ค. 68 (รวม).xlsx","filter_rule":"Province=กำแพงเพชร; LandType=พื้นที่เกษตร; PlantType in allowed list; hierarchy uses Province→Amphoe→Tambon→BaanN from source table","latitude":16.07967,"longitude":99.61716,"month":5,"day":1,"responsibility_code":"5.0","landuse_code":"A999","utm_zone":"47.0","utm_e":"566005.778","utm_n":"1777846.524"},"geometry":{"type":"Point","coordinates":[99.61716,16.07967]}},{"type":"Feature","properties":{"hs_id":"VI1202505010650w4ygg6t8dk","hsID":"VI1202505010650w4ygg6t8dk","acq_date":"2025-05-01","Date":"2025-05-01","acq_time":"1350.0","year_be":2568,"season_be":2568,"dataset_year_be":2568,"province":"กำแพงเพชร","Province":"กำแพงเพชร","__province":"กำแพงเพชร","district":"ปางศิลาทอง","Amphoe":"ปางศิลาทอง","__district":"ปางศิลาทอง","subdistrict":"โพธิ์ทอง","Tambon":"โพธิ์ทอง","__subdistrict":"โพธิ์ทอง","village":"บ้านหนองหล่ม","BaanN":"บ้านหนองหล่ม","__village":"บ้านหนองหล่ม","land_type":"พื้นที่เกษตร","LandType":"พื้นที่เกษตร","plant_type":"เกษตรอื่น ๆ","PlantType":"เกษตรอื่น ๆ","crop_type":"เกษตรอื่น ๆ","crop_type_raw":"เกษตรอื่น ๆ","__crop":"เกษตรอื่น ๆ","__plant_type":"เกษตรอื่น ๆ","confidence":"","source":"NASA FIRMS VIIRS","source_file":"HOTSPOT Viirs 1 ม.ค - 31 พ.ค. 68 (รวม).xlsx","filter_rule":"Province=กำแพงเพชร; LandType=พื้นที่เกษตร; PlantType in allowed list; hierarchy uses Province→Amphoe→Tambon→BaanN from source table","latitude":16.14177,"longitude":99.64266,"month":5,"day":1,"responsibility_code":"5.0","landuse_code":"A999","utm_zone":"47.0","utm_e":"568711.737","utm_n":"1784724.424"},"geometry":{"type":"Point","coordinates":[99.64266,16.14177]}},{"type":"Feature","properties":{"hs_id":"VI1202505010650w4yggqnuu4","hsID":"VI1202505010650w4yggqnuu4","acq_date":"2025-05-01","Date":"2025-05-01","acq_time":"1350.0","year_be":2568,"season_be":2568,"dataset_year_be":2568,"province":"กำแพงเพชร","Province":"กำแพงเพชร","__province":"กำแพงเพชร","district":"คลองขลุง","Amphoe":"คลองขลุง","__district":"คลองขลุง","subdistrict":"คลองขลุง","Tambon":"คลองขลุง","__subdistrict":"คลองขลุง","village":"บ้านหนองหล่ม","BaanN":"บ้านหนองหล่ม","__village":"บ้านหนองหล่ม","land_type":"พื้นที่เกษตร","LandType":"พื้นที่เกษตร","plant_type":"นาข้าว","PlantType":"นาข้าว","crop_type":"นาข้าว","crop_type_raw":"นาข้าว","__crop":"นาข้าว","__plant_type":"นาข้าว","confidence":"","source":"NASA FIRMS VIIRS","source_file":"HOTSPOT Viirs 1 ม.ค - 31 พ.ค. 68 (รวม).xlsx","filter_rule":"Province=กำแพงเพชร; LandType=พื้นที่เกษตร; PlantType in allowed list; hierarchy uses Province→Amphoe→Tambon→BaanN from source table","latitude":16.16172,"longitude":99.64446,"month":5,"day":1,"responsibility_code":"5.0","landuse_code":"A101","utm_zone":"47.0","utm_e":"568897.29","utm_n":"1786931.933"},"geometry":{"type":"Point","coordinates":[99.64446,16.16172]}},{"type":"Feature","properties":{"hs_id":"VI1202505010650w4yu6f5hx4","hsID":"VI1202505010650w4yu6f5hx4","acq_date":"2025-05-01","Date":"2025-05-01","acq_time":"1350.0","year_be":2568,"season_be":2568,"dataset_year_be":2568,"province":"กำแพงเพชร","Province":"กำแพงเพชร","__province":"กำแพงเพชร","district":"คลองขลุง","Amphoe":"คลองขลุง","__district":"คลองขลุง","subdistrict":"วังไทร","Tambon":"วังไทร","__subdistrict":"วังไทร","village":"บ้านวังไทร","BaanN":"บ้านวังไทร","__village":"บ้านวังไทร","land_type":"พื้นที่เกษตร","LandType":"พื้นที่เกษตร","plant_type":"นาข้าว","PlantType":"นาข้าว","crop_type":"นาข้าว","crop_type_raw":"นาข้าว","__crop":"นาข้าว","__plant_type":"นาข้าว","confidence":"","source":"NASA FIRMS VIIRS","source_file":"HOTSPOT Viirs 1 ม.ค - 31 พ.ค. 68 (รวม).xlsx","filter_rule":"Province=กำแพงเพชร; LandType=พื้นที่เกษตร; PlantType in allowed list; hierarchy uses Province→Amphoe→Tambon→BaanN from source table","latitude":16.22759,"longitude":99.61746,"month":5,"day":1,"responsibility_code":"5.0","landuse_code":"A101","utm_zone":"47.0","utm_e":"565988.802","utm_n":"1794209.749"},"geometry":{"type":"Point","coordinates":[99.61746,16.22759]}},{"type":"Feature","properties":{"hs_id":"VI1202505010650w4yuqh6ucj","hsID":"VI1202505010650w4yuqh6ucj","acq_date":"2025-05-01","Date":"2025-05-01","acq_time":"1350.0","year_be":2568,"season_be":2568,"dataset_year_be":2568,"province":"กำแพงเพชร","Province":"กำแพงเพชร","__province":"กำแพงเพชร","district":"คลองขลุง","Amphoe":"คลองขลุง","__district":"คลองขลุง","subdistrict":"ท่ามะเขือ","Tambon":"ท่ามะเขือ","__subdistrict":"ท่ามะเขือ","village":"บ้านน้อย","BaanN":"บ้านน้อย","__village":"บ้านน้อย","land_type":"พื้นที่เกษตร","LandType":"พื้นที่เกษตร","plant_type":"นาข้าว","PlantType":"นาข้าว","crop_type":"นาข้าว","crop_type_raw":"นาข้าว","__crop":"นาข้าว","__plant_type":"นาข้าว","confidence":"","source":"NASA FIRMS VIIRS","source_file":"HOTSPOT Viirs 1 ม.ค - 31 พ.ค. 68 (รวม).xlsx","filter_rule":"Province=กำแพงเพชร; LandType=พื้นที่เกษตร; PlantType in allowed list; hierarchy uses Province→Amphoe→Tambon→BaanN from source table","latitude":16.24001,"longitude":99.75968,"month":5,"day":1,"responsibility_code":"5.0","landuse_code":"A101","utm_zone":"47.0","utm_e":"581183.642","utm_n":"1795634.763"},"geometry":{"type":"Point","coordinates":[99.75968,16.24001]}},{"type":"Feature","properties":{"hs_id":"VI1202505010650w4yuqhtbm7","hsID":"VI1202505010650w4yuqhtbm7","acq_date":"2025-05-01","Date":"2025-05-01","acq_time":"1350.0","year_be":2568,"season_be":2568,"dataset_year_be":2568,"province":"กำแพงเพชร","Province":"กำแพงเพชร","__province":"กำแพงเพชร","district":"คลองขลุง","Amphoe":"คลองขลุง","__district":"คลองขลุง","subdistrict":"ท่ามะเขือ","Tambon":"ท่ามะเขือ","__subdistrict":"ท่ามะเขือ","village":"บ้านน้อย","BaanN":"บ้านน้อย","__village":"บ้านน้อย","land_type":"พื้นที่เกษตร","LandType":"พื้นที่เกษตร","plant_type":"อ้อย","PlantType":"อ้อย","crop_type":"อ้อย","crop_type_raw":"อ้อย","__crop":"อ้อย","__plant_type":"อ้อย","confidence":"","source":"NASA FIRMS VIIRS","source_file":"HOTSPOT Viirs 1 ม.ค - 31 พ.ค. 68 (รวม).xlsx","filter_rule":"Province=กำแพงเพชร; LandType=พื้นที่เกษตร; PlantType in allowed list; hierarchy uses Province→Amphoe→Tambon→BaanN from source table","latitude":16.2406,"longitude":99.76399,"month":5,"day":1,"responsibility_code":"5.0","landuse_code":"A203","utm_zone":"47.0","utm_e":"581644.012","utm_n":"1795701.745"},"geometry":{"type":"Point","coordinates":[99.76399,16.2406]}},{"type":"Feature","properties":{"hs_id":"VI1202505010650w4yuqp8y5m","hsID":"VI1202505010650w4yuqp8y5m","acq_date":"2025-05-01","Date":"2025-05-01","acq_time":"1350.0","year_be":2568,"season_be":2568,"dataset_year_be":2568,"province":"กำแพงเพชร","Province":"กำแพงเพชร","__province":"กำแพงเพชร","district":"คลองขลุง","Amphoe":"คลองขลุง","__district":"คลองขลุง","subdistrict":"ท่ามะเขือ","Tambon":"ท่ามะเขือ","__subdistrict":"ท่ามะเขือ","village":"บ้านคลองพัฒนา","BaanN":"บ้านคลองพัฒนา","__village":"บ้านคลองพัฒนา","land_type":"พื้นที่เกษตร","LandType":"พื้นที่เกษตร","plant_type":"นาข้าว","PlantType":"นาข้าว","crop_type":"นาข้าว","crop_type_raw":"นาข้าว","__crop":"นาข้าว","__plant_type":"นาข้าว","confidence":"","source":"NASA FIRMS VIIRS","source_file":"HOTSPOT Viirs 1 ม.ค - 31 พ.ค. 68 (รวม).xlsx","filter_rule":"Province=กำแพงเพชร; LandType=พื้นที่เกษตร; PlantType in allowed list; hierarchy uses Province→Amphoe→Tambon→BaanN from source table","latitude":16.25808,"longitude":99.75703,"month":5,"day":1,"responsibility_code":"5.0","landuse_code":"A101","utm_zone":"47.0","utm_e":"580893.043","utm_n":"1797632.712"},"geometry":{"type":"Point","coordinates":[99.75703,16.25808]}},{"type":"Feature","properties":{"hs_id":"VI1202505010650w4yuw33db6","hsID":"VI1202505010650w4yuw33db6","acq_date":"2025-05-01","Date":"2025-05-01","acq_time":"1350.0","year_be":2568,"season_be":2568,"dataset_year_be":2568,"province":"กำแพงเพชร","Province":"กำแพงเพชร","__province":"กำแพงเพชร","district":"คลองขลุง","Amphoe":"คลองขลุง","__district":"คลองขลุง","subdistrict":"ท่ามะเขือ","Tambon":"ท่ามะเขือ","__subdistrict":"ท่ามะเขือ","village":"บ้านวังน้ำแดง","BaanN":"บ้านวังน้ำแดง","__village":"บ้านวังน้ำแดง","land_type":"พื้นที่เกษตร","LandType":"พื้นที่เกษตร","plant_type":"นาข้าว","PlantType":"นาข้าว","crop_type":"นาข้าว","crop_type_raw":"นาข้าว","__crop":"นาข้าว","__plant_type":"นาข้าว","confidence":"","source":"NASA FIRMS VIIRS","source_file":"HOTSPOT Viirs 1 ม.ค - 31 พ.ค. 68 (รวม).xlsx","filter_rule":"Province=กำแพงเพชร; LandType=พื้นที่เกษตร; PlantType in allowed list; hierarchy uses Province→Amphoe→Tambon→BaanN from source table","latitude":16.26712,"longitude":99.76892,"month":5,"day":1,"responsibility_code":"5.0","landuse_code":"A101","utm_zone":"47.0","utm_e":"582159.864","utm_n":"1798637.504"},"geometry":{"type":"Point","coordinates":[99.76892,16.26712]}},{"type":"Feature","properties":{"hs_id":"VI1202505010650w4yv61bd40","hsID":"VI1202505010650w4yv61bd40","acq_date":"2025-05-01","Date":"2025-05-01","acq_time":"1350.0","year_be":2568,"season_be":2568,"dataset_year_be":2568,"province":"กำแพงเพชร","Province":"กำแพงเพชร","__province":"กำแพงเพชร","district":"เมืองกำแพงเพชร","Amphoe":"เมืองกำแพงเพชร","__district":"เมืองกำแพงเพชร","subdistrict":"เทพนคร","Tambon":"เทพนคร","__subdistrict":"เทพนคร","village":"บ้านเทพนคร","BaanN":"บ้านเทพนคร","__village":"บ้านเทพนคร","land_type":"พื้นที่เกษตร","LandType":"พื้นที่เกษตร","plant_type":"นาข้าว","PlantType":"นาข้าว","crop_type":"นาข้าว","crop_type_raw":"นาข้าว","__crop":"นาข้าว","__plant_type":"นาข้าว","confidence":"","source":"NASA FIRMS VIIRS","source_file":"HOTSPOT Viirs 1 ม.ค - 31 พ.ค. 68 (รวม).xlsx","filter_rule":"Province=กำแพงเพชร; LandType=พื้นที่เกษตร; PlantType in allowed list; hierarchy uses Province→Amphoe→Tambon→BaanN from source table","latitude":16.40156,"longitude":99.58086,"month":5,"day":1,"responsibility_code":"5.0","landuse_code":"A101","utm_zone":"47.0","utm_e":"562022.383","utm_n":"1813443.315"},"geometry":{"type":"Point","coordinates":[99.58086,16.40156]}},{"type":"Feature","properties":{"hs_id":"VI1202505010650w4yy4z128s","hsID":"VI1202505010650w4yy4z128s","acq_date":"2025-05-01","Date":"2025-05-01","acq_time":"1350.0","year_be":2568,"season_be":2568,"dataset_year_be":2568,"province":"กำแพงเพชร","Province":"กำแพงเพชร","__province":"กำแพงเพชร","district":"พรานกระต่าย","Amphoe":"พรานกระต่าย","__district":"พรานกระต่าย","subdistrict":"เขาคีริส","Tambon":"เขาคีริส","__subdistrict":"เขาคีริส","village":"บ้านวังพาน","BaanN":"บ้านวังพาน","__village":"บ้านวังพาน","land_type":"พื้นที่เกษตร","LandType":"พื้นที่เกษตร","plant_type":"เกษตรอื่น ๆ","PlantType":"เกษตรอื่น ๆ","crop_type":"เกษตรอื่น ๆ","crop_type_raw":"เกษตรอื่น ๆ","__crop":"เกษตรอื่น ๆ","__plant_type":"เกษตรอื่น ๆ","confidence":"","source":"NASA FIRMS VIIRS","source_file":"HOTSPOT Viirs 1 ม.ค - 31 พ.ค. 68 (รวม).xlsx","filter_rule":"Province=กำแพงเพชร; LandType=พื้นที่เกษตร; PlantType in allowed list; hierarchy uses Province→Amphoe→Tambon→BaanN from source table","latitude":16.562,"longitude":99.61478,"month":5,"day":1,"responsibility_code":"5.0","landuse_code":"A999","utm_zone":"47.0","utm_e":"565590.335","utm_n":"1831202.633"},"geometry":{"type":"Point","coordinates":[99.61478,16.562]}},{"type":"Feature","properties":{"hs_id":"VI1202505010650w4yy4zhkhk","hsID":"VI1202505010650w4yy4zhkhk","acq_date":"2025-05-01","Date":"2025-05-01","acq_time":"1350.0","year_be":2568,"season_be":2568,"dataset_year_be":2568,"province":"กำแพงเพชร","Province":"กำแพงเพชร","__province":"กำแพงเพชร","district":"พรานกระต่าย","Amphoe":"พรานกระต่าย","__district":"พรานกระต่าย","subdistrict":"เขาคีริส","Tambon":"เขาคีริส","__subdistrict":"เขาคีริส","village":"บ้านคุยขยัน","BaanN":"บ้านคุยขยัน","__village":"บ้านคุยขยัน","land_type":"พื้นที่เกษตร","LandType":"พื้นที่เกษตร","plant_type":"เกษตรอื่น ๆ","PlantType":"เกษตรอื่น ๆ","crop_type":"เกษตรอื่น ๆ","crop_type_raw":"เกษตรอื่น ๆ","__crop":"เกษตรอื่น ๆ","__plant_type":"เกษตรอื่น ๆ","confidence":"","source":"NASA FIRMS VIIRS","source_file":"HOTSPOT Viirs 1 ม.ค - 31 พ.ค. 68 (รวม).xlsx","filter_rule":"Province=กำแพงเพชร; LandType=พื้นที่เกษตร; PlantType in allowed list; hierarchy uses Province→Amphoe→Tambon→BaanN from source table","latitude":16.5626,"longitude":99.61906,"month":5,"day":1,"responsibility_code":"5.0","landuse_code":"A999","utm_zone":"47.0","utm_e":"566046.775","utm_n":"1831270.41"},"geometry":{"type":"Point","coordinates":[99.61906,16.5626]}},{"type":"Feature","properties":{"hs_id":"VI1202505010650w4yy4z8vs7","hsID":"VI1202505010650w4yy4z8vs7","acq_date":"2025-05-01","Date":"2025-05-01","acq_time":"1350.0","year_be":2568,"season_be":2568,"dataset_year_be":2568,"province":"กำแพงเพชร","Province":"กำแพงเพชร","__province":"กำแพงเพชร","district":"พรานกระต่าย","Amphoe":"พรานกระต่าย","__district":"พรานกระต่าย","subdistrict":"เขาคีริส","Tambon":"เขาคีริส","__subdistrict":"เขาคีริส","village":"บ้านวังพาน","BaanN":"บ้านวังพาน","__village":"บ้านวังพาน","land_type":"พื้นที่เกษตร","LandType":"พื้นที่เกษตร","plant_type":"นาข้าว","PlantType":"นาข้าว","crop_type":"นาข้าว","crop_type_raw":"นาข้าว","__crop":"นาข้าว","__plant_type":"นาข้าว","confidence":"","source":"NASA FIRMS VIIRS","source_file":"HOTSPOT Viirs 1 ม.ค - 31 พ.ค. 68 (รวม).xlsx","filter_rule":"Province=กำแพงเพชร; LandType=พื้นที่เกษตร; PlantType in allowed list; hierarchy uses Province→Amphoe→Tambon→BaanN from source table","latitude":16.5656,"longitude":99.61425,"month":5,"day":1,"responsibility_code":"5.0","landuse_code":"A101","utm_zone":"47.0","utm_e":"565532.57","utm_n":"1831600.713"},"geometry":{"type":"Point","coordinates":[99.61425,16.5656]}},{"type":"Feature","properties":{"hs_id":"VI1202505010650w4yy4zzhs5","hsID":"VI1202505010650w4yy4zzhs5","acq_date":"2025-05-01","Date":"2025-05-01","acq_time":"1350.0","year_be":2568,"season_be":2568,"dataset_year_be":2568,"province":"กำแพงเพชร","Province":"กำแพงเพชร","__province":"กำแพงเพชร","district":"พรานกระต่าย","Amphoe":"พรานกระต่าย","__district":"พรานกระต่าย","subdistrict":"เขาคีริส","Tambon":"เขาคีริส","__subdistrict":"เขาคีริส","village":"บ้านคุยขยัน","BaanN":"บ้านคุยขยัน","__village":"บ้านคุยขยัน","land_type":"พื้นที่เกษตร","LandType":"พื้นที่เกษตร","plant_type":"นาข้าว","PlantType":"นาข้าว","crop_type":"นาข้าว","crop_type_raw":"นาข้าว","__crop":"นาข้าว","__plant_type":"นาข้าว","confidence":"","source":"NASA FIRMS VIIRS","source_file":"HOTSPOT Viirs 1 ม.ค - 31 พ.ค. 68 (รวม).xlsx","filter_rule":"Province=กำแพงเพชร; LandType=พื้นที่เกษตร; PlantType in allowed list; hierarchy uses Province→Amphoe→Tambon→BaanN from source table","latitude":16.5668,"longitude":99.62283,"month":5,"day":1,"responsibility_code":"5.0","landuse_code":"A101","utm_zone":"47.0","utm_e":"566447.565","utm_n":"1831736.281"},"geometry":{"type":"Point","coordinates":[99.62283,16.5668]}},{"type":"Feature","properties":{"hs_id":"VI1202505010650w4yy7136p1","hsID":"VI1202505010650w4yy7136p1","acq_date":"2025-05-01","Date":"2025-05-01","acq_time":"1350.0","year_be":2568,"season_be":2568,"dataset_year_be":2568,"province":"กำแพงเพชร","Province":"กำแพงเพชร","__province":"กำแพงเพชร","district":"พรานกระต่าย","Amphoe":"พรานกระต่าย","__district":"พรานกระต่าย","subdistrict":"เขาคีริส","Tambon":"เขาคีริส","__subdistrict":"เขาคีริส","village":"บ้านเขานางทอง","BaanN":"บ้านเขานางทอง","__village":"บ้านเขานางทอง","land_type":"พื้นที่เกษตร","LandType":"พื้นที่เกษตร","plant_type":"นาข้าว","PlantType":"นาข้าว","crop_type":"นาข้าว","crop_type_raw":"นาข้าว","__crop":"นาข้าว","__plant_type":"นาข้าว","confidence":"","source":"NASA FIRMS VIIRS","source_file":"HOTSPOT Viirs 1 ม.ค - 31 พ.ค. 68 (รวม).xlsx","filter_rule":"Province=กำแพงเพชร; LandType=พื้นที่เกษตร; PlantType in allowed list; hierarchy uses Province→Amphoe→Tambon→BaanN from source table","latitude":16.5746,"longitude":99.62605,"month":5,"day":1,"responsibility_code":"5.0","landuse_code":"A101","utm_zone":"47.0","utm_e":"566788.418","utm_n":"1832600.231"},"geometry":{"type":"Point","coordinates":[99.62605,16.5746]}},{"type":"Feature","properties":{"hs_id":"VI1202505010650w4yyrfe7vp","hsID":"VI1202505010650w4yyrfe7vp","acq_date":"2025-05-01","Date":"2025-05-01","acq_time":"1350.0","year_be":2568,"season_be":2568,"dataset_year_be":2568,"province":"กำแพงเพชร","Province":"กำแพงเพชร","__province":"กำแพงเพชร","district":"ลานกระบือ","Amphoe":"ลานกระบือ","__district":"ลานกระบือ","subdistrict":"โนนพลวง","Tambon":"โนนพลวง","__subdistrict":"โนนพลวง","village":"บ้านหนองเสดือย","BaanN":"บ้านหนองเสดือย","__village":"บ้านหนองเสดือย","land_type":"พื้นที่เกษตร","LandType":"พื้นที่เกษตร","plant_type":"นาข้าว","PlantType":"นาข้าว","crop_type":"นาข้าว","crop_type_raw":"นาข้าว","__crop":"นาข้าว","__plant_type":"นาข้าว","confidence":"","source":"NASA FIRMS VIIRS","source_file":"HOTSPOT Viirs 1 ม.ค - 31 พ.ค. 68 (รวม).xlsx","filter_rule":"Province=กำแพงเพชร; LandType=พื้นที่เกษตร; PlantType in allowed list; hierarchy uses Province→Amphoe→Tambon→BaanN from source table","latitude":16.5818,"longitude":99.83745,"month":5,"day":1,"responsibility_code":"5.0","landuse_code":"A101","utm_zone":"47.0","utm_e":"589338.905","utm_n":"1833478.944"},"geometry":{"type":"Point","coordinates":[99.83745,16.5818]}},{"type":"Feature","properties":{"hs_id":"VI1202505010650w4yyresprg","hsID":"VI1202505010650w4yyresprg","acq_date":"2025-05-01","Date":"2025-05-01","acq_time":"1350.0","year_be":2568,"season_be":2568,"dataset_year_be":2568,"province":"กำแพงเพชร","Province":"กำแพงเพชร","__province":"กำแพงเพชร","district":"ลานกระบือ","Amphoe":"ลานกระบือ","__district":"ลานกระบือ","subdistrict":"จันทิมา","Tambon":"จันทิมา","__subdistrict":"จันทิมา","village":"บ้านหนองจิก","BaanN":"บ้านหนองจิก","__village":"บ้านหนองจิก","land_type":"พื้นที่เกษตร","LandType":"พื้นที่เกษตร","plant_type":"นาข้าว","PlantType":"นาข้าว","crop_type":"นาข้าว","crop_type_raw":"นาข้าว","__crop":"นาข้าว","__plant_type":"นาข้าว","confidence":"","source":"NASA FIRMS VIIRS","source_file":"HOTSPOT Viirs 1 ม.ค - 31 พ.ค. 68 (รวม).xlsx","filter_rule":"Province=กำแพงเพชร; LandType=พื้นที่เกษตร; PlantType in allowed list; hierarchy uses Province→Amphoe→Tambon→BaanN from source table","latitude":16.58787,"longitude":99.82761,"month":5,"day":1,"responsibility_code":"5.0","landuse_code":"A101","utm_zone":"47.0","utm_e":"588286.346","utm_n":"1834146.116"},"geometry":{"type":"Point","coordinates":[99.82761,16.58787]}},{"type":"Feature","properties":{"hs_id":"VI1202505010650w4zn2pdf0y","hsID":"VI1202505010650w4zn2pdf0y","acq_date":"2025-05-01","Date":"2025-05-01","acq_time":"1350.0","year_be":2568,"season_be":2568,"dataset_year_be":2568,"province":"กำแพงเพชร","Province":"กำแพงเพชร","__province":"กำแพงเพชร","district":"ลานกระบือ","Amphoe":"ลานกระบือ","__district":"ลานกระบือ","subdistrict":"ลานกระบือ","Tambon":"ลานกระบือ","__subdistrict":"ลานกระบือ","village":"บ้านหนองตาสังข์","BaanN":"บ้านหนองตาสังข์","__village":"บ้านหนองตาสังข์","land_type":"พื้นที่เกษตร","LandType":"พื้นที่เกษตร","plant_type":"นาข้าว","PlantType":"นาข้าว","crop_type":"นาข้าว","crop_type_raw":"นาข้าว","__crop":"นาข้าว","__plant_type":"นาข้าว","confidence":"","source":"NASA FIRMS VIIRS","source_file":"HOTSPOT Viirs 1 ม.ค - 31 พ.ค. 68 (รวม).xlsx","filter_rule":"Province=กำแพงเพชร; LandType=พื้นที่เกษตร; PlantType in allowed list; hierarchy uses Province→Amphoe→Tambon→BaanN from source table","latitude":16.60896,"longitude":99.84756,"month":5,"day":1,"responsibility_code":"5.0","landuse_code":"A101","utm_zone":"47.0","utm_e":"590404.806","utm_n":"1836488.204"},"geometry":{"type":"Point","coordinates":[99.84756,16.60896]}},{"type":"Feature","properties":{"hs_id":"VI1202505010650w4zn2pd71w","hsID":"VI1202505010650w4zn2pd71w","acq_date":"2025-05-01","Date":"2025-05-01","acq_time":"1350.0","year_be":2568,"season_be":2568,"dataset_year_be":2568,"province":"กำแพงเพชร","Province":"กำแพงเพชร","__province":"กำแพงเพชร","district":"ลานกระบือ","Amphoe":"ลานกระบือ","__district":"ลานกระบือ","subdistrict":"ลานกระบือ","Tambon":"ลานกระบือ","__subdistrict":"ลานกระบือ","village":"บ้านหนองตาสังข์","BaanN":"บ้านหนองตาสังข์","__village":"บ้านหนองตาสังข์","land_type":"พื้นที่เกษตร","LandType":"พื้นที่เกษตร","plant_type":"นาข้าว","PlantType":"นาข้าว","crop_type":"นาข้าว","crop_type_raw":"นาข้าว","__crop":"นาข้าว","__plant_type":"นาข้าว","confidence":"","source":"NASA FIRMS VIIRS","source_file":"HOTSPOT Viirs 1 ม.ค - 31 พ.ค. 68 (รวม).xlsx","filter_rule":"Province=กำแพงเพชร; LandType=พื้นที่เกษตร; PlantType in allowed list; hierarchy uses Province→Amphoe→Tambon→BaanN from source table","latitude":16.60913,"longitude":99.84691,"month":5,"day":1,"responsibility_code":"5.0","landuse_code":"A101","utm_zone":"47.0","utm_e":"590335.391","utm_n":"1836506.718"},"geometry":{"type":"Point","coordinates":[99.84691,16.60913]}},{"type":"Feature","properties":{"hs_id":"VI1202505030612w4yyr7fb74","hsID":"VI1202505030612w4yyr7fb74","acq_date":"2025-05-03","Date":"2025-05-03","acq_time":"1312.0","year_be":2568,"season_be":2568,"dataset_year_be":2568,"province":"กำแพงเพชร","Province":"กำแพงเพชร","__province":"กำแพงเพชร","district":"ลานกระบือ","Amphoe":"ลานกระบือ","__district":"ลานกระบือ","subdistrict":"จันทิมา","Tambon":"จันทิมา","__subdistrict":"จันทิมา","village":"บ้านรุ่งโรจน์","BaanN":"บ้านรุ่งโรจน์","__village":"บ้านรุ่งโรจน์","land_type":"พื้นที่เกษตร","LandType":"พื้นที่เกษตร","plant_type":"อ้อย","PlantType":"อ้อย","crop_type":"อ้อย","crop_type_raw":"อ้อย","__crop":"อ้อย","__plant_type":"อ้อย","confidence":"","source":"NASA FIRMS VIIRS","source_file":"HOTSPOT Viirs 1 ม.ค - 31 พ.ค. 68 (รวม).xlsx","filter_rule":"Province=กำแพงเพชร; LandType=พื้นที่เกษตร; PlantType in allowed list; hierarchy uses Province→Amphoe→Tambon→BaanN from source table","latitude":16.58804,"longitude":99.8147,"month":5,"day":3,"responsibility_code":"5.0","landuse_code":"A203","utm_zone":"47.0","utm_e":"586909.0","utm_n":"1834159.287"},"geometry":{"type":"Point","coordinates":[99.8147,16.58804]}},{"type":"Feature","properties":{"hs_id":"VI1202505050714w4ygfummyc","hsID":"VI1202505050714w4ygfummyc","acq_date":"2025-05-05","Date":"2025-05-05","acq_time":"1414.0","year_be":2568,"season_be":2568,"dataset_year_be":2568,"province":"กำแพงเพชร","Province":"กำแพงเพชร","__province":"กำแพงเพชร","district":"ปางศิลาทอง","Amphoe":"ปางศิลาทอง","__district":"ปางศิลาทอง","subdistrict":"โพธิ์ทอง","Tambon":"โพธิ์ทอง","__subdistrict":"โพธิ์ทอง","village":"บ้านหนองไผ่","BaanN":"บ้านหนองไผ่","__village":"บ้านหนองไผ่","land_type":"พื้นที่เกษตร","LandType":"พื้นที่เกษตร","plant_type":"นาข้าว","PlantType":"นาข้าว","crop_type":"นาข้าว","crop_type_raw":"นาข้าว","__crop":"นาข้าว","__plant_type":"นาข้าว","confidence":"","source":"NASA FIRMS VIIRS","source_file":"HOTSPOT Viirs 1 ม.ค - 31 พ.ค. 68 (รวม).xlsx","filter_rule":"Province=กำแพงเพชร; LandType=พื้นที่เกษตร; PlantType in allowed list; hierarchy uses Province→Amphoe→Tambon→BaanN from source table","latitude":16.15227,"longitude":99.62054,"month":5,"day":5,"responsibility_code":"5.0","landuse_code":"A101","utm_zone":"47.0","utm_e":"566343.138","utm_n":"1785878.701"},"geometry":{"type":"Point","coordinates":[99.62054,16.15227]}},{"type":"Feature","properties":{"hs_id":"VI1202505050714w4yun0hn24","hsID":"VI1202505050714w4yun0hn24","acq_date":"2025-05-05","Date":"2025-05-05","acq_time":"1414.0","year_be":2568,"season_be":2568,"dataset_year_be":2568,"province":"กำแพงเพชร","Province":"กำแพงเพชร","__province":"กำแพงเพชร","district":"คลองขลุง","Amphoe":"คลองขลุง","__district":"คลองขลุง","subdistrict":"แม่ลาด","Tambon":"แม่ลาด","__subdistrict":"แม่ลาด","village":"บ้านแม่ลาดใหญ่","BaanN":"บ้านแม่ลาดใหญ่","__village":"บ้านแม่ลาดใหญ่","land_type":"พื้นที่เกษตร","LandType":"พื้นที่เกษตร","plant_type":"นาข้าว","PlantType":"นาข้าว","crop_type":"นาข้าว","crop_type_raw":"นาข้าว","__crop":"นาข้าว","__plant_type":"นาข้าว","confidence":"","source":"NASA FIRMS VIIRS","source_file":"HOTSPOT Viirs 1 ม.ค - 31 พ.ค. 68 (รวม).xlsx","filter_rule":"Province=กำแพงเพชร; LandType=พื้นที่เกษตร; PlantType in allowed list; hierarchy uses Province→Amphoe→Tambon→BaanN from source table","latitude":16.17296,"longitude":99.76136,"month":5,"day":5,"responsibility_code":"5.0","landuse_code":"A101","utm_zone":"47.0","utm_e":"581390.696","utm_n":"1788218.032"},"geometry":{"type":"Point","coordinates":[99.76136,16.17296]}},{"type":"Feature","properties":{"hs_id":"VI1202505060657w4ygsjgdst","hsID":"VI1202505060657w4ygsjgdst","acq_date":"2025-05-06","Date":"2025-05-06","acq_time":"1357.0","year_be":2568,"season_be":2568,"dataset_year_be":2568,"province":"กำแพงเพชร","Province":"กำแพงเพชร","__province":"กำแพงเพชร","district":"ขาณุวรลักษบุรี","Amphoe":"ขาณุวรลักษบุรี","__district":"ขาณุวรลักษบุรี","subdistrict":"โค้งไผ่","Tambon":"โค้งไผ่","__subdistrict":"โค้งไผ่","village":"บ้านโพธิ์ศรี 3","BaanN":"บ้านโพธิ์ศรี 3","__village":"บ้านโพธิ์ศรี 3","land_type":"พื้นที่เกษตร","LandType":"พื้นที่เกษตร","plant_type":"อ้อย","PlantType":"อ้อย","crop_type":"อ้อย","crop_type_raw":"อ้อย","__crop":"อ้อย","__plant_type":"อ้อย","confidence":"","source":"NASA FIRMS VIIRS","source_file":"HOTSPOT Viirs 1 ม.ค - 31 พ.ค. 68 (รวม).xlsx","filter_rule":"Province=กำแพงเพชร; LandType=พื้นที่เกษตร; PlantType in allowed list; hierarchy uses Province→Amphoe→Tambon→BaanN from source table","latitude":16.11603,"longitude":99.67297,"month":5,"day":6,"responsibility_code":"5.0","landuse_code":"A203","utm_zone":"47.0","utm_e":"571961.828","utm_n":"1781887.352"},"geometry":{"type":"Point","coordinates":[99.67297,16.11603]}},{"type":"Feature","properties":{"hs_id":"VI1202505060657w4zh44z1vg","hsID":"VI1202505060657w4zh44z1vg","acq_date":"2025-05-06","Date":"2025-05-06","acq_time":"1357.0","year_be":2568,"season_be":2568,"dataset_year_be":2568,"province":"กำแพงเพชร","Province":"กำแพงเพชร","__province":"กำแพงเพชร","district":"บึงสามัคคี","Amphoe":"บึงสามัคคี","__district":"บึงสามัคคี","subdistrict":"เทพนิมิต","Tambon":"เทพนิมิต","__subdistrict":"เทพนิมิต","village":"บ้านดงยาง","BaanN":"บ้านดงยาง","__village":"บ้านดงยาง","land_type":"พื้นที่เกษตร","LandType":"พื้นที่เกษตร","plant_type":"นาข้าว","PlantType":"นาข้าว","crop_type":"นาข้าว","crop_type_raw":"นาข้าว","__crop":"นาข้าว","__plant_type":"นาข้าว","confidence":"","source":"NASA FIRMS VIIRS","source_file":"HOTSPOT Viirs 1 ม.ค - 31 พ.ค. 68 (รวม).xlsx","filter_rule":"Province=กำแพงเพชร; LandType=พื้นที่เกษตร; PlantType in allowed list; hierarchy uses Province→Amphoe→Tambon→BaanN from source table","latitude":16.1873,"longitude":99.94151,"month":5,"day":6,"responsibility_code":"5.0","landuse_code":"A101","utm_zone":"47.0","utm_e":"600643.11","utm_n":"1789884.177"},"geometry":{"type":"Point","coordinates":[99.94151,16.1873]}},{"type":"Feature","properties":{"hs_id":"VI1202505060657w4yuemtvrj","hsID":"VI1202505060657w4yuemtvrj","acq_date":"2025-05-06","Date":"2025-05-06","acq_time":"1357.0","year_be":2568,"season_be":2568,"dataset_year_be":2568,"province":"กำแพงเพชร","Province":"กำแพงเพชร","__province":"กำแพงเพชร","district":"คลองขลุง","Amphoe":"คลองขลุง","__district":"คลองขลุง","subdistrict":"หัวถนน","Tambon":"หัวถนน","__subdistrict":"หัวถนน","village":"บ้านโนนดุม","BaanN":"บ้านโนนดุม","__village":"บ้านโนนดุม","land_type":"พื้นที่เกษตร","LandType":"พื้นที่เกษตร","plant_type":"นาข้าว","PlantType":"นาข้าว","crop_type":"นาข้าว","crop_type_raw":"นาข้าว","__crop":"นาข้าว","__plant_type":"นาข้าว","confidence":"","source":"NASA FIRMS VIIRS","source_file":"HOTSPOT Viirs 1 ม.ค - 31 พ.ค. 68 (รวม).xlsx","filter_rule":"Province=กำแพงเพชร; LandType=พื้นที่เกษตร; PlantType in allowed list; hierarchy uses Province→Amphoe→Tambon→BaanN from source table","latitude":16.29091,"longitude":99.64321,"month":5,"day":6,"responsibility_code":"5.0","landuse_code":"A101","utm_zone":"47.0","utm_e":"568718.819","utm_n":"1801222.86"},"geometry":{"type":"Point","coordinates":[99.64321,16.29091]}},{"type":"Feature","properties":{"hs_id":"VI1202505060657w4yuemz9xz","hsID":"VI1202505060657w4yuemz9xz","acq_date":"2025-05-06","Date":"2025-05-06","acq_time":"1357.0","year_be":2568,"season_be":2568,"dataset_year_be":2568,"province":"กำแพงเพชร","Province":"กำแพงเพชร","__province":"กำแพงเพชร","district":"คลองขลุง","Amphoe":"คลองขลุง","__district":"คลองขลุง","subdistrict":"หัวถนน","Tambon":"หัวถนน","__subdistrict":"หัวถนน","village":"บ้านโนนดุม","BaanN":"บ้านโนนดุม","__village":"บ้านโนนดุม","land_type":"พื้นที่เกษตร","LandType":"พื้นที่เกษตร","plant_type":"นาข้าว","PlantType":"นาข้าว","crop_type":"นาข้าว","crop_type_raw":"นาข้าว","__crop":"นาข้าว","__plant_type":"นาข้าว","confidence":"","source":"NASA FIRMS VIIRS","source_file":"HOTSPOT Viirs 1 ม.ค - 31 พ.ค. 68 (รวม).xlsx","filter_rule":"Province=กำแพงเพชร; LandType=พื้นที่เกษตร; PlantType in allowed list; hierarchy uses Province→Amphoe→Tambon→BaanN from source table","latitude":16.29165,"longitude":99.64565,"month":5,"day":6,"responsibility_code":"5.0","landuse_code":"A101","utm_zone":"47.0","utm_e":"568979.252","utm_n":"1801305.544"},"geometry":{"type":"Point","coordinates":[99.64565,16.29165]}},{"type":"Feature","properties":{"hs_id":"VI1202505060657w4yv1x1pd2","hsID":"VI1202505060657w4yv1x1pd2","acq_date":"2025-05-06","Date":"2025-05-06","acq_time":"1357.0","year_be":2568,"season_be":2568,"dataset_year_be":2568,"province":"กำแพงเพชร","Province":"กำแพงเพชร","__province":"กำแพงเพชร","district":"เมืองกำแพงเพชร","Amphoe":"เมืองกำแพงเพชร","__district":"เมืองกำแพงเพชร","subdistrict":"เทพนคร","Tambon":"เทพนคร","__subdistrict":"เทพนคร","village":"บ้านเทพนคร","BaanN":"บ้านเทพนคร","__village":"บ้านเทพนคร","land_type":"พื้นที่เกษตร","LandType":"พื้นที่เกษตร","plant_type":"นาข้าว","PlantType":"นาข้าว","crop_type":"นาข้าว","crop_type_raw":"นาข้าว","__crop":"นาข้าว","__plant_type":"นาข้าว","confidence":"","source":"NASA FIRMS VIIRS","source_file":"HOTSPOT Viirs 1 ม.ค - 31 พ.ค. 68 (รวม).xlsx","filter_rule":"Province=กำแพงเพชร; LandType=พื้นที่เกษตร; PlantType in allowed list; hierarchy uses Province→Amphoe→Tambon→BaanN from source table","latitude":16.3874,"longitude":99.55958,"month":5,"day":6,"responsibility_code":"5.0","landuse_code":"A101","utm_zone":"47.0","utm_e":"559754.428","utm_n":"1811870.508"},"geometry":{"type":"Point","coordinates":[99.55958,16.3874]}},{"type":"Feature","properties":{"hs_id":"VI1202505060657w4yv1x6e3m","hsID":"VI1202505060657w4yv1x6e3m","acq_date":"2025-05-06","Date":"2025-05-06","acq_time":"1357.0","year_be":2568,"season_be":2568,"dataset_year_be":2568,"province":"กำแพงเพชร","Province":"กำแพงเพชร","__province":"กำแพงเพชร","district":"เมืองกำแพงเพชร","Amphoe":"เมืองกำแพงเพชร","__district":"เมืองกำแพงเพชร","subdistrict":"เทพนคร","Tambon":"เทพนคร","__subdistrict":"เทพนคร","village":"บ้านเทพนคร","BaanN":"บ้านเทพนคร","__village":"บ้านเทพนคร","land_type":"พื้นที่เกษตร","LandType":"พื้นที่เกษตร","plant_type":"นาข้าว","PlantType":"นาข้าว","crop_type":"นาข้าว","crop_type_raw":"นาข้าว","__crop":"นาข้าว","__plant_type":"นาข้าว","confidence":"","source":"NASA FIRMS VIIRS","source_file":"HOTSPOT Viirs 1 ม.ค - 31 พ.ค. 68 (รวม).xlsx","filter_rule":"Province=กำแพงเพชร; LandType=พื้นที่เกษตร; PlantType in allowed list; hierarchy uses Province→Amphoe→Tambon→BaanN from source table","latitude":16.38807,"longitude":99.5616,"month":5,"day":6,"responsibility_code":"5.0","landuse_code":"A101","utm_zone":"47.0","utm_e":"559969.934","utm_n":"1811945.22"},"geometry":{"type":"Point","coordinates":[99.5616,16.38807]}},{"type":"Feature","properties":{"hs_id":"VI1202505060657w4yy7gfcnh","hsID":"VI1202505060657w4yy7gfcnh","acq_date":"2025-05-06","Date":"2025-05-06","acq_time":"1357.0","year_be":2568,"season_be":2568,"dataset_year_be":2568,"province":"กำแพงเพชร","Province":"กำแพงเพชร","__province":"กำแพงเพชร","district":"พรานกระต่าย","Amphoe":"พรานกระต่าย","__district":"พรานกระต่าย","subdistrict":"เขาคีริส","Tambon":"เขาคีริส","__subdistrict":"เขาคีริส","village":"บ้านเขาคีรีส","BaanN":"บ้านเขาคีรีส","__village":"บ้านเขาคีรีส","land_type":"พื้นที่เกษตร","LandType":"พื้นที่เกษตร","plant_type":"นาข้าว","PlantType":"นาข้าว","crop_type":"นาข้าว","crop_type_raw":"นาข้าว","__crop":"นาข้าว","__plant_type":"นาข้าว","confidence":"","source":"NASA FIRMS VIIRS","source_file":"HOTSPOT Viirs 1 ม.ค - 31 พ.ค. 68 (รวม).xlsx","filter_rule":"Province=กำแพงเพชร; LandType=พื้นที่เกษตร; PlantType in allowed list; hierarchy uses Province→Amphoe→Tambon→BaanN from source table","latitude":16.58818,"longitude":99.66102,"month":5,"day":6,"responsibility_code":"5.0","landuse_code":"A101","utm_zone":"47.0","utm_e":"570514.285","utm_n":"1834114.496"},"geometry":{"type":"Point","coordinates":[99.66102,16.58818]}},{"type":"Feature","properties":{"hs_id":"VI1202505070637w4yuu9mkg7","hsID":"VI1202505070637w4yuu9mkg7","acq_date":"2025-05-07","Date":"2025-05-07","acq_time":"1337.0","year_be":2568,"season_be":2568,"dataset_year_be":2568,"province":"กำแพงเพชร","Province":"กำแพงเพชร","__province":"กำแพงเพชร","district":"คลองขลุง","Amphoe":"คลองขลุง","__district":"คลองขลุง","subdistrict":"วังบัว","Tambon":"วังบัว","__subdistrict":"วังบัว","village":"บ้านสามง่าม","BaanN":"บ้านสามง่าม","__village":"บ้านสามง่าม","land_type":"พื้นที่เกษตร","LandType":"พื้นที่เกษตร","plant_type":"นาข้าว","PlantType":"นาข้าว","crop_type":"นาข้าว","crop_type_raw":"นาข้าว","__crop":"นาข้าว","__plant_type":"นาข้าว","confidence":"","source":"NASA FIRMS VIIRS","source_file":"HOTSPOT Viirs 1 ม.ค - 31 พ.ค. 68 (รวม).xlsx","filter_rule":"Province=กำแพงเพชร; LandType=พื้นที่เกษตร; PlantType in allowed list; hierarchy uses Province→Amphoe→Tambon→BaanN from source table","latitude":16.31141,"longitude":99.6973,"month":5,"day":7,"responsibility_code":"5.0","landuse_code":"A101","utm_zone":"47.0","utm_e":"574490.133","utm_n":"1803509.627"},"geometry":{"type":"Point","coordinates":[99.6973,16.31141]}},{"type":"Feature","properties":{"hs_id":"VI1202505070637w4yuge9p5z","hsID":"VI1202505070637w4yuge9p5z","acq_date":"2025-05-07","Date":"2025-05-07","acq_time":"1337.0","year_be":2568,"season_be":2568,"dataset_year_be":2568,"province":"กำแพงเพชร","Province":"กำแพงเพชร","__province":"กำแพงเพชร","district":"เมืองกำแพงเพชร","Amphoe":"เมืองกำแพงเพชร","__district":"เมืองกำแพงเพชร","subdistrict":"ธำมรงค์","Tambon":"ธำมรงค์","__subdistrict":"ธำมรงค์","village":"บ้านเกาะธำมรงค์","BaanN":"บ้านเกาะธำมรงค์","__village":"บ้านเกาะธำมรงค์","land_type":"พื้นที่เกษตร","LandType":"พื้นที่เกษตร","plant_type":"อ้อย","PlantType":"อ้อย","crop_type":"อ้อย","crop_type_raw":"อ้อย","__crop":"อ้อย","__plant_type":"อ้อย","confidence":"","source":"NASA FIRMS VIIRS","source_file":"HOTSPOT Viirs 1 ม.ค - 31 พ.ค. 68 (รวม).xlsx","filter_rule":"Province=กำแพงเพชร; LandType=พื้นที่เกษตร; PlantType in allowed list; hierarchy uses Province→Amphoe→Tambon→BaanN from source table","latitude":16.32418,"longitude":99.64754,"month":5,"day":7,"responsibility_code":"5.0","landuse_code":"A203","utm_zone":"47.0","utm_e":"569169.76","utm_n":"1804904.769"},"geometry":{"type":"Point","coordinates":[99.64754,16.32418]}},{"type":"Feature","properties":{"hs_id":"VI1202505090559w4ywqsxwwm","hsID":"VI1202505090559w4ywqsxwwm","acq_date":"2025-05-09","Date":"2025-05-09","acq_time":"1259.0","year_be":2568,"season_be":2568,"dataset_year_be":2568,"province":"กำแพงเพชร","Province":"กำแพงเพชร","__province":"กำแพงเพชร","district":"โกสัมพีนคร","Amphoe":"โกสัมพีนคร","__district":"โกสัมพีนคร","subdistrict":"ลานดอกไม้ตก","Tambon":"ลานดอกไม้ตก","__subdistrict":"ลานดอกไม้ตก","village":"บ้านลานดอกไม้เหนือ","BaanN":"บ้านลานดอกไม้เหนือ","__village":"บ้านลานดอกไม้เหนือ","land_type":"พื้นที่เกษตร","LandType":"พื้นที่เกษตร","plant_type":"นาข้าว","PlantType":"นาข้าว","crop_type":"นาข้าว","crop_type_raw":"นาข้าว","__crop":"นาข้าว","__plant_type":"นาข้าว","confidence":"","source":"NASA FIRMS VIIRS","source_file":"HOTSPOT Viirs 1 ม.ค - 31 พ.ค. 68 (รวม).xlsx","filter_rule":"Province=กำแพงเพชร; LandType=พื้นที่เกษตร; PlantType in allowed list; hierarchy uses Province→Amphoe→Tambon→BaanN from source table","latitude":16.59325,"longitude":99.43684,"month":5,"day":9,"responsibility_code":"5.0","landuse_code":"A101","utm_zone":"47.0","utm_e":"546598.18","utm_n":"1834609.942"},"geometry":{"type":"Point","coordinates":[99.43684,16.59325]}},{"type":"Feature","properties":{"hs_id":"VI1202505090559w4ywu2wvz2","hsID":"VI1202505090559w4ywu2wvz2","acq_date":"2025-05-09","Date":"2025-05-09","acq_time":"1259.0","year_be":2568,"season_be":2568,"dataset_year_be":2568,"province":"กำแพงเพชร","Province":"กำแพงเพชร","__province":"กำแพงเพชร","district":"โกสัมพีนคร","Amphoe":"โกสัมพีนคร","__district":"โกสัมพีนคร","subdistrict":"โกสัมพี","Tambon":"โกสัมพี","__subdistrict":"โกสัมพี","village":"บ้านหนองวัวดำ","BaanN":"บ้านหนองวัวดำ","__village":"บ้านหนองวัวดำ","land_type":"พื้นที่เกษตร","LandType":"พื้นที่เกษตร","plant_type":"อ้อย","PlantType":"อ้อย","crop_type":"อ้อย","crop_type_raw":"อ้อย","__crop":"อ้อย","__plant_type":"อ้อย","confidence":"","source":"NASA FIRMS VIIRS","source_file":"HOTSPOT Viirs 1 ม.ค - 31 พ.ค. 68 (รวม).xlsx","filter_rule":"Province=กำแพงเพชร; LandType=พื้นที่เกษตร; PlantType in allowed list; hierarchy uses Province→Amphoe→Tambon→BaanN from source table","latitude":16.65901,"longitude":99.33698,"month":5,"day":9,"responsibility_code":"5.0","landuse_code":"A203","utm_zone":"47.0","utm_e":"535933.649","utm_n":"1841863.941"},"geometry":{"type":"Point","coordinates":[99.33698,16.65901]}},{"type":"Feature","properties":{"hs_id":"VI1202505100540w4yugdgcke","hsID":"VI1202505100540w4yugdgcke","acq_date":"2025-05-10","Date":"2025-05-10","acq_time":"1240.0","year_be":2568,"season_be":2568,"dataset_year_be":2568,"province":"กำแพงเพชร","Province":"กำแพงเพชร","__province":"กำแพงเพชร","district":"เมืองกำแพงเพชร","Amphoe":"เมืองกำแพงเพชร","__district":"เมืองกำแพงเพชร","subdistrict":"ธำมรงค์","Tambon":"ธำมรงค์","__subdistrict":"ธำมรงค์","village":"บ้านคลองสุวรรณ","BaanN":"บ้านคลองสุวรรณ","__village":"บ้านคลองสุวรรณ","land_type":"พื้นที่เกษตร","LandType":"พื้นที่เกษตร","plant_type":"นาข้าว","PlantType":"นาข้าว","crop_type":"นาข้าว","crop_type_raw":"นาข้าว","__crop":"นาข้าว","__plant_type":"นาข้าว","confidence":"","source":"NASA FIRMS VIIRS","source_file":"HOTSPOT Viirs 1 ม.ค - 31 พ.ค. 68 (รวม).xlsx","filter_rule":"Province=กำแพงเพชร; LandType=พื้นที่เกษตร; PlantType in allowed list; hierarchy uses Province→Amphoe→Tambon→BaanN from source table","latitude":16.31905,"longitude":99.65134,"month":5,"day":10,"responsibility_code":"5.0","landuse_code":"A101","utm_zone":"47.0","utm_e":"569577.502","utm_n":"1804338.562"},"geometry":{"type":"Point","coordinates":[99.65134,16.31905]}},{"type":"Feature","properties":{"hs_id":"VI1202505110701w4ytywm1rp","hsID":"VI1202505110701w4ytywm1rp","acq_date":"2025-05-11","Date":"2025-05-11","acq_time":"1401.0","year_be":2568,"season_be":2568,"dataset_year_be":2568,"province":"กำแพงเพชร","Province":"กำแพงเพชร","__province":"กำแพงเพชร","district":"เมืองกำแพงเพชร","Amphoe":"เมืองกำแพงเพชร","__district":"เมืองกำแพงเพชร","subdistrict":"ทรงธรรม","Tambon":"ทรงธรรม","__subdistrict":"ทรงธรรม","village":"บ้านมอทรงธรรม","BaanN":"บ้านมอทรงธรรม","__village":"บ้านมอทรงธรรม","land_type":"พื้นที่เกษตร","LandType":"พื้นที่เกษตร","plant_type":"เกษตรอื่น ๆ","PlantType":"เกษตรอื่น ๆ","crop_type":"เกษตรอื่น ๆ","crop_type_raw":"เกษตรอื่น ๆ","__crop":"เกษตรอื่น ๆ","__plant_type":"เกษตรอื่น ๆ","confidence":"","source":"NASA FIRMS VIIRS","source_file":"HOTSPOT Viirs 1 ม.ค - 31 พ.ค. 68 (รวม).xlsx","filter_rule":"Province=กำแพงเพชร; LandType=พื้นที่เกษตร; PlantType in allowed list; hierarchy uses Province→Amphoe→Tambon→BaanN from source table","latitude":16.51408,"longitude":99.43344,"month":5,"day":11,"responsibility_code":"5.0","landuse_code":"A999","utm_zone":"47.0","utm_e":"546254.37","utm_n":"1825851.143"},"geometry":{"type":"Point","coordinates":[99.43344,16.51408]}},{"type":"Feature","properties":{"hs_id":"VI1202505170650w4yvw67js1","hsID":"VI1202505170650w4yvw67js1","acq_date":"2025-05-17","Date":"2025-05-17","acq_time":"1350.0","year_be":2568,"season_be":2568,"dataset_year_be":2568,"province":"กำแพงเพชร","Province":"กำแพงเพชร","__province":"กำแพงเพชร","district":"ไทรงาม","Amphoe":"ไทรงาม","__district":"ไทรงาม","subdistrict":"หนองคล้า","Tambon":"หนองคล้า","__subdistrict":"หนองคล้า","village":"บ้านแม่บัว","BaanN":"บ้านแม่บัว","__village":"บ้านแม่บัว","land_type":"พื้นที่เกษตร","LandType":"พื้นที่เกษตร","plant_type":"อ้อย","PlantType":"อ้อย","crop_type":"อ้อย","crop_type_raw":"อ้อย","__crop":"อ้อย","__plant_type":"อ้อย","confidence":"","source":"NASA FIRMS VIIRS","source_file":"HOTSPOT Viirs 1 ม.ค - 31 พ.ค. 68 (รวม).xlsx","filter_rule":"Province=กำแพงเพชร; LandType=พื้นที่เกษตร; PlantType in allowed list; hierarchy uses Province→Amphoe→Tambon→BaanN from source table","latitude":16.44886,"longitude":99.77114,"month":5,"day":17,"responsibility_code":"5.0","landuse_code":"A203","utm_zone":"47.0","utm_e":"582320.871","utm_n":"1818743.681"},"geometry":{"type":"Point","coordinates":[99.77114,16.44886]}},{"type":"Feature","properties":{"hs_id":"VI1202505170650w4ywtjzqxx","hsID":"VI1202505170650w4ywtjzqxx","acq_date":"2025-05-17","Date":"2025-05-17","acq_time":"1350.0","year_be":2568,"season_be":2568,"dataset_year_be":2568,"province":"กำแพงเพชร","Province":"กำแพงเพชร","__province":"กำแพงเพชร","district":"โกสัมพีนคร","Amphoe":"โกสัมพีนคร","__district":"โกสัมพีนคร","subdistrict":"โกสัมพี","Tambon":"โกสัมพี","__subdistrict":"โกสัมพี","village":"บ้านใหล่ประดา","BaanN":"บ้านใหล่ประดา","__village":"บ้านใหล่ประดา","land_type":"พื้นที่เกษตร","LandType":"พื้นที่เกษตร","plant_type":"อ้อย","PlantType":"อ้อย","crop_type":"อ้อย","crop_type_raw":"อ้อย","__crop":"อ้อย","__plant_type":"อ้อย","confidence":"","source":"NASA FIRMS VIIRS","source_file":"HOTSPOT Viirs 1 ม.ค - 31 พ.ค. 68 (รวม).xlsx","filter_rule":"Province=กำแพงเพชร; LandType=พื้นที่เกษตร; PlantType in allowed list; hierarchy uses Province→Amphoe→Tambon→BaanN from source table","latitude":16.64407,"longitude":99.37063,"month":5,"day":17,"responsibility_code":"5.0","landuse_code":"A203","utm_zone":"47.0","utm_e":"539524.999","utm_n":"1840217.583"},"geometry":{"type":"Point","coordinates":[99.37063,16.64407]}}]}