{"type":"FeatureCollection","name":"hotspot_2567","metadata":{"dataset_year_be":2567,"source_file":"2569-7-20 รวม 67-69 เขต 6.xlsx","filter_rule":"Province=กำแพงเพชร; LandType=พื้นที่เกษตร; PlantType in allowed groups; de-duplicate by hsID","total_features":341,"date_min":"2024-01-01","date_max":"2024-05-19","province":"กำแพงเพชร","land_type":"พื้นที่เกษตร","plant_types":["ข้าวโพดและไร่หมุนเวียน","นาข้าว","พื้นที่ป่า","อื่น ๆ","อ้อย","เกษตรอื่น ๆ"]},"features":[{"type":"Feature","geometry":{"type":"Point","coordinates":[99.58763,16.45278]},"properties":{"hs_id":"VI1202401010701urgxyruxcx","hsID":"VI1202401010701urgxyruxcx","acq_date":"2024-01-01","Date":"2024-01-01","acq_time":"","year_be":2567,"season_be":2567,"dataset_year_be":2567,"province":"กำแพงเพชร","Province":"กำแพงเพชร","__province":"กำแพงเพชร","district":"เมืองกำแพงเพชร","Amphoe":"เมืองกำแพงเพชร","__district":"เมืองกำแพงเพชร","subdistrict":"เทพนคร","Tambon":"เทพนคร","__subdistrict":"เทพนคร","village":"บ้านตลุก","BaanN":"บ้านตลุก","__village":"บ้านตลุก","land_type":"พื้นที่เกษตร","LandType":"พื้นที่เกษตร","plant_type":"นาข้าว","PlantType":"นาข้าว","crop_type":"นาข้าว","crop_type_raw":"นาข้าว","__crop":"นาข้าว","__plant_type":"นาข้าว","confidence":47,"Q":"47","source":"NASA FIRMS Email Alert - Suomi NPP VIIRS","source_file":"2569-7-20 รวม 67-69 เขต 6.xlsx","filter_rule":"Province=กำแพงเพชร; LandType=พื้นที่เกษตร; PlantType normalized to allowed groups","month":1,"month_key":"2567-01","day_key":"2024-01-01","TambonN":"เทพนคร","AmphoeN":"เมืองกำแพงเพชร","ProvinceN":"กำแพงเพชร","Maps":"http://maps.google.com/maps?q=16.45278,99.58763"}},{"type":"Feature","geometry":{"type":"Point","coordinates":[99.81395,16.13692]},"properties":{"hs_id":"VI1202401020641urgrzpyxcr","hsID":"VI1202401020641urgrzpyxcr","acq_date":"2024-01-02","Date":"2024-01-02","acq_time":"","year_be":2567,"season_be":2567,"dataset_year_be":2567,"province":"กำแพงเพชร","Province":"กำแพงเพชร","__province":"กำแพงเพชร","district":"ขาณุวรลักษบุรี","Amphoe":"ขาณุวรลักษบุรี","__district":"ขาณุวรลักษบุรี","subdistrict":"ยางสูง","Tambon":"ยางสูง","__subdistrict":"ยางสูง","village":"บ้านเกาะฝ้าย","BaanN":"บ้านเกาะฝ้าย","__village":"บ้านเกาะฝ้าย","land_type":"พื้นที่เกษตร","LandType":"พื้นที่เกษตร","plant_type":"นาข้าว","PlantType":"นาข้าว","crop_type":"นาข้าว","crop_type_raw":"นาข้าว","__crop":"นาข้าว","__plant_type":"นาข้าว","confidence":47,"Q":"47","source":"NASA FIRMS Email Alert - Suomi NPP VIIRS","source_file":"2569-7-20 รวม 67-69 เขต 6.xlsx","filter_rule":"Province=กำแพงเพชร; LandType=พื้นที่เกษตร; PlantType normalized to allowed groups","month":1,"month_key":"2567-01","day_key":"2024-01-02","TambonN":"ยางสูง","AmphoeN":"ขาณุวรลักษบุรี","ProvinceN":"กำแพงเพชร","Maps":"http://maps.google.com/maps?q=16.13692,99.81395"}},{"type":"Feature","geometry":{"type":"Point","coordinates":[99.91409,16.18946]},"properties":{"hs_id":"VI1202401020641urgxbruzcz","hsID":"VI1202401020641urgxbruzcz","acq_date":"2024-01-02","Date":"2024-01-02","acq_time":"","year_be":2567,"season_be":2567,"dataset_year_be":2567,"province":"กำแพงเพชร","Province":"กำแพงเพชร","__province":"กำแพงเพชร","district":"บึงสามัคคี","Amphoe":"บึงสามัคคี","__district":"บึงสามัคคี","subdistrict":"เทพนิมิต","Tambon":"เทพนิมิต","__subdistrict":"เทพนิมิต","village":"บ้านโพธิ์เอน","BaanN":"บ้านโพธิ์เอน","__village":"บ้านโพธิ์เอน","land_type":"พื้นที่เกษตร","LandType":"พื้นที่เกษตร","plant_type":"นาข้าว","PlantType":"นาข้าว","crop_type":"นาข้าว","crop_type_raw":"นาข้าว","__crop":"นาข้าว","__plant_type":"นาข้าว","confidence":47,"Q":"47","source":"NASA FIRMS Email Alert - Suomi NPP VIIRS","source_file":"2569-7-20 รวม 67-69 เขต 6.xlsx","filter_rule":"Province=กำแพงเพชร; LandType=พื้นที่เกษตร; PlantType normalized to allowed groups","month":1,"month_key":"2567-01","day_key":"2024-01-02","TambonN":"เทพนิมิต","AmphoeN":"บึงสามัคคี","ProvinceN":"กำแพงเพชร","Maps":"http://maps.google.com/maps?q=16.18946,99.91409"}},{"type":"Feature","geometry":{"type":"Point","coordinates":[99.54929,16.38387]},"properties":{"hs_id":"VI1202401020641urgxuzfrgz","hsID":"VI1202401020641urgxuzfrgz","acq_date":"2024-01-02","Date":"2024-01-02","acq_time":"","year_be":2567,"season_be":2567,"dataset_year_be":2567,"province":"กำแพงเพชร","Province":"กำแพงเพชร","__province":"กำแพงเพชร","district":"เมืองกำแพงเพชร","Amphoe":"เมืองกำแพงเพชร","__district":"เมืองกำแพงเพชร","subdistrict":"อ่างทอง","Tambon":"อ่างทอง","__subdistrict":"อ่างทอง","village":"บ้านท่าเสากระโดง","BaanN":"บ้านท่าเสากระโดง","__village":"บ้านท่าเสากระโดง","land_type":"พื้นที่เกษตร","LandType":"พื้นที่เกษตร","plant_type":"อ้อย","PlantType":"อ้อย","crop_type":"อ้อย","crop_type_raw":"อ้อย","__crop":"อ้อย","__plant_type":"อ้อย","confidence":47,"Q":"47","source":"NASA FIRMS Email Alert - Suomi NPP VIIRS","source_file":"2569-7-20 รวม 67-69 เขต 6.xlsx","filter_rule":"Province=กำแพงเพชร; LandType=พื้นที่เกษตร; PlantType normalized to allowed groups","month":1,"month_key":"2567-01","day_key":"2024-01-02","TambonN":"อ่างทอง","AmphoeN":"เมืองกำแพงเพชร","ProvinceN":"กำแพงเพชร","Maps":"http://maps.google.com/maps?q=16.38387,99.54929"}},{"type":"Feature","geometry":{"type":"Point","coordinates":[99.64136,16.52948]},"properties":{"hs_id":"VI1202401021914urgzbpuruz","hsID":"VI1202401021914urgzbpuruz","acq_date":"2024-01-03","Date":"2024-01-03","acq_time":"","year_be":2567,"season_be":2567,"dataset_year_be":2567,"province":"กำแพงเพชร","Province":"กำแพงเพชร","__province":"กำแพงเพชร","district":"เมืองกำแพงเพชร","Amphoe":"เมืองกำแพงเพชร","__district":"เมืองกำแพงเพชร","subdistrict":"สระแก้ว","Tambon":"สระแก้ว","__subdistrict":"สระแก้ว","village":"บ้านโพธิ์สวัสดิ์","BaanN":"บ้านโพธิ์สวัสดิ์","__village":"บ้านโพธิ์สวัสดิ์","land_type":"พื้นที่เกษตร","LandType":"พื้นที่เกษตร","plant_type":"ข้าวโพดและไร่หมุนเวียน","PlantType":"ข้าวโพดและไร่หมุนเวียน","crop_type":"ข้าวโพดและไร่หมุนเวียน","crop_type_raw":"ข้าวโพดและไร่หมุนเวียน","__crop":"ข้าวโพดและไร่หมุนเวียน","__plant_type":"ข้าวโพดและไร่หมุนเวียน","confidence":47,"Q":"47","source":"NASA FIRMS Email Alert - Suomi NPP VIIRS","source_file":"2569-7-20 รวม 67-69 เขต 6.xlsx","filter_rule":"Province=กำแพงเพชร; LandType=พื้นที่เกษตร; PlantType normalized to allowed groups","month":1,"month_key":"2567-01","day_key":"2024-01-03","TambonN":"สระแก้ว","AmphoeN":"เมืองกำแพงเพชร","ProvinceN":"กำแพงเพชร","Maps":"http://maps.google.com/maps?q=16.52948,99.64136"}},{"type":"Feature","geometry":{"type":"Point","coordinates":[99.46464,16.56536]},"properties":{"hs_id":"VI1202401021914urgzbzyxbz","hsID":"VI1202401021914urgzbzyxbz","acq_date":"2024-01-03","Date":"2024-01-03","acq_time":"","year_be":2567,"season_be":2567,"dataset_year_be":2567,"province":"กำแพงเพชร","Province":"กำแพงเพชร","__province":"กำแพงเพชร","district":"โกสัมพีนคร","Amphoe":"โกสัมพีนคร","__district":"โกสัมพีนคร","subdistrict":"ลานดอกไม้ตก","Tambon":"ลานดอกไม้ตก","__subdistrict":"ลานดอกไม้ตก","village":"บ้านไร่เหนือ","BaanN":"บ้านไร่เหนือ","__village":"บ้านไร่เหนือ","land_type":"พื้นที่เกษตร","LandType":"พื้นที่เกษตร","plant_type":"เกษตรอื่น ๆ","PlantType":"เกษตรอื่น ๆ","crop_type":"เกษตรอื่น ๆ","crop_type_raw":"เกษตรอื่น ๆ","__crop":"เกษตรอื่น ๆ","__plant_type":"เกษตรอื่น ๆ","confidence":47,"Q":"47","source":"NASA FIRMS Email Alert - Suomi NPP VIIRS","source_file":"2569-7-20 รวม 67-69 เขต 6.xlsx","filter_rule":"Province=กำแพงเพชร; LandType=พื้นที่เกษตร; PlantType normalized to allowed groups","month":1,"month_key":"2567-01","day_key":"2024-01-03","TambonN":"ทรงธรรม","AmphoeN":"เมืองกำแพงเพชร","ProvinceN":"กำแพงเพชร","Maps":"http://maps.google.com/maps?q=16.56536,99.46464"}},{"type":"Feature","geometry":{"type":"Point","coordinates":[99.48109,16.47927]},"properties":{"hs_id":"VI1202401041836urgxyzzzfz","hsID":"VI1202401041836urgxyzzzfz","acq_date":"2024-01-05","Date":"2024-01-05","acq_time":"","year_be":2567,"season_be":2567,"dataset_year_be":2567,"province":"กำแพงเพชร","Province":"กำแพงเพชร","__province":"กำแพงเพชร","district":"เมืองกำแพงเพชร","Amphoe":"เมืองกำแพงเพชร","__district":"เมืองกำแพงเพชร","subdistrict":"นครชุม","Tambon":"นครชุม","__subdistrict":"นครชุม","village":"บ้านเนินสำราญ","BaanN":"บ้านเนินสำราญ","__village":"บ้านเนินสำราญ","land_type":"พื้นที่เกษตร","LandType":"พื้นที่เกษตร","plant_type":"อ้อย","PlantType":"อ้อย","crop_type":"อ้อย","crop_type_raw":"อ้อย","__crop":"อ้อย","__plant_type":"อ้อย","confidence":47,"Q":"47","source":"NASA FIRMS Email Alert - Suomi NPP VIIRS","source_file":"2569-7-20 รวม 67-69 เขต 6.xlsx","filter_rule":"Province=กำแพงเพชร; LandType=พื้นที่เกษตร; PlantType normalized to allowed groups","month":1,"month_key":"2567-01","day_key":"2024-01-05","TambonN":"นครชุม","AmphoeN":"เมืองกำแพงเพชร","ProvinceN":"กำแพงเพชร","Maps":"http://maps.google.com/maps?q=16.47927,99.48109"}},{"type":"Feature","geometry":{"type":"Point","coordinates":[99.98978,16.19974]},"properties":{"hs_id":"VI1202401060707urgxbxurcr","hsID":"VI1202401060707urgxbxurcr","acq_date":"2024-01-06","Date":"2024-01-06","acq_time":"","year_be":2567,"season_be":2567,"dataset_year_be":2567,"province":"กำแพงเพชร","Province":"กำแพงเพชร","__province":"กำแพงเพชร","district":"บึงสามัคคี","Amphoe":"บึงสามัคคี","__district":"บึงสามัคคี","subdistrict":"วังชะโอน","Tambon":"วังชะโอน","__subdistrict":"วังชะโอน","village":"บ้านคอปล้อง","BaanN":"บ้านคอปล้อง","__village":"บ้านคอปล้อง","land_type":"พื้นที่เกษตร","LandType":"พื้นที่เกษตร","plant_type":"อ้อย","PlantType":"อ้อย","crop_type":"อ้อย","crop_type_raw":"อ้อย","__crop":"อ้อย","__plant_type":"อ้อย","confidence":47,"Q":"47","source":"NASA FIRMS Email Alert - Suomi NPP VIIRS","source_file":"2569-7-20 รวม 67-69 เขต 6.xlsx","filter_rule":"Province=กำแพงเพชร; LandType=พื้นที่เกษตร; PlantType normalized to allowed groups","month":1,"month_key":"2567-01","day_key":"2024-01-06","TambonN":"วังชะโอน","AmphoeN":"บึงสามัคคี","ProvinceN":"กำแพงเพชร","Maps":"http://maps.google.com/maps?q=16.19974,99.98978"}},{"type":"Feature","geometry":{"type":"Point","coordinates":[99.9874,16.20072]},"properties":{"hs_id":"VI1202401060707urgxbxvpbp","hsID":"VI1202401060707urgxbxvpbp","acq_date":"2024-01-06","Date":"2024-01-06","acq_time":"","year_be":2567,"season_be":2567,"dataset_year_be":2567,"province":"กำแพงเพชร","Province":"กำแพงเพชร","__province":"กำแพงเพชร","district":"บึงสามัคคี","Amphoe":"บึงสามัคคี","__district":"บึงสามัคคี","subdistrict":"วังชะโอน","Tambon":"วังชะโอน","__subdistrict":"วังชะโอน","village":"บ้านคอปล้อง","BaanN":"บ้านคอปล้อง","__village":"บ้านคอปล้อง","land_type":"พื้นที่เกษตร","LandType":"พื้นที่เกษตร","plant_type":"นาข้าว","PlantType":"นาข้าว","crop_type":"นาข้าว","crop_type_raw":"นาข้าว","__crop":"นาข้าว","__plant_type":"นาข้าว","confidence":47,"Q":"47","source":"NASA FIRMS Email Alert - Suomi NPP VIIRS","source_file":"2569-7-20 รวม 67-69 เขต 6.xlsx","filter_rule":"Province=กำแพงเพชร; LandType=พื้นที่เกษตร; PlantType normalized to allowed groups","month":1,"month_key":"2567-01","day_key":"2024-01-06","TambonN":"วังชะโอน","AmphoeN":"บึงสามัคคี","ProvinceN":"กำแพงเพชร","Maps":"http://maps.google.com/maps?q=16.20072,99.9874"}},{"type":"Feature","geometry":{"type":"Point","coordinates":[99.68074,16.42832]},"properties":{"hs_id":"VI1202401070648urgxvzfxzx","hsID":"VI1202401070648urgxvzfxzx","acq_date":"2024-01-07","Date":"2024-01-07","acq_time":"","year_be":2567,"season_be":2567,"dataset_year_be":2567,"province":"กำแพงเพชร","Province":"กำแพงเพชร","__province":"กำแพงเพชร","district":"เมืองกำแพงเพชร","Amphoe":"เมืองกำแพงเพชร","__district":"เมืองกำแพงเพชร","subdistrict":"เทพนคร","Tambon":"เทพนคร","__subdistrict":"เทพนคร","village":"บ้านการะบูน","BaanN":"บ้านการะบูน","__village":"บ้านการะบูน","land_type":"พื้นที่เกษตร","LandType":"พื้นที่เกษตร","plant_type":"นาข้าว","PlantType":"นาข้าว","crop_type":"นาข้าว","crop_type_raw":"นาข้าว","__crop":"นาข้าว","__plant_type":"นาข้าว","confidence":47,"Q":"47","source":"NASA FIRMS Email Alert - Suomi NPP VIIRS","source_file":"2569-7-20 รวม 67-69 เขต 6.xlsx","filter_rule":"Province=กำแพงเพชร; LandType=พื้นที่เกษตร; PlantType normalized to allowed groups","month":1,"month_key":"2567-01","day_key":"2024-01-07","TambonN":"นิคมทุ่งโพธิ์ทะเล","AmphoeN":"เมืองกำแพงเพชร","ProvinceN":"กำแพงเพชร","Maps":"http://maps.google.com/maps?q=16.42832,99.68074"}},{"type":"Feature","geometry":{"type":"Point","coordinates":[99.61938,16.72131]},"properties":{"hs_id":"VI1202401070648urgzuxbpfz","hsID":"VI1202401070648urgzuxbpfz","acq_date":"2024-01-07","Date":"2024-01-07","acq_time":"","year_be":2567,"season_be":2567,"dataset_year_be":2567,"province":"กำแพงเพชร","Province":"กำแพงเพชร","__province":"กำแพงเพชร","district":"พรานกระต่าย","Amphoe":"พรานกระต่าย","__district":"พรานกระต่าย","subdistrict":"ห้วยยั้ง","Tambon":"ห้วยยั้ง","__subdistrict":"ห้วยยั้ง","village":"บ้านหนองหัววัว","BaanN":"บ้านหนองหัววัว","__village":"บ้านหนองหัววัว","land_type":"พื้นที่เกษตร","LandType":"พื้นที่เกษตร","plant_type":"นาข้าว","PlantType":"นาข้าว","crop_type":"นาข้าว","crop_type_raw":"นาข้าว","__crop":"นาข้าว","__plant_type":"นาข้าว","confidence":47,"Q":"47","source":"NASA FIRMS Email Alert - Suomi NPP VIIRS","source_file":"2569-7-20 รวม 67-69 เขต 6.xlsx","filter_rule":"Province=กำแพงเพชร; LandType=พื้นที่เกษตร; PlantType normalized to allowed groups","month":1,"month_key":"2567-01","day_key":"2024-01-07","TambonN":"หนองหัววัว","AmphoeN":"พรานกระต่าย","ProvinceN":"กำแพงเพชร","Maps":"http://maps.google.com/maps?q=16.72131,99.61938"}},{"type":"Feature","geometry":{"type":"Point","coordinates":[99.79599,16.27871]},"properties":{"hs_id":"VI1202401080629urgxfrvzcr","hsID":"VI1202401080629urgxfrvzcr","acq_date":"2024-01-08","Date":"2024-01-08","acq_time":"","year_be":2567,"season_be":2567,"dataset_year_be":2567,"province":"กำแพงเพชร","Province":"กำแพงเพชร","__province":"กำแพงเพชร","district":"ทรายทองวัฒนา","Amphoe":"ทรายทองวัฒนา","__district":"ทรายทองวัฒนา","subdistrict":"ทุ่งทราย","Tambon":"ทุ่งทราย","__subdistrict":"ทุ่งทราย","village":"บ้านหนองนกชุมใต้","BaanN":"บ้านหนองนกชุมใต้","__village":"บ้านหนองนกชุมใต้","land_type":"พื้นที่เกษตร","LandType":"พื้นที่เกษตร","plant_type":"อ้อย","PlantType":"อ้อย","crop_type":"อ้อย","crop_type_raw":"อ้อย","__crop":"อ้อย","__plant_type":"อ้อย","confidence":47,"Q":"47","source":"NASA FIRMS Email Alert - Suomi NPP VIIRS","source_file":"2569-7-20 รวม 67-69 เขต 6.xlsx","filter_rule":"Province=กำแพงเพชร; LandType=พื้นที่เกษตร; PlantType normalized to allowed groups","month":1,"month_key":"2567-01","day_key":"2024-01-08","TambonN":"ทุ่งทราย","AmphoeN":"ทรายทองวัฒนา","ProvinceN":"กำแพงเพชร","Maps":"http://maps.google.com/maps?q=16.27871,99.79599"}},{"type":"Feature","geometry":{"type":"Point","coordinates":[99.66362,16.3763]},"properties":{"hs_id":"VI1202401080629urgxuxuzgr","hsID":"VI1202401080629urgxuxuzgr","acq_date":"2024-01-08","Date":"2024-01-08","acq_time":"","year_be":2567,"season_be":2567,"dataset_year_be":2567,"province":"กำแพงเพชร","Province":"กำแพงเพชร","__province":"กำแพงเพชร","district":"เมืองกำแพงเพชร","Amphoe":"เมืองกำแพงเพชร","__district":"เมืองกำแพงเพชร","subdistrict":"คณฑี","Tambon":"คณฑี","__subdistrict":"คณฑี","village":"บ้านโพธิ์อำนวย","BaanN":"บ้านโพธิ์อำนวย","__village":"บ้านโพธิ์อำนวย","land_type":"พื้นที่เกษตร","LandType":"พื้นที่เกษตร","plant_type":"นาข้าว","PlantType":"นาข้าว","crop_type":"นาข้าว","crop_type_raw":"นาข้าว","__crop":"นาข้าว","__plant_type":"นาข้าว","confidence":47,"Q":"47","source":"NASA FIRMS Email Alert - Suomi NPP VIIRS","source_file":"2569-7-20 รวม 67-69 เขต 6.xlsx","filter_rule":"Province=กำแพงเพชร; LandType=พื้นที่เกษตร; PlantType normalized to allowed groups","month":1,"month_key":"2567-01","day_key":"2024-01-08","TambonN":"คณฑี","AmphoeN":"เมืองกำแพงเพชร","ProvinceN":"กำแพงเพชร","Maps":"http://maps.google.com/maps?q=16.3763,99.66362"}},{"type":"Feature","geometry":{"type":"Point","coordinates":[99.66304,16.37968]},"properties":{"hs_id":"VI1202401080629urgxuxzrfp","hsID":"VI1202401080629urgxuxzrfp","acq_date":"2024-01-08","Date":"2024-01-08","acq_time":"","year_be":2567,"season_be":2567,"dataset_year_be":2567,"province":"กำแพงเพชร","Province":"กำแพงเพชร","__province":"กำแพงเพชร","district":"เมืองกำแพงเพชร","Amphoe":"เมืองกำแพงเพชร","__district":"เมืองกำแพงเพชร","subdistrict":"คณฑี","Tambon":"คณฑี","__subdistrict":"คณฑี","village":"บ้านโพธิ์อำนวย","BaanN":"บ้านโพธิ์อำนวย","__village":"บ้านโพธิ์อำนวย","land_type":"พื้นที่เกษตร","LandType":"พื้นที่เกษตร","plant_type":"นาข้าว","PlantType":"นาข้าว","crop_type":"นาข้าว","crop_type_raw":"นาข้าว","__crop":"นาข้าว","__plant_type":"นาข้าว","confidence":47,"Q":"47","source":"NASA FIRMS Email Alert - Suomi NPP VIIRS","source_file":"2569-7-20 รวม 67-69 เขต 6.xlsx","filter_rule":"Province=กำแพงเพชร; LandType=พื้นที่เกษตร; PlantType normalized to allowed groups","month":1,"month_key":"2567-01","day_key":"2024-01-08","TambonN":"คณฑี","AmphoeN":"เมืองกำแพงเพชร","ProvinceN":"กำแพงเพชร","Maps":"http://maps.google.com/maps?q=16.37968,99.66304"}},{"type":"Feature","geometry":{"type":"Point","coordinates":[99.68291,16.4915]},"properties":{"hs_id":"VI1202401080629urgxzrbxzz","hsID":"VI1202401080629urgxzrbxzz","acq_date":"2024-01-08","Date":"2024-01-08","acq_time":"","year_be":2567,"season_be":2567,"dataset_year_be":2567,"province":"กำแพงเพชร","Province":"กำแพงเพชร","__province":"กำแพงเพชร","district":"เมืองกำแพงเพชร","Amphoe":"เมืองกำแพงเพชร","__district":"เมืองกำแพงเพชร","subdistrict":"นิคมทุ่งโพธิ์ทะเล","Tambon":"นิคมทุ่งโพธิ์ทะเล","__subdistrict":"นิคมทุ่งโพธิ์ทะเล","village":"บ้านใหม่บ่อทอง","BaanN":"บ้านใหม่บ่อทอง","__village":"บ้านใหม่บ่อทอง","land_type":"พื้นที่เกษตร","LandType":"พื้นที่เกษตร","plant_type":"เกษตรอื่น ๆ","PlantType":"เกษตรอื่น ๆ","crop_type":"เกษตรอื่น ๆ","crop_type_raw":"เกษตรอื่น ๆ","__crop":"เกษตรอื่น ๆ","__plant_type":"เกษตรอื่น ๆ","confidence":47,"Q":"47","source":"NASA FIRMS Email Alert - Suomi NPP VIIRS","source_file":"2569-7-20 รวม 67-69 เขต 6.xlsx","filter_rule":"Province=กำแพงเพชร; LandType=พื้นที่เกษตร; PlantType normalized to allowed groups","month":1,"month_key":"2567-01","day_key":"2024-01-08","TambonN":"นิคมทุ่งโพธิ์ทะเล","AmphoeN":"เมืองกำแพงเพชร","ProvinceN":"กำแพงเพชร","Maps":"http://maps.google.com/maps?q=16.4915,99.68291"}},{"type":"Feature","geometry":{"type":"Point","coordinates":[99.62849,16.6049]},"properties":{"hs_id":"VI1202401080629urgzczgrfp","hsID":"VI1202401080629urgzczgrfp","acq_date":"2024-01-08","Date":"2024-01-08","acq_time":"","year_be":2567,"season_be":2567,"dataset_year_be":2567,"province":"กำแพงเพชร","Province":"กำแพงเพชร","__province":"กำแพงเพชร","district":"พรานกระต่าย","Amphoe":"พรานกระต่าย","__district":"พรานกระต่าย","subdistrict":"เขาคีริส","Tambon":"เขาคีริส","__subdistrict":"เขาคีริส","village":"บ้านดอนขมิ้น","BaanN":"บ้านดอนขมิ้น","__village":"บ้านดอนขมิ้น","land_type":"พื้นที่เกษตร","LandType":"พื้นที่เกษตร","plant_type":"นาข้าว","PlantType":"นาข้าว","crop_type":"นาข้าว","crop_type_raw":"นาข้าว","__crop":"นาข้าว","__plant_type":"นาข้าว","confidence":47,"Q":"47","source":"NASA FIRMS Email Alert - Suomi NPP VIIRS","source_file":"2569-7-20 รวม 67-69 เขต 6.xlsx","filter_rule":"Province=กำแพงเพชร; LandType=พื้นที่เกษตร; PlantType normalized to allowed groups","month":1,"month_key":"2567-01","day_key":"2024-01-08","TambonN":"เขาคีริส","AmphoeN":"พรานกระต่าย","ProvinceN":"กำแพงเพชร","Maps":"http://maps.google.com/maps?q=16.6049,99.62849"}},{"type":"Feature","geometry":{"type":"Point","coordinates":[99.67262,16.66157]},"properties":{"hs_id":"VI1202401080629urgzgpuxfx","hsID":"VI1202401080629urgzgpuxfx","acq_date":"2024-01-08","Date":"2024-01-08","acq_time":"","year_be":2567,"season_be":2567,"dataset_year_be":2567,"province":"กำแพงเพชร","Province":"กำแพงเพชร","__province":"กำแพงเพชร","district":"พรานกระต่าย","Amphoe":"พรานกระต่าย","__district":"พรานกระต่าย","subdistrict":"คุยบ้านโอง","Tambon":"คุยบ้านโอง","__subdistrict":"คุยบ้านโอง","village":"บ้านคุยบ้านโอง","BaanN":"บ้านคุยบ้านโอง","__village":"บ้านคุยบ้านโอง","land_type":"พื้นที่เกษตร","LandType":"พื้นที่เกษตร","plant_type":"นาข้าว","PlantType":"นาข้าว","crop_type":"นาข้าว","crop_type_raw":"นาข้าว","__crop":"นาข้าว","__plant_type":"นาข้าว","confidence":47,"Q":"47","source":"NASA FIRMS Email Alert - Suomi NPP VIIRS","source_file":"2569-7-20 รวม 67-69 เขต 6.xlsx","filter_rule":"Province=กำแพงเพชร; LandType=พื้นที่เกษตร; PlantType normalized to allowed groups","month":1,"month_key":"2567-01","day_key":"2024-01-08","TambonN":"คุยบ้านโอง","AmphoeN":"พรานกระต่าย","ProvinceN":"กำแพงเพชร","Maps":"http://maps.google.com/maps?q=16.66157,99.67262"}},{"type":"Feature","geometry":{"type":"Point","coordinates":[99.58147,16.4409]},"properties":{"hs_id":"VI1202401081902urgxypgzux","hsID":"VI1202401081902urgxypgzux","acq_date":"2024-01-09","Date":"2024-01-09","acq_time":"","year_be":2567,"season_be":2567,"dataset_year_be":2567,"province":"กำแพงเพชร","Province":"กำแพงเพชร","__province":"กำแพงเพชร","district":"เมืองกำแพงเพชร","Amphoe":"เมืองกำแพงเพชร","__district":"เมืองกำแพงเพชร","subdistrict":"เทพนคร","Tambon":"เทพนคร","__subdistrict":"เทพนคร","village":"","BaanN":"","__village":"","land_type":"พื้นที่เกษตร","LandType":"พื้นที่เกษตร","plant_type":"นาข้าว","PlantType":"นาข้าว","crop_type":"นาข้าว","crop_type_raw":"นาข้าว","__crop":"นาข้าว","__plant_type":"นาข้าว","confidence":47,"Q":"47","source":"NASA FIRMS Email Alert - Suomi NPP VIIRS","source_file":"2569-7-20 รวม 67-69 เขต 6.xlsx","filter_rule":"Province=กำแพงเพชร; LandType=พื้นที่เกษตร; PlantType normalized to allowed groups","month":1,"month_key":"2567-01","day_key":"2024-01-09","TambonN":"เทพนคร","AmphoeN":"เมืองกำแพงเพชร","ProvinceN":"กำแพงเพชร","Maps":"http://maps.google.com/maps?q=16.4409,99.58147"}},{"type":"Feature","geometry":{"type":"Point","coordinates":[99.99778,16.32713]},"properties":{"hs_id":"VI1202401090609urgxgxcpcx","hsID":"VI1202401090609urgxgxcpcx","acq_date":"2024-01-09","Date":"2024-01-09","acq_time":"","year_be":2567,"season_be":2567,"dataset_year_be":2567,"province":"กำแพงเพชร","Province":"กำแพงเพชร","__province":"กำแพงเพชร","district":"บึงสามัคคี","Amphoe":"บึงสามัคคี","__district":"บึงสามัคคี","subdistrict":"บึงสามัคคี","Tambon":"บึงสามัคคี","__subdistrict":"บึงสามัคคี","village":"บ้านอู่ตะเภา","BaanN":"บ้านอู่ตะเภา","__village":"บ้านอู่ตะเภา","land_type":"พื้นที่เกษตร","LandType":"พื้นที่เกษตร","plant_type":"นาข้าว","PlantType":"นาข้าว","crop_type":"นาข้าว","crop_type_raw":"นาข้าว","__crop":"นาข้าว","__plant_type":"นาข้าว","confidence":47,"Q":"47","source":"NASA FIRMS Email Alert - Suomi NPP VIIRS","source_file":"2569-7-20 รวม 67-69 เขต 6.xlsx","filter_rule":"Province=กำแพงเพชร; LandType=พื้นที่เกษตร; PlantType normalized to allowed groups","month":1,"month_key":"2567-01","day_key":"2024-01-09","TambonN":"บึงสามัคคี","AmphoeN":"บึงสามัคคี","ProvinceN":"กำแพงเพชร","Maps":"http://maps.google.com/maps?q=16.32713,99.99778"}},{"type":"Feature","geometry":{"type":"Point","coordinates":[99.58533,16.41599]},"properties":{"hs_id":"VI1202401110713urgxvxczbr","hsID":"VI1202401110713urgxvxczbr","acq_date":"2024-01-11","Date":"2024-01-11","acq_time":"","year_be":2567,"season_be":2567,"dataset_year_be":2567,"province":"กำแพงเพชร","Province":"กำแพงเพชร","__province":"กำแพงเพชร","district":"เมืองกำแพงเพชร","Amphoe":"เมืองกำแพงเพชร","__district":"เมืองกำแพงเพชร","subdistrict":"เทพนคร","Tambon":"เทพนคร","__subdistrict":"เทพนคร","village":"บ้านวังทองหลาง","BaanN":"บ้านวังทองหลาง","__village":"บ้านวังทองหลาง","land_type":"พื้นที่เกษตร","LandType":"พื้นที่เกษตร","plant_type":"นาข้าว","PlantType":"นาข้าว","crop_type":"นาข้าว","crop_type_raw":"นาข้าว","__crop":"นาข้าว","__plant_type":"นาข้าว","confidence":47,"Q":"47","source":"NASA FIRMS Email Alert - Suomi NPP VIIRS","source_file":"2569-7-20 รวม 67-69 เขต 6.xlsx","filter_rule":"Province=กำแพงเพชร; LandType=พื้นที่เกษตร; PlantType normalized to allowed groups","month":1,"month_key":"2567-01","day_key":"2024-01-11","TambonN":"เทพนคร","AmphoeN":"เมืองกำแพงเพชร","ProvinceN":"กำแพงเพชร","Maps":"http://maps.google.com/maps?q=16.41599,99.58533"}},{"type":"Feature","geometry":{"type":"Point","coordinates":[99.70875,16.24446]},"properties":{"hs_id":"VI1202401120656urgxcxuzgr","hsID":"VI1202401120656urgxcxuzgr","acq_date":"2024-01-12","Date":"2024-01-12","acq_time":"","year_be":2567,"season_be":2567,"dataset_year_be":2567,"province":"กำแพงเพชร","Province":"กำแพงเพชร","__province":"กำแพงเพชร","district":"คลองขลุง","Amphoe":"คลองขลุง","__district":"คลองขลุง","subdistrict":"ท่ามะเขือ","Tambon":"ท่ามะเขือ","__subdistrict":"ท่ามะเขือ","village":"บ้านนารั้ง","BaanN":"บ้านนารั้ง","__village":"บ้านนารั้ง","land_type":"พื้นที่เกษตร","LandType":"พื้นที่เกษตร","plant_type":"อ้อย","PlantType":"อ้อย","crop_type":"อ้อย","crop_type_raw":"อ้อย","__crop":"อ้อย","__plant_type":"อ้อย","confidence":47,"Q":"47","source":"NASA FIRMS Email Alert - Suomi NPP VIIRS","source_file":"2569-7-20 รวม 67-69 เขต 6.xlsx","filter_rule":"Province=กำแพงเพชร; LandType=พื้นที่เกษตร; PlantType normalized to allowed groups","month":1,"month_key":"2567-01","day_key":"2024-01-12","TambonN":"วังบัว","AmphoeN":"คลองขลุง","ProvinceN":"กำแพงเพชร","Maps":"http://maps.google.com/maps?q=16.24446,99.70875"}},{"type":"Feature","geometry":{"type":"Point","coordinates":[99.61704,16.43197]},"properties":{"hs_id":"VI1202401150559urgxvzvrux","hsID":"VI1202401150559urgxvzvrux","acq_date":"2024-01-15","Date":"2024-01-15","acq_time":"","year_be":2567,"season_be":2567,"dataset_year_be":2567,"province":"กำแพงเพชร","Province":"กำแพงเพชร","__province":"กำแพงเพชร","district":"เมืองกำแพงเพชร","Amphoe":"เมืองกำแพงเพชร","__district":"เมืองกำแพงเพชร","subdistrict":"เทพนคร","Tambon":"เทพนคร","__subdistrict":"เทพนคร","village":"บ้านบ่อตาโพธิ์","BaanN":"บ้านบ่อตาโพธิ์","__village":"บ้านบ่อตาโพธิ์","land_type":"พื้นที่เกษตร","LandType":"พื้นที่เกษตร","plant_type":"นาข้าว","PlantType":"นาข้าว","crop_type":"นาข้าว","crop_type_raw":"นาข้าว","__crop":"นาข้าว","__plant_type":"นาข้าว","confidence":47,"Q":"47","source":"NASA FIRMS Email Alert - Suomi NPP VIIRS","source_file":"2569-7-20 รวม 67-69 เขต 6.xlsx","filter_rule":"Province=กำแพงเพชร; LandType=พื้นที่เกษตร; PlantType normalized to allowed groups","month":1,"month_key":"2567-01","day_key":"2024-01-15","TambonN":"เทพนคร","AmphoeN":"เมืองกำแพงเพชร","ProvinceN":"กำแพงเพชร","Maps":"http://maps.google.com/maps?q=16.43197,99.61704"}},{"type":"Feature","geometry":{"type":"Point","coordinates":[99.36163,16.43015]},"properties":{"hs_id":"VI1202401161813urgxvzupfp","hsID":"VI1202401161813urgxvzupfp","acq_date":"2024-01-17","Date":"2024-01-17","acq_time":"","year_be":2567,"season_be":2567,"dataset_year_be":2567,"province":"กำแพงเพชร","Province":"กำแพงเพชร","__province":"กำแพงเพชร","district":"เมืองกำแพงเพชร","Amphoe":"เมืองกำแพงเพชร","__district":"เมืองกำแพงเพชร","subdistrict":"นาบ่อคำ","Tambon":"นาบ่อคำ","__subdistrict":"นาบ่อคำ","village":"บ้านมอเจริญ","BaanN":"บ้านมอเจริญ","__village":"บ้านมอเจริญ","land_type":"พื้นที่เกษตร","LandType":"พื้นที่เกษตร","plant_type":"นาข้าว","PlantType":"นาข้าว","crop_type":"นาข้าว","crop_type_raw":"นาข้าว","__crop":"นาข้าว","__plant_type":"นาข้าว","confidence":47,"Q":"47","source":"NASA FIRMS Email Alert - Suomi NPP VIIRS","source_file":"2569-7-20 รวม 67-69 เขต 6.xlsx","filter_rule":"Province=กำแพงเพชร; LandType=พื้นที่เกษตร; PlantType normalized to allowed groups","month":1,"month_key":"2567-01","day_key":"2024-01-17","TambonN":"นาบ่อคำ","AmphoeN":"เมืองกำแพงเพชร","ProvinceN":"กำแพงเพชร","Maps":"http://maps.google.com/maps?q=16.43015,99.36163"}},{"type":"Feature","geometry":{"type":"Point","coordinates":[99.36391,16.43434]},"properties":{"hs_id":"VI1202401161813urgxvzzpgz","hsID":"VI1202401161813urgxvzzpgz","acq_date":"2024-01-17","Date":"2024-01-17","acq_time":"","year_be":2567,"season_be":2567,"dataset_year_be":2567,"province":"กำแพงเพชร","Province":"กำแพงเพชร","__province":"กำแพงเพชร","district":"เมืองกำแพงเพชร","Amphoe":"เมืองกำแพงเพชร","__district":"เมืองกำแพงเพชร","subdistrict":"นาบ่อคำ","Tambon":"นาบ่อคำ","__subdistrict":"นาบ่อคำ","village":"บ้านมอเจริญ","BaanN":"บ้านมอเจริญ","__village":"บ้านมอเจริญ","land_type":"พื้นที่เกษตร","LandType":"พื้นที่เกษตร","plant_type":"อ้อย","PlantType":"อ้อย","crop_type":"อ้อย","crop_type_raw":"อ้อย","__crop":"อ้อย","__plant_type":"อ้อย","confidence":47,"Q":"47","source":"NASA FIRMS Email Alert - Suomi NPP VIIRS","source_file":"2569-7-20 รวม 67-69 เขต 6.xlsx","filter_rule":"Province=กำแพงเพชร; LandType=พื้นที่เกษตร; PlantType normalized to allowed groups","month":1,"month_key":"2567-01","day_key":"2024-01-17","TambonN":"นาบ่อคำ","AmphoeN":"เมืองกำแพงเพชร","ProvinceN":"กำแพงเพชร","Maps":"http://maps.google.com/maps?q=16.43434,99.36391"}},{"type":"Feature","geometry":{"type":"Point","coordinates":[99.3589,16.43482]},"properties":{"hs_id":"VI1202401161813urgxvzzrzp","hsID":"VI1202401161813urgxvzzrzp","acq_date":"2024-01-17","Date":"2024-01-17","acq_time":"","year_be":2567,"season_be":2567,"dataset_year_be":2567,"province":"กำแพงเพชร","Province":"กำแพงเพชร","__province":"กำแพงเพชร","district":"เมืองกำแพงเพชร","Amphoe":"เมืองกำแพงเพชร","__district":"เมืองกำแพงเพชร","subdistrict":"นาบ่อคำ","Tambon":"นาบ่อคำ","__subdistrict":"นาบ่อคำ","village":"บ้านมอเจริญ","BaanN":"บ้านมอเจริญ","__village":"บ้านมอเจริญ","land_type":"พื้นที่เกษตร","LandType":"พื้นที่เกษตร","plant_type":"นาข้าว","PlantType":"นาข้าว","crop_type":"นาข้าว","crop_type_raw":"นาข้าว","__crop":"นาข้าว","__plant_type":"นาข้าว","confidence":47,"Q":"47","source":"NASA FIRMS Email Alert - Suomi NPP VIIRS","source_file":"2569-7-20 รวม 67-69 เขต 6.xlsx","filter_rule":"Province=กำแพงเพชร; LandType=พื้นที่เกษตร; PlantType normalized to allowed groups","month":1,"month_key":"2567-01","day_key":"2024-01-17","TambonN":"นาบ่อคำ","AmphoeN":"เมืองกำแพงเพชร","ProvinceN":"กำแพงเพชร","Maps":"http://maps.google.com/maps?q=16.43482,99.3589"}},{"type":"Feature","geometry":{"type":"Point","coordinates":[99.7812,16.15443]},"properties":{"hs_id":"VI1202401180641urgrzxgrcx","hsID":"VI1202401180641urgrzxgrcx","acq_date":"2024-01-18","Date":"2024-01-18","acq_time":"","year_be":2567,"season_be":2567,"dataset_year_be":2567,"province":"กำแพงเพชร","Province":"กำแพงเพชร","__province":"กำแพงเพชร","district":"คลองขลุง","Amphoe":"คลองขลุง","__district":"คลองขลุง","subdistrict":"แม่ลาด","Tambon":"แม่ลาด","__subdistrict":"แม่ลาด","village":"บ้านท่ามะขาม","BaanN":"บ้านท่ามะขาม","__village":"บ้านท่ามะขาม","land_type":"พื้นที่เกษตร","LandType":"พื้นที่เกษตร","plant_type":"นาข้าว","PlantType":"นาข้าว","crop_type":"นาข้าว","crop_type_raw":"นาข้าว","__crop":"นาข้าว","__plant_type":"นาข้าว","confidence":47,"Q":"47","source":"NASA FIRMS Email Alert - Suomi NPP VIIRS","source_file":"2569-7-20 รวม 67-69 เขต 6.xlsx","filter_rule":"Province=กำแพงเพชร; LandType=พื้นที่เกษตร; PlantType normalized to allowed groups","month":1,"month_key":"2567-01","day_key":"2024-01-18","TambonN":"แม่ลาด","AmphoeN":"คลองขลุง","ProvinceN":"กำแพงเพชร","Maps":"http://maps.google.com/maps?q=16.15443,99.7812"}},{"type":"Feature","geometry":{"type":"Point","coordinates":[99.78497,16.15498]},"properties":{"hs_id":"VI1202401180641urgrzxgxyr","hsID":"VI1202401180641urgrzxgxyr","acq_date":"2024-01-18","Date":"2024-01-18","acq_time":"","year_be":2567,"season_be":2567,"dataset_year_be":2567,"province":"กำแพงเพชร","Province":"กำแพงเพชร","__province":"กำแพงเพชร","district":"คลองขลุง","Amphoe":"คลองขลุง","__district":"คลองขลุง","subdistrict":"แม่ลาด","Tambon":"แม่ลาด","__subdistrict":"แม่ลาด","village":"บ้านท่ามะขาม","BaanN":"บ้านท่ามะขาม","__village":"บ้านท่ามะขาม","land_type":"พื้นที่เกษตร","LandType":"พื้นที่เกษตร","plant_type":"อ้อย","PlantType":"อ้อย","crop_type":"อ้อย","crop_type_raw":"อ้อย","__crop":"อ้อย","__plant_type":"อ้อย","confidence":47,"Q":"47","source":"NASA FIRMS Email Alert - Suomi NPP VIIRS","source_file":"2569-7-20 รวม 67-69 เขต 6.xlsx","filter_rule":"Province=กำแพงเพชร; LandType=พื้นที่เกษตร; PlantType normalized to allowed groups","month":1,"month_key":"2567-01","day_key":"2024-01-18","TambonN":"แม่ลาด","AmphoeN":"คลองขลุง","ProvinceN":"กำแพงเพชร","Maps":"http://maps.google.com/maps?q=16.15498,99.78497"}},{"type":"Feature","geometry":{"type":"Point","coordinates":[99.58084,16.67934]},"properties":{"hs_id":"VI1202401180641urgzgxcxbz","hsID":"VI1202401180641urgzgxcxbz","acq_date":"2024-01-18","Date":"2024-01-18","acq_time":"","year_be":2567,"season_be":2567,"dataset_year_be":2567,"province":"กำแพงเพชร","Province":"กำแพงเพชร","__province":"กำแพงเพชร","district":"พรานกระต่าย","Amphoe":"พรานกระต่าย","__district":"พรานกระต่าย","subdistrict":"พรานกระต่าย","Tambon":"พรานกระต่าย","__subdistrict":"พรานกระต่าย","village":"บ้านเหนือ","BaanN":"บ้านเหนือ","__village":"บ้านเหนือ","land_type":"พื้นที่เกษตร","LandType":"พื้นที่เกษตร","plant_type":"เกษตรอื่น ๆ","PlantType":"เกษตรอื่น ๆ","crop_type":"เกษตรอื่น ๆ","crop_type_raw":"เกษตรอื่น ๆ","__crop":"เกษตรอื่น ๆ","__plant_type":"เกษตรอื่น ๆ","confidence":47,"Q":"47","source":"NASA FIRMS Email Alert - Suomi NPP VIIRS","source_file":"2569-7-20 รวม 67-69 เขต 6.xlsx","filter_rule":"Province=กำแพงเพชร; LandType=พื้นที่เกษตร; PlantType normalized to allowed groups","month":1,"month_key":"2567-01","day_key":"2024-01-18","TambonN":"พรานกระต่าย","AmphoeN":"พรานกระต่าย","ProvinceN":"กำแพงเพชร","Maps":"http://maps.google.com/maps?q=16.67934,99.58084"}},{"type":"Feature","geometry":{"type":"Point","coordinates":[99.48399,16.4653]},"properties":{"hs_id":"VI1202401181914urgxyxvxvr","hsID":"VI1202401181914urgxyxvxvr","acq_date":"2024-01-19","Date":"2024-01-19","acq_time":"","year_be":2567,"season_be":2567,"dataset_year_be":2567,"province":"กำแพงเพชร","Province":"กำแพงเพชร","__province":"กำแพงเพชร","district":"เมืองกำแพงเพชร","Amphoe":"เมืองกำแพงเพชร","__district":"เมืองกำแพงเพชร","subdistrict":"ท่าขุนราม","Tambon":"ท่าขุนราม","__subdistrict":"ท่าขุนราม","village":"บ้านท่าขุนราม","BaanN":"บ้านท่าขุนราม","__village":"บ้านท่าขุนราม","land_type":"พื้นที่เกษตร","LandType":"พื้นที่เกษตร","plant_type":"นาข้าว","PlantType":"นาข้าว","crop_type":"นาข้าว","crop_type_raw":"นาข้าว","__crop":"นาข้าว","__plant_type":"นาข้าว","confidence":47,"Q":"47","source":"NASA FIRMS Email Alert - Suomi NPP VIIRS","source_file":"2569-7-20 รวม 67-69 เขต 6.xlsx","filter_rule":"Province=กำแพงเพชร; LandType=พื้นที่เกษตร; PlantType normalized to allowed groups","month":1,"month_key":"2567-01","day_key":"2024-01-19","TambonN":"ท่าขุนราม","AmphoeN":"เมืองกำแพงเพชร","ProvinceN":"กำแพงเพชร","Maps":"http://maps.google.com/maps?q=16.4653,99.48399"}},{"type":"Feature","geometry":{"type":"Point","coordinates":[99.77962,15.93238]},"properties":{"hs_id":"VI1202401200603urgrfxcxgr","hsID":"VI1202401200603urgrfxcxgr","acq_date":"2024-01-20","Date":"2024-01-20","acq_time":"","year_be":2567,"season_be":2567,"dataset_year_be":2567,"province":"กำแพงเพชร","Province":"กำแพงเพชร","__province":"กำแพงเพชร","district":"ขาณุวรลักษบุรี","Amphoe":"ขาณุวรลักษบุรี","__district":"ขาณุวรลักษบุรี","subdistrict":"บ่อถ้ำ","Tambon":"บ่อถ้ำ","__subdistrict":"บ่อถ้ำ","village":"บ้านโป่งสังข์","BaanN":"บ้านโป่งสังข์","__village":"บ้านโป่งสังข์","land_type":"พื้นที่เกษตร","LandType":"พื้นที่เกษตร","plant_type":"นาข้าว","PlantType":"นาข้าว","crop_type":"นาข้าว","crop_type_raw":"นาข้าว","__crop":"นาข้าว","__plant_type":"นาข้าว","confidence":47,"Q":"47","source":"NASA FIRMS Email Alert - Suomi NPP VIIRS","source_file":"2569-7-20 รวม 67-69 เขต 6.xlsx","filter_rule":"Province=กำแพงเพชร; LandType=พื้นที่เกษตร; PlantType normalized to allowed groups","month":1,"month_key":"2567-01","day_key":"2024-01-20","TambonN":"บ่อถ้ำ","AmphoeN":"ขาณุวรลักษบุรี","ProvinceN":"กำแพงเพชร","Maps":"http://maps.google.com/maps?q=15.93238,99.77962"}},{"type":"Feature","geometry":{"type":"Point","coordinates":[99.8446,16.0292]},"properties":{"hs_id":"VI1202401220707urgruzbpgr","hsID":"VI1202401220707urgruzbpgr","acq_date":"2024-01-22","Date":"2024-01-22","acq_time":"","year_be":2567,"season_be":2567,"dataset_year_be":2567,"province":"กำแพงเพชร","Province":"กำแพงเพชร","__province":"กำแพงเพชร","district":"ขาณุวรลักษบุรี","Amphoe":"ขาณุวรลักษบุรี","__district":"ขาณุวรลักษบุรี","subdistrict":"แสนตอ","Tambon":"แสนตอ","__subdistrict":"แสนตอ","village":"บ้านมาบตะลุง","BaanN":"บ้านมาบตะลุง","__village":"บ้านมาบตะลุง","land_type":"พื้นที่เกษตร","LandType":"พื้นที่เกษตร","plant_type":"นาข้าว","PlantType":"นาข้าว","crop_type":"นาข้าว","crop_type_raw":"นาข้าว","__crop":"นาข้าว","__plant_type":"นาข้าว","confidence":47,"Q":"47","source":"NASA FIRMS Email Alert - Suomi NPP VIIRS","source_file":"2569-7-20 รวม 67-69 เขต 6.xlsx","filter_rule":"Province=กำแพงเพชร; LandType=พื้นที่เกษตร; PlantType normalized to allowed groups","month":1,"month_key":"2567-01","day_key":"2024-01-22","TambonN":"แสนตอ","AmphoeN":"ขาณุวรลักษบุรี","ProvinceN":"กำแพงเพชร","Maps":"http://maps.google.com/maps?q=16.0292,99.8446"}},{"type":"Feature","geometry":{"type":"Point","coordinates":[99.64859,16.12562]},"properties":{"hs_id":"VI1202401220707urgryzyrfp","hsID":"VI1202401220707urgryzyrfp","acq_date":"2024-01-22","Date":"2024-01-22","acq_time":"","year_be":2567,"season_be":2567,"dataset_year_be":2567,"province":"กำแพงเพชร","Province":"กำแพงเพชร","__province":"กำแพงเพชร","district":"ปางศิลาทอง","Amphoe":"ปางศิลาทอง","__district":"ปางศิลาทอง","subdistrict":"โพธิ์ทอง","Tambon":"โพธิ์ทอง","__subdistrict":"โพธิ์ทอง","village":"บ้านคลองวังวัด (โพธิ์ศรี)","BaanN":"บ้านคลองวังวัด (โพธิ์ศรี)","__village":"บ้านคลองวังวัด (โพธิ์ศรี)","land_type":"พื้นที่เกษตร","LandType":"พื้นที่เกษตร","plant_type":"อ้อย","PlantType":"อ้อย","crop_type":"อ้อย","crop_type_raw":"อ้อย","__crop":"อ้อย","__plant_type":"อ้อย","confidence":47,"Q":"47","source":"NASA FIRMS Email Alert - Suomi NPP VIIRS","source_file":"2569-7-20 รวม 67-69 เขต 6.xlsx","filter_rule":"Province=กำแพงเพชร; LandType=พื้นที่เกษตร; PlantType normalized to allowed groups","month":1,"month_key":"2567-01","day_key":"2024-01-22","TambonN":"โค้งไผ่","AmphoeN":"ขาณุวรลักษบุรี","ProvinceN":"กำแพงเพชร","Maps":"http://maps.google.com/maps?q=16.12562,99.64859"}},{"type":"Feature","geometry":{"type":"Point","coordinates":[99.56078,16.52333]},"properties":{"hs_id":"VI1202401230650urgxzzzzvr","hsID":"VI1202401230650urgxzzzzvr","acq_date":"2024-01-23","Date":"2024-01-23","acq_time":"","year_be":2567,"season_be":2567,"dataset_year_be":2567,"province":"กำแพงเพชร","Province":"กำแพงเพชร","__province":"กำแพงเพชร","district":"เมืองกำแพงเพชร","Amphoe":"เมืองกำแพงเพชร","__district":"เมืองกำแพงเพชร","subdistrict":"สระแก้ว","Tambon":"สระแก้ว","__subdistrict":"สระแก้ว","village":"บ้านลำมะโกรก","BaanN":"บ้านลำมะโกรก","__village":"บ้านลำมะโกรก","land_type":"พื้นที่เกษตร","LandType":"พื้นที่เกษตร","plant_type":"นาข้าว","PlantType":"นาข้าว","crop_type":"นาข้าว","crop_type_raw":"นาข้าว","__crop":"นาข้าว","__plant_type":"นาข้าว","confidence":47,"Q":"47","source":"NASA FIRMS Email Alert - Suomi NPP VIIRS","source_file":"2569-7-20 รวม 67-69 เขต 6.xlsx","filter_rule":"Province=กำแพงเพชร; LandType=พื้นที่เกษตร; PlantType normalized to allowed groups","month":1,"month_key":"2567-01","day_key":"2024-01-23","TambonN":"สระแก้ว","AmphoeN":"เมืองกำแพงเพชร","ProvinceN":"กำแพงเพชร","Maps":"http://maps.google.com/maps?q=16.52333,99.56078"}},{"type":"Feature","geometry":{"type":"Point","coordinates":[99.57275,16.43699]},"properties":{"hs_id":"VI1202401231919urgxypcpcx","hsID":"VI1202401231919urgxypcpcx","acq_date":"2024-01-24","Date":"2024-01-24","acq_time":"","year_be":2567,"season_be":2567,"dataset_year_be":2567,"province":"กำแพงเพชร","Province":"กำแพงเพชร","__province":"กำแพงเพชร","district":"เมืองกำแพงเพชร","Amphoe":"เมืองกำแพงเพชร","__district":"เมืองกำแพงเพชร","subdistrict":"เทพนคร","Tambon":"เทพนคร","__subdistrict":"เทพนคร","village":"บ้านวังทองหลาง","BaanN":"บ้านวังทองหลาง","__village":"บ้านวังทองหลาง","land_type":"พื้นที่เกษตร","LandType":"พื้นที่เกษตร","plant_type":"นาข้าว","PlantType":"นาข้าว","crop_type":"นาข้าว","crop_type_raw":"นาข้าว","__crop":"นาข้าว","__plant_type":"นาข้าว","confidence":47,"Q":"47","source":"NASA FIRMS Email Alert - Suomi NPP VIIRS","source_file":"2569-7-20 รวม 67-69 เขต 6.xlsx","filter_rule":"Province=กำแพงเพชร; LandType=พื้นที่เกษตร; PlantType normalized to allowed groups","month":1,"month_key":"2567-01","day_key":"2024-01-24","TambonN":"เทพนคร","AmphoeN":"เมืองกำแพงเพชร","ProvinceN":"กำแพงเพชร","Maps":"http://maps.google.com/maps?q=16.43699,99.57275"}},{"type":"Feature","geometry":{"type":"Point","coordinates":[99.60105,16.42412]},"properties":{"hs_id":"VI1202401280656urgxvxzxvx","hsID":"VI1202401280656urgxvxzxvx","acq_date":"2024-01-28","Date":"2024-01-28","acq_time":"","year_be":2567,"season_be":2567,"dataset_year_be":2567,"province":"กำแพงเพชร","Province":"กำแพงเพชร","__province":"กำแพงเพชร","district":"เมืองกำแพงเพชร","Amphoe":"เมืองกำแพงเพชร","__district":"เมืองกำแพงเพชร","subdistrict":"เทพนคร","Tambon":"เทพนคร","__subdistrict":"เทพนคร","village":"บ้านไทรย้อย","BaanN":"บ้านไทรย้อย","__village":"บ้านไทรย้อย","land_type":"พื้นที่เกษตร","LandType":"พื้นที่เกษตร","plant_type":"นาข้าว","PlantType":"นาข้าว","crop_type":"นาข้าว","crop_type_raw":"นาข้าว","__crop":"นาข้าว","__plant_type":"นาข้าว","confidence":47,"Q":"47","source":"NASA FIRMS Email Alert - Suomi NPP VIIRS","source_file":"2569-7-20 รวม 67-69 เขต 6.xlsx","filter_rule":"Province=กำแพงเพชร; LandType=พื้นที่เกษตร; PlantType normalized to allowed groups","month":1,"month_key":"2567-01","day_key":"2024-01-28","TambonN":"เทพนคร","AmphoeN":"เมืองกำแพงเพชร","ProvinceN":"กำแพงเพชร","Maps":"http://maps.google.com/maps?q=16.42412,99.60105"}},{"type":"Feature","geometry":{"type":"Point","coordinates":[99.80202,16.33172]},"properties":{"hs_id":"VI1202401290635urgxgxurux","hsID":"VI1202401290635urgxgxurux","acq_date":"2024-01-29","Date":"2024-01-29","acq_time":"","year_be":2567,"season_be":2567,"dataset_year_be":2567,"province":"กำแพงเพชร","Province":"กำแพงเพชร","__province":"กำแพงเพชร","district":"ทรายทองวัฒนา","Amphoe":"ทรายทองวัฒนา","__district":"ทรายทองวัฒนา","subdistrict":"ทุ่งทราย","Tambon":"ทุ่งทราย","__subdistrict":"ทุ่งทราย","village":"บ้านไทรย้อย","BaanN":"บ้านไทรย้อย","__village":"บ้านไทรย้อย","land_type":"พื้นที่เกษตร","LandType":"พื้นที่เกษตร","plant_type":"นาข้าว","PlantType":"นาข้าว","crop_type":"นาข้าว","crop_type_raw":"นาข้าว","__crop":"นาข้าว","__plant_type":"นาข้าว","confidence":47,"Q":"47","source":"NASA FIRMS Email Alert - Suomi NPP VIIRS","source_file":"2569-7-20 รวม 67-69 เขต 6.xlsx","filter_rule":"Province=กำแพงเพชร; LandType=พื้นที่เกษตร; PlantType normalized to allowed groups","month":1,"month_key":"2567-01","day_key":"2024-01-29","TambonN":"ทุ่งทราย","AmphoeN":"ทรายทองวัฒนา","ProvinceN":"กำแพงเพชร","Maps":"http://maps.google.com/maps?q=16.33172,99.80202"}},{"type":"Feature","geometry":{"type":"Point","coordinates":[99.70241,16.35737]},"properties":{"hs_id":"VI1202401290635urgxupzpfr","hsID":"VI1202401290635urgxupzpfr","acq_date":"2024-01-29","Date":"2024-01-29","acq_time":"","year_be":2567,"season_be":2567,"dataset_year_be":2567,"province":"กำแพงเพชร","Province":"กำแพงเพชร","__province":"กำแพงเพชร","district":"เมืองกำแพงเพชร","Amphoe":"เมืองกำแพงเพชร","__district":"เมืองกำแพงเพชร","subdistrict":"คณฑี","Tambon":"คณฑี","__subdistrict":"คณฑี","village":"บ้านหงษ์ทองเจริญ","BaanN":"บ้านหงษ์ทองเจริญ","__village":"บ้านหงษ์ทองเจริญ","land_type":"พื้นที่เกษตร","LandType":"พื้นที่เกษตร","plant_type":"นาข้าว","PlantType":"นาข้าว","crop_type":"นาข้าว","crop_type_raw":"นาข้าว","__crop":"นาข้าว","__plant_type":"นาข้าว","confidence":47,"Q":"47","source":"NASA FIRMS Email Alert - Suomi NPP VIIRS","source_file":"2569-7-20 รวม 67-69 เขต 6.xlsx","filter_rule":"Province=กำแพงเพชร; LandType=พื้นที่เกษตร; PlantType normalized to allowed groups","month":1,"month_key":"2567-01","day_key":"2024-01-29","TambonN":"คณฑี","AmphoeN":"เมืองกำแพงเพชร","ProvinceN":"กำแพงเพชร","Maps":"http://maps.google.com/maps?q=16.35737,99.70241"}},{"type":"Feature","geometry":{"type":"Point","coordinates":[99.7823,15.94894]},"properties":{"hs_id":"VI1202402030641urgrfzvxvp","hsID":"VI1202402030641urgrfzvxvp","acq_date":"2024-02-03","Date":"2024-02-03","acq_time":"","year_be":2567,"season_be":2567,"dataset_year_be":2567,"province":"กำแพงเพชร","Province":"กำแพงเพชร","__province":"กำแพงเพชร","district":"ขาณุวรลักษบุรี","Amphoe":"ขาณุวรลักษบุรี","__district":"ขาณุวรลักษบุรี","subdistrict":"บ่อถ้ำ","Tambon":"บ่อถ้ำ","__subdistrict":"บ่อถ้ำ","village":"บ้านบ่อถ้ำ","BaanN":"บ้านบ่อถ้ำ","__village":"บ้านบ่อถ้ำ","land_type":"พื้นที่เกษตร","LandType":"พื้นที่เกษตร","plant_type":"นาข้าว","PlantType":"นาข้าว","crop_type":"นาข้าว","crop_type_raw":"นาข้าว","__crop":"นาข้าว","__plant_type":"นาข้าว","confidence":47,"Q":"47","source":"NASA FIRMS Email Alert - Suomi NPP VIIRS","source_file":"2569-7-20 รวม 67-69 เขต 6.xlsx","filter_rule":"Province=กำแพงเพชร; LandType=พื้นที่เกษตร; PlantType normalized to allowed groups","month":2,"month_key":"2567-02","day_key":"2024-02-03","TambonN":"บ่อถ้ำ","AmphoeN":"ขาณุวรลักษบุรี","ProvinceN":"กำแพงเพชร","Maps":"http://maps.google.com/maps?q=15.94894,99.7823"}},{"type":"Feature","geometry":{"type":"Point","coordinates":[99.93595,16.23217]},"properties":{"hs_id":"VI1202402030641urgxcrgzuz","hsID":"VI1202402030641urgxcrgzuz","acq_date":"2024-02-03","Date":"2024-02-03","acq_time":"","year_be":2567,"season_be":2567,"dataset_year_be":2567,"province":"กำแพงเพชร","Province":"กำแพงเพชร","__province":"กำแพงเพชร","district":"บึงสามัคคี","Amphoe":"บึงสามัคคี","__district":"บึงสามัคคี","subdistrict":"วังชะโอน","Tambon":"วังชะโอน","__subdistrict":"วังชะโอน","village":"บ้านทุ่งผึ้ง, บ้านวังผึ้ง","BaanN":"บ้านทุ่งผึ้ง, บ้านวังผึ้ง","__village":"บ้านทุ่งผึ้ง, บ้านวังผึ้ง","land_type":"พื้นที่เกษตร","LandType":"พื้นที่เกษตร","plant_type":"อ้อย","PlantType":"อ้อย","crop_type":"อ้อย","crop_type_raw":"อ้อย","__crop":"อ้อย","__plant_type":"อ้อย","confidence":47,"Q":"47","source":"NASA FIRMS Email Alert - Suomi NPP VIIRS","source_file":"2569-7-20 รวม 67-69 เขต 6.xlsx","filter_rule":"Province=กำแพงเพชร; LandType=พื้นที่เกษตร; PlantType normalized to allowed groups","month":2,"month_key":"2567-02","day_key":"2024-02-03","TambonN":"วังชะโอน","AmphoeN":"บึงสามัคคี","ProvinceN":"กำแพงเพชร","Maps":"http://maps.google.com/maps?q=16.23217,99.93595"}},{"type":"Feature","geometry":{"type":"Point","coordinates":[99.58732,16.29295]},"properties":{"hs_id":"VI1202402030641urgxfzbpvr","hsID":"VI1202402030641urgxfzbpvr","acq_date":"2024-02-03","Date":"2024-02-03","acq_time":"","year_be":2567,"season_be":2567,"dataset_year_be":2567,"province":"กำแพงเพชร","Province":"กำแพงเพชร","__province":"กำแพงเพชร","district":"คลองขลุง","Amphoe":"คลองขลุง","__district":"คลองขลุง","subdistrict":"คลองสมบูรณ์","Tambon":"คลองสมบูรณ์","__subdistrict":"คลองสมบูรณ์","village":"บ้านดงพระจันทร์","BaanN":"บ้านดงพระจันทร์","__village":"บ้านดงพระจันทร์","land_type":"พื้นที่เกษตร","LandType":"พื้นที่เกษตร","plant_type":"นาข้าว","PlantType":"นาข้าว","crop_type":"นาข้าว","crop_type_raw":"นาข้าว","__crop":"นาข้าว","__plant_type":"นาข้าว","confidence":47,"Q":"47","source":"NASA FIRMS Email Alert - Suomi NPP VIIRS","source_file":"2569-7-20 รวม 67-69 เขต 6.xlsx","filter_rule":"Province=กำแพงเพชร; LandType=พื้นที่เกษตร; PlantType normalized to allowed groups","month":2,"month_key":"2567-02","day_key":"2024-02-03","TambonN":"คลองสมบูรณ์","AmphoeN":"คลองขลุง","ProvinceN":"กำแพงเพชร","Maps":"http://maps.google.com/maps?q=16.29295,99.58732"}},{"type":"Feature","geometry":{"type":"Point","coordinates":[99.59106,16.29349]},"properties":{"hs_id":"VI1202402030641urgxfzbxcz","hsID":"VI1202402030641urgxfzbxcz","acq_date":"2024-02-03","Date":"2024-02-03","acq_time":"","year_be":2567,"season_be":2567,"dataset_year_be":2567,"province":"กำแพงเพชร","Province":"กำแพงเพชร","__province":"กำแพงเพชร","district":"คลองขลุง","Amphoe":"คลองขลุง","__district":"คลองขลุง","subdistrict":"คลองสมบูรณ์","Tambon":"คลองสมบูรณ์","__subdistrict":"คลองสมบูรณ์","village":"บ้านตีนดง","BaanN":"บ้านตีนดง","__village":"บ้านตีนดง","land_type":"พื้นที่เกษตร","LandType":"พื้นที่เกษตร","plant_type":"นาข้าว","PlantType":"นาข้าว","crop_type":"นาข้าว","crop_type_raw":"นาข้าว","__crop":"นาข้าว","__plant_type":"นาข้าว","confidence":47,"Q":"47","source":"NASA FIRMS Email Alert - Suomi NPP VIIRS","source_file":"2569-7-20 รวม 67-69 เขต 6.xlsx","filter_rule":"Province=กำแพงเพชร; LandType=พื้นที่เกษตร; PlantType normalized to allowed groups","month":2,"month_key":"2567-02","day_key":"2024-02-03","TambonN":"คลองสมบูรณ์","AmphoeN":"คลองขลุง","ProvinceN":"กำแพงเพชร","Maps":"http://maps.google.com/maps?q=16.29349,99.59106"}},{"type":"Feature","geometry":{"type":"Point","coordinates":[99.66499,16.31115]},"properties":{"hs_id":"VI1202402030641urgxgpvrvr","hsID":"VI1202402030641urgxgpvrvr","acq_date":"2024-02-03","Date":"2024-02-03","acq_time":"","year_be":2567,"season_be":2567,"dataset_year_be":2567,"province":"กำแพงเพชร","Province":"กำแพงเพชร","__province":"กำแพงเพชร","district":"คลองขลุง","Amphoe":"คลองขลุง","__district":"คลองขลุง","subdistrict":"ท่าพุทรา","Tambon":"ท่าพุทรา","__subdistrict":"ท่าพุทรา","village":"บ้านคลองแขยง","BaanN":"บ้านคลองแขยง","__village":"บ้านคลองแขยง","land_type":"พื้นที่เกษตร","LandType":"พื้นที่เกษตร","plant_type":"เกษตรอื่น ๆ","PlantType":"เกษตรอื่น ๆ","crop_type":"เกษตรอื่น ๆ","crop_type_raw":"เกษตรอื่น ๆ","__crop":"เกษตรอื่น ๆ","__plant_type":"เกษตรอื่น ๆ","confidence":47,"Q":"47","source":"NASA FIRMS Email Alert - Suomi NPP VIIRS","source_file":"2569-7-20 รวม 67-69 เขต 6.xlsx","filter_rule":"Province=กำแพงเพชร; LandType=พื้นที่เกษตร; PlantType normalized to allowed groups","month":2,"month_key":"2567-02","day_key":"2024-02-03","TambonN":"ท่าพุทรา","AmphoeN":"คลองขลุง","ProvinceN":"กำแพงเพชร","Maps":"http://maps.google.com/maps?q=16.31115,99.66499"}},{"type":"Feature","geometry":{"type":"Point","coordinates":[99.57642,16.68333]},"properties":{"hs_id":"VI1202402031914urgzgxurvz","hsID":"VI1202402031914urgzgxurvz","acq_date":"2024-02-04","Date":"2024-02-04","acq_time":"","year_be":2567,"season_be":2567,"dataset_year_be":2567,"province":"กำแพงเพชร","Province":"กำแพงเพชร","__province":"กำแพงเพชร","district":"พรานกระต่าย","Amphoe":"พรานกระต่าย","__district":"พรานกระต่าย","subdistrict":"พรานกระต่าย","Tambon":"พรานกระต่าย","__subdistrict":"พรานกระต่าย","village":"บ้านหนองหินเตาปูน","BaanN":"บ้านหนองหินเตาปูน","__village":"บ้านหนองหินเตาปูน","land_type":"พื้นที่เกษตร","LandType":"พื้นที่เกษตร","plant_type":"เกษตรอื่น ๆ","PlantType":"เกษตรอื่น ๆ","crop_type":"เกษตรอื่น ๆ","crop_type_raw":"เกษตรอื่น ๆ","__crop":"เกษตรอื่น ๆ","__plant_type":"เกษตรอื่น ๆ","confidence":47,"Q":"47","source":"NASA FIRMS Email Alert - Suomi NPP VIIRS","source_file":"2569-7-20 รวม 67-69 เขต 6.xlsx","filter_rule":"Province=กำแพงเพชร; LandType=พื้นที่เกษตร; PlantType normalized to allowed groups","month":2,"month_key":"2567-02","day_key":"2024-02-04","TambonN":"พรานกระต่าย","AmphoeN":"พรานกระต่าย","ProvinceN":"กำแพงเพชร","Maps":"http://maps.google.com/maps?q=16.68333,99.57642"}},{"type":"Feature","geometry":{"type":"Point","coordinates":[99.76779,15.93959]},"properties":{"hs_id":"VI1202402040624urgrfxyzgr","hsID":"VI1202402040624urgrfxyzgr","acq_date":"2024-02-04","Date":"2024-02-04","acq_time":"","year_be":2567,"season_be":2567,"dataset_year_be":2567,"province":"กำแพงเพชร","Province":"กำแพงเพชร","__province":"กำแพงเพชร","district":"ขาณุวรลักษบุรี","Amphoe":"ขาณุวรลักษบุรี","__district":"ขาณุวรลักษบุรี","subdistrict":"บ่อถ้ำ","Tambon":"บ่อถ้ำ","__subdistrict":"บ่อถ้ำ","village":"บ้านโป่งสังข์","BaanN":"บ้านโป่งสังข์","__village":"บ้านโป่งสังข์","land_type":"พื้นที่เกษตร","LandType":"พื้นที่เกษตร","plant_type":"นาข้าว","PlantType":"นาข้าว","crop_type":"นาข้าว","crop_type_raw":"นาข้าว","__crop":"นาข้าว","__plant_type":"นาข้าว","confidence":47,"Q":"47","source":"NASA FIRMS Email Alert - Suomi NPP VIIRS","source_file":"2569-7-20 รวม 67-69 เขต 6.xlsx","filter_rule":"Province=กำแพงเพชร; LandType=พื้นที่เกษตร; PlantType normalized to allowed groups","month":2,"month_key":"2567-02","day_key":"2024-02-04","TambonN":"บ่อถ้ำ","AmphoeN":"ขาณุวรลักษบุรี","ProvinceN":"กำแพงเพชร","Maps":"http://maps.google.com/maps?q=15.93959,99.76779"}},{"type":"Feature","geometry":{"type":"Point","coordinates":[99.77204,15.9403]},"properties":{"hs_id":"VI1202402040624urgrfxzrgz","hsID":"VI1202402040624urgrfxzrgz","acq_date":"2024-02-04","Date":"2024-02-04","acq_time":"","year_be":2567,"season_be":2567,"dataset_year_be":2567,"province":"กำแพงเพชร","Province":"กำแพงเพชร","__province":"กำแพงเพชร","district":"ขาณุวรลักษบุรี","Amphoe":"ขาณุวรลักษบุรี","__district":"ขาณุวรลักษบุรี","subdistrict":"บ่อถ้ำ","Tambon":"บ่อถ้ำ","__subdistrict":"บ่อถ้ำ","village":"บ้านโป่งสังข์","BaanN":"บ้านโป่งสังข์","__village":"บ้านโป่งสังข์","land_type":"พื้นที่เกษตร","LandType":"พื้นที่เกษตร","plant_type":"นาข้าว","PlantType":"นาข้าว","crop_type":"นาข้าว","crop_type_raw":"นาข้าว","__crop":"นาข้าว","__plant_type":"นาข้าว","confidence":47,"Q":"47","source":"NASA FIRMS Email Alert - Suomi NPP VIIRS","source_file":"2569-7-20 รวม 67-69 เขต 6.xlsx","filter_rule":"Province=กำแพงเพชร; LandType=พื้นที่เกษตร; PlantType normalized to allowed groups","month":2,"month_key":"2567-02","day_key":"2024-02-04","TambonN":"บ่อถ้ำ","AmphoeN":"ขาณุวรลักษบุรี","ProvinceN":"กำแพงเพชร","Maps":"http://maps.google.com/maps?q=15.9403,99.77204"}},{"type":"Feature","geometry":{"type":"Point","coordinates":[99.43925,16.41547]},"properties":{"hs_id":"VI1202402040624urgxvxcrup","hsID":"VI1202402040624urgxvxcrup","acq_date":"2024-02-04","Date":"2024-02-04","acq_time":"","year_be":2567,"season_be":2567,"dataset_year_be":2567,"province":"กำแพงเพชร","Province":"กำแพงเพชร","__province":"กำแพงเพชร","district":"เมืองกำแพงเพชร","Amphoe":"เมืองกำแพงเพชร","__district":"เมืองกำแพงเพชร","subdistrict":"คลองแม่ลาย","Tambon":"คลองแม่ลาย","__subdistrict":"คลองแม่ลาย","village":"บ้านมอวรรณทอง","BaanN":"บ้านมอวรรณทอง","__village":"บ้านมอวรรณทอง","land_type":"พื้นที่เกษตร","LandType":"พื้นที่เกษตร","plant_type":"เกษตรอื่น ๆ","PlantType":"เกษตรอื่น ๆ","crop_type":"เกษตรอื่น ๆ","crop_type_raw":"เกษตรอื่น ๆ","__crop":"เกษตรอื่น ๆ","__plant_type":"เกษตรอื่น ๆ","confidence":47,"Q":"47","source":"NASA FIRMS Email Alert - Suomi NPP VIIRS","source_file":"2569-7-20 รวม 67-69 เขต 6.xlsx","filter_rule":"Province=กำแพงเพชร; LandType=พื้นที่เกษตร; PlantType normalized to allowed groups","month":2,"month_key":"2567-02","day_key":"2024-02-04","TambonN":"คลองแม่ลาย","AmphoeN":"เมืองกำแพงเพชร","ProvinceN":"กำแพงเพชร","Maps":"http://maps.google.com/maps?q=16.41547,99.43925"}},{"type":"Feature","geometry":{"type":"Point","coordinates":[99.60961,16.38071]},"properties":{"hs_id":"VI1202402050603urgxuzbpfp","hsID":"VI1202402050603urgxuzbpfp","acq_date":"2024-02-05","Date":"2024-02-05","acq_time":"","year_be":2567,"season_be":2567,"dataset_year_be":2567,"province":"กำแพงเพชร","Province":"กำแพงเพชร","__province":"กำแพงเพชร","district":"เมืองกำแพงเพชร","Amphoe":"เมืองกำแพงเพชร","__district":"เมืองกำแพงเพชร","subdistrict":"เทพนคร","Tambon":"เทพนคร","__subdistrict":"เทพนคร","village":"บ้านท่าตะคล้อ","BaanN":"บ้านท่าตะคล้อ","__village":"บ้านท่าตะคล้อ","land_type":"พื้นที่เกษตร","LandType":"พื้นที่เกษตร","plant_type":"นาข้าว","PlantType":"นาข้าว","crop_type":"นาข้าว","crop_type_raw":"นาข้าว","__crop":"นาข้าว","__plant_type":"นาข้าว","confidence":47,"Q":"47","source":"NASA FIRMS Email Alert - Suomi NPP VIIRS","source_file":"2569-7-20 รวม 67-69 เขต 6.xlsx","filter_rule":"Province=กำแพงเพชร; LandType=พื้นที่เกษตร; PlantType normalized to allowed groups","month":2,"month_key":"2567-02","day_key":"2024-02-05","TambonN":"เทพนคร","AmphoeN":"เมืองกำแพงเพชร","ProvinceN":"กำแพงเพชร","Maps":"http://maps.google.com/maps?q=16.38071,99.60961"}},{"type":"Feature","geometry":{"type":"Point","coordinates":[99.60623,16.38104]},"properties":{"hs_id":"VI1202402050603urgxuzbrcz","hsID":"VI1202402050603urgxuzbrcz","acq_date":"2024-02-05","Date":"2024-02-05","acq_time":"","year_be":2567,"season_be":2567,"dataset_year_be":2567,"province":"กำแพงเพชร","Province":"กำแพงเพชร","__province":"กำแพงเพชร","district":"เมืองกำแพงเพชร","Amphoe":"เมืองกำแพงเพชร","__district":"เมืองกำแพงเพชร","subdistrict":"เทพนคร","Tambon":"เทพนคร","__subdistrict":"เทพนคร","village":"บ้านท่าตะคล้อ","BaanN":"บ้านท่าตะคล้อ","__village":"บ้านท่าตะคล้อ","land_type":"พื้นที่เกษตร","LandType":"พื้นที่เกษตร","plant_type":"นาข้าว","PlantType":"นาข้าว","crop_type":"นาข้าว","crop_type_raw":"นาข้าว","__crop":"นาข้าว","__plant_type":"นาข้าว","confidence":47,"Q":"47","source":"NASA FIRMS Email Alert - Suomi NPP VIIRS","source_file":"2569-7-20 รวม 67-69 เขต 6.xlsx","filter_rule":"Province=กำแพงเพชร; LandType=พื้นที่เกษตร; PlantType normalized to allowed groups","month":2,"month_key":"2567-02","day_key":"2024-02-05","TambonN":"เทพนคร","AmphoeN":"เมืองกำแพงเพชร","ProvinceN":"กำแพงเพชร","Maps":"http://maps.google.com/maps?q=16.38104,99.60623"}},{"type":"Feature","geometry":{"type":"Point","coordinates":[99.90481,16.12747]},"properties":{"hs_id":"VI1202402060726urgryzzxvr","hsID":"VI1202402060726urgryzzxvr","acq_date":"2024-02-06","Date":"2024-02-06","acq_time":"","year_be":2567,"season_be":2567,"dataset_year_be":2567,"province":"กำแพงเพชร","Province":"กำแพงเพชร","__province":"กำแพงเพชร","district":"ขาณุวรลักษบุรี","Amphoe":"ขาณุวรลักษบุรี","__district":"ขาณุวรลักษบุรี","subdistrict":"ป่าพุทรา","Tambon":"ป่าพุทรา","__subdistrict":"ป่าพุทรา","village":"บ้านบึวเขาควาย","BaanN":"บ้านบึวเขาควาย","__village":"บ้านบึวเขาควาย","land_type":"พื้นที่เกษตร","LandType":"พื้นที่เกษตร","plant_type":"อ้อย","PlantType":"อ้อย","crop_type":"อ้อย","crop_type_raw":"อ้อย","__crop":"อ้อย","__plant_type":"อ้อย","confidence":47,"Q":"47","source":"NASA FIRMS Email Alert - Suomi NPP VIIRS","source_file":"2569-7-20 รวม 67-69 เขต 6.xlsx","filter_rule":"Province=กำแพงเพชร; LandType=พื้นที่เกษตร; PlantType normalized to allowed groups","month":2,"month_key":"2567-02","day_key":"2024-02-06","TambonN":"ป่าพุทรา","AmphoeN":"ขาณุวรลักษบุรี","ProvinceN":"กำแพงเพชร","Maps":"http://maps.google.com/maps?q=16.12747,99.90481"}},{"type":"Feature","geometry":{"type":"Point","coordinates":[99.63968,16.43631]},"properties":{"hs_id":"VI1202402060726urgxypbxcz","hsID":"VI1202402060726urgxypbxcz","acq_date":"2024-02-06","Date":"2024-02-06","acq_time":"","year_be":2567,"season_be":2567,"dataset_year_be":2567,"province":"กำแพงเพชร","Province":"กำแพงเพชร","__province":"กำแพงเพชร","district":"เมืองกำแพงเพชร","Amphoe":"เมืองกำแพงเพชร","__district":"เมืองกำแพงเพชร","subdistrict":"เทพนคร","Tambon":"เทพนคร","__subdistrict":"เทพนคร","village":"บ้านเนินสำราญ","BaanN":"บ้านเนินสำราญ","__village":"บ้านเนินสำราญ","land_type":"พื้นที่เกษตร","LandType":"พื้นที่เกษตร","plant_type":"นาข้าว","PlantType":"นาข้าว","crop_type":"นาข้าว","crop_type_raw":"นาข้าว","__crop":"นาข้าว","__plant_type":"นาข้าว","confidence":47,"Q":"47","source":"NASA FIRMS Email Alert - Suomi NPP VIIRS","source_file":"2569-7-20 รวม 67-69 เขต 6.xlsx","filter_rule":"Province=กำแพงเพชร; LandType=พื้นที่เกษตร; PlantType normalized to allowed groups","month":2,"month_key":"2567-02","day_key":"2024-02-06","TambonN":"เทพนคร","AmphoeN":"เมืองกำแพงเพชร","ProvinceN":"กำแพงเพชร","Maps":"http://maps.google.com/maps?q=16.43631,99.63968"}},{"type":"Feature","geometry":{"type":"Point","coordinates":[99.73001,16.4829]},"properties":{"hs_id":"VI1202402060726urgxzpfrzr","hsID":"VI1202402060726urgxzpfrzr","acq_date":"2024-02-06","Date":"2024-02-06","acq_time":"","year_be":2567,"season_be":2567,"dataset_year_be":2567,"province":"กำแพงเพชร","Province":"กำแพงเพชร","__province":"กำแพงเพชร","district":"เมืองกำแพงเพชร","Amphoe":"เมืองกำแพงเพชร","__district":"เมืองกำแพงเพชร","subdistrict":"นิคมทุ่งโพธิ์ทะเล","Tambon":"นิคมทุ่งโพธิ์ทะเล","__subdistrict":"นิคมทุ่งโพธิ์ทะเล","village":"บ้านหนองซึ่งพัฒนา","BaanN":"บ้านหนองซึ่งพัฒนา","__village":"บ้านหนองซึ่งพัฒนา","land_type":"พื้นที่เกษตร","LandType":"พื้นที่เกษตร","plant_type":"นาข้าว","PlantType":"นาข้าว","crop_type":"นาข้าว","crop_type_raw":"นาข้าว","__crop":"นาข้าว","__plant_type":"นาข้าว","confidence":47,"Q":"47","source":"NASA FIRMS Email Alert - Suomi NPP VIIRS","source_file":"2569-7-20 รวม 67-69 เขต 6.xlsx","filter_rule":"Province=กำแพงเพชร; LandType=พื้นที่เกษตร; PlantType normalized to allowed groups","month":2,"month_key":"2567-02","day_key":"2024-02-06","TambonN":"นิคมทุ่งโพธิ์ทะเล","AmphoeN":"เมืองกำแพงเพชร","ProvinceN":"กำแพงเพชร","Maps":"http://maps.google.com/maps?q=16.4829,99.73001"}},{"type":"Feature","geometry":{"type":"Point","coordinates":[99.68486,16.07472]},"properties":{"hs_id":"VI1202402070707urgrvzcrbp","hsID":"VI1202402070707urgrvzcrbp","acq_date":"2024-02-07","Date":"2024-02-07","acq_time":"","year_be":2567,"season_be":2567,"dataset_year_be":2567,"province":"กำแพงเพชร","Province":"กำแพงเพชร","__province":"กำแพงเพชร","district":"ขาณุวรลักษบุรี","Amphoe":"ขาณุวรลักษบุรี","__district":"ขาณุวรลักษบุรี","subdistrict":"โค้งไผ่","Tambon":"โค้งไผ่","__subdistrict":"โค้งไผ่","village":"บ้านหนองพลวง (บ้านหลวง)","BaanN":"บ้านหนองพลวง (บ้านหลวง)","__village":"บ้านหนองพลวง (บ้านหลวง)","land_type":"พื้นที่เกษตร","LandType":"พื้นที่เกษตร","plant_type":"นาข้าว","PlantType":"นาข้าว","crop_type":"นาข้าว","crop_type_raw":"นาข้าว","__crop":"นาข้าว","__plant_type":"นาข้าว","confidence":47,"Q":"47","source":"NASA FIRMS Email Alert - Suomi NPP VIIRS","source_file":"2569-7-20 รวม 67-69 เขต 6.xlsx","filter_rule":"Province=กำแพงเพชร; LandType=พื้นที่เกษตร; PlantType normalized to allowed groups","month":2,"month_key":"2567-02","day_key":"2024-02-07","TambonN":"โค้งไผ่","AmphoeN":"ขาณุวรลักษบุรี","ProvinceN":"กำแพงเพชร","Maps":"http://maps.google.com/maps?q=16.07472,99.68486"}},{"type":"Feature","geometry":{"type":"Point","coordinates":[99.70828,16.09066]},"properties":{"hs_id":"VI1202402070707urgrypuzgx","hsID":"VI1202402070707urgrypuzgx","acq_date":"2024-02-07","Date":"2024-02-07","acq_time":"","year_be":2567,"season_be":2567,"dataset_year_be":2567,"province":"กำแพงเพชร","Province":"กำแพงเพชร","__province":"กำแพงเพชร","district":"ขาณุวรลักษบุรี","Amphoe":"ขาณุวรลักษบุรี","__district":"ขาณุวรลักษบุรี","subdistrict":"โค้งไผ่","Tambon":"โค้งไผ่","__subdistrict":"โค้งไผ่","village":"บ้านหนองโมก","BaanN":"บ้านหนองโมก","__village":"บ้านหนองโมก","land_type":"พื้นที่เกษตร","LandType":"พื้นที่เกษตร","plant_type":"นาข้าว","PlantType":"นาข้าว","crop_type":"นาข้าว","crop_type_raw":"นาข้าว","__crop":"นาข้าว","__plant_type":"นาข้าว","confidence":47,"Q":"47","source":"NASA FIRMS Email Alert - Suomi NPP VIIRS","source_file":"2569-7-20 รวม 67-69 เขต 6.xlsx","filter_rule":"Province=กำแพงเพชร; LandType=พื้นที่เกษตร; PlantType normalized to allowed groups","month":2,"month_key":"2567-02","day_key":"2024-02-07","TambonN":"โค้งไผ่","AmphoeN":"ขาณุวรลักษบุรี","ProvinceN":"กำแพงเพชร","Maps":"http://maps.google.com/maps?q=16.09066,99.70828"}},{"type":"Feature","geometry":{"type":"Point","coordinates":[99.86846,16.17377]},"properties":{"hs_id":"VI1202402070707urgxbpcrup","hsID":"VI1202402070707urgxbpcrup","acq_date":"2024-02-07","Date":"2024-02-07","acq_time":"","year_be":2567,"season_be":2567,"dataset_year_be":2567,"province":"กำแพงเพชร","Province":"กำแพงเพชร","__province":"กำแพงเพชร","district":"คลองขลุง","Amphoe":"คลองขลุง","__district":"คลองขลุง","subdistrict":"วังแขม","Tambon":"วังแขม","__subdistrict":"วังแขม","village":"บ้านบึงเสือเต้น","BaanN":"บ้านบึงเสือเต้น","__village":"บ้านบึงเสือเต้น","land_type":"พื้นที่เกษตร","LandType":"พื้นที่เกษตร","plant_type":"นาข้าว","PlantType":"นาข้าว","crop_type":"นาข้าว","crop_type_raw":"นาข้าว","__crop":"นาข้าว","__plant_type":"นาข้าว","confidence":47,"Q":"47","source":"NASA FIRMS Email Alert - Suomi NPP VIIRS","source_file":"2569-7-20 รวม 67-69 เขต 6.xlsx","filter_rule":"Province=กำแพงเพชร; LandType=พื้นที่เกษตร; PlantType normalized to allowed groups","month":2,"month_key":"2567-02","day_key":"2024-02-07","TambonN":"ยางสูง","AmphoeN":"ขาณุวรลักษบุรี","ProvinceN":"กำแพงเพชร","Maps":"http://maps.google.com/maps?q=16.17377,99.86846"}},{"type":"Feature","geometry":{"type":"Point","coordinates":[99.67453,16.05192]},"properties":{"hs_id":"VI1202402090629urgrvrbxuz","hsID":"VI1202402090629urgrvrbxuz","acq_date":"2024-02-09","Date":"2024-02-09","acq_time":"","year_be":2567,"season_be":2567,"dataset_year_be":2567,"province":"กำแพงเพชร","Province":"กำแพงเพชร","__province":"กำแพงเพชร","district":"ขาณุวรลักษบุรี","Amphoe":"ขาณุวรลักษบุรี","__district":"ขาณุวรลักษบุรี","subdistrict":"วังชะพลู","Tambon":"วังชะพลู","__subdistrict":"วังชะพลู","village":"บ้านหนองกระทุ่ม","BaanN":"บ้านหนองกระทุ่ม","__village":"บ้านหนองกระทุ่ม","land_type":"พื้นที่เกษตร","LandType":"พื้นที่เกษตร","plant_type":"นาข้าว","PlantType":"นาข้าว","crop_type":"นาข้าว","crop_type_raw":"นาข้าว","__crop":"นาข้าว","__plant_type":"นาข้าว","confidence":47,"Q":"47","source":"NASA FIRMS Email Alert - Suomi NPP VIIRS","source_file":"2569-7-20 รวม 67-69 เขต 6.xlsx","filter_rule":"Province=กำแพงเพชร; LandType=พื้นที่เกษตร; PlantType normalized to allowed groups","month":2,"month_key":"2567-02","day_key":"2024-02-09","TambonN":"วังชะพลู","AmphoeN":"ขาณุวรลักษบุรี","ProvinceN":"กำแพงเพชร","Maps":"http://maps.google.com/maps?q=16.05192,99.67453"}},{"type":"Feature","geometry":{"type":"Point","coordinates":[99.8068,16.06596]},"properties":{"hs_id":"VI1202402090629urgrvxfzup","hsID":"VI1202402090629urgrvxfzup","acq_date":"2024-02-09","Date":"2024-02-09","acq_time":"","year_be":2567,"season_be":2567,"dataset_year_be":2567,"province":"กำแพงเพชร","Province":"กำแพงเพชร","__province":"กำแพงเพชร","district":"ขาณุวรลักษบุรี","Amphoe":"ขาณุวรลักษบุรี","__district":"ขาณุวรลักษบุรี","subdistrict":"แสนตอ","Tambon":"แสนตอ","__subdistrict":"แสนตอ","village":"บ้านใหม่","BaanN":"บ้านใหม่","__village":"บ้านใหม่","land_type":"พื้นที่เกษตร","LandType":"พื้นที่เกษตร","plant_type":"นาข้าว","PlantType":"นาข้าว","crop_type":"นาข้าว","crop_type_raw":"นาข้าว","__crop":"นาข้าว","__plant_type":"นาข้าว","confidence":47,"Q":"47","source":"NASA FIRMS Email Alert - Suomi NPP VIIRS","source_file":"2569-7-20 รวม 67-69 เขต 6.xlsx","filter_rule":"Province=กำแพงเพชร; LandType=พื้นที่เกษตร; PlantType normalized to allowed groups","month":2,"month_key":"2567-02","day_key":"2024-02-09","TambonN":"เกาะตาล","AmphoeN":"ขาณุวรลักษบุรี","ProvinceN":"กำแพงเพชร","Maps":"http://maps.google.com/maps?q=16.06596,99.8068"}},{"type":"Feature","geometry":{"type":"Point","coordinates":[99.67799,16.07682]},"properties":{"hs_id":"VI1202402090629urgrvzfzcp","hsID":"VI1202402090629urgrvzfzcp","acq_date":"2024-02-09","Date":"2024-02-09","acq_time":"","year_be":2567,"season_be":2567,"dataset_year_be":2567,"province":"กำแพงเพชร","Province":"กำแพงเพชร","__province":"กำแพงเพชร","district":"ขาณุวรลักษบุรี","Amphoe":"ขาณุวรลักษบุรี","__district":"ขาณุวรลักษบุรี","subdistrict":"โค้งไผ่","Tambon":"โค้งไผ่","__subdistrict":"โค้งไผ่","village":"บ้านหัวรัง","BaanN":"บ้านหัวรัง","__village":"บ้านหัวรัง","land_type":"พื้นที่เกษตร","LandType":"พื้นที่เกษตร","plant_type":"นาข้าว","PlantType":"นาข้าว","crop_type":"นาข้าว","crop_type_raw":"นาข้าว","__crop":"นาข้าว","__plant_type":"นาข้าว","confidence":47,"Q":"47","source":"NASA FIRMS Email Alert - Suomi NPP VIIRS","source_file":"2569-7-20 รวม 67-69 เขต 6.xlsx","filter_rule":"Province=กำแพงเพชร; LandType=พื้นที่เกษตร; PlantType normalized to allowed groups","month":2,"month_key":"2567-02","day_key":"2024-02-09","TambonN":"โค้งไผ่","AmphoeN":"ขาณุวรลักษบุรี","ProvinceN":"กำแพงเพชร","Maps":"http://maps.google.com/maps?q=16.07682,99.67799"}},{"type":"Feature","geometry":{"type":"Point","coordinates":[99.67763,16.07711]},"properties":{"hs_id":"VI1202402090629urgrvzfzzz","hsID":"VI1202402090629urgrvzfzzz","acq_date":"2024-02-09","Date":"2024-02-09","acq_time":"","year_be":2567,"season_be":2567,"dataset_year_be":2567,"province":"กำแพงเพชร","Province":"กำแพงเพชร","__province":"กำแพงเพชร","district":"ขาณุวรลักษบุรี","Amphoe":"ขาณุวรลักษบุรี","__district":"ขาณุวรลักษบุรี","subdistrict":"โค้งไผ่","Tambon":"โค้งไผ่","__subdistrict":"โค้งไผ่","village":"บ้านหัวรัง","BaanN":"บ้านหัวรัง","__village":"บ้านหัวรัง","land_type":"พื้นที่เกษตร","LandType":"พื้นที่เกษตร","plant_type":"นาข้าว","PlantType":"นาข้าว","crop_type":"นาข้าว","crop_type_raw":"นาข้าว","__crop":"นาข้าว","__plant_type":"นาข้าว","confidence":47,"Q":"47","source":"NASA FIRMS Email Alert - Suomi NPP VIIRS","source_file":"2569-7-20 รวม 67-69 เขต 6.xlsx","filter_rule":"Province=กำแพงเพชร; LandType=พื้นที่เกษตร; PlantType normalized to allowed groups","month":2,"month_key":"2567-02","day_key":"2024-02-09","TambonN":"โค้งไผ่","AmphoeN":"ขาณุวรลักษบุรี","ProvinceN":"กำแพงเพชร","Maps":"http://maps.google.com/maps?q=16.07711,99.67763"}},{"type":"Feature","geometry":{"type":"Point","coordinates":[99.714,16.08993]},"properties":{"hs_id":"VI1202402090629urgrypurfx","hsID":"VI1202402090629urgrypurfx","acq_date":"2024-02-09","Date":"2024-02-09","acq_time":"","year_be":2567,"season_be":2567,"dataset_year_be":2567,"province":"กำแพงเพชร","Province":"กำแพงเพชร","__province":"กำแพงเพชร","district":"ขาณุวรลักษบุรี","Amphoe":"ขาณุวรลักษบุรี","__district":"ขาณุวรลักษบุรี","subdistrict":"โค้งไผ่","Tambon":"โค้งไผ่","__subdistrict":"โค้งไผ่","village":"บ้านหนองกระทิง","BaanN":"บ้านหนองกระทิง","__village":"บ้านหนองกระทิง","land_type":"พื้นที่เกษตร","LandType":"พื้นที่เกษตร","plant_type":"นาข้าว","PlantType":"นาข้าว","crop_type":"นาข้าว","crop_type_raw":"นาข้าว","__crop":"นาข้าว","__plant_type":"นาข้าว","confidence":47,"Q":"47","source":"NASA FIRMS Email Alert - Suomi NPP VIIRS","source_file":"2569-7-20 รวม 67-69 เขต 6.xlsx","filter_rule":"Province=กำแพงเพชร; LandType=พื้นที่เกษตร; PlantType normalized to allowed groups","month":2,"month_key":"2567-02","day_key":"2024-02-09","TambonN":"โค้งไผ่","AmphoeN":"ขาณุวรลักษบุรี","ProvinceN":"กำแพงเพชร","Maps":"http://maps.google.com/maps?q=16.08993,99.714"}},{"type":"Feature","geometry":{"type":"Point","coordinates":[99.62486,16.3202]},"properties":{"hs_id":"VI1202402090629urgxgrupbp","hsID":"VI1202402090629urgxgrupbp","acq_date":"2024-02-09","Date":"2024-02-09","acq_time":"","year_be":2567,"season_be":2567,"dataset_year_be":2567,"province":"กำแพงเพชร","Province":"กำแพงเพชร","__province":"กำแพงเพชร","district":"เมืองกำแพงเพชร","Amphoe":"เมืองกำแพงเพชร","__district":"เมืองกำแพงเพชร","subdistrict":"ธำมรงค์","Tambon":"ธำมรงค์","__subdistrict":"ธำมรงค์","village":"บ้านสระแก้ว","BaanN":"บ้านสระแก้ว","__village":"บ้านสระแก้ว","land_type":"พื้นที่เกษตร","LandType":"พื้นที่เกษตร","plant_type":"นาข้าว","PlantType":"นาข้าว","crop_type":"นาข้าว","crop_type_raw":"นาข้าว","__crop":"นาข้าว","__plant_type":"นาข้าว","confidence":47,"Q":"47","source":"NASA FIRMS Email Alert - Suomi NPP VIIRS","source_file":"2569-7-20 รวม 67-69 เขต 6.xlsx","filter_rule":"Province=กำแพงเพชร; LandType=พื้นที่เกษตร; PlantType normalized to allowed groups","month":2,"month_key":"2567-02","day_key":"2024-02-09","TambonN":"ธำมรงค์","AmphoeN":"เมืองกำแพงเพชร","ProvinceN":"กำแพงเพชร","Maps":"http://maps.google.com/maps?q=16.3202,99.62486"}},{"type":"Feature","geometry":{"type":"Point","coordinates":[99.89271,16.61067]},"properties":{"hs_id":"VI1202402090629urgzczzxbx","hsID":"VI1202402090629urgzczzxbx","acq_date":"2024-02-09","Date":"2024-02-09","acq_time":"","year_be":2567,"season_be":2567,"dataset_year_be":2567,"province":"กำแพงเพชร","Province":"กำแพงเพชร","__province":"กำแพงเพชร","district":"ลานกระบือ","Amphoe":"ลานกระบือ","__district":"ลานกระบือ","subdistrict":"ช่องลม","Tambon":"ช่องลม","__subdistrict":"ช่องลม","village":"บ้านโป่งเป้า","BaanN":"บ้านโป่งเป้า","__village":"บ้านโป่งเป้า","land_type":"พื้นที่เกษตร","LandType":"พื้นที่เกษตร","plant_type":"อ้อย","PlantType":"อ้อย","crop_type":"อ้อย","crop_type_raw":"อ้อย","__crop":"อ้อย","__plant_type":"อ้อย","confidence":47,"Q":"47","source":"NASA FIRMS Email Alert - Suomi NPP VIIRS","source_file":"2569-7-20 รวม 67-69 เขต 6.xlsx","filter_rule":"Province=กำแพงเพชร; LandType=พื้นที่เกษตร; PlantType normalized to allowed groups","month":2,"month_key":"2567-02","day_key":"2024-02-09","TambonN":"ลานกระบือ","AmphoeN":"ลานกระบือ","ProvinceN":"กำแพงเพชร","Maps":"http://maps.google.com/maps?q=16.61067,99.89271"}},{"type":"Feature","geometry":{"type":"Point","coordinates":[99.57054,16.67859]},"properties":{"hs_id":"VI1202402090629urgzgxbzzr","hsID":"VI1202402090629urgzgxbzzr","acq_date":"2024-02-09","Date":"2024-02-09","acq_time":"","year_be":2567,"season_be":2567,"dataset_year_be":2567,"province":"กำแพงเพชร","Province":"กำแพงเพชร","__province":"กำแพงเพชร","district":"พรานกระต่าย","Amphoe":"พรานกระต่าย","__district":"พรานกระต่าย","subdistrict":"พรานกระต่าย","Tambon":"พรานกระต่าย","__subdistrict":"พรานกระต่าย","village":"บ้านหนองหินเตาปูน","BaanN":"บ้านหนองหินเตาปูน","__village":"บ้านหนองหินเตาปูน","land_type":"พื้นที่เกษตร","LandType":"พื้นที่เกษตร","plant_type":"เกษตรอื่น ๆ","PlantType":"เกษตรอื่น ๆ","crop_type":"เกษตรอื่น ๆ","crop_type_raw":"เกษตรอื่น ๆ","__crop":"เกษตรอื่น ๆ","__plant_type":"เกษตรอื่น ๆ","confidence":47,"Q":"47","source":"NASA FIRMS Email Alert - Suomi NPP VIIRS","source_file":"2569-7-20 รวม 67-69 เขต 6.xlsx","filter_rule":"Province=กำแพงเพชร; LandType=พื้นที่เกษตร; PlantType normalized to allowed groups","month":2,"month_key":"2567-02","day_key":"2024-02-09","TambonN":"พรานกระต่าย","AmphoeN":"พรานกระต่าย","ProvinceN":"กำแพงเพชร","Maps":"http://maps.google.com/maps?q=16.67859,99.57054"}},{"type":"Feature","geometry":{"type":"Point","coordinates":[99.56245,16.68078]},"properties":{"hs_id":"VI1202402090629urgzgxfxfr","hsID":"VI1202402090629urgzgxfxfr","acq_date":"2024-02-09","Date":"2024-02-09","acq_time":"","year_be":2567,"season_be":2567,"dataset_year_be":2567,"province":"กำแพงเพชร","Province":"กำแพงเพชร","__province":"กำแพงเพชร","district":"พรานกระต่าย","Amphoe":"พรานกระต่าย","__district":"พรานกระต่าย","subdistrict":"พรานกระต่าย","Tambon":"พรานกระต่าย","__subdistrict":"พรานกระต่าย","village":"บ้านหนองหินเตาปูน","BaanN":"บ้านหนองหินเตาปูน","__village":"บ้านหนองหินเตาปูน","land_type":"พื้นที่เกษตร","LandType":"พื้นที่เกษตร","plant_type":"นาข้าว","PlantType":"นาข้าว","crop_type":"นาข้าว","crop_type_raw":"นาข้าว","__crop":"นาข้าว","__plant_type":"นาข้าว","confidence":47,"Q":"47","source":"NASA FIRMS Email Alert - Suomi NPP VIIRS","source_file":"2569-7-20 รวม 67-69 เขต 6.xlsx","filter_rule":"Province=กำแพงเพชร; LandType=พื้นที่เกษตร; PlantType normalized to allowed groups","month":2,"month_key":"2567-02","day_key":"2024-02-09","TambonN":"พรานกระต่าย","AmphoeN":"พรานกระต่าย","ProvinceN":"กำแพงเพชร","Maps":"http://maps.google.com/maps?q=16.68078,99.56245"}},{"type":"Feature","geometry":{"type":"Point","coordinates":[99.56186,16.68416]},"properties":{"hs_id":"VI1202402090629urgzgxvpcp","hsID":"VI1202402090629urgzgxvpcp","acq_date":"2024-02-09","Date":"2024-02-09","acq_time":"","year_be":2567,"season_be":2567,"dataset_year_be":2567,"province":"กำแพงเพชร","Province":"กำแพงเพชร","__province":"กำแพงเพชร","district":"พรานกระต่าย","Amphoe":"พรานกระต่าย","__district":"พรานกระต่าย","subdistrict":"พรานกระต่าย","Tambon":"พรานกระต่าย","__subdistrict":"พรานกระต่าย","village":"บ้านหนองหินเตาปูน","BaanN":"บ้านหนองหินเตาปูน","__village":"บ้านหนองหินเตาปูน","land_type":"พื้นที่เกษตร","LandType":"พื้นที่เกษตร","plant_type":"เกษตรอื่น ๆ","PlantType":"เกษตรอื่น ๆ","crop_type":"เกษตรอื่น ๆ","crop_type_raw":"เกษตรอื่น ๆ","__crop":"เกษตรอื่น ๆ","__plant_type":"เกษตรอื่น ๆ","confidence":47,"Q":"47","source":"NASA FIRMS Email Alert - Suomi NPP VIIRS","source_file":"2569-7-20 รวม 67-69 เขต 6.xlsx","filter_rule":"Province=กำแพงเพชร; LandType=พื้นที่เกษตร; PlantType normalized to allowed groups","month":2,"month_key":"2567-02","day_key":"2024-02-09","TambonN":"พรานกระต่าย","AmphoeN":"พรานกระต่าย","ProvinceN":"กำแพงเพชร","Maps":"http://maps.google.com/maps?q=16.68416,99.56186"}},{"type":"Feature","geometry":{"type":"Point","coordinates":[99.58883,16.35249]},"properties":{"hs_id":"VI1202402091902urgxupgxbx","hsID":"VI1202402091902urgxupgxbx","acq_date":"2024-02-10","Date":"2024-02-10","acq_time":"","year_be":2567,"season_be":2567,"dataset_year_be":2567,"province":"กำแพงเพชร","Province":"กำแพงเพชร","__province":"กำแพงเพชร","district":"เมืองกำแพงเพชร","Amphoe":"เมืองกำแพงเพชร","__district":"เมืองกำแพงเพชร","subdistrict":"ไตรตรึงษ์","Tambon":"ไตรตรึงษ์","__subdistrict":"ไตรตรึงษ์","village":"บ้านท้ายเกาะ","BaanN":"บ้านท้ายเกาะ","__village":"บ้านท้ายเกาะ","land_type":"พื้นที่เกษตร","LandType":"พื้นที่เกษตร","plant_type":"นาข้าว","PlantType":"นาข้าว","crop_type":"นาข้าว","crop_type_raw":"นาข้าว","__crop":"นาข้าว","__plant_type":"นาข้าว","confidence":47,"Q":"47","source":"NASA FIRMS Email Alert - Suomi NPP VIIRS","source_file":"2569-7-20 รวม 67-69 เขต 6.xlsx","filter_rule":"Province=กำแพงเพชร; LandType=พื้นที่เกษตร; PlantType normalized to allowed groups","month":2,"month_key":"2567-02","day_key":"2024-02-10","TambonN":"ไตรตรึงษ์","AmphoeN":"เมืองกำแพงเพชร","ProvinceN":"กำแพงเพชร","Maps":"http://maps.google.com/maps?q=16.35249,99.58883"}},{"type":"Feature","geometry":{"type":"Point","coordinates":[99.64605,16.10584]},"properties":{"hs_id":"VI1202402100609urgryrzzvr","hsID":"VI1202402100609urgryrzzvr","acq_date":"2024-02-10","Date":"2024-02-10","acq_time":"","year_be":2567,"season_be":2567,"dataset_year_be":2567,"province":"กำแพงเพชร","Province":"กำแพงเพชร","__province":"กำแพงเพชร","district":"ขาณุวรลักษบุรี","Amphoe":"ขาณุวรลักษบุรี","__district":"ขาณุวรลักษบุรี","subdistrict":"โค้งไผ่","Tambon":"โค้งไผ่","__subdistrict":"โค้งไผ่","village":"บ้านโพธิ์ศรี 2","BaanN":"บ้านโพธิ์ศรี 2","__village":"บ้านโพธิ์ศรี 2","land_type":"พื้นที่เกษตร","LandType":"พื้นที่เกษตร","plant_type":"นาข้าว","PlantType":"นาข้าว","crop_type":"นาข้าว","crop_type_raw":"นาข้าว","__crop":"นาข้าว","__plant_type":"นาข้าว","confidence":47,"Q":"47","source":"NASA FIRMS Email Alert - Suomi NPP VIIRS","source_file":"2569-7-20 รวม 67-69 เขต 6.xlsx","filter_rule":"Province=กำแพงเพชร; LandType=พื้นที่เกษตร; PlantType normalized to allowed groups","month":2,"month_key":"2567-02","day_key":"2024-02-10","TambonN":"โค้งไผ่","AmphoeN":"ขาณุวรลักษบุรี","ProvinceN":"กำแพงเพชร","Maps":"http://maps.google.com/maps?q=16.10584,99.64605"}},{"type":"Feature","geometry":{"type":"Point","coordinates":[99.68609,16.27736]},"properties":{"hs_id":"VI1202402101845urgxfruzcz","hsID":"VI1202402101845urgxfruzcz","acq_date":"2024-02-11","Date":"2024-02-11","acq_time":"","year_be":2567,"season_be":2567,"dataset_year_be":2567,"province":"กำแพงเพชร","Province":"กำแพงเพชร","__province":"กำแพงเพชร","district":"คลองขลุง","Amphoe":"คลองขลุง","__district":"คลองขลุง","subdistrict":"ท่าพุทรา","Tambon":"ท่าพุทรา","__subdistrict":"ท่าพุทรา","village":"บ้านท่าพุทรา","BaanN":"บ้านท่าพุทรา","__village":"บ้านท่าพุทรา","land_type":"พื้นที่เกษตร","LandType":"พื้นที่เกษตร","plant_type":"นาข้าว","PlantType":"นาข้าว","crop_type":"นาข้าว","crop_type_raw":"นาข้าว","__crop":"นาข้าว","__plant_type":"นาข้าว","confidence":47,"Q":"47","source":"NASA FIRMS Email Alert - Suomi NPP VIIRS","source_file":"2569-7-20 รวม 67-69 เขต 6.xlsx","filter_rule":"Province=กำแพงเพชร; LandType=พื้นที่เกษตร; PlantType normalized to allowed groups","month":2,"month_key":"2567-02","day_key":"2024-02-11","TambonN":"ท่าพุทรา","AmphoeN":"คลองขลุง","ProvinceN":"กำแพงเพชร","Maps":"http://maps.google.com/maps?q=16.27736,99.68609"}},{"type":"Feature","geometry":{"type":"Point","coordinates":[99.78915,16.0513]},"properties":{"hs_id":"VI1202402120713urgrvrbpyr","hsID":"VI1202402120713urgrvrbpyr","acq_date":"2024-02-12","Date":"2024-02-12","acq_time":"","year_be":2567,"season_be":2567,"dataset_year_be":2567,"province":"กำแพงเพชร","Province":"กำแพงเพชร","__province":"กำแพงเพชร","district":"ขาณุวรลักษบุรี","Amphoe":"ขาณุวรลักษบุรี","__district":"ขาณุวรลักษบุรี","subdistrict":"ดอนแตง","Tambon":"ดอนแตง","__subdistrict":"ดอนแตง","village":"บ้านสระตาพรม","BaanN":"บ้านสระตาพรม","__village":"บ้านสระตาพรม","land_type":"พื้นที่เกษตร","LandType":"พื้นที่เกษตร","plant_type":"นาข้าว","PlantType":"นาข้าว","crop_type":"นาข้าว","crop_type_raw":"นาข้าว","__crop":"นาข้าว","__plant_type":"นาข้าว","confidence":47,"Q":"47","source":"NASA FIRMS Email Alert - Suomi NPP VIIRS","source_file":"2569-7-20 รวม 67-69 เขต 6.xlsx","filter_rule":"Province=กำแพงเพชร; LandType=พื้นที่เกษตร; PlantType normalized to allowed groups","month":2,"month_key":"2567-02","day_key":"2024-02-12","TambonN":"ดอนแตง","AmphoeN":"ขาณุวรลักษบุรี","ProvinceN":"กำแพงเพชร","Maps":"http://maps.google.com/maps?q=16.0513,99.78915"}},{"type":"Feature","geometry":{"type":"Point","coordinates":[99.78853,16.05673]},"properties":{"hs_id":"VI1202402120713urgrvrupuz","hsID":"VI1202402120713urgrvrupuz","acq_date":"2024-02-12","Date":"2024-02-12","acq_time":"","year_be":2567,"season_be":2567,"dataset_year_be":2567,"province":"กำแพงเพชร","Province":"กำแพงเพชร","__province":"กำแพงเพชร","district":"ขาณุวรลักษบุรี","Amphoe":"ขาณุวรลักษบุรี","__district":"ขาณุวรลักษบุรี","subdistrict":"ดอนแตง","Tambon":"ดอนแตง","__subdistrict":"ดอนแตง","village":"บ้านมาบกระทุ่ม","BaanN":"บ้านมาบกระทุ่ม","__village":"บ้านมาบกระทุ่ม","land_type":"พื้นที่เกษตร","LandType":"พื้นที่เกษตร","plant_type":"นาข้าว","PlantType":"นาข้าว","crop_type":"นาข้าว","crop_type_raw":"นาข้าว","__crop":"นาข้าว","__plant_type":"นาข้าว","confidence":47,"Q":"47","source":"NASA FIRMS Email Alert - Suomi NPP VIIRS","source_file":"2569-7-20 รวม 67-69 เขต 6.xlsx","filter_rule":"Province=กำแพงเพชร; LandType=พื้นที่เกษตร; PlantType normalized to allowed groups","month":2,"month_key":"2567-02","day_key":"2024-02-12","TambonN":"เกาะตาล","AmphoeN":"ขาณุวรลักษบุรี","ProvinceN":"กำแพงเพชร","Maps":"http://maps.google.com/maps?q=16.05673,99.78853"}},{"type":"Feature","geometry":{"type":"Point","coordinates":[99.68117,16.28861]},"properties":{"hs_id":"VI1202402121806urgxfxvpbp","hsID":"VI1202402121806urgxfxvpbp","acq_date":"2024-02-13","Date":"2024-02-13","acq_time":"","year_be":2567,"season_be":2567,"dataset_year_be":2567,"province":"กำแพงเพชร","Province":"กำแพงเพชร","__province":"กำแพงเพชร","district":"คลองขลุง","Amphoe":"คลองขลุง","__district":"คลองขลุง","subdistrict":"ท่าพุทรา","Tambon":"ท่าพุทรา","__subdistrict":"ท่าพุทรา","village":"บ้านท่าพุทราเหนือ","BaanN":"บ้านท่าพุทราเหนือ","__village":"บ้านท่าพุทราเหนือ","land_type":"พื้นที่เกษตร","LandType":"พื้นที่เกษตร","plant_type":"ข้าวโพดและไร่หมุนเวียน","PlantType":"ข้าวโพดและไร่หมุนเวียน","crop_type":"ข้าวโพดและไร่หมุนเวียน","crop_type_raw":"ข้าวโพดและไร่หมุนเวียน","__crop":"ข้าวโพดและไร่หมุนเวียน","__plant_type":"ข้าวโพดและไร่หมุนเวียน","confidence":47,"Q":"47","source":"NASA FIRMS Email Alert - Suomi NPP VIIRS","source_file":"2569-7-20 รวม 67-69 เขต 6.xlsx","filter_rule":"Province=กำแพงเพชร; LandType=พื้นที่เกษตร; PlantType normalized to allowed groups","month":2,"month_key":"2567-02","day_key":"2024-02-13","TambonN":"ท่าพุทรา","AmphoeN":"คลองขลุง","ProvinceN":"กำแพงเพชร","Maps":"http://maps.google.com/maps?q=16.28861,99.68117"}},{"type":"Feature","geometry":{"type":"Point","coordinates":[99.83815,16.15129]},"properties":{"hs_id":"VI1202402121946urgrzxcpbr","hsID":"VI1202402121946urgrzxcpbr","acq_date":"2024-02-13","Date":"2024-02-13","acq_time":"","year_be":2567,"season_be":2567,"dataset_year_be":2567,"province":"กำแพงเพชร","Province":"กำแพงเพชร","__province":"กำแพงเพชร","district":"ขาณุวรลักษบุรี","Amphoe":"ขาณุวรลักษบุรี","__district":"ขาณุวรลักษบุรี","subdistrict":"ยางสูง","Tambon":"ยางสูง","__subdistrict":"ยางสูง","village":"บ้านเนินบ่อ","BaanN":"บ้านเนินบ่อ","__village":"บ้านเนินบ่อ","land_type":"พื้นที่เกษตร","LandType":"พื้นที่เกษตร","plant_type":"อ้อย","PlantType":"อ้อย","crop_type":"อ้อย","crop_type_raw":"อ้อย","__crop":"อ้อย","__plant_type":"อ้อย","confidence":47,"Q":"47","source":"NASA FIRMS Email Alert - Suomi NPP VIIRS","source_file":"2569-7-20 รวม 67-69 เขต 6.xlsx","filter_rule":"Province=กำแพงเพชร; LandType=พื้นที่เกษตร; PlantType normalized to allowed groups","month":2,"month_key":"2567-02","day_key":"2024-02-13","TambonN":"วังแขม","AmphoeN":"คลองขลุง","ProvinceN":"กำแพงเพชร","Maps":"http://maps.google.com/maps?q=16.15129,99.83815"}},{"type":"Feature","geometry":{"type":"Point","coordinates":[99.68754,16.50035]},"properties":{"hs_id":"VI1202402131925urgxzrzpyp","hsID":"VI1202402131925urgxzrzpyp","acq_date":"2024-02-14","Date":"2024-02-14","acq_time":"","year_be":2567,"season_be":2567,"dataset_year_be":2567,"province":"กำแพงเพชร","Province":"กำแพงเพชร","__province":"กำแพงเพชร","district":"เมืองกำแพงเพชร","Amphoe":"เมืองกำแพงเพชร","__district":"เมืองกำแพงเพชร","subdistrict":"นิคมทุ่งโพธิ์ทะเล","Tambon":"นิคมทุ่งโพธิ์ทะเล","__subdistrict":"นิคมทุ่งโพธิ์ทะเล","village":"บ้านบ่อทอง","BaanN":"บ้านบ่อทอง","__village":"บ้านบ่อทอง","land_type":"พื้นที่เกษตร","LandType":"พื้นที่เกษตร","plant_type":"เกษตรอื่น ๆ","PlantType":"เกษตรอื่น ๆ","crop_type":"เกษตรอื่น ๆ","crop_type_raw":"เกษตรอื่น ๆ","__crop":"เกษตรอื่น ๆ","__plant_type":"เกษตรอื่น ๆ","confidence":47,"Q":"47","source":"NASA FIRMS Email Alert - Suomi NPP VIIRS","source_file":"2569-7-20 รวม 67-69 เขต 6.xlsx","filter_rule":"Province=กำแพงเพชร; LandType=พื้นที่เกษตร; PlantType normalized to allowed groups","month":2,"month_key":"2567-02","day_key":"2024-02-14","TambonN":"นิคมทุ่งโพธิ์ทะเล","AmphoeN":"เมืองกำแพงเพชร","ProvinceN":"กำแพงเพชร","Maps":"http://maps.google.com/maps?q=16.50035,99.68754"}},{"type":"Feature","geometry":{"type":"Point","coordinates":[99.78252,15.93146]},"properties":{"hs_id":"VI1202402140635urgrfxbzvz","hsID":"VI1202402140635urgrfxbzvz","acq_date":"2024-02-14","Date":"2024-02-14","acq_time":"","year_be":2567,"season_be":2567,"dataset_year_be":2567,"province":"กำแพงเพชร","Province":"กำแพงเพชร","__province":"กำแพงเพชร","district":"ขาณุวรลักษบุรี","Amphoe":"ขาณุวรลักษบุรี","__district":"ขาณุวรลักษบุรี","subdistrict":"บ่อถ้ำ","Tambon":"บ่อถ้ำ","__subdistrict":"บ่อถ้ำ","village":"บ้านคลองกระดาน","BaanN":"บ้านคลองกระดาน","__village":"บ้านคลองกระดาน","land_type":"พื้นที่เกษตร","LandType":"พื้นที่เกษตร","plant_type":"นาข้าว","PlantType":"นาข้าว","crop_type":"นาข้าว","crop_type_raw":"นาข้าว","__crop":"นาข้าว","__plant_type":"นาข้าว","confidence":47,"Q":"47","source":"NASA FIRMS Email Alert - Suomi NPP VIIRS","source_file":"2569-7-20 รวม 67-69 เขต 6.xlsx","filter_rule":"Province=กำแพงเพชร; LandType=พื้นที่เกษตร; PlantType normalized to allowed groups","month":2,"month_key":"2567-02","day_key":"2024-02-14","TambonN":"บ่อถ้ำ","AmphoeN":"ขาณุวรลักษบุรี","ProvinceN":"กำแพงเพชร","Maps":"http://maps.google.com/maps?q=15.93146,99.78252"}},{"type":"Feature","geometry":{"type":"Point","coordinates":[99.78222,16.04622]},"properties":{"hs_id":"VI1202402140635urgrvpuxbp","hsID":"VI1202402140635urgrvpuxbp","acq_date":"2024-02-14","Date":"2024-02-14","acq_time":"","year_be":2567,"season_be":2567,"dataset_year_be":2567,"province":"กำแพงเพชร","Province":"กำแพงเพชร","__province":"กำแพงเพชร","district":"ขาณุวรลักษบุรี","Amphoe":"ขาณุวรลักษบุรี","__district":"ขาณุวรลักษบุรี","subdistrict":"ดอนแตง","Tambon":"ดอนแตง","__subdistrict":"ดอนแตง","village":"บ้านสระตาพรม","BaanN":"บ้านสระตาพรม","__village":"บ้านสระตาพรม","land_type":"พื้นที่เกษตร","LandType":"พื้นที่เกษตร","plant_type":"นาข้าว","PlantType":"นาข้าว","crop_type":"นาข้าว","crop_type_raw":"นาข้าว","__crop":"นาข้าว","__plant_type":"นาข้าว","confidence":47,"Q":"47","source":"NASA FIRMS Email Alert - Suomi NPP VIIRS","source_file":"2569-7-20 รวม 67-69 เขต 6.xlsx","filter_rule":"Province=กำแพงเพชร; LandType=พื้นที่เกษตร; PlantType normalized to allowed groups","month":2,"month_key":"2567-02","day_key":"2024-02-14","TambonN":"ดอนแตง","AmphoeN":"ขาณุวรลักษบุรี","ProvinceN":"กำแพงเพชร","Maps":"http://maps.google.com/maps?q=16.04622,99.78222"}},{"type":"Feature","geometry":{"type":"Point","coordinates":[99.7144,16.08005]},"properties":{"hs_id":"VI1202402140635urgrvzvpur","hsID":"VI1202402140635urgrvzvpur","acq_date":"2024-02-14","Date":"2024-02-14","acq_time":"","year_be":2567,"season_be":2567,"dataset_year_be":2567,"province":"กำแพงเพชร","Province":"กำแพงเพชร","__province":"กำแพงเพชร","district":"ขาณุวรลักษบุรี","Amphoe":"ขาณุวรลักษบุรี","__district":"ขาณุวรลักษบุรี","subdistrict":"โค้งไผ่","Tambon":"โค้งไผ่","__subdistrict":"โค้งไผ่","village":"บ้านโคกสำราญ","BaanN":"บ้านโคกสำราญ","__village":"บ้านโคกสำราญ","land_type":"พื้นที่เกษตร","LandType":"พื้นที่เกษตร","plant_type":"นาข้าว","PlantType":"นาข้าว","crop_type":"นาข้าว","crop_type_raw":"นาข้าว","__crop":"นาข้าว","__plant_type":"นาข้าว","confidence":47,"Q":"47","source":"NASA FIRMS Email Alert - Suomi NPP VIIRS","source_file":"2569-7-20 รวม 67-69 เขต 6.xlsx","filter_rule":"Province=กำแพงเพชร; LandType=พื้นที่เกษตร; PlantType normalized to allowed groups","month":2,"month_key":"2567-02","day_key":"2024-02-14","TambonN":"ดอนแตง","AmphoeN":"ขาณุวรลักษบุรี","ProvinceN":"กำแพงเพชร","Maps":"http://maps.google.com/maps?q=16.08005,99.7144"}},{"type":"Feature","geometry":{"type":"Point","coordinates":[99.67041,16.4591]},"properties":{"hs_id":"VI1202402150618urgxyxcpuz","hsID":"VI1202402150618urgxyxcpuz","acq_date":"2024-02-15","Date":"2024-02-15","acq_time":"","year_be":2567,"season_be":2567,"dataset_year_be":2567,"province":"กำแพงเพชร","Province":"กำแพงเพชร","__province":"กำแพงเพชร","district":"เมืองกำแพงเพชร","Amphoe":"เมืองกำแพงเพชร","__district":"เมืองกำแพงเพชร","subdistrict":"นิคมทุ่งโพธิ์ทะเล","Tambon":"นิคมทุ่งโพธิ์ทะเล","__subdistrict":"นิคมทุ่งโพธิ์ทะเล","village":"บ้านสระสิงห์โต","BaanN":"บ้านสระสิงห์โต","__village":"บ้านสระสิงห์โต","land_type":"พื้นที่เกษตร","LandType":"พื้นที่เกษตร","plant_type":"นาข้าว","PlantType":"นาข้าว","crop_type":"นาข้าว","crop_type_raw":"นาข้าว","__crop":"นาข้าว","__plant_type":"นาข้าว","confidence":47,"Q":"47","source":"NASA FIRMS Email Alert - Suomi NPP VIIRS","source_file":"2569-7-20 รวม 67-69 เขต 6.xlsx","filter_rule":"Province=กำแพงเพชร; LandType=พื้นที่เกษตร; PlantType normalized to allowed groups","month":2,"month_key":"2567-02","day_key":"2024-02-15","TambonN":"เทพนคร","AmphoeN":"เมืองกำแพงเพชร","ProvinceN":"กำแพงเพชร","Maps":"http://maps.google.com/maps?q=16.4591,99.67041"}},{"type":"Feature","geometry":{"type":"Point","coordinates":[99.64383,16.209]},"properties":{"hs_id":"VI1202402160559urgxbzgpcp","hsID":"VI1202402160559urgxbzgpcp","acq_date":"2024-02-16","Date":"2024-02-16","acq_time":"","year_be":2567,"season_be":2567,"dataset_year_be":2567,"province":"กำแพงเพชร","Province":"กำแพงเพชร","__province":"กำแพงเพชร","district":"คลองขลุง","Amphoe":"คลองขลุง","__district":"คลองขลุง","subdistrict":"วังไทร","Tambon":"วังไทร","__subdistrict":"วังไทร","village":"บ้านใหม่","BaanN":"บ้านใหม่","__village":"บ้านใหม่","land_type":"พื้นที่เกษตร","LandType":"พื้นที่เกษตร","plant_type":"นาข้าว","PlantType":"นาข้าว","crop_type":"นาข้าว","crop_type_raw":"นาข้าว","__crop":"นาข้าว","__plant_type":"นาข้าว","confidence":47,"Q":"47","source":"NASA FIRMS Email Alert - Suomi NPP VIIRS","source_file":"2569-7-20 รวม 67-69 เขต 6.xlsx","filter_rule":"Province=กำแพงเพชร; LandType=พื้นที่เกษตร; PlantType normalized to allowed groups","month":2,"month_key":"2567-02","day_key":"2024-02-16","TambonN":"วังไทร","AmphoeN":"คลองขลุง","ProvinceN":"กำแพงเพชร","Maps":"http://maps.google.com/maps?q=16.209,99.64383"}},{"type":"Feature","geometry":{"type":"Point","coordinates":[99.64214,16.21176]},"properties":{"hs_id":"VI1202402160559urgxbzvpcr","hsID":"VI1202402160559urgxbzvpcr","acq_date":"2024-02-16","Date":"2024-02-16","acq_time":"","year_be":2567,"season_be":2567,"dataset_year_be":2567,"province":"กำแพงเพชร","Province":"กำแพงเพชร","__province":"กำแพงเพชร","district":"คลองขลุง","Amphoe":"คลองขลุง","__district":"คลองขลุง","subdistrict":"วังไทร","Tambon":"วังไทร","__subdistrict":"วังไทร","village":"บ้านใหม่","BaanN":"บ้านใหม่","__village":"บ้านใหม่","land_type":"พื้นที่เกษตร","LandType":"พื้นที่เกษตร","plant_type":"นาข้าว","PlantType":"นาข้าว","crop_type":"นาข้าว","crop_type_raw":"นาข้าว","__crop":"นาข้าว","__plant_type":"นาข้าว","confidence":47,"Q":"47","source":"NASA FIRMS Email Alert - Suomi NPP VIIRS","source_file":"2569-7-20 รวม 67-69 เขต 6.xlsx","filter_rule":"Province=กำแพงเพชร; LandType=พื้นที่เกษตร; PlantType normalized to allowed groups","month":2,"month_key":"2567-02","day_key":"2024-02-16","TambonN":"วังไทร","AmphoeN":"คลองขลุง","ProvinceN":"กำแพงเพชร","Maps":"http://maps.google.com/maps?q=16.21176,99.64214"}},{"type":"Feature","geometry":{"type":"Point","coordinates":[99.6456,16.21247]},"properties":{"hs_id":"VI1202402160559urgxbzvxcz","hsID":"VI1202402160559urgxbzvxcz","acq_date":"2024-02-16","Date":"2024-02-16","acq_time":"","year_be":2567,"season_be":2567,"dataset_year_be":2567,"province":"กำแพงเพชร","Province":"กำแพงเพชร","__province":"กำแพงเพชร","district":"คลองขลุง","Amphoe":"คลองขลุง","__district":"คลองขลุง","subdistrict":"วังไทร","Tambon":"วังไทร","__subdistrict":"วังไทร","village":"บ้านใหม่","BaanN":"บ้านใหม่","__village":"บ้านใหม่","land_type":"พื้นที่เกษตร","LandType":"พื้นที่เกษตร","plant_type":"นาข้าว","PlantType":"นาข้าว","crop_type":"นาข้าว","crop_type_raw":"นาข้าว","__crop":"นาข้าว","__plant_type":"นาข้าว","confidence":47,"Q":"47","source":"NASA FIRMS Email Alert - Suomi NPP VIIRS","source_file":"2569-7-20 รวม 67-69 เขต 6.xlsx","filter_rule":"Province=กำแพงเพชร; LandType=พื้นที่เกษตร; PlantType normalized to allowed groups","month":2,"month_key":"2567-02","day_key":"2024-02-16","TambonN":"วังไทร","AmphoeN":"คลองขลุง","ProvinceN":"กำแพงเพชร","Maps":"http://maps.google.com/maps?q=16.21247,99.6456"}},{"type":"Feature","geometry":{"type":"Point","coordinates":[99.64268,16.21432]},"properties":{"hs_id":"VI1202402160559urgxbzyzvp","hsID":"VI1202402160559urgxbzyzvp","acq_date":"2024-02-16","Date":"2024-02-16","acq_time":"","year_be":2567,"season_be":2567,"dataset_year_be":2567,"province":"กำแพงเพชร","Province":"กำแพงเพชร","__province":"กำแพงเพชร","district":"คลองขลุง","Amphoe":"คลองขลุง","__district":"คลองขลุง","subdistrict":"วังไทร","Tambon":"วังไทร","__subdistrict":"วังไทร","village":"บ้านใหม่","BaanN":"บ้านใหม่","__village":"บ้านใหม่","land_type":"พื้นที่เกษตร","LandType":"พื้นที่เกษตร","plant_type":"นาข้าว","PlantType":"นาข้าว","crop_type":"นาข้าว","crop_type_raw":"นาข้าว","__crop":"นาข้าว","__plant_type":"นาข้าว","confidence":47,"Q":"47","source":"NASA FIRMS Email Alert - Suomi NPP VIIRS","source_file":"2569-7-20 รวม 67-69 เขต 6.xlsx","filter_rule":"Province=กำแพงเพชร; LandType=พื้นที่เกษตร; PlantType normalized to allowed groups","month":2,"month_key":"2567-02","day_key":"2024-02-16","TambonN":"วังไทร","AmphoeN":"คลองขลุง","ProvinceN":"กำแพงเพชร","Maps":"http://maps.google.com/maps?q=16.21432,99.64268"}},{"type":"Feature","geometry":{"type":"Point","coordinates":[99.66588,16.5964]},"properties":{"hs_id":"VI1202402160559urgzcxvpup","hsID":"VI1202402160559urgzcxvpup","acq_date":"2024-02-16","Date":"2024-02-16","acq_time":"","year_be":2567,"season_be":2567,"dataset_year_be":2567,"province":"กำแพงเพชร","Province":"กำแพงเพชร","__province":"กำแพงเพชร","district":"พรานกระต่าย","Amphoe":"พรานกระต่าย","__district":"พรานกระต่าย","subdistrict":"เขาคีริส","Tambon":"เขาคีริส","__subdistrict":"เขาคีริส","village":"บ้านคุยป่ายาง","BaanN":"บ้านคุยป่ายาง","__village":"บ้านคุยป่ายาง","land_type":"พื้นที่เกษตร","LandType":"พื้นที่เกษตร","plant_type":"นาข้าว","PlantType":"นาข้าว","crop_type":"นาข้าว","crop_type_raw":"นาข้าว","__crop":"นาข้าว","__plant_type":"นาข้าว","confidence":47,"Q":"47","source":"NASA FIRMS Email Alert - Suomi NPP VIIRS","source_file":"2569-7-20 รวม 67-69 เขต 6.xlsx","filter_rule":"Province=กำแพงเพชร; LandType=พื้นที่เกษตร; PlantType normalized to allowed groups","month":2,"month_key":"2567-02","day_key":"2024-02-16","TambonN":"เขาคีริส","AmphoeN":"พรานกระต่าย","ProvinceN":"กำแพงเพชร","Maps":"http://maps.google.com/maps?q=16.5964,99.66588"}},{"type":"Feature","geometry":{"type":"Point","coordinates":[99.7591,15.98886]},"properties":{"hs_id":"VI1202402190641urgrgzfxzr","hsID":"VI1202402190641urgrgzfxzr","acq_date":"2024-02-19","Date":"2024-02-19","acq_time":"","year_be":2567,"season_be":2567,"dataset_year_be":2567,"province":"กำแพงเพชร","Province":"กำแพงเพชร","__province":"กำแพงเพชร","district":"ขาณุวรลักษบุรี","Amphoe":"ขาณุวรลักษบุรี","__district":"ขาณุวรลักษบุรี","subdistrict":"วังชะพลู","Tambon":"วังชะพลู","__subdistrict":"วังชะพลู","village":"บ้านนาเหนือ","BaanN":"บ้านนาเหนือ","__village":"บ้านนาเหนือ","land_type":"พื้นที่เกษตร","LandType":"พื้นที่เกษตร","plant_type":"นาข้าว","PlantType":"นาข้าว","crop_type":"นาข้าว","crop_type_raw":"นาข้าว","__crop":"นาข้าว","__plant_type":"นาข้าว","confidence":47,"Q":"47","source":"NASA FIRMS Email Alert - Suomi NPP VIIRS","source_file":"2569-7-20 รวม 67-69 เขต 6.xlsx","filter_rule":"Province=กำแพงเพชร; LandType=พื้นที่เกษตร; PlantType normalized to allowed groups","month":2,"month_key":"2567-02","day_key":"2024-02-19","TambonN":"วังชะพลู","AmphoeN":"ขาณุวรลักษบุรี","ProvinceN":"กำแพงเพชร","Maps":"http://maps.google.com/maps?q=15.98886,99.7591"}},{"type":"Feature","geometry":{"type":"Point","coordinates":[99.8139,16.08023]},"properties":{"hs_id":"VI1202402190641urgrvzvrbx","hsID":"VI1202402190641urgrvzvrbx","acq_date":"2024-02-19","Date":"2024-02-19","acq_time":"","year_be":2567,"season_be":2567,"dataset_year_be":2567,"province":"กำแพงเพชร","Province":"กำแพงเพชร","__province":"กำแพงเพชร","district":"ขาณุวรลักษบุรี","Amphoe":"ขาณุวรลักษบุรี","__district":"ขาณุวรลักษบุรี","subdistrict":"เกาะตาล","Tambon":"เกาะตาล","__subdistrict":"เกาะตาล","village":"บ้านใหม่","BaanN":"บ้านใหม่","__village":"บ้านใหม่","land_type":"พื้นที่เกษตร","LandType":"พื้นที่เกษตร","plant_type":"นาข้าว","PlantType":"นาข้าว","crop_type":"นาข้าว","crop_type_raw":"นาข้าว","__crop":"นาข้าว","__plant_type":"นาข้าว","confidence":47,"Q":"47","source":"NASA FIRMS Email Alert - Suomi NPP VIIRS","source_file":"2569-7-20 รวม 67-69 เขต 6.xlsx","filter_rule":"Province=กำแพงเพชร; LandType=พื้นที่เกษตร; PlantType normalized to allowed groups","month":2,"month_key":"2567-02","day_key":"2024-02-19","TambonN":"เกาะตาล","AmphoeN":"ขาณุวรลักษบุรี","ProvinceN":"กำแพงเพชร","Maps":"http://maps.google.com/maps?q=16.08023,99.8139"}},{"type":"Feature","geometry":{"type":"Point","coordinates":[99.8092,16.23986]},"properties":{"hs_id":"VI1202402190641urgxcxcxbp","hsID":"VI1202402190641urgxcxcxbp","acq_date":"2024-02-19","Date":"2024-02-19","acq_time":"","year_be":2567,"season_be":2567,"dataset_year_be":2567,"province":"กำแพงเพชร","Province":"กำแพงเพชร","__province":"กำแพงเพชร","district":"คลองขลุง","Amphoe":"คลองขลุง","__district":"คลองขลุง","subdistrict":"วังยาง","Tambon":"วังยาง","__subdistrict":"วังยาง","village":"บ้านหนองนกกระทุง","BaanN":"บ้านหนองนกกระทุง","__village":"บ้านหนองนกกระทุง","land_type":"พื้นที่เกษตร","LandType":"พื้นที่เกษตร","plant_type":"นาข้าว","PlantType":"นาข้าว","crop_type":"นาข้าว","crop_type_raw":"นาข้าว","__crop":"นาข้าว","__plant_type":"นาข้าว","confidence":47,"Q":"47","source":"NASA FIRMS Email Alert - Suomi NPP VIIRS","source_file":"2569-7-20 รวม 67-69 เขต 6.xlsx","filter_rule":"Province=กำแพงเพชร; LandType=พื้นที่เกษตร; PlantType normalized to allowed groups","month":2,"month_key":"2567-02","day_key":"2024-02-19","TambonN":"วังแขม","AmphoeN":"คลองขลุง","ProvinceN":"กำแพงเพชร","Maps":"http://maps.google.com/maps?q=16.23986,99.8092"}},{"type":"Feature","geometry":{"type":"Point","coordinates":[99.4262,16.67589]},"properties":{"hs_id":"VI1202402190641urgzgrzpbr","hsID":"VI1202402190641urgzgrzpbr","acq_date":"2024-02-19","Date":"2024-02-19","acq_time":"","year_be":2567,"season_be":2567,"dataset_year_be":2567,"province":"กำแพงเพชร","Province":"กำแพงเพชร","__province":"กำแพงเพชร","district":"พรานกระต่าย","Amphoe":"พรานกระต่าย","__district":"พรานกระต่าย","subdistrict":"ท่าไม้","Tambon":"ท่าไม้","__subdistrict":"ท่าไม้","village":"บ้านไร่พัฒนา","BaanN":"บ้านไร่พัฒนา","__village":"บ้านไร่พัฒนา","land_type":"พื้นที่เกษตร","LandType":"พื้นที่เกษตร","plant_type":"เกษตรอื่น ๆ","PlantType":"เกษตรอื่น ๆ","crop_type":"เกษตรอื่น ๆ","crop_type_raw":"เกษตรอื่น ๆ","__crop":"เกษตรอื่น ๆ","__plant_type":"เกษตรอื่น ๆ","confidence":47,"Q":"47","source":"NASA FIRMS Email Alert - Suomi NPP VIIRS","source_file":"2569-7-20 รวม 67-69 เขต 6.xlsx","filter_rule":"Province=กำแพงเพชร; LandType=พื้นที่เกษตร; PlantType normalized to allowed groups","month":2,"month_key":"2567-02","day_key":"2024-02-19","TambonN":"ท่าไม้","AmphoeN":"พรานกระต่าย","ProvinceN":"กำแพงเพชร","Maps":"http://maps.google.com/maps?q=16.67589,99.4262"}},{"type":"Feature","geometry":{"type":"Point","coordinates":[99.8236,16.31686]},"properties":{"hs_id":"VI1202402200624urgxgrcxfr","hsID":"VI1202402200624urgxgrcxfr","acq_date":"2024-02-20","Date":"2024-02-20","acq_time":"","year_be":2567,"season_be":2567,"dataset_year_be":2567,"province":"กำแพงเพชร","Province":"กำแพงเพชร","__province":"กำแพงเพชร","district":"ทรายทองวัฒนา","Amphoe":"ทรายทองวัฒนา","__district":"ทรายทองวัฒนา","subdistrict":"ทุ่งทราย","Tambon":"ทุ่งทราย","__subdistrict":"ทุ่งทราย","village":"บ้านทุ่งทรายเหนือ","BaanN":"บ้านทุ่งทรายเหนือ","__village":"บ้านทุ่งทรายเหนือ","land_type":"พื้นที่เกษตร","LandType":"พื้นที่เกษตร","plant_type":"นาข้าว","PlantType":"นาข้าว","crop_type":"นาข้าว","crop_type_raw":"นาข้าว","__crop":"นาข้าว","__plant_type":"นาข้าว","confidence":47,"Q":"47","source":"NASA FIRMS Email Alert - Suomi NPP VIIRS","source_file":"2569-7-20 รวม 67-69 เขต 6.xlsx","filter_rule":"Province=กำแพงเพชร; LandType=พื้นที่เกษตร; PlantType normalized to allowed groups","month":2,"month_key":"2567-02","day_key":"2024-02-20","TambonN":"ทุ่งทราย","AmphoeN":"ทรายทองวัฒนา","ProvinceN":"กำแพงเพชร","Maps":"http://maps.google.com/maps?q=16.31686,99.8236"}},{"type":"Feature","geometry":{"type":"Point","coordinates":[99.44408,16.76135]},"properties":{"hs_id":"VI1202402200624urgzvrvpzz","hsID":"VI1202402200624urgzvrvpzz","acq_date":"2024-02-20","Date":"2024-02-20","acq_time":"","year_be":2567,"season_be":2567,"dataset_year_be":2567,"province":"กำแพงเพชร","Province":"กำแพงเพชร","__province":"กำแพงเพชร","district":"พรานกระต่าย","Amphoe":"พรานกระต่าย","__district":"พรานกระต่าย","subdistrict":"วังควง","Tambon":"วังควง","__subdistrict":"วังควง","village":"บ้านสมอโคน","BaanN":"บ้านสมอโคน","__village":"บ้านสมอโคน","land_type":"พื้นที่เกษตร","LandType":"พื้นที่เกษตร","plant_type":"เกษตรอื่น ๆ","PlantType":"เกษตรอื่น ๆ","crop_type":"เกษตรอื่น ๆ","crop_type_raw":"เกษตรอื่น ๆ","__crop":"เกษตรอื่น ๆ","__plant_type":"เกษตรอื่น ๆ","confidence":47,"Q":"47","source":"NASA FIRMS Email Alert - Suomi NPP VIIRS","source_file":"2569-7-20 รวม 67-69 เขต 6.xlsx","filter_rule":"Province=กำแพงเพชร; LandType=พื้นที่เกษตร; PlantType normalized to allowed groups","month":2,"month_key":"2567-02","day_key":"2024-02-20","TambonN":"ท่าไม้","AmphoeN":"พรานกระต่าย","ProvinceN":"กำแพงเพชร","Maps":"http://maps.google.com/maps?q=16.76135,99.44408"}},{"type":"Feature","geometry":{"type":"Point","coordinates":[99.95039,16.30244]},"properties":{"hs_id":"VI1202402201855urgxfzzpfr","hsID":"VI1202402201855urgxfzzpfr","acq_date":"2024-02-21","Date":"2024-02-21","acq_time":"","year_be":2567,"season_be":2567,"dataset_year_be":2567,"province":"กำแพงเพชร","Province":"กำแพงเพชร","__province":"กำแพงเพชร","district":"บึงสามัคคี","Amphoe":"บึงสามัคคี","__district":"บึงสามัคคี","subdistrict":"บึงสามัคคี","Tambon":"บึงสามัคคี","__subdistrict":"บึงสามัคคี","village":"บ้านปิงหล่ม","BaanN":"บ้านปิงหล่ม","__village":"บ้านปิงหล่ม","land_type":"พื้นที่เกษตร","LandType":"พื้นที่เกษตร","plant_type":"อ้อย","PlantType":"อ้อย","crop_type":"อ้อย","crop_type_raw":"อ้อย","__crop":"อ้อย","__plant_type":"อ้อย","confidence":47,"Q":"47","source":"NASA FIRMS Email Alert - Suomi NPP VIIRS","source_file":"2569-7-20 รวม 67-69 เขต 6.xlsx","filter_rule":"Province=กำแพงเพชร; LandType=พื้นที่เกษตร; PlantType normalized to allowed groups","month":2,"month_key":"2567-02","day_key":"2024-02-21","TambonN":"ถาวรวัฒนา","AmphoeN":"ทรายทองวัฒนา","ProvinceN":"กำแพงเพชร","Maps":"http://maps.google.com/maps?q=16.30244,99.95039"}},{"type":"Feature","geometry":{"type":"Point","coordinates":[99.66758,16.15289]},"properties":{"hs_id":"VI1202402210603urgrzxfpvx","hsID":"VI1202402210603urgrzxfpvx","acq_date":"2024-02-21","Date":"2024-02-21","acq_time":"","year_be":2567,"season_be":2567,"dataset_year_be":2567,"province":"กำแพงเพชร","Province":"กำแพงเพชร","__province":"กำแพงเพชร","district":"คลองขลุง","Amphoe":"คลองขลุง","__district":"คลองขลุง","subdistrict":"คลองขลุง","Tambon":"คลองขลุง","__subdistrict":"คลองขลุง","village":"บ้านหนองปลาไหล","BaanN":"บ้านหนองปลาไหล","__village":"บ้านหนองปลาไหล","land_type":"พื้นที่เกษตร","LandType":"พื้นที่เกษตร","plant_type":"นาข้าว","PlantType":"นาข้าว","crop_type":"นาข้าว","crop_type_raw":"นาข้าว","__crop":"นาข้าว","__plant_type":"นาข้าว","confidence":47,"Q":"47","source":"NASA FIRMS Email Alert - Suomi NPP VIIRS","source_file":"2569-7-20 รวม 67-69 เขต 6.xlsx","filter_rule":"Province=กำแพงเพชร; LandType=พื้นที่เกษตร; PlantType normalized to allowed groups","month":2,"month_key":"2567-02","day_key":"2024-02-21","TambonN":"คลองขลุง","AmphoeN":"คลองขลุง","ProvinceN":"กำแพงเพชร","Maps":"http://maps.google.com/maps?q=16.15289,99.66758"}},{"type":"Feature","geometry":{"type":"Point","coordinates":[99.66993,16.15633]},"properties":{"hs_id":"VI1202402210603urgrzxuxvz","hsID":"VI1202402210603urgrzxuxvz","acq_date":"2024-02-21","Date":"2024-02-21","acq_time":"","year_be":2567,"season_be":2567,"dataset_year_be":2567,"province":"กำแพงเพชร","Province":"กำแพงเพชร","__province":"กำแพงเพชร","district":"คลองขลุง","Amphoe":"คลองขลุง","__district":"คลองขลุง","subdistrict":"คลองขลุง","Tambon":"คลองขลุง","__subdistrict":"คลองขลุง","village":"บ้านหนองปลาไหล","BaanN":"บ้านหนองปลาไหล","__village":"บ้านหนองปลาไหล","land_type":"พื้นที่เกษตร","LandType":"พื้นที่เกษตร","plant_type":"นาข้าว","PlantType":"นาข้าว","crop_type":"นาข้าว","crop_type_raw":"นาข้าว","__crop":"นาข้าว","__plant_type":"นาข้าว","confidence":47,"Q":"47","source":"NASA FIRMS Email Alert - Suomi NPP VIIRS","source_file":"2569-7-20 รวม 67-69 เขต 6.xlsx","filter_rule":"Province=กำแพงเพชร; LandType=พื้นที่เกษตร; PlantType normalized to allowed groups","month":2,"month_key":"2567-02","day_key":"2024-02-21","TambonN":"คลองขลุง","AmphoeN":"คลองขลุง","ProvinceN":"กำแพงเพชร","Maps":"http://maps.google.com/maps?q=16.15633,99.66993"}},{"type":"Feature","geometry":{"type":"Point","coordinates":[99.48637,16.3574]},"properties":{"hs_id":"VI1202402210603urgxupzpgp","hsID":"VI1202402210603urgxupzpgp","acq_date":"2024-02-21","Date":"2024-02-21","acq_time":"","year_be":2567,"season_be":2567,"dataset_year_be":2567,"province":"กำแพงเพชร","Province":"กำแพงเพชร","__province":"กำแพงเพชร","district":"เมืองกำแพงเพชร","Amphoe":"เมืองกำแพงเพชร","__district":"เมืองกำแพงเพชร","subdistrict":"อ่างทอง","Tambon":"อ่างทอง","__subdistrict":"อ่างทอง","village":"บ้านปากอ่าง","BaanN":"บ้านปากอ่าง","__village":"บ้านปากอ่าง","land_type":"พื้นที่เกษตร","LandType":"พื้นที่เกษตร","plant_type":"อ้อย","PlantType":"อ้อย","crop_type":"อ้อย","crop_type_raw":"อ้อย","__crop":"อ้อย","__plant_type":"อ้อย","confidence":47,"Q":"47","source":"NASA FIRMS Email Alert - Suomi NPP VIIRS","source_file":"2569-7-20 รวม 67-69 เขต 6.xlsx","filter_rule":"Province=กำแพงเพชร; LandType=พื้นที่เกษตร; PlantType normalized to allowed groups","month":2,"month_key":"2567-02","day_key":"2024-02-21","TambonN":"อ่างทอง","AmphoeN":"เมืองกำแพงเพชร","ProvinceN":"กำแพงเพชร","Maps":"http://maps.google.com/maps?q=16.3574,99.48637"}},{"type":"Feature","geometry":{"type":"Point","coordinates":[99.62646,16.39973]},"properties":{"hs_id":"VI1202402210603urgxvpvzvr","hsID":"VI1202402210603urgxvpvzvr","acq_date":"2024-02-21","Date":"2024-02-21","acq_time":"","year_be":2567,"season_be":2567,"dataset_year_be":2567,"province":"กำแพงเพชร","Province":"กำแพงเพชร","__province":"กำแพงเพชร","district":"เมืองกำแพงเพชร","Amphoe":"เมืองกำแพงเพชร","__district":"เมืองกำแพงเพชร","subdistrict":"เทพนคร","Tambon":"เทพนคร","__subdistrict":"เทพนคร","village":"บ้านบ่อตาพุก","BaanN":"บ้านบ่อตาพุก","__village":"บ้านบ่อตาพุก","land_type":"พื้นที่เกษตร","LandType":"พื้นที่เกษตร","plant_type":"นาข้าว","PlantType":"นาข้าว","crop_type":"นาข้าว","crop_type_raw":"นาข้าว","__crop":"นาข้าว","__plant_type":"นาข้าว","confidence":47,"Q":"47","source":"NASA FIRMS Email Alert - Suomi NPP VIIRS","source_file":"2569-7-20 รวม 67-69 เขต 6.xlsx","filter_rule":"Province=กำแพงเพชร; LandType=พื้นที่เกษตร; PlantType normalized to allowed groups","month":2,"month_key":"2567-02","day_key":"2024-02-21","TambonN":"คณฑี","AmphoeN":"เมืองกำแพงเพชร","ProvinceN":"กำแพงเพชร","Maps":"http://maps.google.com/maps?q=16.39973,99.62646"}},{"type":"Feature","geometry":{"type":"Point","coordinates":[99.88792,16.6552]},"properties":{"hs_id":"VI1202402211836urgzfzzzyr","hsID":"VI1202402211836urgzfzzzyr","acq_date":"2024-02-22","Date":"2024-02-22","acq_time":"","year_be":2567,"season_be":2567,"dataset_year_be":2567,"province":"กำแพงเพชร","Province":"กำแพงเพชร","__province":"กำแพงเพชร","district":"ลานกระบือ","Amphoe":"ลานกระบือ","__district":"ลานกระบือ","subdistrict":"ลานกระบือ","Tambon":"ลานกระบือ","__subdistrict":"ลานกระบือ","village":"บ้านบึงมาลย์น้อย","BaanN":"บ้านบึงมาลย์น้อย","__village":"บ้านบึงมาลย์น้อย","land_type":"พื้นที่เกษตร","LandType":"พื้นที่เกษตร","plant_type":"อ้อย","PlantType":"อ้อย","crop_type":"อ้อย","crop_type_raw":"อ้อย","__crop":"อ้อย","__plant_type":"อ้อย","confidence":47,"Q":"47","source":"NASA FIRMS Email Alert - Suomi NPP VIIRS","source_file":"2569-7-20 รวม 67-69 เขต 6.xlsx","filter_rule":"Province=กำแพงเพชร; LandType=พื้นที่เกษตร; PlantType normalized to allowed groups","month":2,"month_key":"2567-02","day_key":"2024-02-22","TambonN":"ลานกระบือ","AmphoeN":"ลานกระบือ","ProvinceN":"กำแพงเพชร","Maps":"http://maps.google.com/maps?q=16.6552,99.88792"}},{"type":"Feature","geometry":{"type":"Point","coordinates":[99.75113,16.2478]},"properties":{"hs_id":"VI1202402220726urgxcxzrcp","hsID":"VI1202402220726urgxcxzrcp","acq_date":"2024-02-22","Date":"2024-02-22","acq_time":"","year_be":2567,"season_be":2567,"dataset_year_be":2567,"province":"กำแพงเพชร","Province":"กำแพงเพชร","__province":"กำแพงเพชร","district":"คลองขลุง","Amphoe":"คลองขลุง","__district":"คลองขลุง","subdistrict":"ท่ามะเขือ","Tambon":"ท่ามะเขือ","__subdistrict":"ท่ามะเขือ","village":"บ้านคลองพัฒนา","BaanN":"บ้านคลองพัฒนา","__village":"บ้านคลองพัฒนา","land_type":"พื้นที่เกษตร","LandType":"พื้นที่เกษตร","plant_type":"เกษตรอื่น ๆ","PlantType":"เกษตรอื่น ๆ","crop_type":"เกษตรอื่น ๆ","crop_type_raw":"เกษตรอื่น ๆ","__crop":"เกษตรอื่น ๆ","__plant_type":"เกษตรอื่น ๆ","confidence":47,"Q":"47","source":"NASA FIRMS Email Alert - Suomi NPP VIIRS","source_file":"2569-7-20 รวม 67-69 เขต 6.xlsx","filter_rule":"Province=กำแพงเพชร; LandType=พื้นที่เกษตร; PlantType normalized to allowed groups","month":2,"month_key":"2567-02","day_key":"2024-02-22","TambonN":"ท่ามะเขือ","AmphoeN":"คลองขลุง","ProvinceN":"กำแพงเพชร","Maps":"http://maps.google.com/maps?q=16.2478,99.75113"}},{"type":"Feature","geometry":{"type":"Point","coordinates":[99.69376,16.21846]},"properties":{"hs_id":"VI1202402230707urgxcpczvx","hsID":"VI1202402230707urgxcpczvx","acq_date":"2024-02-23","Date":"2024-02-23","acq_time":"","year_be":2567,"season_be":2567,"dataset_year_be":2567,"province":"กำแพงเพชร","Province":"กำแพงเพชร","__province":"กำแพงเพชร","district":"คลองขลุง","Amphoe":"คลองขลุง","__district":"คลองขลุง","subdistrict":"คลองขลุง","Tambon":"คลองขลุง","__subdistrict":"คลองขลุง","village":"บ้านเด่นสะเดา","BaanN":"บ้านเด่นสะเดา","__village":"บ้านเด่นสะเดา","land_type":"พื้นที่เกษตร","LandType":"พื้นที่เกษตร","plant_type":"นาข้าว","PlantType":"นาข้าว","crop_type":"นาข้าว","crop_type_raw":"นาข้าว","__crop":"นาข้าว","__plant_type":"นาข้าว","confidence":47,"Q":"47","source":"NASA FIRMS Email Alert - Suomi NPP VIIRS","source_file":"2569-7-20 รวม 67-69 เขต 6.xlsx","filter_rule":"Province=กำแพงเพชร; LandType=พื้นที่เกษตร; PlantType normalized to allowed groups","month":2,"month_key":"2567-02","day_key":"2024-02-23","TambonN":"คลองขลุง","AmphoeN":"คลองขลุง","ProvinceN":"กำแพงเพชร","Maps":"http://maps.google.com/maps?q=16.21846,99.69376"}},{"type":"Feature","geometry":{"type":"Point","coordinates":[99.69603,16.22015]},"properties":{"hs_id":"VI1202402230707urgxcpgpuz","hsID":"VI1202402230707urgxcpgpuz","acq_date":"2024-02-23","Date":"2024-02-23","acq_time":"","year_be":2567,"season_be":2567,"dataset_year_be":2567,"province":"กำแพงเพชร","Province":"กำแพงเพชร","__province":"กำแพงเพชร","district":"คลองขลุง","Amphoe":"คลองขลุง","__district":"คลองขลุง","subdistrict":"คลองขลุง","Tambon":"คลองขลุง","__subdistrict":"คลองขลุง","village":"บ้านเด่นสะเดา","BaanN":"บ้านเด่นสะเดา","__village":"บ้านเด่นสะเดา","land_type":"พื้นที่เกษตร","LandType":"พื้นที่เกษตร","plant_type":"นาข้าว","PlantType":"นาข้าว","crop_type":"นาข้าว","crop_type_raw":"นาข้าว","__crop":"นาข้าว","__plant_type":"นาข้าว","confidence":47,"Q":"47","source":"NASA FIRMS Email Alert - Suomi NPP VIIRS","source_file":"2569-7-20 รวม 67-69 เขต 6.xlsx","filter_rule":"Province=กำแพงเพชร; LandType=พื้นที่เกษตร; PlantType normalized to allowed groups","month":2,"month_key":"2567-02","day_key":"2024-02-23","TambonN":"คลองขลุง","AmphoeN":"คลองขลุง","ProvinceN":"กำแพงเพชร","Maps":"http://maps.google.com/maps?q=16.22015,99.69603"}},{"type":"Feature","geometry":{"type":"Point","coordinates":[99.81168,16.22189]},"properties":{"hs_id":"VI1202402230707urgxcpurvr","hsID":"VI1202402230707urgxcpurvr","acq_date":"2024-02-23","Date":"2024-02-23","acq_time":"","year_be":2567,"season_be":2567,"dataset_year_be":2567,"province":"กำแพงเพชร","Province":"กำแพงเพชร","__province":"กำแพงเพชร","district":"คลองขลุง","Amphoe":"คลองขลุง","__district":"คลองขลุง","subdistrict":"วังแขม","Tambon":"วังแขม","__subdistrict":"วังแขม","village":"บ้านบึงลาด","BaanN":"บ้านบึงลาด","__village":"บ้านบึงลาด","land_type":"พื้นที่เกษตร","LandType":"พื้นที่เกษตร","plant_type":"นาข้าว","PlantType":"นาข้าว","crop_type":"นาข้าว","crop_type_raw":"นาข้าว","__crop":"นาข้าว","__plant_type":"นาข้าว","confidence":47,"Q":"47","source":"NASA FIRMS Email Alert - Suomi NPP VIIRS","source_file":"2569-7-20 รวม 67-69 เขต 6.xlsx","filter_rule":"Province=กำแพงเพชร; LandType=พื้นที่เกษตร; PlantType normalized to allowed groups","month":2,"month_key":"2567-02","day_key":"2024-02-23","TambonN":"วังแขม","AmphoeN":"คลองขลุง","ProvinceN":"กำแพงเพชร","Maps":"http://maps.google.com/maps?q=16.22189,99.81168"}},{"type":"Feature","geometry":{"type":"Point","coordinates":[99.69318,16.22332]},"properties":{"hs_id":"VI1202402230707urgxcpvryz","hsID":"VI1202402230707urgxcpvryz","acq_date":"2024-02-23","Date":"2024-02-23","acq_time":"","year_be":2567,"season_be":2567,"dataset_year_be":2567,"province":"กำแพงเพชร","Province":"กำแพงเพชร","__province":"กำแพงเพชร","district":"คลองขลุง","Amphoe":"คลองขลุง","__district":"คลองขลุง","subdistrict":"คลองขลุง","Tambon":"คลองขลุง","__subdistrict":"คลองขลุง","village":"บ้านวังหิน","BaanN":"บ้านวังหิน","__village":"บ้านวังหิน","land_type":"พื้นที่เกษตร","LandType":"พื้นที่เกษตร","plant_type":"นาข้าว","PlantType":"นาข้าว","crop_type":"นาข้าว","crop_type_raw":"นาข้าว","__crop":"นาข้าว","__plant_type":"นาข้าว","confidence":47,"Q":"47","source":"NASA FIRMS Email Alert - Suomi NPP VIIRS","source_file":"2569-7-20 รวม 67-69 เขต 6.xlsx","filter_rule":"Province=กำแพงเพชร; LandType=พื้นที่เกษตร; PlantType normalized to allowed groups","month":2,"month_key":"2567-02","day_key":"2024-02-23","TambonN":"คลองขลุง","AmphoeN":"คลองขลุง","ProvinceN":"กำแพงเพชร","Maps":"http://maps.google.com/maps?q=16.22332,99.69318"}},{"type":"Feature","geometry":{"type":"Point","coordinates":[99.81375,16.22445]},"properties":{"hs_id":"VI1202402230707urgxcpyrcp","hsID":"VI1202402230707urgxcpyrcp","acq_date":"2024-02-23","Date":"2024-02-23","acq_time":"","year_be":2567,"season_be":2567,"dataset_year_be":2567,"province":"กำแพงเพชร","Province":"กำแพงเพชร","__province":"กำแพงเพชร","district":"คลองขลุง","Amphoe":"คลองขลุง","__district":"คลองขลุง","subdistrict":"วังแขม","Tambon":"วังแขม","__subdistrict":"วังแขม","village":"บ้านบึงลาด","BaanN":"บ้านบึงลาด","__village":"บ้านบึงลาด","land_type":"พื้นที่เกษตร","LandType":"พื้นที่เกษตร","plant_type":"เกษตรอื่น ๆ","PlantType":"เกษตรอื่น ๆ","crop_type":"เกษตรอื่น ๆ","crop_type_raw":"เกษตรอื่น ๆ","__crop":"เกษตรอื่น ๆ","__plant_type":"เกษตรอื่น ๆ","confidence":47,"Q":"47","source":"NASA FIRMS Email Alert - Suomi NPP VIIRS","source_file":"2569-7-20 รวม 67-69 เขต 6.xlsx","filter_rule":"Province=กำแพงเพชร; LandType=พื้นที่เกษตร; PlantType normalized to allowed groups","month":2,"month_key":"2567-02","day_key":"2024-02-23","TambonN":"วังแขม","AmphoeN":"คลองขลุง","ProvinceN":"กำแพงเพชร","Maps":"http://maps.google.com/maps?q=16.22445,99.81375"}},{"type":"Feature","geometry":{"type":"Point","coordinates":[99.63682,16.35992]},"properties":{"hs_id":"VI1202402231940urgxurbzvz","hsID":"VI1202402231940urgxurbzvz","acq_date":"2024-02-24","Date":"2024-02-24","acq_time":"","year_be":2567,"season_be":2567,"dataset_year_be":2567,"province":"กำแพงเพชร","Province":"กำแพงเพชร","__province":"กำแพงเพชร","district":"เมืองกำแพงเพชร","Amphoe":"เมืองกำแพงเพชร","__district":"เมืองกำแพงเพชร","subdistrict":"ธำมรงค์","Tambon":"ธำมรงค์","__subdistrict":"ธำมรงค์","village":"บ้านเกาะอ้ายแจว","BaanN":"บ้านเกาะอ้ายแจว","__village":"บ้านเกาะอ้ายแจว","land_type":"พื้นที่เกษตร","LandType":"พื้นที่เกษตร","plant_type":"อ้อย","PlantType":"อ้อย","crop_type":"อ้อย","crop_type_raw":"อ้อย","__crop":"อ้อย","__plant_type":"อ้อย","confidence":47,"Q":"47","source":"NASA FIRMS Email Alert - Suomi NPP VIIRS","source_file":"2569-7-20 รวม 67-69 เขต 6.xlsx","filter_rule":"Province=กำแพงเพชร; LandType=พื้นที่เกษตร; PlantType normalized to allowed groups","month":2,"month_key":"2567-02","day_key":"2024-02-24","TambonN":"ธำมรงค์","AmphoeN":"เมืองกำแพงเพชร","ProvinceN":"กำแพงเพชร","Maps":"http://maps.google.com/maps?q=16.35992,99.63682"}},{"type":"Feature","geometry":{"type":"Point","coordinates":[99.65009,16.28242]},"properties":{"hs_id":"VI1202402240648urgxfxbrzz","hsID":"VI1202402240648urgxfxbrzz","acq_date":"2024-02-24","Date":"2024-02-24","acq_time":"","year_be":2567,"season_be":2567,"dataset_year_be":2567,"province":"กำแพงเพชร","Province":"กำแพงเพชร","__province":"กำแพงเพชร","district":"คลองขลุง","Amphoe":"คลองขลุง","__district":"คลองขลุง","subdistrict":"หัวถนน","Tambon":"หัวถนน","__subdistrict":"หัวถนน","village":"บ้านโนนดุม","BaanN":"บ้านโนนดุม","__village":"บ้านโนนดุม","land_type":"พื้นที่เกษตร","LandType":"พื้นที่เกษตร","plant_type":"นาข้าว","PlantType":"นาข้าว","crop_type":"นาข้าว","crop_type_raw":"นาข้าว","__crop":"นาข้าว","__plant_type":"นาข้าว","confidence":47,"Q":"47","source":"NASA FIRMS Email Alert - Suomi NPP VIIRS","source_file":"2569-7-20 รวม 67-69 เขต 6.xlsx","filter_rule":"Province=กำแพงเพชร; LandType=พื้นที่เกษตร; PlantType normalized to allowed groups","month":2,"month_key":"2567-02","day_key":"2024-02-24","TambonN":"หัวถนน","AmphoeN":"คลองขลุง","ProvinceN":"กำแพงเพชร","Maps":"http://maps.google.com/maps?q=16.28242,99.65009"}},{"type":"Feature","geometry":{"type":"Point","coordinates":[99.48584,16.51709]},"properties":{"hs_id":"VI1202402241919urgxzzgrup","hsID":"VI1202402241919urgxzzgrup","acq_date":"2024-02-25","Date":"2024-02-25","acq_time":"","year_be":2567,"season_be":2567,"dataset_year_be":2567,"province":"กำแพงเพชร","Province":"กำแพงเพชร","__province":"กำแพงเพชร","district":"เมืองกำแพงเพชร","Amphoe":"เมืองกำแพงเพชร","__district":"เมืองกำแพงเพชร","subdistrict":"ทรงธรรม","Tambon":"ทรงธรรม","__subdistrict":"ทรงธรรม","village":"บ้านสหกรณ์","BaanN":"บ้านสหกรณ์","__village":"บ้านสหกรณ์","land_type":"พื้นที่เกษตร","LandType":"พื้นที่เกษตร","plant_type":"อ้อย","PlantType":"อ้อย","crop_type":"อ้อย","crop_type_raw":"อ้อย","__crop":"อ้อย","__plant_type":"อ้อย","confidence":47,"Q":"47","source":"NASA FIRMS Email Alert - Suomi NPP VIIRS","source_file":"2569-7-20 รวม 67-69 เขต 6.xlsx","filter_rule":"Province=กำแพงเพชร; LandType=พื้นที่เกษตร; PlantType normalized to allowed groups","month":2,"month_key":"2567-02","day_key":"2024-02-25","TambonN":"ทรงธรรม","AmphoeN":"เมืองกำแพงเพชร","ProvinceN":"กำแพงเพชร","Maps":"http://maps.google.com/maps?q=16.51709,99.48584"}},{"type":"Feature","geometry":{"type":"Point","coordinates":[99.53022,16.317]},"properties":{"hs_id":"VI1202402250629urgxgrcxvx","hsID":"VI1202402250629urgxgrcxvx","acq_date":"2024-02-25","Date":"2024-02-25","acq_time":"","year_be":2567,"season_be":2567,"dataset_year_be":2567,"province":"กำแพงเพชร","Province":"กำแพงเพชร","__province":"กำแพงเพชร","district":"เมืองกำแพงเพชร","Amphoe":"เมืองกำแพงเพชร","__district":"เมืองกำแพงเพชร","subdistrict":"ไตรตรึงษ์","Tambon":"ไตรตรึงษ์","__subdistrict":"ไตรตรึงษ์","village":"บ้านทรัพย์พลู","BaanN":"บ้านทรัพย์พลู","__village":"บ้านทรัพย์พลู","land_type":"พื้นที่เกษตร","LandType":"พื้นที่เกษตร","plant_type":"อ้อย","PlantType":"อ้อย","crop_type":"อ้อย","crop_type_raw":"อ้อย","__crop":"อ้อย","__plant_type":"อ้อย","confidence":47,"Q":"47","source":"NASA FIRMS Email Alert - Suomi NPP VIIRS","source_file":"2569-7-20 รวม 67-69 เขต 6.xlsx","filter_rule":"Province=กำแพงเพชร; LandType=พื้นที่เกษตร; PlantType normalized to allowed groups","month":2,"month_key":"2567-02","day_key":"2024-02-25","TambonN":"ไตรตรึงษ์","AmphoeN":"เมืองกำแพงเพชร","ProvinceN":"กำแพงเพชร","Maps":"http://maps.google.com/maps?q=16.317,99.53022"}},{"type":"Feature","geometry":{"type":"Point","coordinates":[99.60676,16.34666]},"properties":{"hs_id":"VI1202402250629urgxgzzrbz","hsID":"VI1202402250629urgxgzzrbz","acq_date":"2024-02-25","Date":"2024-02-25","acq_time":"","year_be":2567,"season_be":2567,"dataset_year_be":2567,"province":"กำแพงเพชร","Province":"กำแพงเพชร","__province":"กำแพงเพชร","district":"เมืองกำแพงเพชร","Amphoe":"เมืองกำแพงเพชร","__district":"เมืองกำแพงเพชร","subdistrict":"ธำมรงค์","Tambon":"ธำมรงค์","__subdistrict":"ธำมรงค์","village":"บ้านคลองสีนวลเหนือ","BaanN":"บ้านคลองสีนวลเหนือ","__village":"บ้านคลองสีนวลเหนือ","land_type":"พื้นที่เกษตร","LandType":"พื้นที่เกษตร","plant_type":"นาข้าว","PlantType":"นาข้าว","crop_type":"นาข้าว","crop_type_raw":"นาข้าว","__crop":"นาข้าว","__plant_type":"นาข้าว","confidence":47,"Q":"47","source":"NASA FIRMS Email Alert - Suomi NPP VIIRS","source_file":"2569-7-20 รวม 67-69 เขต 6.xlsx","filter_rule":"Province=กำแพงเพชร; LandType=พื้นที่เกษตร; PlantType normalized to allowed groups","month":2,"month_key":"2567-02","day_key":"2024-02-25","TambonN":"ธำมรงค์","AmphoeN":"เมืองกำแพงเพชร","ProvinceN":"กำแพงเพชร","Maps":"http://maps.google.com/maps?q=16.34666,99.60676"}},{"type":"Feature","geometry":{"type":"Point","coordinates":[99.46239,16.64544]},"properties":{"hs_id":"VI1202402250629urgzfzbzfz","hsID":"VI1202402250629urgzfzbzfz","acq_date":"2024-02-25","Date":"2024-02-25","acq_time":"","year_be":2567,"season_be":2567,"dataset_year_be":2567,"province":"กำแพงเพชร","Province":"กำแพงเพชร","__province":"กำแพงเพชร","district":"เมืองกำแพงเพชร","Amphoe":"เมืองกำแพงเพชร","__district":"เมืองกำแพงเพชร","subdistrict":"ลานดอกไม้","Tambon":"ลานดอกไม้","__subdistrict":"ลานดอกไม้","village":"บ้านหนองกวักมือ","BaanN":"บ้านหนองกวักมือ","__village":"บ้านหนองกวักมือ","land_type":"พื้นที่เกษตร","LandType":"พื้นที่เกษตร","plant_type":"เกษตรอื่น ๆ","PlantType":"เกษตรอื่น ๆ","crop_type":"เกษตรอื่น ๆ","crop_type_raw":"เกษตรอื่น ๆ","__crop":"เกษตรอื่น ๆ","__plant_type":"เกษตรอื่น ๆ","confidence":47,"Q":"47","source":"NASA FIRMS Email Alert - Suomi NPP VIIRS","source_file":"2569-7-20 รวม 67-69 เขต 6.xlsx","filter_rule":"Province=กำแพงเพชร; LandType=พื้นที่เกษตร; PlantType normalized to allowed groups","month":2,"month_key":"2567-02","day_key":"2024-02-25","TambonN":"ลานดอกไม้","AmphoeN":"เมืองกำแพงเพชร","ProvinceN":"กำแพงเพชร","Maps":"http://maps.google.com/maps?q=16.64544,99.46239"}},{"type":"Feature","geometry":{"type":"Point","coordinates":[99.81141,16.10001]},"properties":{"hs_id":"VI1202402250631urgryrgxvr","hsID":"VI1202402250631urgryrgxvr","acq_date":"2024-02-25","Date":"2024-02-25","acq_time":"","year_be":2567,"season_be":2567,"dataset_year_be":2567,"province":"กำแพงเพชร","Province":"กำแพงเพชร","__province":"กำแพงเพชร","district":"ขาณุวรลักษบุรี","Amphoe":"ขาณุวรลักษบุรี","__district":"ขาณุวรลักษบุรี","subdistrict":"เกาะตาล","Tambon":"เกาะตาล","__subdistrict":"เกาะตาล","village":"บ้านโนนตารอด","BaanN":"บ้านโนนตารอด","__village":"บ้านโนนตารอด","land_type":"พื้นที่เกษตร","LandType":"พื้นที่เกษตร","plant_type":"นาข้าว","PlantType":"นาข้าว","crop_type":"นาข้าว","crop_type_raw":"นาข้าว","__crop":"นาข้าว","__plant_type":"นาข้าว","confidence":47,"Q":"47","source":"NASA FIRMS Email Alert - Suomi NPP VIIRS","source_file":"2569-7-20 รวม 67-69 เขต 6.xlsx","filter_rule":"Province=กำแพงเพชร; LandType=พื้นที่เกษตร; PlantType normalized to allowed groups","month":2,"month_key":"2567-02","day_key":"2024-02-25","TambonN":"เกาะตาล","AmphoeN":"ขาณุวรลักษบุรี","ProvinceN":"กำแพงเพชร","Maps":"http://maps.google.com/maps?q=16.10001,99.81141"}},{"type":"Feature","geometry":{"type":"Point","coordinates":[99.79961,16.1016]},"properties":{"hs_id":"VI1202402250631urgryruzfr","hsID":"VI1202402250631urgryruzfr","acq_date":"2024-02-25","Date":"2024-02-25","acq_time":"","year_be":2567,"season_be":2567,"dataset_year_be":2567,"province":"กำแพงเพชร","Province":"กำแพงเพชร","__province":"กำแพงเพชร","district":"ขาณุวรลักษบุรี","Amphoe":"ขาณุวรลักษบุรี","__district":"ขาณุวรลักษบุรี","subdistrict":"เกาะตาล","Tambon":"เกาะตาล","__subdistrict":"เกาะตาล","village":"บ้านดอนแขวน","BaanN":"บ้านดอนแขวน","__village":"บ้านดอนแขวน","land_type":"พื้นที่เกษตร","LandType":"พื้นที่เกษตร","plant_type":"นาข้าว","PlantType":"นาข้าว","crop_type":"นาข้าว","crop_type_raw":"นาข้าว","__crop":"นาข้าว","__plant_type":"นาข้าว","confidence":47,"Q":"47","source":"NASA FIRMS Email Alert - Suomi NPP VIIRS","source_file":"2569-7-20 รวม 67-69 เขต 6.xlsx","filter_rule":"Province=กำแพงเพชร; LandType=พื้นที่เกษตร; PlantType normalized to allowed groups","month":2,"month_key":"2567-02","day_key":"2024-02-25","TambonN":"เกาะตาล","AmphoeN":"ขาณุวรลักษบุรี","ProvinceN":"กำแพงเพชร","Maps":"http://maps.google.com/maps?q=16.1016,99.79961"}},{"type":"Feature","geometry":{"type":"Point","coordinates":[99.69434,16.22119]},"properties":{"hs_id":"VI1202402250631urgxcpgzvp","hsID":"VI1202402250631urgxcpgzvp","acq_date":"2024-02-25","Date":"2024-02-25","acq_time":"","year_be":2567,"season_be":2567,"dataset_year_be":2567,"province":"กำแพงเพชร","Province":"กำแพงเพชร","__province":"กำแพงเพชร","district":"คลองขลุง","Amphoe":"คลองขลุง","__district":"คลองขลุง","subdistrict":"คลองขลุง","Tambon":"คลองขลุง","__subdistrict":"คลองขลุง","village":"บ้านเด่นสะเดา","BaanN":"บ้านเด่นสะเดา","__village":"บ้านเด่นสะเดา","land_type":"พื้นที่เกษตร","LandType":"พื้นที่เกษตร","plant_type":"นาข้าว","PlantType":"นาข้าว","crop_type":"นาข้าว","crop_type_raw":"นาข้าว","__crop":"นาข้าว","__plant_type":"นาข้าว","confidence":47,"Q":"47","source":"NASA FIRMS Email Alert - Suomi NPP VIIRS","source_file":"2569-7-20 รวม 67-69 เขต 6.xlsx","filter_rule":"Province=กำแพงเพชร; LandType=พื้นที่เกษตร; PlantType normalized to allowed groups","month":2,"month_key":"2567-02","day_key":"2024-02-25","TambonN":"คลองขลุง","AmphoeN":"คลองขลุง","ProvinceN":"กำแพงเพชร","Maps":"http://maps.google.com/maps?q=16.22119,99.69434"}},{"type":"Feature","geometry":{"type":"Point","coordinates":[99.62768,16.24885]},"properties":{"hs_id":"VI1202402250631urgxczbpcx","hsID":"VI1202402250631urgxczbpcx","acq_date":"2024-02-25","Date":"2024-02-25","acq_time":"","year_be":2567,"season_be":2567,"dataset_year_be":2567,"province":"กำแพงเพชร","Province":"กำแพงเพชร","__province":"กำแพงเพชร","district":"คลองขลุง","Amphoe":"คลองขลุง","__district":"คลองขลุง","subdistrict":"หัวถนน","Tambon":"หัวถนน","__subdistrict":"หัวถนน","village":"บ้านถนนใหญ่","BaanN":"บ้านถนนใหญ่","__village":"บ้านถนนใหญ่","land_type":"พื้นที่เกษตร","LandType":"พื้นที่เกษตร","plant_type":"อ้อย","PlantType":"อ้อย","crop_type":"อ้อย","crop_type_raw":"อ้อย","__crop":"อ้อย","__plant_type":"อ้อย","confidence":47,"Q":"47","source":"NASA FIRMS Email Alert - Suomi NPP VIIRS","source_file":"2569-7-20 รวม 67-69 เขต 6.xlsx","filter_rule":"Province=กำแพงเพชร; LandType=พื้นที่เกษตร; PlantType normalized to allowed groups","month":2,"month_key":"2567-02","day_key":"2024-02-25","TambonN":"หัวถนน","AmphoeN":"คลองขลุง","ProvinceN":"กำแพงเพชร","Maps":"http://maps.google.com/maps?q=16.24885,99.62768"}},{"type":"Feature","geometry":{"type":"Point","coordinates":[99.58811,16.39011]},"properties":{"hs_id":"VI1202402260609urgxuzyzvp","hsID":"VI1202402260609urgxuzyzvp","acq_date":"2024-02-26","Date":"2024-02-26","acq_time":"","year_be":2567,"season_be":2567,"dataset_year_be":2567,"province":"กำแพงเพชร","Province":"กำแพงเพชร","__province":"กำแพงเพชร","district":"เมืองกำแพงเพชร","Amphoe":"เมืองกำแพงเพชร","__district":"เมืองกำแพงเพชร","subdistrict":"เทพนคร","Tambon":"เทพนคร","__subdistrict":"เทพนคร","village":"บ้านศรีนคร","BaanN":"บ้านศรีนคร","__village":"บ้านศรีนคร","land_type":"พื้นที่เกษตร","LandType":"พื้นที่เกษตร","plant_type":"นาข้าว","PlantType":"นาข้าว","crop_type":"นาข้าว","crop_type_raw":"นาข้าว","__crop":"นาข้าว","__plant_type":"นาข้าว","confidence":47,"Q":"47","source":"NASA FIRMS Email Alert - Suomi NPP VIIRS","source_file":"2569-7-20 รวม 67-69 เขต 6.xlsx","filter_rule":"Province=กำแพงเพชร; LandType=พื้นที่เกษตร; PlantType normalized to allowed groups","month":2,"month_key":"2567-02","day_key":"2024-02-26","TambonN":"เทพนคร","AmphoeN":"เมืองกำแพงเพชร","ProvinceN":"กำแพงเพชร","Maps":"http://maps.google.com/maps?q=16.39011,99.58811"}},{"type":"Feature","geometry":{"type":"Point","coordinates":[99.73037,16.25777]},"properties":{"hs_id":"VI1202402280713urgxczyxcr","hsID":"VI1202402280713urgxczyxcr","acq_date":"2024-02-28","Date":"2024-02-28","acq_time":"","year_be":2567,"season_be":2567,"dataset_year_be":2567,"province":"กำแพงเพชร","Province":"กำแพงเพชร","__province":"กำแพงเพชร","district":"คลองขลุง","Amphoe":"คลองขลุง","__district":"คลองขลุง","subdistrict":"ท่ามะเขือ","Tambon":"ท่ามะเขือ","__subdistrict":"ท่ามะเขือ","village":"บ้านดงประดา","BaanN":"บ้านดงประดา","__village":"บ้านดงประดา","land_type":"พื้นที่เกษตร","LandType":"พื้นที่เกษตร","plant_type":"เกษตรอื่น ๆ","PlantType":"เกษตรอื่น ๆ","crop_type":"เกษตรอื่น ๆ","crop_type_raw":"เกษตรอื่น ๆ","__crop":"เกษตรอื่น ๆ","__plant_type":"เกษตรอื่น ๆ","confidence":47,"Q":"47","source":"NASA FIRMS Email Alert - Suomi NPP VIIRS","source_file":"2569-7-20 รวม 67-69 เขต 6.xlsx","filter_rule":"Province=กำแพงเพชร; LandType=พื้นที่เกษตร; PlantType normalized to allowed groups","month":2,"month_key":"2567-02","day_key":"2024-02-28","TambonN":"ท่ามะเขือ","AmphoeN":"คลองขลุง","ProvinceN":"กำแพงเพชร","Maps":"http://maps.google.com/maps?q=16.25777,99.73037"}},{"type":"Feature","geometry":{"type":"Point","coordinates":[99.83138,16.16251]},"properties":{"hs_id":"VI1202402290654urgrzzcpvz","hsID":"VI1202402290654urgrzzcpvz","acq_date":"2024-02-29","Date":"2024-02-29","acq_time":"","year_be":2567,"season_be":2567,"dataset_year_be":2567,"province":"กำแพงเพชร","Province":"กำแพงเพชร","__province":"กำแพงเพชร","district":"คลองขลุง","Amphoe":"คลองขลุง","__district":"คลองขลุง","subdistrict":"วังแขม","Tambon":"วังแขม","__subdistrict":"วังแขม","village":"บ้านไร่ใหม่","BaanN":"บ้านไร่ใหม่","__village":"บ้านไร่ใหม่","land_type":"พื้นที่เกษตร","LandType":"พื้นที่เกษตร","plant_type":"อ้อย","PlantType":"อ้อย","crop_type":"อ้อย","crop_type_raw":"อ้อย","__crop":"อ้อย","__plant_type":"อ้อย","confidence":47,"Q":"47","source":"NASA FIRMS Email Alert - Suomi NPP VIIRS","source_file":"2569-7-20 รวม 67-69 เขต 6.xlsx","filter_rule":"Province=กำแพงเพชร; LandType=พื้นที่เกษตร; PlantType normalized to allowed groups","month":2,"month_key":"2567-02","day_key":"2024-02-29","TambonN":"วังแขม","AmphoeN":"คลองขลุง","ProvinceN":"กำแพงเพชร","Maps":"http://maps.google.com/maps?q=16.16251,99.83138"}},{"type":"Feature","geometry":{"type":"Point","coordinates":[99.73227,16.53758]},"properties":{"hs_id":"VI1202403010635urgzbrfrcx","hsID":"VI1202403010635urgzbrfrcx","acq_date":"2024-03-01","Date":"2024-03-01","acq_time":"","year_be":2567,"season_be":2567,"dataset_year_be":2567,"province":"กำแพงเพชร","Province":"กำแพงเพชร","__province":"กำแพงเพชร","district":"พรานกระต่าย","Amphoe":"พรานกระต่าย","__district":"พรานกระต่าย","subdistrict":"เขาคีริส","Tambon":"เขาคีริส","__subdistrict":"เขาคีริส","village":"บ้านหนองขาม","BaanN":"บ้านหนองขาม","__village":"บ้านหนองขาม","land_type":"พื้นที่เกษตร","LandType":"พื้นที่เกษตร","plant_type":"นาข้าว","PlantType":"นาข้าว","crop_type":"นาข้าว","crop_type_raw":"นาข้าว","__crop":"นาข้าว","__plant_type":"นาข้าว","confidence":47,"Q":"47","source":"NASA FIRMS Email Alert - Suomi NPP VIIRS","source_file":"2569-7-20 รวม 67-69 เขต 6.xlsx","filter_rule":"Province=กำแพงเพชร; LandType=พื้นที่เกษตร; PlantType normalized to allowed groups","month":3,"month_key":"2567-03","day_key":"2024-03-01","TambonN":"เขาคีริส","AmphoeN":"พรานกระต่าย","ProvinceN":"กำแพงเพชร","Maps":"http://maps.google.com/maps?q=16.53758,99.73227"}},{"type":"Feature","geometry":{"type":"Point","coordinates":[99.67706,16.18064]},"properties":{"hs_id":"VI1202403020618urgxbpyrup","hsID":"VI1202403020618urgxbpyrup","acq_date":"2024-03-02","Date":"2024-03-02","acq_time":"","year_be":2567,"season_be":2567,"dataset_year_be":2567,"province":"กำแพงเพชร","Province":"กำแพงเพชร","__province":"กำแพงเพชร","district":"คลองขลุง","Amphoe":"คลองขลุง","__district":"คลองขลุง","subdistrict":"คลองขลุง","Tambon":"คลองขลุง","__subdistrict":"คลองขลุง","village":"บ้านหนองเต่างับ, บ้านหนองเต่าท","BaanN":"บ้านหนองเต่างับ, บ้านหนองเต่าท","__village":"บ้านหนองเต่างับ, บ้านหนองเต่าท","land_type":"พื้นที่เกษตร","LandType":"พื้นที่เกษตร","plant_type":"นาข้าว","PlantType":"นาข้าว","crop_type":"นาข้าว","crop_type_raw":"นาข้าว","__crop":"นาข้าว","__plant_type":"นาข้าว","confidence":47,"Q":"47","source":"NASA FIRMS Email Alert - Suomi NPP VIIRS","source_file":"2569-7-20 รวม 67-69 เขต 6.xlsx","filter_rule":"Province=กำแพงเพชร; LandType=พื้นที่เกษตร; PlantType normalized to allowed groups","month":3,"month_key":"2567-03","day_key":"2024-03-02","TambonN":"คลองขลุง","AmphoeN":"คลองขลุง","ProvinceN":"กำแพงเพชร","Maps":"http://maps.google.com/maps?q=16.18064,99.67706"}},{"type":"Feature","geometry":{"type":"Point","coordinates":[99.67943,16.18187]},"properties":{"hs_id":"VI1202403020618urgxbpzrbz","hsID":"VI1202403020618urgxbpzrbz","acq_date":"2024-03-02","Date":"2024-03-02","acq_time":"","year_be":2567,"season_be":2567,"dataset_year_be":2567,"province":"กำแพงเพชร","Province":"กำแพงเพชร","__province":"กำแพงเพชร","district":"คลองขลุง","Amphoe":"คลองขลุง","__district":"คลองขลุง","subdistrict":"คลองขลุง","Tambon":"คลองขลุง","__subdistrict":"คลองขลุง","village":"บ้านหนองเต่างับ, บ้านหนองเต่าท","BaanN":"บ้านหนองเต่างับ, บ้านหนองเต่าท","__village":"บ้านหนองเต่างับ, บ้านหนองเต่าท","land_type":"พื้นที่เกษตร","LandType":"พื้นที่เกษตร","plant_type":"นาข้าว","PlantType":"นาข้าว","crop_type":"นาข้าว","crop_type_raw":"นาข้าว","__crop":"นาข้าว","__plant_type":"นาข้าว","confidence":47,"Q":"47","source":"NASA FIRMS Email Alert - Suomi NPP VIIRS","source_file":"2569-7-20 รวม 67-69 เขต 6.xlsx","filter_rule":"Province=กำแพงเพชร; LandType=พื้นที่เกษตร; PlantType normalized to allowed groups","month":3,"month_key":"2567-03","day_key":"2024-03-02","TambonN":"คลองขลุง","AmphoeN":"คลองขลุง","ProvinceN":"กำแพงเพชร","Maps":"http://maps.google.com/maps?q=16.18187,99.67943"}},{"type":"Feature","geometry":{"type":"Point","coordinates":[99.70327,16.06525]},"properties":{"hs_id":"VI1202403040720urgrvxfrgr","hsID":"VI1202403040720urgrvxfrgr","acq_date":"2024-03-04","Date":"2024-03-04","acq_time":"","year_be":2567,"season_be":2567,"dataset_year_be":2567,"province":"กำแพงเพชร","Province":"กำแพงเพชร","__province":"กำแพงเพชร","district":"ขาณุวรลักษบุรี","Amphoe":"ขาณุวรลักษบุรี","__district":"ขาณุวรลักษบุรี","subdistrict":"โค้งไผ่","Tambon":"โค้งไผ่","__subdistrict":"โค้งไผ่","village":"บ้านหนองพลวง (บ้านหลวง)","BaanN":"บ้านหนองพลวง (บ้านหลวง)","__village":"บ้านหนองพลวง (บ้านหลวง)","land_type":"พื้นที่เกษตร","LandType":"พื้นที่เกษตร","plant_type":"นาข้าว","PlantType":"นาข้าว","crop_type":"นาข้าว","crop_type_raw":"นาข้าว","__crop":"นาข้าว","__plant_type":"นาข้าว","confidence":47,"Q":"47","source":"NASA FIRMS Email Alert - Suomi NPP VIIRS","source_file":"2569-7-20 รวม 67-69 เขต 6.xlsx","filter_rule":"Province=กำแพงเพชร; LandType=พื้นที่เกษตร; PlantType normalized to allowed groups","month":3,"month_key":"2567-03","day_key":"2024-03-04","TambonN":"โค้งไผ่","AmphoeN":"ขาณุวรลักษบุรี","ProvinceN":"กำแพงเพชร","Maps":"http://maps.google.com/maps?q=16.06525,99.70327"}},{"type":"Feature","geometry":{"type":"Point","coordinates":[99.64116,16.25763]},"properties":{"hs_id":"VI1202403040720urgxczyryp","hsID":"VI1202403040720urgxczyryp","acq_date":"2024-03-04","Date":"2024-03-04","acq_time":"","year_be":2567,"season_be":2567,"dataset_year_be":2567,"province":"กำแพงเพชร","Province":"กำแพงเพชร","__province":"กำแพงเพชร","district":"คลองขลุง","Amphoe":"คลองขลุง","__district":"คลองขลุง","subdistrict":"หัวถนน","Tambon":"หัวถนน","__subdistrict":"หัวถนน","village":"บ้านถนนใหญ่","BaanN":"บ้านถนนใหญ่","__village":"บ้านถนนใหญ่","land_type":"พื้นที่เกษตร","LandType":"พื้นที่เกษตร","plant_type":"นาข้าว","PlantType":"นาข้าว","crop_type":"นาข้าว","crop_type_raw":"นาข้าว","__crop":"นาข้าว","__plant_type":"นาข้าว","confidence":47,"Q":"47","source":"NASA FIRMS Email Alert - Suomi NPP VIIRS","source_file":"2569-7-20 รวม 67-69 เขต 6.xlsx","filter_rule":"Province=กำแพงเพชร; LandType=พื้นที่เกษตร; PlantType normalized to allowed groups","month":3,"month_key":"2567-03","day_key":"2024-03-04","TambonN":"หัวถนน","AmphoeN":"คลองขลุง","ProvinceN":"กำแพงเพชร","Maps":"http://maps.google.com/maps?q=16.25763,99.64116"}},{"type":"Feature","geometry":{"type":"Point","coordinates":[99.46319,16.51029]},"properties":{"hs_id":"VI1202403040720urgxzxyrvx","hsID":"VI1202403040720urgxzxyrvx","acq_date":"2024-03-04","Date":"2024-03-04","acq_time":"","year_be":2567,"season_be":2567,"dataset_year_be":2567,"province":"กำแพงเพชร","Province":"กำแพงเพชร","__province":"กำแพงเพชร","district":"เมืองกำแพงเพชร","Amphoe":"เมืองกำแพงเพชร","__district":"เมืองกำแพงเพชร","subdistrict":"ทรงธรรม","Tambon":"ทรงธรรม","__subdistrict":"ทรงธรรม","village":"บ้านสหกรณ์","BaanN":"บ้านสหกรณ์","__village":"บ้านสหกรณ์","land_type":"พื้นที่เกษตร","LandType":"พื้นที่เกษตร","plant_type":"นาข้าว","PlantType":"นาข้าว","crop_type":"นาข้าว","crop_type_raw":"นาข้าว","__crop":"นาข้าว","__plant_type":"นาข้าว","confidence":47,"Q":"47","source":"NASA FIRMS Email Alert - Suomi NPP VIIRS","source_file":"2569-7-20 รวม 67-69 เขต 6.xlsx","filter_rule":"Province=กำแพงเพชร; LandType=พื้นที่เกษตร; PlantType normalized to allowed groups","month":3,"month_key":"2567-03","day_key":"2024-03-04","TambonN":"ทรงธรรม","AmphoeN":"เมืองกำแพงเพชร","ProvinceN":"กำแพงเพชร","Maps":"http://maps.google.com/maps?q=16.51029,99.46319"}},{"type":"Feature","geometry":{"type":"Point","coordinates":[99.79388,15.95443]},"properties":{"hs_id":"VI1202403050701urgrgpcxvp","hsID":"VI1202403050701urgrgpcxvp","acq_date":"2024-03-05","Date":"2024-03-05","acq_time":"","year_be":2567,"season_be":2567,"dataset_year_be":2567,"province":"กำแพงเพชร","Province":"กำแพงเพชร","__province":"กำแพงเพชร","district":"ขาณุวรลักษบุรี","Amphoe":"ขาณุวรลักษบุรี","__district":"ขาณุวรลักษบุรี","subdistrict":"บ่อถ้ำ","Tambon":"บ่อถ้ำ","__subdistrict":"บ่อถ้ำ","village":"บ้านดงดำ, บ้านดงคำน้อย","BaanN":"บ้านดงดำ, บ้านดงคำน้อย","__village":"บ้านดงดำ, บ้านดงคำน้อย","land_type":"พื้นที่เกษตร","LandType":"พื้นที่เกษตร","plant_type":"นาข้าว","PlantType":"นาข้าว","crop_type":"นาข้าว","crop_type_raw":"นาข้าว","__crop":"นาข้าว","__plant_type":"นาข้าว","confidence":47,"Q":"47","source":"NASA FIRMS Email Alert - Suomi NPP VIIRS","source_file":"2569-7-20 รวม 67-69 เขต 6.xlsx","filter_rule":"Province=กำแพงเพชร; LandType=พื้นที่เกษตร; PlantType normalized to allowed groups","month":3,"month_key":"2567-03","day_key":"2024-03-05","TambonN":"บ่อถ้ำ","AmphoeN":"ขาณุวรลักษบุรี","ProvinceN":"กำแพงเพชร","Maps":"http://maps.google.com/maps?q=15.95443,99.79388"}},{"type":"Feature","geometry":{"type":"Point","coordinates":[99.64149,16.16317]},"properties":{"hs_id":"VI1202403050701urgrzzcxvp","hsID":"VI1202403050701urgrzzcxvp","acq_date":"2024-03-05","Date":"2024-03-05","acq_time":"","year_be":2567,"season_be":2567,"dataset_year_be":2567,"province":"กำแพงเพชร","Province":"กำแพงเพชร","__province":"กำแพงเพชร","district":"คลองขลุง","Amphoe":"คลองขลุง","__district":"คลองขลุง","subdistrict":"คลองขลุง","Tambon":"คลองขลุง","__subdistrict":"คลองขลุง","village":"บ้านหนองหล่ม","BaanN":"บ้านหนองหล่ม","__village":"บ้านหนองหล่ม","land_type":"พื้นที่เกษตร","LandType":"พื้นที่เกษตร","plant_type":"นาข้าว","PlantType":"นาข้าว","crop_type":"นาข้าว","crop_type_raw":"นาข้าว","__crop":"นาข้าว","__plant_type":"นาข้าว","confidence":47,"Q":"47","source":"NASA FIRMS Email Alert - Suomi NPP VIIRS","source_file":"2569-7-20 รวม 67-69 เขต 6.xlsx","filter_rule":"Province=กำแพงเพชร; LandType=พื้นที่เกษตร; PlantType normalized to allowed groups","month":3,"month_key":"2567-03","day_key":"2024-03-05","TambonN":"โพธิ์ทอง","AmphoeN":"ปางศิลาทอง","ProvinceN":"กำแพงเพชร","Maps":"http://maps.google.com/maps?q=16.16317,99.64149"}},{"type":"Feature","geometry":{"type":"Point","coordinates":[99.65383,16.23514]},"properties":{"hs_id":"VI1202403050701urgxcrypfp","hsID":"VI1202403050701urgxcrypfp","acq_date":"2024-03-05","Date":"2024-03-05","acq_time":"","year_be":2567,"season_be":2567,"dataset_year_be":2567,"province":"กำแพงเพชร","Province":"กำแพงเพชร","__province":"กำแพงเพชร","district":"คลองขลุง","Amphoe":"คลองขลุง","__district":"คลองขลุง","subdistrict":"หัวถนน","Tambon":"หัวถนน","__subdistrict":"หัวถนน","village":"บ้านหนองขาม","BaanN":"บ้านหนองขาม","__village":"บ้านหนองขาม","land_type":"พื้นที่เกษตร","LandType":"พื้นที่เกษตร","plant_type":"นาข้าว","PlantType":"นาข้าว","crop_type":"นาข้าว","crop_type_raw":"นาข้าว","__crop":"นาข้าว","__plant_type":"นาข้าว","confidence":47,"Q":"47","source":"NASA FIRMS Email Alert - Suomi NPP VIIRS","source_file":"2569-7-20 รวม 67-69 เขต 6.xlsx","filter_rule":"Province=กำแพงเพชร; LandType=พื้นที่เกษตร; PlantType normalized to allowed groups","month":3,"month_key":"2567-03","day_key":"2024-03-05","TambonN":"หัวถนน","AmphoeN":"คลองขลุง","ProvinceN":"กำแพงเพชร","Maps":"http://maps.google.com/maps?q=16.23514,99.65383"}},{"type":"Feature","geometry":{"type":"Point","coordinates":[99.30106,16.10083]},"properties":{"hs_id":"VI1202403051932urgryrurbx","hsID":"VI1202403051932urgryrurbx","acq_date":"2024-03-06","Date":"2024-03-06","acq_time":"","year_be":2567,"season_be":2567,"dataset_year_be":2567,"province":"กำแพงเพชร","Province":"กำแพงเพชร","__province":"กำแพงเพชร","district":"คลองลาน","Amphoe":"คลองลาน","__district":"คลองลาน","subdistrict":"คลองลานพัฒนา","Tambon":"คลองลานพัฒนา","__subdistrict":"คลองลานพัฒนา","village":"บ้านคลองเตย","BaanN":"บ้านคลองเตย","__village":"บ้านคลองเตย","land_type":"พื้นที่เกษตร","LandType":"พื้นที่เกษตร","plant_type":"เกษตรอื่น ๆ","PlantType":"เกษตรอื่น ๆ","crop_type":"เกษตรอื่น ๆ","crop_type_raw":"เกษตรอื่น ๆ","__crop":"เกษตรอื่น ๆ","__plant_type":"เกษตรอื่น ๆ","confidence":47,"Q":"47","source":"NASA FIRMS Email Alert - Suomi NPP VIIRS","source_file":"2569-7-20 รวม 67-69 เขต 6.xlsx","filter_rule":"Province=กำแพงเพชร; LandType=พื้นที่เกษตร; PlantType normalized to allowed groups","month":3,"month_key":"2567-03","day_key":"2024-03-06","TambonN":"คลองลานพัฒนา","AmphoeN":"คลองลาน","ProvinceN":"กำแพงเพชร","Maps":"http://maps.google.com/maps?q=16.10083,99.30106"}},{"type":"Feature","geometry":{"type":"Point","coordinates":[99.30788,16.11529]},"properties":{"hs_id":"VI1202403051932urgryxyzcr","hsID":"VI1202403051932urgryxyzcr","acq_date":"2024-03-06","Date":"2024-03-06","acq_time":"","year_be":2567,"season_be":2567,"dataset_year_be":2567,"province":"กำแพงเพชร","Province":"กำแพงเพชร","__province":"กำแพงเพชร","district":"คลองลาน","Amphoe":"คลองลาน","__district":"คลองลาน","subdistrict":"คลองลานพัฒนา","Tambon":"คลองลานพัฒนา","__subdistrict":"คลองลานพัฒนา","village":"บ้านคลองลาน","BaanN":"บ้านคลองลาน","__village":"บ้านคลองลาน","land_type":"พื้นที่เกษตร","LandType":"พื้นที่เกษตร","plant_type":"เกษตรอื่น ๆ","PlantType":"เกษตรอื่น ๆ","crop_type":"เกษตรอื่น ๆ","crop_type_raw":"เกษตรอื่น ๆ","__crop":"เกษตรอื่น ๆ","__plant_type":"เกษตรอื่น ๆ","confidence":47,"Q":"47","source":"NASA FIRMS Email Alert - Suomi NPP VIIRS","source_file":"2569-7-20 รวม 67-69 เขต 6.xlsx","filter_rule":"Province=กำแพงเพชร; LandType=พื้นที่เกษตร; PlantType normalized to allowed groups","month":3,"month_key":"2567-03","day_key":"2024-03-06","TambonN":"คลองลานพัฒนา","AmphoeN":"คลองลาน","ProvinceN":"กำแพงเพชร","Maps":"http://maps.google.com/maps?q=16.11529,99.30788"}},{"type":"Feature","geometry":{"type":"Point","coordinates":[99.8178,16.26411]},"properties":{"hs_id":"VI1202403060641urgxfpgpvp","hsID":"VI1202403060641urgxfpgpvp","acq_date":"2024-03-06","Date":"2024-03-06","acq_time":"","year_be":2567,"season_be":2567,"dataset_year_be":2567,"province":"กำแพงเพชร","Province":"กำแพงเพชร","__province":"กำแพงเพชร","district":"คลองขลุง","Amphoe":"คลองขลุง","__district":"คลองขลุง","subdistrict":"วังยาง","Tambon":"วังยาง","__subdistrict":"วังยาง","village":"บ้านวังตะล่อม","BaanN":"บ้านวังตะล่อม","__village":"บ้านวังตะล่อม","land_type":"พื้นที่เกษตร","LandType":"พื้นที่เกษตร","plant_type":"เกษตรอื่น ๆ","PlantType":"เกษตรอื่น ๆ","crop_type":"เกษตรอื่น ๆ","crop_type_raw":"เกษตรอื่น ๆ","__crop":"เกษตรอื่น ๆ","__plant_type":"เกษตรอื่น ๆ","confidence":47,"Q":"47","source":"NASA FIRMS Email Alert - Suomi NPP VIIRS","source_file":"2569-7-20 รวม 67-69 เขต 6.xlsx","filter_rule":"Province=กำแพงเพชร; LandType=พื้นที่เกษตร; PlantType normalized to allowed groups","month":3,"month_key":"2567-03","day_key":"2024-03-06","TambonN":"วังยาง","AmphoeN":"คลองขลุง","ProvinceN":"กำแพงเพชร","Maps":"http://maps.google.com/maps?q=16.26411,99.8178"}},{"type":"Feature","geometry":{"type":"Point","coordinates":[99.74628,16.00035]},"properties":{"hs_id":"VI1202403070624urgrupgpgp","hsID":"VI1202403070624urgrupgpgp","acq_date":"2024-03-07","Date":"2024-03-07","acq_time":"","year_be":2567,"season_be":2567,"dataset_year_be":2567,"province":"กำแพงเพชร","Province":"กำแพงเพชร","__province":"กำแพงเพชร","district":"ขาณุวรลักษบุรี","Amphoe":"ขาณุวรลักษบุรี","__district":"ขาณุวรลักษบุรี","subdistrict":"วังชะพลู","Tambon":"วังชะพลู","__subdistrict":"วังชะพลู","village":"บ้านสันเนินดินแดง","BaanN":"บ้านสันเนินดินแดง","__village":"บ้านสันเนินดินแดง","land_type":"พื้นที่เกษตร","LandType":"พื้นที่เกษตร","plant_type":"นาข้าว","PlantType":"นาข้าว","crop_type":"นาข้าว","crop_type_raw":"นาข้าว","__crop":"นาข้าว","__plant_type":"นาข้าว","confidence":47,"Q":"47","source":"NASA FIRMS Email Alert - Suomi NPP VIIRS","source_file":"2569-7-20 รวม 67-69 เขต 6.xlsx","filter_rule":"Province=กำแพงเพชร; LandType=พื้นที่เกษตร; PlantType normalized to allowed groups","month":3,"month_key":"2567-03","day_key":"2024-03-07","TambonN":"วังชะพลู","AmphoeN":"ขาณุวรลักษบุรี","ProvinceN":"กำแพงเพชร","Maps":"http://maps.google.com/maps?q=16.00035,99.74628"}},{"type":"Feature","geometry":{"type":"Point","coordinates":[99.71114,16.05854]},"properties":{"hs_id":"VI1202403070624urgrvrvrzp","hsID":"VI1202403070624urgrvrvrzp","acq_date":"2024-03-07","Date":"2024-03-07","acq_time":"","year_be":2567,"season_be":2567,"dataset_year_be":2567,"province":"กำแพงเพชร","Province":"กำแพงเพชร","__province":"กำแพงเพชร","district":"ขาณุวรลักษบุรี","Amphoe":"ขาณุวรลักษบุรี","__district":"ขาณุวรลักษบุรี","subdistrict":"ดอนแตง","Tambon":"ดอนแตง","__subdistrict":"ดอนแตง","village":"บ้านดอนแตง","BaanN":"บ้านดอนแตง","__village":"บ้านดอนแตง","land_type":"พื้นที่เกษตร","LandType":"พื้นที่เกษตร","plant_type":"อ้อย","PlantType":"อ้อย","crop_type":"อ้อย","crop_type_raw":"อ้อย","__crop":"อ้อย","__plant_type":"อ้อย","confidence":47,"Q":"47","source":"NASA FIRMS Email Alert - Suomi NPP VIIRS","source_file":"2569-7-20 รวม 67-69 เขต 6.xlsx","filter_rule":"Province=กำแพงเพชร; LandType=พื้นที่เกษตร; PlantType normalized to allowed groups","month":3,"month_key":"2567-03","day_key":"2024-03-07","TambonN":"ดอนแตง","AmphoeN":"ขาณุวรลักษบุรี","ProvinceN":"กำแพงเพชร","Maps":"http://maps.google.com/maps?q=16.05854,99.71114"}},{"type":"Feature","geometry":{"type":"Point","coordinates":[99.6664,16.29394]},"properties":{"hs_id":"VI1202403070624urgxfzbzur","hsID":"VI1202403070624urgxfzbzur","acq_date":"2024-03-07","Date":"2024-03-07","acq_time":"","year_be":2567,"season_be":2567,"dataset_year_be":2567,"province":"กำแพงเพชร","Province":"กำแพงเพชร","__province":"กำแพงเพชร","district":"คลองขลุง","Amphoe":"คลองขลุง","__district":"คลองขลุง","subdistrict":"ท่าพุทรา","Tambon":"ท่าพุทรา","__subdistrict":"ท่าพุทรา","village":"บ้านท่าแขยง","BaanN":"บ้านท่าแขยง","__village":"บ้านท่าแขยง","land_type":"พื้นที่เกษตร","LandType":"พื้นที่เกษตร","plant_type":"นาข้าว","PlantType":"นาข้าว","crop_type":"นาข้าว","crop_type_raw":"นาข้าว","__crop":"นาข้าว","__plant_type":"นาข้าว","confidence":47,"Q":"47","source":"NASA FIRMS Email Alert - Suomi NPP VIIRS","source_file":"2569-7-20 รวม 67-69 เขต 6.xlsx","filter_rule":"Province=กำแพงเพชร; LandType=พื้นที่เกษตร; PlantType normalized to allowed groups","month":3,"month_key":"2567-03","day_key":"2024-03-07","TambonN":"ท่าพุทรา","AmphoeN":"คลองขลุง","ProvinceN":"กำแพงเพชร","Maps":"http://maps.google.com/maps?q=16.29394,99.6664"}},{"type":"Feature","geometry":{"type":"Point","coordinates":[99.785,16.20284]},"properties":{"hs_id":"VI1202403080603urgxbxyxcx","hsID":"VI1202403080603urgxbxyxcx","acq_date":"2024-03-08","Date":"2024-03-08","acq_time":"","year_be":2567,"season_be":2567,"dataset_year_be":2567,"province":"กำแพงเพชร","Province":"กำแพงเพชร","__province":"กำแพงเพชร","district":"คลองขลุง","Amphoe":"คลองขลุง","__district":"คลองขลุง","subdistrict":"วังยาง","Tambon":"วังยาง","__subdistrict":"วังยาง","village":"บ้านคลองยาง","BaanN":"บ้านคลองยาง","__village":"บ้านคลองยาง","land_type":"พื้นที่เกษตร","LandType":"พื้นที่เกษตร","plant_type":"อ้อย","PlantType":"อ้อย","crop_type":"อ้อย","crop_type_raw":"อ้อย","__crop":"อ้อย","__plant_type":"อ้อย","confidence":47,"Q":"47","source":"NASA FIRMS Email Alert - Suomi NPP VIIRS","source_file":"2569-7-20 รวม 67-69 เขต 6.xlsx","filter_rule":"Province=กำแพงเพชร; LandType=พื้นที่เกษตร; PlantType normalized to allowed groups","month":3,"month_key":"2567-03","day_key":"2024-03-08","TambonN":"วังยาง","AmphoeN":"คลองขลุง","ProvinceN":"กำแพงเพชร","Maps":"http://maps.google.com/maps?q=16.20284,99.785"}},{"type":"Feature","geometry":{"type":"Point","coordinates":[99.66588,16.24876]},"properties":{"hs_id":"VI1202403080603urgxcxzzzx","hsID":"VI1202403080603urgxcxzzzx","acq_date":"2024-03-08","Date":"2024-03-08","acq_time":"","year_be":2567,"season_be":2567,"dataset_year_be":2567,"province":"กำแพงเพชร","Province":"กำแพงเพชร","__province":"กำแพงเพชร","district":"คลองขลุง","Amphoe":"คลองขลุง","__district":"คลองขลุง","subdistrict":"หัวถนน","Tambon":"หัวถนน","__subdistrict":"หัวถนน","village":"บ้านหนองขาม","BaanN":"บ้านหนองขาม","__village":"บ้านหนองขาม","land_type":"พื้นที่เกษตร","LandType":"พื้นที่เกษตร","plant_type":"นาข้าว","PlantType":"นาข้าว","crop_type":"นาข้าว","crop_type_raw":"นาข้าว","__crop":"นาข้าว","__plant_type":"นาข้าว","confidence":47,"Q":"47","source":"NASA FIRMS Email Alert - Suomi NPP VIIRS","source_file":"2569-7-20 รวม 67-69 เขต 6.xlsx","filter_rule":"Province=กำแพงเพชร; LandType=พื้นที่เกษตร; PlantType normalized to allowed groups","month":3,"month_key":"2567-03","day_key":"2024-03-08","TambonN":"หัวถนน","AmphoeN":"คลองขลุง","ProvinceN":"กำแพงเพชร","Maps":"http://maps.google.com/maps?q=16.24876,99.66588"}},{"type":"Feature","geometry":{"type":"Point","coordinates":[99.99007,16.26722]},"properties":{"hs_id":"VI1202403080603urgxfpvrvx","hsID":"VI1202403080603urgxfpvrvx","acq_date":"2024-03-08","Date":"2024-03-08","acq_time":"","year_be":2567,"season_be":2567,"dataset_year_be":2567,"province":"กำแพงเพชร","Province":"กำแพงเพชร","__province":"กำแพงเพชร","district":"บึงสามัคคี","Amphoe":"บึงสามัคคี","__district":"บึงสามัคคี","subdistrict":"บึงสามัคคี","Tambon":"บึงสามัคคี","__subdistrict":"บึงสามัคคี","village":"บ้านบ่อปิ้งเกลือ","BaanN":"บ้านบ่อปิ้งเกลือ","__village":"บ้านบ่อปิ้งเกลือ","land_type":"พื้นที่เกษตร","LandType":"พื้นที่เกษตร","plant_type":"อ้อย","PlantType":"อ้อย","crop_type":"อ้อย","crop_type_raw":"อ้อย","__crop":"อ้อย","__plant_type":"อ้อย","confidence":47,"Q":"47","source":"NASA FIRMS Email Alert - Suomi NPP VIIRS","source_file":"2569-7-20 รวม 67-69 เขต 6.xlsx","filter_rule":"Province=กำแพงเพชร; LandType=พื้นที่เกษตร; PlantType normalized to allowed groups","month":3,"month_key":"2567-03","day_key":"2024-03-08","TambonN":"บึงสามัคคี","AmphoeN":"บึงสามัคคี","ProvinceN":"กำแพงเพชร","Maps":"http://maps.google.com/maps?q=16.26722,99.99007"}},{"type":"Feature","geometry":{"type":"Point","coordinates":[99.96019,16.19371]},"properties":{"hs_id":"VI1202403110648urgxbrzzuz","hsID":"VI1202403110648urgxbrzzuz","acq_date":"2024-03-11","Date":"2024-03-11","acq_time":"","year_be":2567,"season_be":2567,"dataset_year_be":2567,"province":"กำแพงเพชร","Province":"กำแพงเพชร","__province":"กำแพงเพชร","district":"บึงสามัคคี","Amphoe":"บึงสามัคคี","__district":"บึงสามัคคี","subdistrict":"เทพนิมิต","Tambon":"เทพนิมิต","__subdistrict":"เทพนิมิต","village":"บ้านคอปล้อง","BaanN":"บ้านคอปล้อง","__village":"บ้านคอปล้อง","land_type":"พื้นที่เกษตร","LandType":"พื้นที่เกษตร","plant_type":"อ้อย","PlantType":"อ้อย","crop_type":"อ้อย","crop_type_raw":"อ้อย","__crop":"อ้อย","__plant_type":"อ้อย","confidence":47,"Q":"47","source":"NASA FIRMS Email Alert - Suomi NPP VIIRS","source_file":"2569-7-20 รวม 67-69 เขต 6.xlsx","filter_rule":"Province=กำแพงเพชร; LandType=พื้นที่เกษตร; PlantType normalized to allowed groups","month":3,"month_key":"2567-03","day_key":"2024-03-11","TambonN":"ระหาน","AmphoeN":"บึงสามัคคี","ProvinceN":"กำแพงเพชร","Maps":"http://maps.google.com/maps?q=16.19371,99.96019"}},{"type":"Feature","geometry":{"type":"Point","coordinates":[99.96351,16.19411]},"properties":{"hs_id":"VI1202403110648urgxbxbpyp","hsID":"VI1202403110648urgxbxbpyp","acq_date":"2024-03-11","Date":"2024-03-11","acq_time":"","year_be":2567,"season_be":2567,"dataset_year_be":2567,"province":"กำแพงเพชร","Province":"กำแพงเพชร","__province":"กำแพงเพชร","district":"บึงสามัคคี","Amphoe":"บึงสามัคคี","__district":"บึงสามัคคี","subdistrict":"เทพนิมิต","Tambon":"เทพนิมิต","__subdistrict":"เทพนิมิต","village":"บ้านคอปล้อง","BaanN":"บ้านคอปล้อง","__village":"บ้านคอปล้อง","land_type":"พื้นที่เกษตร","LandType":"พื้นที่เกษตร","plant_type":"อ้อย","PlantType":"อ้อย","crop_type":"อ้อย","crop_type_raw":"อ้อย","__crop":"อ้อย","__plant_type":"อ้อย","confidence":47,"Q":"47","source":"NASA FIRMS Email Alert - Suomi NPP VIIRS","source_file":"2569-7-20 รวม 67-69 เขต 6.xlsx","filter_rule":"Province=กำแพงเพชร; LandType=พื้นที่เกษตร; PlantType normalized to allowed groups","month":3,"month_key":"2567-03","day_key":"2024-03-11","TambonN":"วังชะโอน","AmphoeN":"บึงสามัคคี","ProvinceN":"กำแพงเพชร","Maps":"http://maps.google.com/maps?q=16.19411,99.96351"}},{"type":"Feature","geometry":{"type":"Point","coordinates":[99.96458,16.19429]},"properties":{"hs_id":"VI1202403110648urgxbxbrfr","hsID":"VI1202403110648urgxbxbrfr","acq_date":"2024-03-11","Date":"2024-03-11","acq_time":"","year_be":2567,"season_be":2567,"dataset_year_be":2567,"province":"กำแพงเพชร","Province":"กำแพงเพชร","__province":"กำแพงเพชร","district":"บึงสามัคคี","Amphoe":"บึงสามัคคี","__district":"บึงสามัคคี","subdistrict":"เทพนิมิต","Tambon":"เทพนิมิต","__subdistrict":"เทพนิมิต","village":"บ้านคอปล้อง","BaanN":"บ้านคอปล้อง","__village":"บ้านคอปล้อง","land_type":"พื้นที่เกษตร","LandType":"พื้นที่เกษตร","plant_type":"อ้อย","PlantType":"อ้อย","crop_type":"อ้อย","crop_type_raw":"อ้อย","__crop":"อ้อย","__plant_type":"อ้อย","confidence":47,"Q":"47","source":"NASA FIRMS Email Alert - Suomi NPP VIIRS","source_file":"2569-7-20 รวม 67-69 เขต 6.xlsx","filter_rule":"Province=กำแพงเพชร; LandType=พื้นที่เกษตร; PlantType normalized to allowed groups","month":3,"month_key":"2567-03","day_key":"2024-03-11","TambonN":"วังชะโอน","AmphoeN":"บึงสามัคคี","ProvinceN":"กำแพงเพชร","Maps":"http://maps.google.com/maps?q=16.19429,99.96458"}},{"type":"Feature","geometry":{"type":"Point","coordinates":[99.89156,16.23644]},"properties":{"hs_id":"VI1202403110648urgxcrzpbr","hsID":"VI1202403110648urgxcrzpbr","acq_date":"2024-03-11","Date":"2024-03-11","acq_time":"","year_be":2567,"season_be":2567,"dataset_year_be":2567,"province":"กำแพงเพชร","Province":"กำแพงเพชร","__province":"กำแพงเพชร","district":"คลองขลุง","Amphoe":"คลองขลุง","__district":"คลองขลุง","subdistrict":"วังแขม","Tambon":"วังแขม","__subdistrict":"วังแขม","village":"บ้านถนนใหญ่","BaanN":"บ้านถนนใหญ่","__village":"บ้านถนนใหญ่","land_type":"พื้นที่เกษตร","LandType":"พื้นที่เกษตร","plant_type":"อ้อย","PlantType":"อ้อย","crop_type":"อ้อย","crop_type_raw":"อ้อย","__crop":"อ้อย","__plant_type":"อ้อย","confidence":47,"Q":"47","source":"NASA FIRMS Email Alert - Suomi NPP VIIRS","source_file":"2569-7-20 รวม 67-69 เขต 6.xlsx","filter_rule":"Province=กำแพงเพชร; LandType=พื้นที่เกษตร; PlantType normalized to allowed groups","month":3,"month_key":"2567-03","day_key":"2024-03-11","TambonN":"ถาวรวัฒนา","AmphoeN":"ทรายทองวัฒนา","ProvinceN":"กำแพงเพชร","Maps":"http://maps.google.com/maps?q=16.23644,99.89156"}},{"type":"Feature","geometry":{"type":"Point","coordinates":[99.72994,16.19968]},"properties":{"hs_id":"VI1202403120629urgxbxupzz","hsID":"VI1202403120629urgxbxupzz","acq_date":"2024-03-12","Date":"2024-03-12","acq_time":"","year_be":2567,"season_be":2567,"dataset_year_be":2567,"province":"กำแพงเพชร","Province":"กำแพงเพชร","__province":"กำแพงเพชร","district":"คลองขลุง","Amphoe":"คลองขลุง","__district":"คลองขลุง","subdistrict":"คลองขลุง","Tambon":"คลองขลุง","__subdistrict":"คลองขลุง","village":"บ้านท้องคุ้ง","BaanN":"บ้านท้องคุ้ง","__village":"บ้านท้องคุ้ง","land_type":"พื้นที่เกษตร","LandType":"พื้นที่เกษตร","plant_type":"นาข้าว","PlantType":"นาข้าว","crop_type":"นาข้าว","crop_type_raw":"นาข้าว","__crop":"นาข้าว","__plant_type":"นาข้าว","confidence":47,"Q":"47","source":"NASA FIRMS Email Alert - Suomi NPP VIIRS","source_file":"2569-7-20 รวม 67-69 เขต 6.xlsx","filter_rule":"Province=กำแพงเพชร; LandType=พื้นที่เกษตร; PlantType normalized to allowed groups","month":3,"month_key":"2567-03","day_key":"2024-03-12","TambonN":"คลองขลุง","AmphoeN":"คลองขลุง","ProvinceN":"กำแพงเพชร","Maps":"http://maps.google.com/maps?q=16.19968,99.72994"}},{"type":"Feature","geometry":{"type":"Point","coordinates":[99.73022,16.20009]},"properties":{"hs_id":"VI1202403120629urgxbxuxcr","hsID":"VI1202403120629urgxbxuxcr","acq_date":"2024-03-12","Date":"2024-03-12","acq_time":"","year_be":2567,"season_be":2567,"dataset_year_be":2567,"province":"กำแพงเพชร","Province":"กำแพงเพชร","__province":"กำแพงเพชร","district":"คลองขลุง","Amphoe":"คลองขลุง","__district":"คลองขลุง","subdistrict":"คลองขลุง","Tambon":"คลองขลุง","__subdistrict":"คลองขลุง","village":"บ้านท้องคุ้ง","BaanN":"บ้านท้องคุ้ง","__village":"บ้านท้องคุ้ง","land_type":"พื้นที่เกษตร","LandType":"พื้นที่เกษตร","plant_type":"นาข้าว","PlantType":"นาข้าว","crop_type":"นาข้าว","crop_type_raw":"นาข้าว","__crop":"นาข้าว","__plant_type":"นาข้าว","confidence":47,"Q":"47","source":"NASA FIRMS Email Alert - Suomi NPP VIIRS","source_file":"2569-7-20 รวม 67-69 เขต 6.xlsx","filter_rule":"Province=กำแพงเพชร; LandType=พื้นที่เกษตร; PlantType normalized to allowed groups","month":3,"month_key":"2567-03","day_key":"2024-03-12","TambonN":"คลองขลุง","AmphoeN":"คลองขลุง","ProvinceN":"กำแพงเพชร","Maps":"http://maps.google.com/maps?q=16.20009,99.73022"}},{"type":"Feature","geometry":{"type":"Point","coordinates":[99.7337,16.20028]},"properties":{"hs_id":"VI1202403120629urgxbxuxvz","hsID":"VI1202403120629urgxbxuxvz","acq_date":"2024-03-12","Date":"2024-03-12","acq_time":"","year_be":2567,"season_be":2567,"dataset_year_be":2567,"province":"กำแพงเพชร","Province":"กำแพงเพชร","__province":"กำแพงเพชร","district":"คลองขลุง","Amphoe":"คลองขลุง","__district":"คลองขลุง","subdistrict":"คลองขลุง","Tambon":"คลองขลุง","__subdistrict":"คลองขลุง","village":"บ้านท้องคุ้ง","BaanN":"บ้านท้องคุ้ง","__village":"บ้านท้องคุ้ง","land_type":"พื้นที่เกษตร","LandType":"พื้นที่เกษตร","plant_type":"นาข้าว","PlantType":"นาข้าว","crop_type":"นาข้าว","crop_type_raw":"นาข้าว","__crop":"นาข้าว","__plant_type":"นาข้าว","confidence":47,"Q":"47","source":"NASA FIRMS Email Alert - Suomi NPP VIIRS","source_file":"2569-7-20 รวม 67-69 เขต 6.xlsx","filter_rule":"Province=กำแพงเพชร; LandType=พื้นที่เกษตร; PlantType normalized to allowed groups","month":3,"month_key":"2567-03","day_key":"2024-03-12","TambonN":"คลองขลุง","AmphoeN":"คลองขลุง","ProvinceN":"กำแพงเพชร","Maps":"http://maps.google.com/maps?q=16.20028,99.7337"}},{"type":"Feature","geometry":{"type":"Point","coordinates":[99.8122,15.96784]},"properties":{"hs_id":"VI1202403130610urgrgrgrvx","hsID":"VI1202403130610urgrgrgrvx","acq_date":"2024-03-13","Date":"2024-03-13","acq_time":"","year_be":2567,"season_be":2567,"dataset_year_be":2567,"province":"กำแพงเพชร","Province":"กำแพงเพชร","__province":"กำแพงเพชร","district":"ขาณุวรลักษบุรี","Amphoe":"ขาณุวรลักษบุรี","__district":"ขาณุวรลักษบุรี","subdistrict":"สลกบาตร","Tambon":"สลกบาตร","__subdistrict":"สลกบาตร","village":"บ้านโนนปอแดง","BaanN":"บ้านโนนปอแดง","__village":"บ้านโนนปอแดง","land_type":"พื้นที่เกษตร","LandType":"พื้นที่เกษตร","plant_type":"นาข้าว","PlantType":"นาข้าว","crop_type":"นาข้าว","crop_type_raw":"นาข้าว","__crop":"นาข้าว","__plant_type":"นาข้าว","confidence":47,"Q":"47","source":"NASA FIRMS Email Alert - Suomi NPP VIIRS","source_file":"2569-7-20 รวม 67-69 เขต 6.xlsx","filter_rule":"Province=กำแพงเพชร; LandType=พื้นที่เกษตร; PlantType normalized to allowed groups","month":3,"month_key":"2567-03","day_key":"2024-03-13","TambonN":"สลกบาตร","AmphoeN":"ขาณุวรลักษบุรี","ProvinceN":"กำแพงเพชร","Maps":"http://maps.google.com/maps?q=15.96784,99.8122"}},{"type":"Feature","geometry":{"type":"Point","coordinates":[99.82184,15.96172]},"properties":{"hs_id":"VI1202403140553urgrgpyzzp","hsID":"VI1202403140553urgrgpyzzp","acq_date":"2024-03-14","Date":"2024-03-14","acq_time":"","year_be":2567,"season_be":2567,"dataset_year_be":2567,"province":"กำแพงเพชร","Province":"กำแพงเพชร","__province":"กำแพงเพชร","district":"ขาณุวรลักษบุรี","Amphoe":"ขาณุวรลักษบุรี","__district":"ขาณุวรลักษบุรี","subdistrict":"สลกบาตร","Tambon":"สลกบาตร","__subdistrict":"สลกบาตร","village":"บ้านโนนปอแดง","BaanN":"บ้านโนนปอแดง","__village":"บ้านโนนปอแดง","land_type":"พื้นที่เกษตร","LandType":"พื้นที่เกษตร","plant_type":"นาข้าว","PlantType":"นาข้าว","crop_type":"นาข้าว","crop_type_raw":"นาข้าว","__crop":"นาข้าว","__plant_type":"นาข้าว","confidence":47,"Q":"47","source":"NASA FIRMS Email Alert - Suomi NPP VIIRS","source_file":"2569-7-20 รวม 67-69 เขต 6.xlsx","filter_rule":"Province=กำแพงเพชร; LandType=พื้นที่เกษตร; PlantType normalized to allowed groups","month":3,"month_key":"2567-03","day_key":"2024-03-14","TambonN":"สลกบาตร","AmphoeN":"ขาณุวรลักษบุรี","ProvinceN":"กำแพงเพชร","Maps":"http://maps.google.com/maps?q=15.96172,99.82184"}},{"type":"Feature","geometry":{"type":"Point","coordinates":[99.82619,15.96264]},"properties":{"hs_id":"VI1202403140553urgrgpzxur","hsID":"VI1202403140553urgrgpzxur","acq_date":"2024-03-14","Date":"2024-03-14","acq_time":"","year_be":2567,"season_be":2567,"dataset_year_be":2567,"province":"กำแพงเพชร","Province":"กำแพงเพชร","__province":"กำแพงเพชร","district":"ขาณุวรลักษบุรี","Amphoe":"ขาณุวรลักษบุรี","__district":"ขาณุวรลักษบุรี","subdistrict":"สลกบาตร","Tambon":"สลกบาตร","__subdistrict":"สลกบาตร","village":"บ้านกระทุ่มโทน","BaanN":"บ้านกระทุ่มโทน","__village":"บ้านกระทุ่มโทน","land_type":"พื้นที่เกษตร","LandType":"พื้นที่เกษตร","plant_type":"นาข้าว","PlantType":"นาข้าว","crop_type":"นาข้าว","crop_type_raw":"นาข้าว","__crop":"นาข้าว","__plant_type":"นาข้าว","confidence":47,"Q":"47","source":"NASA FIRMS Email Alert - Suomi NPP VIIRS","source_file":"2569-7-20 รวม 67-69 เขต 6.xlsx","filter_rule":"Province=กำแพงเพชร; LandType=พื้นที่เกษตร; PlantType normalized to allowed groups","month":3,"month_key":"2567-03","day_key":"2024-03-14","TambonN":"บางแก้ว","AmphoeN":"บรรพตพิสัย","ProvinceN":"นครสวรรค์","Maps":"http://maps.google.com/maps?q=15.96264,99.82619"}},{"type":"Feature","geometry":{"type":"Point","coordinates":[99.82526,15.96479]},"properties":{"hs_id":"VI1202403140553urgrgrcpyx","hsID":"VI1202403140553urgrgrcpyx","acq_date":"2024-03-14","Date":"2024-03-14","acq_time":"","year_be":2567,"season_be":2567,"dataset_year_be":2567,"province":"กำแพงเพชร","Province":"กำแพงเพชร","__province":"กำแพงเพชร","district":"ขาณุวรลักษบุรี","Amphoe":"ขาณุวรลักษบุรี","__district":"ขาณุวรลักษบุรี","subdistrict":"สลกบาตร","Tambon":"สลกบาตร","__subdistrict":"สลกบาตร","village":"บ้านโนนปอแดง","BaanN":"บ้านโนนปอแดง","__village":"บ้านโนนปอแดง","land_type":"พื้นที่เกษตร","LandType":"พื้นที่เกษตร","plant_type":"นาข้าว","PlantType":"นาข้าว","crop_type":"นาข้าว","crop_type_raw":"นาข้าว","__crop":"นาข้าว","__plant_type":"นาข้าว","confidence":47,"Q":"47","source":"NASA FIRMS Email Alert - Suomi NPP VIIRS","source_file":"2569-7-20 รวม 67-69 เขต 6.xlsx","filter_rule":"Province=กำแพงเพชร; LandType=พื้นที่เกษตร; PlantType normalized to allowed groups","month":3,"month_key":"2567-03","day_key":"2024-03-14","TambonN":"สลกบาตร","AmphoeN":"ขาณุวรลักษบุรี","ProvinceN":"กำแพงเพชร","Maps":"http://maps.google.com/maps?q=15.96479,99.82526"}},{"type":"Feature","geometry":{"type":"Point","coordinates":[99.70677,16.05201]},"properties":{"hs_id":"VI1202403140553urgrvrbxyz","hsID":"VI1202403140553urgrvrbxyz","acq_date":"2024-03-14","Date":"2024-03-14","acq_time":"","year_be":2567,"season_be":2567,"dataset_year_be":2567,"province":"กำแพงเพชร","Province":"กำแพงเพชร","__province":"กำแพงเพชร","district":"ขาณุวรลักษบุรี","Amphoe":"ขาณุวรลักษบุรี","__district":"ขาณุวรลักษบุรี","subdistrict":"ดอนแตง","Tambon":"ดอนแตง","__subdistrict":"ดอนแตง","village":"บ้านตะแบกงาม","BaanN":"บ้านตะแบกงาม","__village":"บ้านตะแบกงาม","land_type":"พื้นที่เกษตร","LandType":"พื้นที่เกษตร","plant_type":"อ้อย","PlantType":"อ้อย","crop_type":"อ้อย","crop_type_raw":"อ้อย","__crop":"อ้อย","__plant_type":"อ้อย","confidence":47,"Q":"47","source":"NASA FIRMS Email Alert - Suomi NPP VIIRS","source_file":"2569-7-20 รวม 67-69 เขต 6.xlsx","filter_rule":"Province=กำแพงเพชร; LandType=พื้นที่เกษตร; PlantType normalized to allowed groups","month":3,"month_key":"2567-03","day_key":"2024-03-14","TambonN":"วังชะพลู","AmphoeN":"ขาณุวรลักษบุรี","ProvinceN":"กำแพงเพชร","Maps":"http://maps.google.com/maps?q=16.05201,99.70677"}},{"type":"Feature","geometry":{"type":"Point","coordinates":[99.80306,15.95321]},"properties":{"hs_id":"VI1202403150714urgrgpbzbx","hsID":"VI1202403150714urgrgpbzbx","acq_date":"2024-03-15","Date":"2024-03-15","acq_time":"","year_be":2567,"season_be":2567,"dataset_year_be":2567,"province":"กำแพงเพชร","Province":"กำแพงเพชร","__province":"กำแพงเพชร","district":"ขาณุวรลักษบุรี","Amphoe":"ขาณุวรลักษบุรี","__district":"ขาณุวรลักษบุรี","subdistrict":"บ่อถ้ำ","Tambon":"บ่อถ้ำ","__subdistrict":"บ่อถ้ำ","village":"บ้านดงดำ, บ้านดงคำน้อย","BaanN":"บ้านดงดำ, บ้านดงคำน้อย","__village":"บ้านดงดำ, บ้านดงคำน้อย","land_type":"พื้นที่เกษตร","LandType":"พื้นที่เกษตร","plant_type":"นาข้าว","PlantType":"นาข้าว","crop_type":"นาข้าว","crop_type_raw":"นาข้าว","__crop":"นาข้าว","__plant_type":"นาข้าว","confidence":47,"Q":"47","source":"NASA FIRMS Email Alert - Suomi NPP VIIRS","source_file":"2569-7-20 รวม 67-69 เขต 6.xlsx","filter_rule":"Province=กำแพงเพชร; LandType=พื้นที่เกษตร; PlantType normalized to allowed groups","month":3,"month_key":"2567-03","day_key":"2024-03-15","TambonN":"บ่อถ้ำ","AmphoeN":"ขาณุวรลักษบุรี","ProvinceN":"กำแพงเพชร","Maps":"http://maps.google.com/maps?q=15.95321,99.80306"}},{"type":"Feature","geometry":{"type":"Point","coordinates":[99.86797,16.21786]},"properties":{"hs_id":"VI1202403150714urgxcpcrzx","hsID":"VI1202403150714urgxcpcrzx","acq_date":"2024-03-15","Date":"2024-03-15","acq_time":"","year_be":2567,"season_be":2567,"dataset_year_be":2567,"province":"กำแพงเพชร","Province":"กำแพงเพชร","__province":"กำแพงเพชร","district":"คลองขลุง","Amphoe":"คลองขลุง","__district":"คลองขลุง","subdistrict":"วังแขม","Tambon":"วังแขม","__subdistrict":"วังแขม","village":"บ้านโนนสาน","BaanN":"บ้านโนนสาน","__village":"บ้านโนนสาน","land_type":"พื้นที่เกษตร","LandType":"พื้นที่เกษตร","plant_type":"อ้อย","PlantType":"อ้อย","crop_type":"อ้อย","crop_type_raw":"อ้อย","__crop":"อ้อย","__plant_type":"อ้อย","confidence":47,"Q":"47","source":"NASA FIRMS Email Alert - Suomi NPP VIIRS","source_file":"2569-7-20 รวม 67-69 เขต 6.xlsx","filter_rule":"Province=กำแพงเพชร; LandType=พื้นที่เกษตร; PlantType normalized to allowed groups","month":3,"month_key":"2567-03","day_key":"2024-03-15","TambonN":"วังแขม","AmphoeN":"คลองขลุง","ProvinceN":"กำแพงเพชร","Maps":"http://maps.google.com/maps?q=16.21786,99.86797"}},{"type":"Feature","geometry":{"type":"Point","coordinates":[99.96564,16.24354]},"properties":{"hs_id":"VI1202403160657urgxcxupvz","hsID":"VI1202403160657urgxcxupvz","acq_date":"2024-03-16","Date":"2024-03-16","acq_time":"","year_be":2567,"season_be":2567,"dataset_year_be":2567,"province":"กำแพงเพชร","Province":"กำแพงเพชร","__province":"กำแพงเพชร","district":"บึงสามัคคี","Amphoe":"บึงสามัคคี","__district":"บึงสามัคคี","subdistrict":"วังชะโอน","Tambon":"วังชะโอน","__subdistrict":"วังชะโอน","village":"บ้านมาบมะตื่น","BaanN":"บ้านมาบมะตื่น","__village":"บ้านมาบมะตื่น","land_type":"พื้นที่เกษตร","LandType":"พื้นที่เกษตร","plant_type":"นาข้าว","PlantType":"นาข้าว","crop_type":"นาข้าว","crop_type_raw":"นาข้าว","__crop":"นาข้าว","__plant_type":"นาข้าว","confidence":47,"Q":"47","source":"NASA FIRMS Email Alert - Suomi NPP VIIRS","source_file":"2569-7-20 รวม 67-69 เขต 6.xlsx","filter_rule":"Province=กำแพงเพชร; LandType=พื้นที่เกษตร; PlantType normalized to allowed groups","month":3,"month_key":"2567-03","day_key":"2024-03-16","TambonN":"บึงสามัคคี","AmphoeN":"บึงสามัคคี","ProvinceN":"กำแพงเพชร","Maps":"http://maps.google.com/maps?q=16.24354,99.96564"}},{"type":"Feature","geometry":{"type":"Point","coordinates":[99.96235,16.24565]},"properties":{"hs_id":"VI1202403160657urgxcxvxzp","hsID":"VI1202403160657urgxcxvxzp","acq_date":"2024-03-16","Date":"2024-03-16","acq_time":"","year_be":2567,"season_be":2567,"dataset_year_be":2567,"province":"กำแพงเพชร","Province":"กำแพงเพชร","__province":"กำแพงเพชร","district":"บึงสามัคคี","Amphoe":"บึงสามัคคี","__district":"บึงสามัคคี","subdistrict":"วังชะโอน","Tambon":"วังชะโอน","__subdistrict":"วังชะโอน","village":"บ้านไผ่งาม","BaanN":"บ้านไผ่งาม","__village":"บ้านไผ่งาม","land_type":"พื้นที่เกษตร","LandType":"พื้นที่เกษตร","plant_type":"อ้อย","PlantType":"อ้อย","crop_type":"อ้อย","crop_type_raw":"อ้อย","__crop":"อ้อย","__plant_type":"อ้อย","confidence":47,"Q":"47","source":"NASA FIRMS Email Alert - Suomi NPP VIIRS","source_file":"2569-7-20 รวม 67-69 เขต 6.xlsx","filter_rule":"Province=กำแพงเพชร; LandType=พื้นที่เกษตร; PlantType normalized to allowed groups","month":3,"month_key":"2567-03","day_key":"2024-03-16","TambonN":"วังชะโอน","AmphoeN":"บึงสามัคคี","ProvinceN":"กำแพงเพชร","Maps":"http://maps.google.com/maps?q=16.24565,99.96235"}},{"type":"Feature","geometry":{"type":"Point","coordinates":[99.66917,16.29041]},"properties":{"hs_id":"VI1202403160657urgxfxyrfp","hsID":"VI1202403160657urgxfxyrfp","acq_date":"2024-03-16","Date":"2024-03-16","acq_time":"","year_be":2567,"season_be":2567,"dataset_year_be":2567,"province":"กำแพงเพชร","Province":"กำแพงเพชร","__province":"กำแพงเพชร","district":"คลองขลุง","Amphoe":"คลองขลุง","__district":"คลองขลุง","subdistrict":"ท่าพุทรา","Tambon":"ท่าพุทรา","__subdistrict":"ท่าพุทรา","village":"บ้านท่าพุทรา","BaanN":"บ้านท่าพุทรา","__village":"บ้านท่าพุทรา","land_type":"พื้นที่เกษตร","LandType":"พื้นที่เกษตร","plant_type":"นาข้าว","PlantType":"นาข้าว","crop_type":"นาข้าว","crop_type_raw":"นาข้าว","__crop":"นาข้าว","__plant_type":"นาข้าว","confidence":47,"Q":"47","source":"NASA FIRMS Email Alert - Suomi NPP VIIRS","source_file":"2569-7-20 รวม 67-69 เขต 6.xlsx","filter_rule":"Province=กำแพงเพชร; LandType=พื้นที่เกษตร; PlantType normalized to allowed groups","month":3,"month_key":"2567-03","day_key":"2024-03-16","TambonN":"ท่าพุทรา","AmphoeN":"คลองขลุง","ProvinceN":"กำแพงเพชร","Maps":"http://maps.google.com/maps?q=16.29041,99.66917"}},{"type":"Feature","geometry":{"type":"Point","coordinates":[99.53192,16.31586]},"properties":{"hs_id":"VI1202403160657urgxgrbzgp","hsID":"VI1202403160657urgxgrbzgp","acq_date":"2024-03-16","Date":"2024-03-16","acq_time":"","year_be":2567,"season_be":2567,"dataset_year_be":2567,"province":"กำแพงเพชร","Province":"กำแพงเพชร","__province":"กำแพงเพชร","district":"เมืองกำแพงเพชร","Amphoe":"เมืองกำแพงเพชร","__district":"เมืองกำแพงเพชร","subdistrict":"ไตรตรึงษ์","Tambon":"ไตรตรึงษ์","__subdistrict":"ไตรตรึงษ์","village":"บ้านทรัพย์พลู","BaanN":"บ้านทรัพย์พลู","__village":"บ้านทรัพย์พลู","land_type":"พื้นที่เกษตร","LandType":"พื้นที่เกษตร","plant_type":"อ้อย","PlantType":"อ้อย","crop_type":"อ้อย","crop_type_raw":"อ้อย","__crop":"อ้อย","__plant_type":"อ้อย","confidence":47,"Q":"47","source":"NASA FIRMS Email Alert - Suomi NPP VIIRS","source_file":"2569-7-20 รวม 67-69 เขต 6.xlsx","filter_rule":"Province=กำแพงเพชร; LandType=พื้นที่เกษตร; PlantType normalized to allowed groups","month":3,"month_key":"2567-03","day_key":"2024-03-16","TambonN":"ไตรตรึงษ์","AmphoeN":"เมืองกำแพงเพชร","ProvinceN":"กำแพงเพชร","Maps":"http://maps.google.com/maps?q=16.31586,99.53192"}},{"type":"Feature","geometry":{"type":"Point","coordinates":[99.84539,15.99629]},"properties":{"hs_id":"VI1202403180618urgrupbpux","hsID":"VI1202403180618urgrupbpux","acq_date":"2024-03-18","Date":"2024-03-18","acq_time":"","year_be":2567,"season_be":2567,"dataset_year_be":2567,"province":"กำแพงเพชร","Province":"กำแพงเพชร","__province":"กำแพงเพชร","district":"ขาณุวรลักษบุรี","Amphoe":"ขาณุวรลักษบุรี","__district":"ขาณุวรลักษบุรี","subdistrict":"สลกบาตร","Tambon":"สลกบาตร","__subdistrict":"สลกบาตร","village":"บ้านวังสลักพระ","BaanN":"บ้านวังสลักพระ","__village":"บ้านวังสลักพระ","land_type":"พื้นที่เกษตร","LandType":"พื้นที่เกษตร","plant_type":"นาข้าว","PlantType":"นาข้าว","crop_type":"นาข้าว","crop_type_raw":"นาข้าว","__crop":"นาข้าว","__plant_type":"นาข้าว","confidence":47,"Q":"47","source":"NASA FIRMS Email Alert - Suomi NPP VIIRS","source_file":"2569-7-20 รวม 67-69 เขต 6.xlsx","filter_rule":"Province=กำแพงเพชร; LandType=พื้นที่เกษตร; PlantType normalized to allowed groups","month":3,"month_key":"2567-03","day_key":"2024-03-18","TambonN":"สลกบาตร","AmphoeN":"ขาณุวรลักษบุรี","ProvinceN":"กำแพงเพชร","Maps":"http://maps.google.com/maps?q=15.99629,99.84539"}},{"type":"Feature","geometry":{"type":"Point","coordinates":[99.78059,16.06149]},"properties":{"hs_id":"VI1202403180618urgrvrzxgz","hsID":"VI1202403180618urgrvrzxgz","acq_date":"2024-03-18","Date":"2024-03-18","acq_time":"","year_be":2567,"season_be":2567,"dataset_year_be":2567,"province":"กำแพงเพชร","Province":"กำแพงเพชร","__province":"กำแพงเพชร","district":"ขาณุวรลักษบุรี","Amphoe":"ขาณุวรลักษบุรี","__district":"ขาณุวรลักษบุรี","subdistrict":"ดอนแตง","Tambon":"ดอนแตง","__subdistrict":"ดอนแตง","village":"บ้านมาบกระทุ่ม","BaanN":"บ้านมาบกระทุ่ม","__village":"บ้านมาบกระทุ่ม","land_type":"พื้นที่เกษตร","LandType":"พื้นที่เกษตร","plant_type":"นาข้าว","PlantType":"นาข้าว","crop_type":"นาข้าว","crop_type_raw":"นาข้าว","__crop":"นาข้าว","__plant_type":"นาข้าว","confidence":47,"Q":"47","source":"NASA FIRMS Email Alert - Suomi NPP VIIRS","source_file":"2569-7-20 รวม 67-69 เขต 6.xlsx","filter_rule":"Province=กำแพงเพชร; LandType=พื้นที่เกษตร; PlantType normalized to allowed groups","month":3,"month_key":"2567-03","day_key":"2024-03-18","TambonN":"เกาะตาล","AmphoeN":"ขาณุวรลักษบุรี","ProvinceN":"กำแพงเพชร","Maps":"http://maps.google.com/maps?q=16.06149,99.78059"}},{"type":"Feature","geometry":{"type":"Point","coordinates":[99.66644,16.29457]},"properties":{"hs_id":"VI1202403180618urgxfzcrgp","hsID":"VI1202403180618urgxfzcrgp","acq_date":"2024-03-18","Date":"2024-03-18","acq_time":"","year_be":2567,"season_be":2567,"dataset_year_be":2567,"province":"กำแพงเพชร","Province":"กำแพงเพชร","__province":"กำแพงเพชร","district":"คลองขลุง","Amphoe":"คลองขลุง","__district":"คลองขลุง","subdistrict":"ท่าพุทรา","Tambon":"ท่าพุทรา","__subdistrict":"ท่าพุทรา","village":"บ้านท่าแขยง","BaanN":"บ้านท่าแขยง","__village":"บ้านท่าแขยง","land_type":"พื้นที่เกษตร","LandType":"พื้นที่เกษตร","plant_type":"นาข้าว","PlantType":"นาข้าว","crop_type":"นาข้าว","crop_type_raw":"นาข้าว","__crop":"นาข้าว","__plant_type":"นาข้าว","confidence":47,"Q":"47","source":"NASA FIRMS Email Alert - Suomi NPP VIIRS","source_file":"2569-7-20 รวม 67-69 เขต 6.xlsx","filter_rule":"Province=กำแพงเพชร; LandType=พื้นที่เกษตร; PlantType normalized to allowed groups","month":3,"month_key":"2567-03","day_key":"2024-03-18","TambonN":"ท่าพุทรา","AmphoeN":"คลองขลุง","ProvinceN":"กำแพงเพชร","Maps":"http://maps.google.com/maps?q=16.29457,99.66644"}},{"type":"Feature","geometry":{"type":"Point","coordinates":[99.44666,16.4891]},"properties":{"hs_id":"VI1202403180618urgxzpyzzz","hsID":"VI1202403180618urgxzpyzzz","acq_date":"2024-03-18","Date":"2024-03-18","acq_time":"","year_be":2567,"season_be":2567,"dataset_year_be":2567,"province":"กำแพงเพชร","Province":"กำแพงเพชร","__province":"กำแพงเพชร","district":"เมืองกำแพงเพชร","Amphoe":"เมืองกำแพงเพชร","__district":"เมืองกำแพงเพชร","subdistrict":"นครชุม","Tambon":"นครชุม","__subdistrict":"นครชุม","village":"บ้านหวังใหม่","BaanN":"บ้านหวังใหม่","__village":"บ้านหวังใหม่","land_type":"พื้นที่เกษตร","LandType":"พื้นที่เกษตร","plant_type":"นาข้าว","PlantType":"นาข้าว","crop_type":"นาข้าว","crop_type_raw":"นาข้าว","__crop":"นาข้าว","__plant_type":"นาข้าว","confidence":47,"Q":"47","source":"NASA FIRMS Email Alert - Suomi NPP VIIRS","source_file":"2569-7-20 รวม 67-69 เขต 6.xlsx","filter_rule":"Province=กำแพงเพชร; LandType=พื้นที่เกษตร; PlantType normalized to allowed groups","month":3,"month_key":"2567-03","day_key":"2024-03-18","TambonN":"นครชุม","AmphoeN":"เมืองกำแพงเพชร","ProvinceN":"กำแพงเพชร","Maps":"http://maps.google.com/maps?q=16.4891,99.44666"}},{"type":"Feature","geometry":{"type":"Point","coordinates":[99.52694,16.52361]},"properties":{"hs_id":"VI1202403180618urgzbpbpup","hsID":"VI1202403180618urgzbpbpup","acq_date":"2024-03-18","Date":"2024-03-18","acq_time":"","year_be":2567,"season_be":2567,"dataset_year_be":2567,"province":"กำแพงเพชร","Province":"กำแพงเพชร","__province":"กำแพงเพชร","district":"เมืองกำแพงเพชร","Amphoe":"เมืองกำแพงเพชร","__district":"เมืองกำแพงเพชร","subdistrict":"หนองปลิง","Tambon":"หนองปลิง","__subdistrict":"หนองปลิง","village":"บ้านศรีโยธิน","BaanN":"บ้านศรีโยธิน","__village":"บ้านศรีโยธิน","land_type":"พื้นที่เกษตร","LandType":"พื้นที่เกษตร","plant_type":"เกษตรอื่น ๆ","PlantType":"เกษตรอื่น ๆ","crop_type":"เกษตรอื่น ๆ","crop_type_raw":"เกษตรอื่น ๆ","__crop":"เกษตรอื่น ๆ","__plant_type":"เกษตรอื่น ๆ","confidence":47,"Q":"47","source":"NASA FIRMS Email Alert - Suomi NPP VIIRS","source_file":"2569-7-20 รวม 67-69 เขต 6.xlsx","filter_rule":"Province=กำแพงเพชร; LandType=พื้นที่เกษตร; PlantType normalized to allowed groups","month":3,"month_key":"2567-03","day_key":"2024-03-18","TambonN":"หนองปลิง","AmphoeN":"เมืองกำแพงเพชร","ProvinceN":"กำแพงเพชร","Maps":"http://maps.google.com/maps?q=16.52361,99.52694"}},{"type":"Feature","geometry":{"type":"Point","coordinates":[99.74825,16.20983]},"properties":{"hs_id":"VI1202403190557urgxbzgxur","hsID":"VI1202403190557urgxbzgxur","acq_date":"2024-03-19","Date":"2024-03-19","acq_time":"","year_be":2567,"season_be":2567,"dataset_year_be":2567,"province":"กำแพงเพชร","Province":"กำแพงเพชร","__province":"กำแพงเพชร","district":"คลองขลุง","Amphoe":"คลองขลุง","__district":"คลองขลุง","subdistrict":"วังยาง","Tambon":"วังยาง","__subdistrict":"วังยาง","village":"บ้านท่าตะคร้อ","BaanN":"บ้านท่าตะคร้อ","__village":"บ้านท่าตะคร้อ","land_type":"พื้นที่เกษตร","LandType":"พื้นที่เกษตร","plant_type":"เกษตรอื่น ๆ","PlantType":"เกษตรอื่น ๆ","crop_type":"เกษตรอื่น ๆ","crop_type_raw":"เกษตรอื่น ๆ","__crop":"เกษตรอื่น ๆ","__plant_type":"เกษตรอื่น ๆ","confidence":47,"Q":"47","source":"NASA FIRMS Email Alert - Suomi NPP VIIRS","source_file":"2569-7-20 รวม 67-69 เขต 6.xlsx","filter_rule":"Province=กำแพงเพชร; LandType=พื้นที่เกษตร; PlantType normalized to allowed groups","month":3,"month_key":"2567-03","day_key":"2024-03-19","TambonN":"วังยาง","AmphoeN":"คลองขลุง","ProvinceN":"กำแพงเพชร","Maps":"http://maps.google.com/maps?q=16.20983,99.74825"}},{"type":"Feature","geometry":{"type":"Point","coordinates":[99.84309,16.21225]},"properties":{"hs_id":"VI1202403190557urgxbzvruz","hsID":"VI1202403190557urgxbzvruz","acq_date":"2024-03-19","Date":"2024-03-19","acq_time":"","year_be":2567,"season_be":2567,"dataset_year_be":2567,"province":"กำแพงเพชร","Province":"กำแพงเพชร","__province":"กำแพงเพชร","district":"คลองขลุง","Amphoe":"คลองขลุง","__district":"คลองขลุง","subdistrict":"วังแขม","Tambon":"วังแขม","__subdistrict":"วังแขม","village":"บ้านบ่อทอง","BaanN":"บ้านบ่อทอง","__village":"บ้านบ่อทอง","land_type":"พื้นที่เกษตร","LandType":"พื้นที่เกษตร","plant_type":"นาข้าว","PlantType":"นาข้าว","crop_type":"นาข้าว","crop_type_raw":"นาข้าว","__crop":"นาข้าว","__plant_type":"นาข้าว","confidence":47,"Q":"47","source":"NASA FIRMS Email Alert - Suomi NPP VIIRS","source_file":"2569-7-20 รวม 67-69 เขต 6.xlsx","filter_rule":"Province=กำแพงเพชร; LandType=พื้นที่เกษตร; PlantType normalized to allowed groups","month":3,"month_key":"2567-03","day_key":"2024-03-19","TambonN":"วังแขม","AmphoeN":"คลองขลุง","ProvinceN":"กำแพงเพชร","Maps":"http://maps.google.com/maps?q=16.21225,99.84309"}},{"type":"Feature","geometry":{"type":"Point","coordinates":[99.8633,16.24907]},"properties":{"hs_id":"VI1202403190557urgxczbpyz","hsID":"VI1202403190557urgxczbpyz","acq_date":"2024-03-19","Date":"2024-03-19","acq_time":"","year_be":2567,"season_be":2567,"dataset_year_be":2567,"province":"กำแพงเพชร","Province":"กำแพงเพชร","__province":"กำแพงเพชร","district":"คลองขลุง","Amphoe":"คลองขลุง","__district":"คลองขลุง","subdistrict":"วังแขม","Tambon":"วังแขม","__subdistrict":"วังแขม","village":"บ้านทุ่งลานควาย","BaanN":"บ้านทุ่งลานควาย","__village":"บ้านทุ่งลานควาย","land_type":"พื้นที่เกษตร","LandType":"พื้นที่เกษตร","plant_type":"นาข้าว","PlantType":"นาข้าว","crop_type":"นาข้าว","crop_type_raw":"นาข้าว","__crop":"นาข้าว","__plant_type":"นาข้าว","confidence":47,"Q":"47","source":"NASA FIRMS Email Alert - Suomi NPP VIIRS","source_file":"2569-7-20 รวม 67-69 เขต 6.xlsx","filter_rule":"Province=กำแพงเพชร; LandType=พื้นที่เกษตร; PlantType normalized to allowed groups","month":3,"month_key":"2567-03","day_key":"2024-03-19","TambonN":"วังแขม","AmphoeN":"คลองขลุง","ProvinceN":"กำแพงเพชร","Maps":"http://maps.google.com/maps?q=16.24907,99.8633"}},{"type":"Feature","geometry":{"type":"Point","coordinates":[99.66483,16.26189]},"properties":{"hs_id":"VI1202403220642urgxfpcxcx","hsID":"VI1202403220642urgxfpcxcx","acq_date":"2024-03-22","Date":"2024-03-22","acq_time":"","year_be":2567,"season_be":2567,"dataset_year_be":2567,"province":"กำแพงเพชร","Province":"กำแพงเพชร","__province":"กำแพงเพชร","district":"คลองขลุง","Amphoe":"คลองขลุง","__district":"คลองขลุง","subdistrict":"ท่าพุทรา","Tambon":"ท่าพุทรา","__subdistrict":"ท่าพุทรา","village":"บ้านโนนทัน","BaanN":"บ้านโนนทัน","__village":"บ้านโนนทัน","land_type":"พื้นที่เกษตร","LandType":"พื้นที่เกษตร","plant_type":"นาข้าว","PlantType":"นาข้าว","crop_type":"นาข้าว","crop_type_raw":"นาข้าว","__crop":"นาข้าว","__plant_type":"นาข้าว","confidence":47,"Q":"47","source":"NASA FIRMS Email Alert - Suomi NPP VIIRS","source_file":"2569-7-20 รวม 67-69 เขต 6.xlsx","filter_rule":"Province=กำแพงเพชร; LandType=พื้นที่เกษตร; PlantType normalized to allowed groups","month":3,"month_key":"2567-03","day_key":"2024-03-22","TambonN":"หัวถนน","AmphoeN":"คลองขลุง","ProvinceN":"กำแพงเพชร","Maps":"http://maps.google.com/maps?q=16.26189,99.66483"}},{"type":"Feature","geometry":{"type":"Point","coordinates":[99.68407,16.24639]},"properties":{"hs_id":"VI1202403250726urgxcxyrbr","hsID":"VI1202403250726urgxcxyrbr","acq_date":"2024-03-25","Date":"2024-03-25","acq_time":"","year_be":2567,"season_be":2567,"dataset_year_be":2567,"province":"กำแพงเพชร","Province":"กำแพงเพชร","__province":"กำแพงเพชร","district":"คลองขลุง","Amphoe":"คลองขลุง","__district":"คลองขลุง","subdistrict":"ท่าพุทรา","Tambon":"ท่าพุทรา","__subdistrict":"ท่าพุทรา","village":"บ้านคลองยาง","BaanN":"บ้านคลองยาง","__village":"บ้านคลองยาง","land_type":"พื้นที่เกษตร","LandType":"พื้นที่เกษตร","plant_type":"นาข้าว","PlantType":"นาข้าว","crop_type":"นาข้าว","crop_type_raw":"นาข้าว","__crop":"นาข้าว","__plant_type":"นาข้าว","confidence":47,"Q":"47","source":"NASA FIRMS Email Alert - Suomi NPP VIIRS","source_file":"2569-7-20 รวม 67-69 เขต 6.xlsx","filter_rule":"Province=กำแพงเพชร; LandType=พื้นที่เกษตร; PlantType normalized to allowed groups","month":3,"month_key":"2567-03","day_key":"2024-03-25","TambonN":"ท่าพุทรา","AmphoeN":"คลองขลุง","ProvinceN":"กำแพงเพชร","Maps":"http://maps.google.com/maps?q=16.24639,99.68407"}},{"type":"Feature","geometry":{"type":"Point","coordinates":[99.78029,16.23093]},"properties":{"hs_id":"VI1202403260707w4yuqdcb12","hsID":"VI1202403260707w4yuqdcb12","acq_date":"2024-03-26","Date":"2024-03-26","acq_time":"","year_be":2567,"season_be":2567,"dataset_year_be":2567,"province":"กำแพงเพชร","Province":"กำแพงเพชร","__province":"กำแพงเพชร","district":"คลองขลุง","Amphoe":"คลองขลุง","__district":"คลองขลุง","subdistrict":"ท่ามะเขือ","Tambon":"ท่ามะเขือ","__subdistrict":"ท่ามะเขือ","village":"บ้านคลองตะลุง","BaanN":"บ้านคลองตะลุง","__village":"บ้านคลองตะลุง","land_type":"พื้นที่เกษตร","LandType":"พื้นที่เกษตร","plant_type":"อ้อย","PlantType":"อ้อย","crop_type":"อ้อย","crop_type_raw":"อ้อย","__crop":"อ้อย","__plant_type":"อ้อย","confidence":47,"Q":"47","source":"NASA FIRMS Email Alert - Suomi NPP VIIRS","source_file":"2569-7-20 รวม 67-69 เขต 6.xlsx","filter_rule":"Province=กำแพงเพชร; LandType=พื้นที่เกษตร; PlantType normalized to allowed groups","month":3,"month_key":"2567-03","day_key":"2024-03-26","TambonN":"วังยาง","AmphoeN":"คลองขลุง","ProvinceN":"กำแพงเพชร","Maps":"http://maps.google.com/maps?q=16.23093,99.78029"}},{"type":"Feature","geometry":{"type":"Point","coordinates":[99.70039,16.53819]},"properties":{"hs_id":"VI1202403260707w4yyhdxtgq","hsID":"VI1202403260707w4yyhdxtgq","acq_date":"2024-03-26","Date":"2024-03-26","acq_time":"","year_be":2567,"season_be":2567,"dataset_year_be":2567,"province":"กำแพงเพชร","Province":"กำแพงเพชร","__province":"กำแพงเพชร","district":"พรานกระต่าย","Amphoe":"พรานกระต่าย","__district":"พรานกระต่าย","subdistrict":"เขาคีริส","Tambon":"เขาคีริส","__subdistrict":"เขาคีริส","village":"บ้านทุ่งรวงทอง","BaanN":"บ้านทุ่งรวงทอง","__village":"บ้านทุ่งรวงทอง","land_type":"พื้นที่เกษตร","LandType":"พื้นที่เกษตร","plant_type":"นาข้าว","PlantType":"นาข้าว","crop_type":"นาข้าว","crop_type_raw":"นาข้าว","__crop":"นาข้าว","__plant_type":"นาข้าว","confidence":47,"Q":"47","source":"NASA FIRMS Email Alert - Suomi NPP VIIRS","source_file":"2569-7-20 รวม 67-69 เขต 6.xlsx","filter_rule":"Province=กำแพงเพชร; LandType=พื้นที่เกษตร; PlantType normalized to allowed groups","month":3,"month_key":"2567-03","day_key":"2024-03-26","TambonN":"เขาคีริส","AmphoeN":"พรานกระต่าย","ProvinceN":"กำแพงเพชร","Maps":"http://maps.google.com/maps?q=16.53819,99.70039"}},{"type":"Feature","geometry":{"type":"Point","coordinates":[99.70339,16.53669]},"properties":{"hs_id":"VI1202403260707w4yyhf3v1q","hsID":"VI1202403260707w4yyhf3v1q","acq_date":"2024-03-26","Date":"2024-03-26","acq_time":"","year_be":2567,"season_be":2567,"dataset_year_be":2567,"province":"กำแพงเพชร","Province":"กำแพงเพชร","__province":"กำแพงเพชร","district":"พรานกระต่าย","Amphoe":"พรานกระต่าย","__district":"พรานกระต่าย","subdistrict":"เขาคีริส","Tambon":"เขาคีริส","__subdistrict":"เขาคีริส","village":"บ้านหนองขาม","BaanN":"บ้านหนองขาม","__village":"บ้านหนองขาม","land_type":"พื้นที่เกษตร","LandType":"พื้นที่เกษตร","plant_type":"นาข้าว","PlantType":"นาข้าว","crop_type":"นาข้าว","crop_type_raw":"นาข้าว","__crop":"นาข้าว","__plant_type":"นาข้าว","confidence":47,"Q":"47","source":"NASA FIRMS Email Alert - Suomi NPP VIIRS","source_file":"2569-7-20 รวม 67-69 เขต 6.xlsx","filter_rule":"Province=กำแพงเพชร; LandType=พื้นที่เกษตร; PlantType normalized to allowed groups","month":3,"month_key":"2567-03","day_key":"2024-03-26","TambonN":"เขาคีริส","AmphoeN":"พรานกระต่าย","ProvinceN":"กำแพงเพชร","Maps":"http://maps.google.com/maps?q=16.53669,99.70339"}},{"type":"Feature","geometry":{"type":"Point","coordinates":[99.60556,16.32941]},"properties":{"hs_id":"VI1202403270648w4yufsdt9y","hsID":"VI1202403270648w4yufsdt9y","acq_date":"2024-03-27","Date":"2024-03-27","acq_time":"","year_be":2567,"season_be":2567,"dataset_year_be":2567,"province":"กำแพงเพชร","Province":"กำแพงเพชร","__province":"กำแพงเพชร","district":"เมืองกำแพงเพชร","Amphoe":"เมืองกำแพงเพชร","__district":"เมืองกำแพงเพชร","subdistrict":"ธำมรงค์","Tambon":"ธำมรงค์","__subdistrict":"ธำมรงค์","village":"บ้านคลองสีนวล","BaanN":"บ้านคลองสีนวล","__village":"บ้านคลองสีนวล","land_type":"พื้นที่เกษตร","LandType":"พื้นที่เกษตร","plant_type":"นาข้าว","PlantType":"นาข้าว","crop_type":"นาข้าว","crop_type_raw":"นาข้าว","__crop":"นาข้าว","__plant_type":"นาข้าว","confidence":47,"Q":"47","source":"NASA FIRMS Email Alert - Suomi NPP VIIRS","source_file":"2569-7-20 รวม 67-69 เขต 6.xlsx","filter_rule":"Province=กำแพงเพชร; LandType=พื้นที่เกษตร; PlantType normalized to allowed groups","month":3,"month_key":"2567-03","day_key":"2024-03-27","TambonN":"ธำมรงค์","AmphoeN":"เมืองกำแพงเพชร","ProvinceN":"กำแพงเพชร","Maps":"http://maps.google.com/maps?q=16.32941,99.60556"}},{"type":"Feature","geometry":{"type":"Point","coordinates":[99.60503,16.33302]},"properties":{"hs_id":"VI1202403270648w4yuft64tr","hsID":"VI1202403270648w4yuft64tr","acq_date":"2024-03-27","Date":"2024-03-27","acq_time":"","year_be":2567,"season_be":2567,"dataset_year_be":2567,"province":"กำแพงเพชร","Province":"กำแพงเพชร","__province":"กำแพงเพชร","district":"เมืองกำแพงเพชร","Amphoe":"เมืองกำแพงเพชร","__district":"เมืองกำแพงเพชร","subdistrict":"ธำมรงค์","Tambon":"ธำมรงค์","__subdistrict":"ธำมรงค์","village":"บ้านคลองสีนวล","BaanN":"บ้านคลองสีนวล","__village":"บ้านคลองสีนวล","land_type":"พื้นที่เกษตร","LandType":"พื้นที่เกษตร","plant_type":"นาข้าว","PlantType":"นาข้าว","crop_type":"นาข้าว","crop_type_raw":"นาข้าว","__crop":"นาข้าว","__plant_type":"นาข้าว","confidence":47,"Q":"47","source":"NASA FIRMS Email Alert - Suomi NPP VIIRS","source_file":"2569-7-20 รวม 67-69 เขต 6.xlsx","filter_rule":"Province=กำแพงเพชร; LandType=พื้นที่เกษตร; PlantType normalized to allowed groups","month":3,"month_key":"2567-03","day_key":"2024-03-27","TambonN":"ธำมรงค์","AmphoeN":"เมืองกำแพงเพชร","ProvinceN":"กำแพงเพชร","Maps":"http://maps.google.com/maps?q=16.33302,99.60503"}},{"type":"Feature","geometry":{"type":"Point","coordinates":[99.57439,16.4033]},"properties":{"hs_id":"VI1202403270650w4yv3f5u5k","hsID":"VI1202403270650w4yv3f5u5k","acq_date":"2024-03-27","Date":"2024-03-27","acq_time":"","year_be":2567,"season_be":2567,"dataset_year_be":2567,"province":"กำแพงเพชร","Province":"กำแพงเพชร","__province":"กำแพงเพชร","district":"เมืองกำแพงเพชร","Amphoe":"เมืองกำแพงเพชร","__district":"เมืองกำแพงเพชร","subdistrict":"เทพนคร","Tambon":"เทพนคร","__subdistrict":"เทพนคร","village":"บ้านเทพนคร","BaanN":"บ้านเทพนคร","__village":"บ้านเทพนคร","land_type":"พื้นที่เกษตร","LandType":"พื้นที่เกษตร","plant_type":"นาข้าว","PlantType":"นาข้าว","crop_type":"นาข้าว","crop_type_raw":"นาข้าว","__crop":"นาข้าว","__plant_type":"นาข้าว","confidence":47,"Q":"47","source":"NASA FIRMS Email Alert - Suomi NPP VIIRS","source_file":"2569-7-20 รวม 67-69 เขต 6.xlsx","filter_rule":"Province=กำแพงเพชร; LandType=พื้นที่เกษตร; PlantType normalized to allowed groups","month":3,"month_key":"2567-03","day_key":"2024-03-27","TambonN":"เทพนคร","AmphoeN":"เมืองกำแพงเพชร","ProvinceN":"กำแพงเพชร","Maps":"http://maps.google.com/maps?q=16.4033,99.57439"}},{"type":"Feature","geometry":{"type":"Point","coordinates":[99.58399,16.39726]},"properties":{"hs_id":"VI1202403270650w4yv614bgn","hsID":"VI1202403270650w4yv614bgn","acq_date":"2024-03-27","Date":"2024-03-27","acq_time":"","year_be":2567,"season_be":2567,"dataset_year_be":2567,"province":"กำแพงเพชร","Province":"กำแพงเพชร","__province":"กำแพงเพชร","district":"เมืองกำแพงเพชร","Amphoe":"เมืองกำแพงเพชร","__district":"เมืองกำแพงเพชร","subdistrict":"เทพนคร","Tambon":"เทพนคร","__subdistrict":"เทพนคร","village":"บ้านศรีนคร","BaanN":"บ้านศรีนคร","__village":"บ้านศรีนคร","land_type":"พื้นที่เกษตร","LandType":"พื้นที่เกษตร","plant_type":"อ้อย","PlantType":"อ้อย","crop_type":"อ้อย","crop_type_raw":"อ้อย","__crop":"อ้อย","__plant_type":"อ้อย","confidence":47,"Q":"47","source":"NASA FIRMS Email Alert - Suomi NPP VIIRS","source_file":"2569-7-20 รวม 67-69 เขต 6.xlsx","filter_rule":"Province=กำแพงเพชร; LandType=พื้นที่เกษตร; PlantType normalized to allowed groups","month":3,"month_key":"2567-03","day_key":"2024-03-27","TambonN":"เทพนคร","AmphoeN":"เมืองกำแพงเพชร","ProvinceN":"กำแพงเพชร","Maps":"http://maps.google.com/maps?q=16.39726,99.58399"}},{"type":"Feature","geometry":{"type":"Point","coordinates":[99.59924,16.57411]},"properties":{"hs_id":"VI1202403270650w4yy63jznw","hsID":"VI1202403270650w4yy63jznw","acq_date":"2024-03-27","Date":"2024-03-27","acq_time":"","year_be":2567,"season_be":2567,"dataset_year_be":2567,"province":"กำแพงเพชร","Province":"กำแพงเพชร","__province":"กำแพงเพชร","district":"พรานกระต่าย","Amphoe":"พรานกระต่าย","__district":"พรานกระต่าย","subdistrict":"เขาคีริส","Tambon":"เขาคีริส","__subdistrict":"เขาคีริส","village":"บ้านวังพาน","BaanN":"บ้านวังพาน","__village":"บ้านวังพาน","land_type":"พื้นที่เกษตร","LandType":"พื้นที่เกษตร","plant_type":"นาข้าว","PlantType":"นาข้าว","crop_type":"นาข้าว","crop_type_raw":"นาข้าว","__crop":"นาข้าว","__plant_type":"นาข้าว","confidence":47,"Q":"47","source":"NASA FIRMS Email Alert - Suomi NPP VIIRS","source_file":"2569-7-20 รวม 67-69 เขต 6.xlsx","filter_rule":"Province=กำแพงเพชร; LandType=พื้นที่เกษตร; PlantType normalized to allowed groups","month":3,"month_key":"2567-03","day_key":"2024-03-27","TambonN":"เขาคีริส","AmphoeN":"พรานกระต่าย","ProvinceN":"กำแพงเพชร","Maps":"http://maps.google.com/maps?q=16.57411,99.59924"}},{"type":"Feature","geometry":{"type":"Point","coordinates":[99.72248,16.25008]},"properties":{"hs_id":"VI1202403290612w4yumnpxw4","hsID":"VI1202403290612w4yumnpxw4","acq_date":"2024-03-29","Date":"2024-03-29","acq_time":"","year_be":2567,"season_be":2567,"dataset_year_be":2567,"province":"กำแพงเพชร","Province":"กำแพงเพชร","__province":"กำแพงเพชร","district":"คลองขลุง","Amphoe":"คลองขลุง","__district":"คลองขลุง","subdistrict":"ท่ามะเขือ","Tambon":"ท่ามะเขือ","__subdistrict":"ท่ามะเขือ","village":"บ้านเกาะหมู","BaanN":"บ้านเกาะหมู","__village":"บ้านเกาะหมู","land_type":"พื้นที่เกษตร","LandType":"พื้นที่เกษตร","plant_type":"นาข้าว","PlantType":"นาข้าว","crop_type":"นาข้าว","crop_type_raw":"นาข้าว","__crop":"นาข้าว","__plant_type":"นาข้าว","confidence":47,"Q":"47","source":"NASA FIRMS Email Alert - Suomi NPP VIIRS","source_file":"2569-7-20 รวม 67-69 เขต 6.xlsx","filter_rule":"Province=กำแพงเพชร; LandType=พื้นที่เกษตร; PlantType normalized to allowed groups","month":3,"month_key":"2567-03","day_key":"2024-03-29","TambonN":"ท่ามะเขือ","AmphoeN":"คลองขลุง","ProvinceN":"กำแพงเพชร","Maps":"http://maps.google.com/maps?q=16.25008,99.72248"}},{"type":"Feature","geometry":{"type":"Point","coordinates":[99.60636,16.40105]},"properties":{"hs_id":"VI1202403290612w4yv69eph3","hsID":"VI1202403290612w4yv69eph3","acq_date":"2024-03-29","Date":"2024-03-29","acq_time":"","year_be":2567,"season_be":2567,"dataset_year_be":2567,"province":"กำแพงเพชร","Province":"กำแพงเพชร","__province":"กำแพงเพชร","district":"เมืองกำแพงเพชร","Amphoe":"เมืองกำแพงเพชร","__district":"เมืองกำแพงเพชร","subdistrict":"เทพนคร","Tambon":"เทพนคร","__subdistrict":"เทพนคร","village":"บ้านหนองสามมุก","BaanN":"บ้านหนองสามมุก","__village":"บ้านหนองสามมุก","land_type":"พื้นที่เกษตร","LandType":"พื้นที่เกษตร","plant_type":"นาข้าว","PlantType":"นาข้าว","crop_type":"นาข้าว","crop_type_raw":"นาข้าว","__crop":"นาข้าว","__plant_type":"นาข้าว","confidence":47,"Q":"47","source":"NASA FIRMS Email Alert - Suomi NPP VIIRS","source_file":"2569-7-20 รวม 67-69 เขต 6.xlsx","filter_rule":"Province=กำแพงเพชร; LandType=พื้นที่เกษตร; PlantType normalized to allowed groups","month":3,"month_key":"2567-03","day_key":"2024-03-29","TambonN":"คณฑี","AmphoeN":"เมืองกำแพงเพชร","ProvinceN":"กำแพงเพชร","Maps":"http://maps.google.com/maps?q=16.40105,99.60636"}},{"type":"Feature","geometry":{"type":"Point","coordinates":[99.60131,16.42694]},"properties":{"hs_id":"VI1202403290612w4yv6qrmye","hsID":"VI1202403290612w4yv6qrmye","acq_date":"2024-03-29","Date":"2024-03-29","acq_time":"","year_be":2567,"season_be":2567,"dataset_year_be":2567,"province":"กำแพงเพชร","Province":"กำแพงเพชร","__province":"กำแพงเพชร","district":"เมืองกำแพงเพชร","Amphoe":"เมืองกำแพงเพชร","__district":"เมืองกำแพงเพชร","subdistrict":"เทพนคร","Tambon":"เทพนคร","__subdistrict":"เทพนคร","village":"บ้านไทรย้อย","BaanN":"บ้านไทรย้อย","__village":"บ้านไทรย้อย","land_type":"พื้นที่เกษตร","LandType":"พื้นที่เกษตร","plant_type":"นาข้าว","PlantType":"นาข้าว","crop_type":"นาข้าว","crop_type_raw":"นาข้าว","__crop":"นาข้าว","__plant_type":"นาข้าว","confidence":47,"Q":"47","source":"NASA FIRMS Email Alert - Suomi NPP VIIRS","source_file":"2569-7-20 รวม 67-69 เขต 6.xlsx","filter_rule":"Province=กำแพงเพชร; LandType=พื้นที่เกษตร; PlantType normalized to allowed groups","month":3,"month_key":"2567-03","day_key":"2024-03-29","TambonN":"เทพนคร","AmphoeN":"เมืองกำแพงเพชร","ProvinceN":"กำแพงเพชร","Maps":"http://maps.google.com/maps?q=16.42694,99.60131"}},{"type":"Feature","geometry":{"type":"Point","coordinates":[99.67222,16.35125]},"properties":{"hs_id":"VI1202403300553w4yvh0ehgj","hsID":"VI1202403300553w4yvh0ehgj","acq_date":"2024-03-30","Date":"2024-03-30","acq_time":"","year_be":2567,"season_be":2567,"dataset_year_be":2567,"province":"กำแพงเพชร","Province":"กำแพงเพชร","__province":"กำแพงเพชร","district":"เมืองกำแพงเพชร","Amphoe":"เมืองกำแพงเพชร","__district":"เมืองกำแพงเพชร","subdistrict":"คณฑี","Tambon":"คณฑี","__subdistrict":"คณฑี","village":"บ้านเกาะธำมรงค์","BaanN":"บ้านเกาะธำมรงค์","__village":"บ้านเกาะธำมรงค์","land_type":"พื้นที่เกษตร","LandType":"พื้นที่เกษตร","plant_type":"นาข้าว","PlantType":"นาข้าว","crop_type":"นาข้าว","crop_type_raw":"นาข้าว","__crop":"นาข้าว","__plant_type":"นาข้าว","confidence":47,"Q":"47","source":"NASA FIRMS Email Alert - Suomi NPP VIIRS","source_file":"2569-7-20 รวม 67-69 เขต 6.xlsx","filter_rule":"Province=กำแพงเพชร; LandType=พื้นที่เกษตร; PlantType normalized to allowed groups","month":3,"month_key":"2567-03","day_key":"2024-03-30","TambonN":"ธำมรงค์","AmphoeN":"เมืองกำแพงเพชร","ProvinceN":"กำแพงเพชร","Maps":"http://maps.google.com/maps?q=16.35125,99.67222"}},{"type":"Feature","geometry":{"type":"Point","coordinates":[99.6693,16.35477]},"properties":{"hs_id":"VI1202403300553w4yvh12crn","hsID":"VI1202403300553w4yvh12crn","acq_date":"2024-03-30","Date":"2024-03-30","acq_time":"","year_be":2567,"season_be":2567,"dataset_year_be":2567,"province":"กำแพงเพชร","Province":"กำแพงเพชร","__province":"กำแพงเพชร","district":"เมืองกำแพงเพชร","Amphoe":"เมืองกำแพงเพชร","__district":"เมืองกำแพงเพชร","subdistrict":"คณฑี","Tambon":"คณฑี","__subdistrict":"คณฑี","village":"บ้านโพธิ์อำนวย","BaanN":"บ้านโพธิ์อำนวย","__village":"บ้านโพธิ์อำนวย","land_type":"พื้นที่เกษตร","LandType":"พื้นที่เกษตร","plant_type":"นาข้าว","PlantType":"นาข้าว","crop_type":"นาข้าว","crop_type_raw":"นาข้าว","__crop":"นาข้าว","__plant_type":"นาข้าว","confidence":47,"Q":"47","source":"NASA FIRMS Email Alert - Suomi NPP VIIRS","source_file":"2569-7-20 รวม 67-69 เขต 6.xlsx","filter_rule":"Province=กำแพงเพชร; LandType=พื้นที่เกษตร; PlantType normalized to allowed groups","month":3,"month_key":"2567-03","day_key":"2024-03-30","TambonN":"คณฑี","AmphoeN":"เมืองกำแพงเพชร","ProvinceN":"กำแพงเพชร","Maps":"http://maps.google.com/maps?q=16.35477,99.6693"}},{"type":"Feature","geometry":{"type":"Point","coordinates":[99.70547,16.16014]},"properties":{"hs_id":"VI1202403310714w4yguvg79u","hsID":"VI1202403310714w4yguvg79u","acq_date":"2024-03-31","Date":"2024-03-31","acq_time":"","year_be":2567,"season_be":2567,"dataset_year_be":2567,"province":"กำแพงเพชร","Province":"กำแพงเพชร","__province":"กำแพงเพชร","district":"คลองขลุง","Amphoe":"คลองขลุง","__district":"คลองขลุง","subdistrict":"คลองขลุง","Tambon":"คลองขลุง","__subdistrict":"คลองขลุง","village":"บ้านโค้งวิไล","BaanN":"บ้านโค้งวิไล","__village":"บ้านโค้งวิไล","land_type":"พื้นที่เกษตร","LandType":"พื้นที่เกษตร","plant_type":"อ้อย","PlantType":"อ้อย","crop_type":"อ้อย","crop_type_raw":"อ้อย","__crop":"อ้อย","__plant_type":"อ้อย","confidence":47,"Q":"47","source":"NASA FIRMS Email Alert - Suomi NPP VIIRS","source_file":"2569-7-20 รวม 67-69 เขต 6.xlsx","filter_rule":"Province=กำแพงเพชร; LandType=พื้นที่เกษตร; PlantType normalized to allowed groups","month":3,"month_key":"2567-03","day_key":"2024-03-31","TambonN":"คลองขลุง","AmphoeN":"คลองขลุง","ProvinceN":"กำแพงเพชร","Maps":"http://maps.google.com/maps?q=16.16014,99.70547"}},{"type":"Feature","geometry":{"type":"Point","coordinates":[99.60054,16.42281]},"properties":{"hs_id":"VI1202403310714w4yv6mwvuc","hsID":"VI1202403310714w4yv6mwvuc","acq_date":"2024-03-31","Date":"2024-03-31","acq_time":"","year_be":2567,"season_be":2567,"dataset_year_be":2567,"province":"กำแพงเพชร","Province":"กำแพงเพชร","__province":"กำแพงเพชร","district":"เมืองกำแพงเพชร","Amphoe":"เมืองกำแพงเพชร","__district":"เมืองกำแพงเพชร","subdistrict":"เทพนคร","Tambon":"เทพนคร","__subdistrict":"เทพนคร","village":"บ้านไทรย้อย","BaanN":"บ้านไทรย้อย","__village":"บ้านไทรย้อย","land_type":"พื้นที่เกษตร","LandType":"พื้นที่เกษตร","plant_type":"นาข้าว","PlantType":"นาข้าว","crop_type":"นาข้าว","crop_type_raw":"นาข้าว","__crop":"นาข้าว","__plant_type":"นาข้าว","confidence":47,"Q":"47","source":"NASA FIRMS Email Alert - Suomi NPP VIIRS","source_file":"2569-7-20 รวม 67-69 เขต 6.xlsx","filter_rule":"Province=กำแพงเพชร; LandType=พื้นที่เกษตร; PlantType normalized to allowed groups","month":3,"month_key":"2567-03","day_key":"2024-03-31","TambonN":"เทพนคร","AmphoeN":"เมืองกำแพงเพชร","ProvinceN":"กำแพงเพชร","Maps":"http://maps.google.com/maps?q=16.42281,99.60054"}},{"type":"Feature","geometry":{"type":"Point","coordinates":[99.60409,16.4232]},"properties":{"hs_id":"VI1202403310714w4yv6tc2pd","hsID":"VI1202403310714w4yv6tc2pd","acq_date":"2024-03-31","Date":"2024-03-31","acq_time":"","year_be":2567,"season_be":2567,"dataset_year_be":2567,"province":"กำแพงเพชร","Province":"กำแพงเพชร","__province":"กำแพงเพชร","district":"เมืองกำแพงเพชร","Amphoe":"เมืองกำแพงเพชร","__district":"เมืองกำแพงเพชร","subdistrict":"เทพนคร","Tambon":"เทพนคร","__subdistrict":"เทพนคร","village":"บ้านไทรย้อย","BaanN":"บ้านไทรย้อย","__village":"บ้านไทรย้อย","land_type":"พื้นที่เกษตร","LandType":"พื้นที่เกษตร","plant_type":"นาข้าว","PlantType":"นาข้าว","crop_type":"นาข้าว","crop_type_raw":"นาข้าว","__crop":"นาข้าว","__plant_type":"นาข้าว","confidence":47,"Q":"47","source":"NASA FIRMS Email Alert - Suomi NPP VIIRS","source_file":"2569-7-20 รวม 67-69 เขต 6.xlsx","filter_rule":"Province=กำแพงเพชร; LandType=พื้นที่เกษตร; PlantType normalized to allowed groups","month":3,"month_key":"2567-03","day_key":"2024-03-31","TambonN":"เทพนคร","AmphoeN":"เมืองกำแพงเพชร","ProvinceN":"กำแพงเพชร","Maps":"http://maps.google.com/maps?q=16.4232,99.60409"}},{"type":"Feature","geometry":{"type":"Point","coordinates":[99.69701,16.46637]},"properties":{"hs_id":"VI1202403310714w4yvstt5s9","hsID":"VI1202403310714w4yvstt5s9","acq_date":"2024-03-31","Date":"2024-03-31","acq_time":"","year_be":2567,"season_be":2567,"dataset_year_be":2567,"province":"กำแพงเพชร","Province":"กำแพงเพชร","__province":"กำแพงเพชร","district":"เมืองกำแพงเพชร","Amphoe":"เมืองกำแพงเพชร","__district":"เมืองกำแพงเพชร","subdistrict":"นิคมทุ่งโพธิ์ทะเล","Tambon":"นิคมทุ่งโพธิ์ทะเล","__subdistrict":"นิคมทุ่งโพธิ์ทะเล","village":"บ้านโพธิ์ทะเลกลาง","BaanN":"บ้านโพธิ์ทะเลกลาง","__village":"บ้านโพธิ์ทะเลกลาง","land_type":"พื้นที่เกษตร","LandType":"พื้นที่เกษตร","plant_type":"นาข้าว","PlantType":"นาข้าว","crop_type":"นาข้าว","crop_type_raw":"นาข้าว","__crop":"นาข้าว","__plant_type":"นาข้าว","confidence":47,"Q":"47","source":"NASA FIRMS Email Alert - Suomi NPP VIIRS","source_file":"2569-7-20 รวม 67-69 เขต 6.xlsx","filter_rule":"Province=กำแพงเพชร; LandType=พื้นที่เกษตร; PlantType normalized to allowed groups","month":3,"month_key":"2567-03","day_key":"2024-03-31","TambonN":"นิคมทุ่งโพธิ์ทะเล","AmphoeN":"เมืองกำแพงเพชร","ProvinceN":"กำแพงเพชร","Maps":"http://maps.google.com/maps?q=16.46637,99.69701"}},{"type":"Feature","geometry":{"type":"Point","coordinates":[99.69701,16.49947]},"properties":{"hs_id":"VI1202403310714w4yvuethks","hsID":"VI1202403310714w4yvuethks","acq_date":"2024-03-31","Date":"2024-03-31","acq_time":"","year_be":2567,"season_be":2567,"dataset_year_be":2567,"province":"กำแพงเพชร","Province":"กำแพงเพชร","__province":"กำแพงเพชร","district":"เมืองกำแพงเพชร","Amphoe":"เมืองกำแพงเพชร","__district":"เมืองกำแพงเพชร","subdistrict":"นิคมทุ่งโพธิ์ทะเล","Tambon":"นิคมทุ่งโพธิ์ทะเล","__subdistrict":"นิคมทุ่งโพธิ์ทะเล","village":"บ้านบ่อทอง","BaanN":"บ้านบ่อทอง","__village":"บ้านบ่อทอง","land_type":"พื้นที่เกษตร","LandType":"พื้นที่เกษตร","plant_type":"อ้อย","PlantType":"อ้อย","crop_type":"อ้อย","crop_type_raw":"อ้อย","__crop":"อ้อย","__plant_type":"อ้อย","confidence":47,"Q":"47","source":"NASA FIRMS Email Alert - Suomi NPP VIIRS","source_file":"2569-7-20 รวม 67-69 เขต 6.xlsx","filter_rule":"Province=กำแพงเพชร; LandType=พื้นที่เกษตร; PlantType normalized to allowed groups","month":3,"month_key":"2567-03","day_key":"2024-03-31","TambonN":"นิคมทุ่งโพธิ์ทะเล","AmphoeN":"เมืองกำแพงเพชร","ProvinceN":"กำแพงเพชร","Maps":"http://maps.google.com/maps?q=16.49947,99.69701"}},{"type":"Feature","geometry":{"type":"Point","coordinates":[99.58489,16.56523]},"properties":{"hs_id":"VI1202403310714w4yy4pee2n","hsID":"VI1202403310714w4yy4pee2n","acq_date":"2024-03-31","Date":"2024-03-31","acq_time":"","year_be":2567,"season_be":2567,"dataset_year_be":2567,"province":"กำแพงเพชร","Province":"กำแพงเพชร","__province":"กำแพงเพชร","district":"เมืองกำแพงเพชร","Amphoe":"เมืองกำแพงเพชร","__district":"เมืองกำแพงเพชร","subdistrict":"หนองปลิง","Tambon":"หนองปลิง","__subdistrict":"หนองปลิง","village":"บ้านดงขวัญ","BaanN":"บ้านดงขวัญ","__village":"บ้านดงขวัญ","land_type":"พื้นที่เกษตร","LandType":"พื้นที่เกษตร","plant_type":"นาข้าว","PlantType":"นาข้าว","crop_type":"นาข้าว","crop_type_raw":"นาข้าว","__crop":"นาข้าว","__plant_type":"นาข้าว","confidence":47,"Q":"47","source":"NASA FIRMS Email Alert - Suomi NPP VIIRS","source_file":"2569-7-20 รวม 67-69 เขต 6.xlsx","filter_rule":"Province=กำแพงเพชร; LandType=พื้นที่เกษตร; PlantType normalized to allowed groups","month":3,"month_key":"2567-03","day_key":"2024-03-31","TambonN":"หนองปลิง","AmphoeN":"เมืองกำแพงเพชร","ProvinceN":"กำแพงเพชร","Maps":"http://maps.google.com/maps?q=16.56523,99.58489"}},{"type":"Feature","geometry":{"type":"Point","coordinates":[99.31192,16.09766]},"properties":{"hs_id":"VI1202403311947w4yeefkxxm","hsID":"VI1202403311947w4yeefkxxm","acq_date":"2024-04-01","Date":"2024-04-01","acq_time":"","year_be":2567,"season_be":2567,"dataset_year_be":2567,"province":"กำแพงเพชร","Province":"กำแพงเพชร","__province":"กำแพงเพชร","district":"คลองลาน","Amphoe":"คลองลาน","__district":"คลองลาน","subdistrict":"คลองลานพัฒนา","Tambon":"คลองลานพัฒนา","__subdistrict":"คลองลานพัฒนา","village":"บ้านคลองเตย","BaanN":"บ้านคลองเตย","__village":"บ้านคลองเตย","land_type":"พื้นที่เกษตร","LandType":"พื้นที่เกษตร","plant_type":"เกษตรอื่น ๆ","PlantType":"เกษตรอื่น ๆ","crop_type":"เกษตรอื่น ๆ","crop_type_raw":"เกษตรอื่น ๆ","__crop":"เกษตรอื่น ๆ","__plant_type":"เกษตรอื่น ๆ","confidence":47,"Q":"47","source":"NASA FIRMS Email Alert - Suomi NPP VIIRS","source_file":"2569-7-20 รวม 67-69 เขต 6.xlsx","filter_rule":"Province=กำแพงเพชร; LandType=พื้นที่เกษตร; PlantType normalized to allowed groups","month":4,"month_key":"2567-04","day_key":"2024-04-01","TambonN":"คลองลานพัฒนา","AmphoeN":"คลองลาน","ProvinceN":"กำแพงเพชร","Maps":"http://maps.google.com/maps?q=16.09766,99.31192"}},{"type":"Feature","geometry":{"type":"Point","coordinates":[99.61829,16.40701]},"properties":{"hs_id":"VI1202404010657w4yv6fgcf2","hsID":"VI1202404010657w4yv6fgcf2","acq_date":"2024-04-01","Date":"2024-04-01","acq_time":"","year_be":2567,"season_be":2567,"dataset_year_be":2567,"province":"กำแพงเพชร","Province":"กำแพงเพชร","__province":"กำแพงเพชร","district":"เมืองกำแพงเพชร","Amphoe":"เมืองกำแพงเพชร","__district":"เมืองกำแพงเพชร","subdistrict":"เทพนคร","Tambon":"เทพนคร","__subdistrict":"เทพนคร","village":"บ้านหนองสามมุก","BaanN":"บ้านหนองสามมุก","__village":"บ้านหนองสามมุก","land_type":"พื้นที่เกษตร","LandType":"พื้นที่เกษตร","plant_type":"เกษตรอื่น ๆ","PlantType":"เกษตรอื่น ๆ","crop_type":"เกษตรอื่น ๆ","crop_type_raw":"เกษตรอื่น ๆ","__crop":"เกษตรอื่น ๆ","__plant_type":"เกษตรอื่น ๆ","confidence":47,"Q":"47","source":"NASA FIRMS Email Alert - Suomi NPP VIIRS","source_file":"2569-7-20 รวม 67-69 เขต 6.xlsx","filter_rule":"Province=กำแพงเพชร; LandType=พื้นที่เกษตร; PlantType normalized to allowed groups","month":4,"month_key":"2567-04","day_key":"2024-04-01","TambonN":"คณฑี","AmphoeN":"เมืองกำแพงเพชร","ProvinceN":"กำแพงเพชร","Maps":"http://maps.google.com/maps?q=16.40701,99.61829"}},{"type":"Feature","geometry":{"type":"Point","coordinates":[99.81989,16.42892]},"properties":{"hs_id":"VI1202404010657w4yvrqy9kh","hsID":"VI1202404010657w4yvrqy9kh","acq_date":"2024-04-01","Date":"2024-04-01","acq_time":"","year_be":2567,"season_be":2567,"dataset_year_be":2567,"province":"กำแพงเพชร","Province":"กำแพงเพชร","__province":"กำแพงเพชร","district":"ไทรงาม","Amphoe":"ไทรงาม","__district":"ไทรงาม","subdistrict":"หนองคล้า","Tambon":"หนองคล้า","__subdistrict":"หนองคล้า","village":"บ้านวังโขน","BaanN":"บ้านวังโขน","__village":"บ้านวังโขน","land_type":"พื้นที่เกษตร","LandType":"พื้นที่เกษตร","plant_type":"นาข้าว","PlantType":"นาข้าว","crop_type":"นาข้าว","crop_type_raw":"นาข้าว","__crop":"นาข้าว","__plant_type":"นาข้าว","confidence":47,"Q":"47","source":"NASA FIRMS Email Alert - Suomi NPP VIIRS","source_file":"2569-7-20 รวม 67-69 เขต 6.xlsx","filter_rule":"Province=กำแพงเพชร; LandType=พื้นที่เกษตร; PlantType normalized to allowed groups","month":4,"month_key":"2567-04","day_key":"2024-04-01","TambonN":"หนองคล้า","AmphoeN":"ไทรงาม","ProvinceN":"กำแพงเพชร","Maps":"http://maps.google.com/maps?q=16.42892,99.81989"}},{"type":"Feature","geometry":{"type":"Point","coordinates":[99.59484,16.5598]},"properties":{"hs_id":"VI1202404010657w4yy4qdezf","hsID":"VI1202404010657w4yy4qdezf","acq_date":"2024-04-01","Date":"2024-04-01","acq_time":"","year_be":2567,"season_be":2567,"dataset_year_be":2567,"province":"กำแพงเพชร","Province":"กำแพงเพชร","__province":"กำแพงเพชร","district":"เมืองกำแพงเพชร","Amphoe":"เมืองกำแพงเพชร","__district":"เมืองกำแพงเพชร","subdistrict":"สระแก้ว","Tambon":"สระแก้ว","__subdistrict":"สระแก้ว","village":"บ้านเทพประทาน","BaanN":"บ้านเทพประทาน","__village":"บ้านเทพประทาน","land_type":"พื้นที่เกษตร","LandType":"พื้นที่เกษตร","plant_type":"นาข้าว","PlantType":"นาข้าว","crop_type":"นาข้าว","crop_type_raw":"นาข้าว","__crop":"นาข้าว","__plant_type":"นาข้าว","confidence":47,"Q":"47","source":"NASA FIRMS Email Alert - Suomi NPP VIIRS","source_file":"2569-7-20 รวม 67-69 เขต 6.xlsx","filter_rule":"Province=กำแพงเพชร; LandType=พื้นที่เกษตร; PlantType normalized to allowed groups","month":4,"month_key":"2567-04","day_key":"2024-04-01","TambonN":"สระแก้ว","AmphoeN":"เมืองกำแพงเพชร","ProvinceN":"กำแพงเพชร","Maps":"http://maps.google.com/maps?q=16.5598,99.59484"}},{"type":"Feature","geometry":{"type":"Point","coordinates":[99.99004,16.16597]},"properties":{"hs_id":"VI1202404010657w4z5gqft8g","hsID":"VI1202404010657w4z5gqft8g","acq_date":"2024-04-01","Date":"2024-04-01","acq_time":"","year_be":2567,"season_be":2567,"dataset_year_be":2567,"province":"กำแพงเพชร","Province":"กำแพงเพชร","__province":"กำแพงเพชร","district":"บึงสามัคคี","Amphoe":"บึงสามัคคี","__district":"บึงสามัคคี","subdistrict":"ระหาน","Tambon":"ระหาน","__subdistrict":"ระหาน","village":"บ้านใหม่คลองม่วง","BaanN":"บ้านใหม่คลองม่วง","__village":"บ้านใหม่คลองม่วง","land_type":"พื้นที่เกษตร","LandType":"พื้นที่เกษตร","plant_type":"นาข้าว","PlantType":"นาข้าว","crop_type":"นาข้าว","crop_type_raw":"นาข้าว","__crop":"นาข้าว","__plant_type":"นาข้าว","confidence":47,"Q":"47","source":"NASA FIRMS Email Alert - Suomi NPP VIIRS","source_file":"2569-7-20 รวม 67-69 เขต 6.xlsx","filter_rule":"Province=กำแพงเพชร; LandType=พื้นที่เกษตร; PlantType normalized to allowed groups","month":4,"month_key":"2567-04","day_key":"2024-04-01","TambonN":"ระหาน","AmphoeN":"บึงสามัคคี","ProvinceN":"กำแพงเพชร","Maps":"http://maps.google.com/maps?q=16.16597,99.99004"}},{"type":"Feature","geometry":{"type":"Point","coordinates":[99.97369,16.57662]},"properties":{"hs_id":"VI1202404010657w4zn6cwtgc","hsID":"VI1202404010657w4zn6cwtgc","acq_date":"2024-04-01","Date":"2024-04-01","acq_time":"","year_be":2567,"season_be":2567,"dataset_year_be":2567,"province":"กำแพงเพชร","Province":"กำแพงเพชร","__province":"กำแพงเพชร","district":"ลานกระบือ","Amphoe":"ลานกระบือ","__district":"ลานกระบือ","subdistrict":"ช่องลม","Tambon":"ช่องลม","__subdistrict":"ช่องลม","village":"บ้านช่องลม","BaanN":"บ้านช่องลม","__village":"บ้านช่องลม","land_type":"พื้นที่เกษตร","LandType":"พื้นที่เกษตร","plant_type":"นาข้าว","PlantType":"นาข้าว","crop_type":"นาข้าว","crop_type_raw":"นาข้าว","__crop":"นาข้าว","__plant_type":"นาข้าว","confidence":47,"Q":"47","source":"NASA FIRMS Email Alert - Suomi NPP VIIRS","source_file":"2569-7-20 รวม 67-69 เขต 6.xlsx","filter_rule":"Province=กำแพงเพชร; LandType=พื้นที่เกษตร; PlantType normalized to allowed groups","month":4,"month_key":"2567-04","day_key":"2024-04-01","TambonN":"ช่องลม","AmphoeN":"ลานกระบือ","ProvinceN":"กำแพงเพชร","Maps":"http://maps.google.com/maps?q=16.57662,99.97369"}},{"type":"Feature","geometry":{"type":"Point","coordinates":[99.6497,16.26003]},"properties":{"hs_id":"VI1202404020635w4yue849w3","hsID":"VI1202404020635w4yue849w3","acq_date":"2024-04-02","Date":"2024-04-02","acq_time":"","year_be":2567,"season_be":2567,"dataset_year_be":2567,"province":"กำแพงเพชร","Province":"กำแพงเพชร","__province":"กำแพงเพชร","district":"คลองขลุง","Amphoe":"คลองขลุง","__district":"คลองขลุง","subdistrict":"หัวถนน","Tambon":"หัวถนน","__subdistrict":"หัวถนน","village":"บ้านโนนทัน","BaanN":"บ้านโนนทัน","__village":"บ้านโนนทัน","land_type":"พื้นที่เกษตร","LandType":"พื้นที่เกษตร","plant_type":"นาข้าว","PlantType":"นาข้าว","crop_type":"นาข้าว","crop_type_raw":"นาข้าว","__crop":"นาข้าว","__plant_type":"นาข้าว","confidence":47,"Q":"47","source":"NASA FIRMS Email Alert - Suomi NPP VIIRS","source_file":"2569-7-20 รวม 67-69 เขต 6.xlsx","filter_rule":"Province=กำแพงเพชร; LandType=พื้นที่เกษตร; PlantType normalized to allowed groups","month":4,"month_key":"2567-04","day_key":"2024-04-02","TambonN":"หัวถนน","AmphoeN":"คลองขลุง","ProvinceN":"กำแพงเพชร","Maps":"http://maps.google.com/maps?q=16.26003,99.6497"}},{"type":"Feature","geometry":{"type":"Point","coordinates":[99.69739,16.46002]},"properties":{"hs_id":"VI1202404020635w4yvssmqtd","hsID":"VI1202404020635w4yvssmqtd","acq_date":"2024-04-02","Date":"2024-04-02","acq_time":"","year_be":2567,"season_be":2567,"dataset_year_be":2567,"province":"กำแพงเพชร","Province":"กำแพงเพชร","__province":"กำแพงเพชร","district":"เมืองกำแพงเพชร","Amphoe":"เมืองกำแพงเพชร","__district":"เมืองกำแพงเพชร","subdistrict":"นิคมทุ่งโพธิ์ทะเล","Tambon":"นิคมทุ่งโพธิ์ทะเล","__subdistrict":"นิคมทุ่งโพธิ์ทะเล","village":"บ้านโพธิ์ทะเลกลาง","BaanN":"บ้านโพธิ์ทะเลกลาง","__village":"บ้านโพธิ์ทะเลกลาง","land_type":"พื้นที่เกษตร","LandType":"พื้นที่เกษตร","plant_type":"นาข้าว","PlantType":"นาข้าว","crop_type":"นาข้าว","crop_type_raw":"นาข้าว","__crop":"นาข้าว","__plant_type":"นาข้าว","confidence":47,"Q":"47","source":"NASA FIRMS Email Alert - Suomi NPP VIIRS","source_file":"2569-7-20 รวม 67-69 เขต 6.xlsx","filter_rule":"Province=กำแพงเพชร; LandType=พื้นที่เกษตร; PlantType normalized to allowed groups","month":4,"month_key":"2567-04","day_key":"2024-04-02","TambonN":"นิคมทุ่งโพธิ์ทะเล","AmphoeN":"เมืองกำแพงเพชร","ProvinceN":"กำแพงเพชร","Maps":"http://maps.google.com/maps?q=16.46002,99.69739"}},{"type":"Feature","geometry":{"type":"Point","coordinates":[99.5682,16.52849]},"properties":{"hs_id":"VI1202404020635w4yy18zm7j","hsID":"VI1202404020635w4yy18zm7j","acq_date":"2024-04-02","Date":"2024-04-02","acq_time":"","year_be":2567,"season_be":2567,"dataset_year_be":2567,"province":"กำแพงเพชร","Province":"กำแพงเพชร","__province":"กำแพงเพชร","district":"เมืองกำแพงเพชร","Amphoe":"เมืองกำแพงเพชร","__district":"เมืองกำแพงเพชร","subdistrict":"สระแก้ว","Tambon":"สระแก้ว","__subdistrict":"สระแก้ว","village":"บ้านทรัพย์ไพรวัลย์","BaanN":"บ้านทรัพย์ไพรวัลย์","__village":"บ้านทรัพย์ไพรวัลย์","land_type":"พื้นที่เกษตร","LandType":"พื้นที่เกษตร","plant_type":"นาข้าว","PlantType":"นาข้าว","crop_type":"นาข้าว","crop_type_raw":"นาข้าว","__crop":"นาข้าว","__plant_type":"นาข้าว","confidence":47,"Q":"47","source":"NASA FIRMS Email Alert - Suomi NPP VIIRS","source_file":"2569-7-20 รวม 67-69 เขต 6.xlsx","filter_rule":"Province=กำแพงเพชร; LandType=พื้นที่เกษตร; PlantType normalized to allowed groups","month":4,"month_key":"2567-04","day_key":"2024-04-02","TambonN":"สระแก้ว","AmphoeN":"เมืองกำแพงเพชร","ProvinceN":"กำแพงเพชร","Maps":"http://maps.google.com/maps?q=16.52849,99.5682"}},{"type":"Feature","geometry":{"type":"Point","coordinates":[99.6525,16.66622]},"properties":{"hs_id":"VI1202404020635w4yyg9uxz8","hsID":"VI1202404020635w4yyg9uxz8","acq_date":"2024-04-02","Date":"2024-04-02","acq_time":"","year_be":2567,"season_be":2567,"dataset_year_be":2567,"province":"กำแพงเพชร","Province":"กำแพงเพชร","__province":"กำแพงเพชร","district":"พรานกระต่าย","Amphoe":"พรานกระต่าย","__district":"พรานกระต่าย","subdistrict":"คุยบ้านโอง","Tambon":"คุยบ้านโอง","__subdistrict":"คุยบ้านโอง","village":"บ้านคุยบ้านโอง","BaanN":"บ้านคุยบ้านโอง","__village":"บ้านคุยบ้านโอง","land_type":"พื้นที่เกษตร","LandType":"พื้นที่เกษตร","plant_type":"นาข้าว","PlantType":"นาข้าว","crop_type":"นาข้าว","crop_type_raw":"นาข้าว","__crop":"นาข้าว","__plant_type":"นาข้าว","confidence":47,"Q":"47","source":"NASA FIRMS Email Alert - Suomi NPP VIIRS","source_file":"2569-7-20 รวม 67-69 เขต 6.xlsx","filter_rule":"Province=กำแพงเพชร; LandType=พื้นที่เกษตร; PlantType normalized to allowed groups","month":4,"month_key":"2567-04","day_key":"2024-04-02","TambonN":"คุยบ้านโอง","AmphoeN":"พรานกระต่าย","ProvinceN":"กำแพงเพชร","Maps":"http://maps.google.com/maps?q=16.66622,99.6525"}},{"type":"Feature","geometry":{"type":"Point","coordinates":[99.81421,16.24431]},"properties":{"hs_id":"VI1202404030618w4yurm4mzw","hsID":"VI1202404030618w4yurm4mzw","acq_date":"2024-04-03","Date":"2024-04-03","acq_time":"","year_be":2567,"season_be":2567,"dataset_year_be":2567,"province":"กำแพงเพชร","Province":"กำแพงเพชร","__province":"กำแพงเพชร","district":"คลองขลุง","Amphoe":"คลองขลุง","__district":"คลองขลุง","subdistrict":"วังยาง","Tambon":"วังยาง","__subdistrict":"วังยาง","village":"บ้านหนองนกกระทุง","BaanN":"บ้านหนองนกกระทุง","__village":"บ้านหนองนกกระทุง","land_type":"พื้นที่เกษตร","LandType":"พื้นที่เกษตร","plant_type":"เกษตรอื่น ๆ","PlantType":"เกษตรอื่น ๆ","crop_type":"เกษตรอื่น ๆ","crop_type_raw":"เกษตรอื่น ๆ","__crop":"เกษตรอื่น ๆ","__plant_type":"เกษตรอื่น ๆ","confidence":47,"Q":"47","source":"NASA FIRMS Email Alert - Suomi NPP VIIRS","source_file":"2569-7-20 รวม 67-69 เขต 6.xlsx","filter_rule":"Province=กำแพงเพชร; LandType=พื้นที่เกษตร; PlantType normalized to allowed groups","month":4,"month_key":"2567-04","day_key":"2024-04-03","TambonN":"วังแขม","AmphoeN":"คลองขลุง","ProvinceN":"กำแพงเพชร","Maps":"http://maps.google.com/maps?q=16.24431,99.81421"}},{"type":"Feature","geometry":{"type":"Point","coordinates":[99.61507,16.53886]},"properties":{"hs_id":"VI1202404030618w4yy4fc3z6","hsID":"VI1202404030618w4yy4fc3z6","acq_date":"2024-04-03","Date":"2024-04-03","acq_time":"","year_be":2567,"season_be":2567,"dataset_year_be":2567,"province":"กำแพงเพชร","Province":"กำแพงเพชร","__province":"กำแพงเพชร","district":"เมืองกำแพงเพชร","Amphoe":"เมืองกำแพงเพชร","__district":"เมืองกำแพงเพชร","subdistrict":"สระแก้ว","Tambon":"สระแก้ว","__subdistrict":"สระแก้ว","village":"บ้านห้วยปัก","BaanN":"บ้านห้วยปัก","__village":"บ้านห้วยปัก","land_type":"พื้นที่เกษตร","LandType":"พื้นที่เกษตร","plant_type":"นาข้าว","PlantType":"นาข้าว","crop_type":"นาข้าว","crop_type_raw":"นาข้าว","__crop":"นาข้าว","__plant_type":"นาข้าว","confidence":47,"Q":"47","source":"NASA FIRMS Email Alert - Suomi NPP VIIRS","source_file":"2569-7-20 รวม 67-69 เขต 6.xlsx","filter_rule":"Province=กำแพงเพชร; LandType=พื้นที่เกษตร; PlantType normalized to allowed groups","month":4,"month_key":"2567-04","day_key":"2024-04-03","TambonN":"สระแก้ว","AmphoeN":"เมืองกำแพงเพชร","ProvinceN":"กำแพงเพชร","Maps":"http://maps.google.com/maps?q=16.53886,99.61507"}},{"type":"Feature","geometry":{"type":"Point","coordinates":[99.32542,16.07561]},"properties":{"hs_id":"VI1202404031849w4yeknqx4n","hsID":"VI1202404031849w4yeknqx4n","acq_date":"2024-04-04","Date":"2024-04-04","acq_time":"","year_be":2567,"season_be":2567,"dataset_year_be":2567,"province":"กำแพงเพชร","Province":"กำแพงเพชร","__province":"กำแพงเพชร","district":"คลองลาน","Amphoe":"คลองลาน","__district":"คลองลาน","subdistrict":"คลองลานพัฒนา","Tambon":"คลองลานพัฒนา","__subdistrict":"คลองลานพัฒนา","village":"บ้านแม่พืช (แปลงสี่)","BaanN":"บ้านแม่พืช (แปลงสี่)","__village":"บ้านแม่พืช (แปลงสี่)","land_type":"พื้นที่เกษตร","LandType":"พื้นที่เกษตร","plant_type":"เกษตรอื่น ๆ","PlantType":"เกษตรอื่น ๆ","crop_type":"เกษตรอื่น ๆ","crop_type_raw":"เกษตรอื่น ๆ","__crop":"เกษตรอื่น ๆ","__plant_type":"เกษตรอื่น ๆ","confidence":47,"Q":"47","source":"NASA FIRMS Email Alert - Suomi NPP VIIRS","source_file":"2569-7-20 รวม 67-69 เขต 6.xlsx","filter_rule":"Province=กำแพงเพชร; LandType=พื้นที่เกษตร; PlantType normalized to allowed groups","month":4,"month_key":"2567-04","day_key":"2024-04-04","TambonN":"คลองลานพัฒนา","AmphoeN":"คลองลาน","ProvinceN":"กำแพงเพชร","Maps":"http://maps.google.com/maps?q=16.07561,99.32542"}},{"type":"Feature","geometry":{"type":"Point","coordinates":[99.61253,16.12334]},"properties":{"hs_id":"VI1202404040557w4ygdxptk0","hsID":"VI1202404040557w4ygdxptk0","acq_date":"2024-04-04","Date":"2024-04-04","acq_time":"","year_be":2567,"season_be":2567,"dataset_year_be":2567,"province":"กำแพงเพชร","Province":"กำแพงเพชร","__province":"กำแพงเพชร","district":"ปางศิลาทอง","Amphoe":"ปางศิลาทอง","__district":"ปางศิลาทอง","subdistrict":"โพธิ์ทอง","Tambon":"โพธิ์ทอง","__subdistrict":"โพธิ์ทอง","village":"บ้านด่านกรวด","BaanN":"บ้านด่านกรวด","__village":"บ้านด่านกรวด","land_type":"พื้นที่เกษตร","LandType":"พื้นที่เกษตร","plant_type":"อ้อย","PlantType":"อ้อย","crop_type":"อ้อย","crop_type_raw":"อ้อย","__crop":"อ้อย","__plant_type":"อ้อย","confidence":47,"Q":"47","source":"NASA FIRMS Email Alert - Suomi NPP VIIRS","source_file":"2569-7-20 รวม 67-69 เขต 6.xlsx","filter_rule":"Province=กำแพงเพชร; LandType=พื้นที่เกษตร; PlantType normalized to allowed groups","month":4,"month_key":"2567-04","day_key":"2024-04-04","TambonN":"โค้งไผ่","AmphoeN":"ขาณุวรลักษบุรี","ProvinceN":"กำแพงเพชร","Maps":"http://maps.google.com/maps?q=16.12334,99.61253"}},{"type":"Feature","geometry":{"type":"Point","coordinates":[99.84993,16.18084]},"properties":{"hs_id":"VI1202404040557w4zh01ss0p","hsID":"VI1202404040557w4zh01ss0p","acq_date":"2024-04-04","Date":"2024-04-04","acq_time":"","year_be":2567,"season_be":2567,"dataset_year_be":2567,"province":"กำแพงเพชร","Province":"กำแพงเพชร","__province":"กำแพงเพชร","district":"คลองขลุง","Amphoe":"คลองขลุง","__district":"คลองขลุง","subdistrict":"วังแขม","Tambon":"วังแขม","__subdistrict":"วังแขม","village":"บ้านคลองไสยา","BaanN":"บ้านคลองไสยา","__village":"บ้านคลองไสยา","land_type":"พื้นที่เกษตร","LandType":"พื้นที่เกษตร","plant_type":"นาข้าว","PlantType":"นาข้าว","crop_type":"นาข้าว","crop_type_raw":"นาข้าว","__crop":"นาข้าว","__plant_type":"นาข้าว","confidence":47,"Q":"47","source":"NASA FIRMS Email Alert - Suomi NPP VIIRS","source_file":"2569-7-20 รวม 67-69 เขต 6.xlsx","filter_rule":"Province=กำแพงเพชร; LandType=พื้นที่เกษตร; PlantType normalized to allowed groups","month":4,"month_key":"2567-04","day_key":"2024-04-04","TambonN":"วังแขม","AmphoeN":"คลองขลุง","ProvinceN":"กำแพงเพชร","Maps":"http://maps.google.com/maps?q=16.18084,99.84993"}},{"type":"Feature","geometry":{"type":"Point","coordinates":[99.85104,16.18141]},"properties":{"hs_id":"VI1202404040557w4zh01tr9c","hsID":"VI1202404040557w4zh01tr9c","acq_date":"2024-04-04","Date":"2024-04-04","acq_time":"","year_be":2567,"season_be":2567,"dataset_year_be":2567,"province":"กำแพงเพชร","Province":"กำแพงเพชร","__province":"กำแพงเพชร","district":"คลองขลุง","Amphoe":"คลองขลุง","__district":"คลองขลุง","subdistrict":"วังแขม","Tambon":"วังแขม","__subdistrict":"วังแขม","village":"บ้านคลองไสยา","BaanN":"บ้านคลองไสยา","__village":"บ้านคลองไสยา","land_type":"พื้นที่เกษตร","LandType":"พื้นที่เกษตร","plant_type":"นาข้าว","PlantType":"นาข้าว","crop_type":"นาข้าว","crop_type_raw":"นาข้าว","__crop":"นาข้าว","__plant_type":"นาข้าว","confidence":47,"Q":"47","source":"NASA FIRMS Email Alert - Suomi NPP VIIRS","source_file":"2569-7-20 รวม 67-69 เขต 6.xlsx","filter_rule":"Province=กำแพงเพชร; LandType=พื้นที่เกษตร; PlantType normalized to allowed groups","month":4,"month_key":"2567-04","day_key":"2024-04-04","TambonN":"วังแขม","AmphoeN":"คลองขลุง","ProvinceN":"กำแพงเพชร","Maps":"http://maps.google.com/maps?q=16.18141,99.85104"}},{"type":"Feature","geometry":{"type":"Point","coordinates":[99.70517,16.32954]},"properties":{"hs_id":"VI1202404050720w4yuuuen6y","hsID":"VI1202404050720w4yuuuen6y","acq_date":"2024-04-05","Date":"2024-04-05","acq_time":"","year_be":2567,"season_be":2567,"dataset_year_be":2567,"province":"กำแพงเพชร","Province":"กำแพงเพชร","__province":"กำแพงเพชร","district":"คลองขลุง","Amphoe":"คลองขลุง","__district":"คลองขลุง","subdistrict":"วังบัว","Tambon":"วังบัว","__subdistrict":"วังบัว","village":"บ้านสามง่าม","BaanN":"บ้านสามง่าม","__village":"บ้านสามง่าม","land_type":"พื้นที่เกษตร","LandType":"พื้นที่เกษตร","plant_type":"นาข้าว","PlantType":"นาข้าว","crop_type":"นาข้าว","crop_type_raw":"นาข้าว","__crop":"นาข้าว","__plant_type":"นาข้าว","confidence":47,"Q":"47","source":"NASA FIRMS Email Alert - Suomi NPP VIIRS","source_file":"2569-7-20 รวม 67-69 เขต 6.xlsx","filter_rule":"Province=กำแพงเพชร; LandType=พื้นที่เกษตร; PlantType normalized to allowed groups","month":4,"month_key":"2567-04","day_key":"2024-04-05","TambonN":"วังบัว","AmphoeN":"คลองขลุง","ProvinceN":"กำแพงเพชร","Maps":"http://maps.google.com/maps?q=16.32954,99.70517"}},{"type":"Feature","geometry":{"type":"Point","coordinates":[99.66461,16.47989]},"properties":{"hs_id":"VI1202404050720w4yvgbjd3d","hsID":"VI1202404050720w4yvgbjd3d","acq_date":"2024-04-05","Date":"2024-04-05","acq_time":"","year_be":2567,"season_be":2567,"dataset_year_be":2567,"province":"กำแพงเพชร","Province":"กำแพงเพชร","__province":"กำแพงเพชร","district":"เมืองกำแพงเพชร","Amphoe":"เมืองกำแพงเพชร","__district":"เมืองกำแพงเพชร","subdistrict":"นิคมทุ่งโพธิ์ทะเล","Tambon":"นิคมทุ่งโพธิ์ทะเล","__subdistrict":"นิคมทุ่งโพธิ์ทะเล","village":"บ้านคลองเรือ","BaanN":"บ้านคลองเรือ","__village":"บ้านคลองเรือ","land_type":"พื้นที่เกษตร","LandType":"พื้นที่เกษตร","plant_type":"นาข้าว","PlantType":"นาข้าว","crop_type":"นาข้าว","crop_type_raw":"นาข้าว","__crop":"นาข้าว","__plant_type":"นาข้าว","confidence":47,"Q":"47","source":"NASA FIRMS Email Alert - Suomi NPP VIIRS","source_file":"2569-7-20 รวม 67-69 เขต 6.xlsx","filter_rule":"Province=กำแพงเพชร; LandType=พื้นที่เกษตร; PlantType normalized to allowed groups","month":4,"month_key":"2567-04","day_key":"2024-04-05","TambonN":"เทพนคร","AmphoeN":"เมืองกำแพงเพชร","ProvinceN":"กำแพงเพชร","Maps":"http://maps.google.com/maps?q=16.47989,99.66461"}},{"type":"Feature","geometry":{"type":"Point","coordinates":[99.66457,16.48138]},"properties":{"hs_id":"VI1202404050720w4yvgbmdbz","hsID":"VI1202404050720w4yvgbmdbz","acq_date":"2024-04-05","Date":"2024-04-05","acq_time":"","year_be":2567,"season_be":2567,"dataset_year_be":2567,"province":"กำแพงเพชร","Province":"กำแพงเพชร","__province":"กำแพงเพชร","district":"เมืองกำแพงเพชร","Amphoe":"เมืองกำแพงเพชร","__district":"เมืองกำแพงเพชร","subdistrict":"นิคมทุ่งโพธิ์ทะเล","Tambon":"นิคมทุ่งโพธิ์ทะเล","__subdistrict":"นิคมทุ่งโพธิ์ทะเล","village":"บ้านคลองเรือ","BaanN":"บ้านคลองเรือ","__village":"บ้านคลองเรือ","land_type":"พื้นที่เกษตร","LandType":"พื้นที่เกษตร","plant_type":"นาข้าว","PlantType":"นาข้าว","crop_type":"นาข้าว","crop_type_raw":"นาข้าว","__crop":"นาข้าว","__plant_type":"นาข้าว","confidence":47,"Q":"47","source":"NASA FIRMS Email Alert - Suomi NPP VIIRS","source_file":"2569-7-20 รวม 67-69 เขต 6.xlsx","filter_rule":"Province=กำแพงเพชร; LandType=พื้นที่เกษตร; PlantType normalized to allowed groups","month":4,"month_key":"2567-04","day_key":"2024-04-05","TambonN":"เทพนคร","AmphoeN":"เมืองกำแพงเพชร","ProvinceN":"กำแพงเพชร","Maps":"http://maps.google.com/maps?q=16.48138,99.66457"}},{"type":"Feature","geometry":{"type":"Point","coordinates":[99.70793,16.34812]},"properties":{"hs_id":"VI1202404050720w4yvhbj4en","hsID":"VI1202404050720w4yvhbj4en","acq_date":"2024-04-05","Date":"2024-04-05","acq_time":"","year_be":2567,"season_be":2567,"dataset_year_be":2567,"province":"กำแพงเพชร","Province":"กำแพงเพชร","__province":"กำแพงเพชร","district":"เมืองกำแพงเพชร","Amphoe":"เมืองกำแพงเพชร","__district":"เมืองกำแพงเพชร","subdistrict":"คณฑี","Tambon":"คณฑี","__subdistrict":"คณฑี","village":"บ้านหงษ์ทองเจริญ","BaanN":"บ้านหงษ์ทองเจริญ","__village":"บ้านหงษ์ทองเจริญ","land_type":"พื้นที่เกษตร","LandType":"พื้นที่เกษตร","plant_type":"นาข้าว","PlantType":"นาข้าว","crop_type":"นาข้าว","crop_type_raw":"นาข้าว","__crop":"นาข้าว","__plant_type":"นาข้าว","confidence":47,"Q":"47","source":"NASA FIRMS Email Alert - Suomi NPP VIIRS","source_file":"2569-7-20 รวม 67-69 เขต 6.xlsx","filter_rule":"Province=กำแพงเพชร; LandType=พื้นที่เกษตร; PlantType normalized to allowed groups","month":4,"month_key":"2567-04","day_key":"2024-04-05","TambonN":"คณฑี","AmphoeN":"เมืองกำแพงเพชร","ProvinceN":"กำแพงเพชร","Maps":"http://maps.google.com/maps?q=16.34812,99.70793"}},{"type":"Feature","geometry":{"type":"Point","coordinates":[99.7347,16.48114]},"properties":{"hs_id":"VI1202404050720w4yvv829dg","hsID":"VI1202404050720w4yvv829dg","acq_date":"2024-04-05","Date":"2024-04-05","acq_time":"","year_be":2567,"season_be":2567,"dataset_year_be":2567,"province":"กำแพงเพชร","Province":"กำแพงเพชร","__province":"กำแพงเพชร","district":"เมืองกำแพงเพชร","Amphoe":"เมืองกำแพงเพชร","__district":"เมืองกำแพงเพชร","subdistrict":"นิคมทุ่งโพธิ์ทะเล","Tambon":"นิคมทุ่งโพธิ์ทะเล","__subdistrict":"นิคมทุ่งโพธิ์ทะเล","village":"บ้านหนองซึ่งพัฒนา","BaanN":"บ้านหนองซึ่งพัฒนา","__village":"บ้านหนองซึ่งพัฒนา","land_type":"พื้นที่เกษตร","LandType":"พื้นที่เกษตร","plant_type":"นาข้าว","PlantType":"นาข้าว","crop_type":"นาข้าว","crop_type_raw":"นาข้าว","__crop":"นาข้าว","__plant_type":"นาข้าว","confidence":47,"Q":"47","source":"NASA FIRMS Email Alert - Suomi NPP VIIRS","source_file":"2569-7-20 รวม 67-69 เขต 6.xlsx","filter_rule":"Province=กำแพงเพชร; LandType=พื้นที่เกษตร; PlantType normalized to allowed groups","month":4,"month_key":"2567-04","day_key":"2024-04-05","TambonN":"นิคมทุ่งโพธิ์ทะเล","AmphoeN":"เมืองกำแพงเพชร","ProvinceN":"กำแพงเพชร","Maps":"http://maps.google.com/maps?q=16.48114,99.7347"}},{"type":"Feature","geometry":{"type":"Point","coordinates":[99.73476,16.48216]},"properties":{"hs_id":"VI1202404050720w4yvv82xs3","hsID":"VI1202404050720w4yvv82xs3","acq_date":"2024-04-05","Date":"2024-04-05","acq_time":"","year_be":2567,"season_be":2567,"dataset_year_be":2567,"province":"กำแพงเพชร","Province":"กำแพงเพชร","__province":"กำแพงเพชร","district":"เมืองกำแพงเพชร","Amphoe":"เมืองกำแพงเพชร","__district":"เมืองกำแพงเพชร","subdistrict":"นิคมทุ่งโพธิ์ทะเล","Tambon":"นิคมทุ่งโพธิ์ทะเล","__subdistrict":"นิคมทุ่งโพธิ์ทะเล","village":"บ้านหนองซึ่งพัฒนา","BaanN":"บ้านหนองซึ่งพัฒนา","__village":"บ้านหนองซึ่งพัฒนา","land_type":"พื้นที่เกษตร","LandType":"พื้นที่เกษตร","plant_type":"นาข้าว","PlantType":"นาข้าว","crop_type":"นาข้าว","crop_type_raw":"นาข้าว","__crop":"นาข้าว","__plant_type":"นาข้าว","confidence":47,"Q":"47","source":"NASA FIRMS Email Alert - Suomi NPP VIIRS","source_file":"2569-7-20 รวม 67-69 เขต 6.xlsx","filter_rule":"Province=กำแพงเพชร; LandType=พื้นที่เกษตร; PlantType normalized to allowed groups","month":4,"month_key":"2567-04","day_key":"2024-04-05","TambonN":"นิคมทุ่งโพธิ์ทะเล","AmphoeN":"เมืองกำแพงเพชร","ProvinceN":"กำแพงเพชร","Maps":"http://maps.google.com/maps?q=16.48216,99.73476"}},{"type":"Feature","geometry":{"type":"Point","coordinates":[99.7241,16.19308]},"properties":{"hs_id":"VI1202404060701w4yuj7bgeb","hsID":"VI1202404060701w4yuj7bgeb","acq_date":"2024-04-06","Date":"2024-04-06","acq_time":"","year_be":2567,"season_be":2567,"dataset_year_be":2567,"province":"กำแพงเพชร","Province":"กำแพงเพชร","__province":"กำแพงเพชร","district":"คลองขลุง","Amphoe":"คลองขลุง","__district":"คลองขลุง","subdistrict":"คลองขลุง","Tambon":"คลองขลุง","__subdistrict":"คลองขลุง","village":"บ้านท้องคุ้ง","BaanN":"บ้านท้องคุ้ง","__village":"บ้านท้องคุ้ง","land_type":"พื้นที่เกษตร","LandType":"พื้นที่เกษตร","plant_type":"นาข้าว","PlantType":"นาข้าว","crop_type":"นาข้าว","crop_type_raw":"นาข้าว","__crop":"นาข้าว","__plant_type":"นาข้าว","confidence":47,"Q":"47","source":"NASA FIRMS Email Alert - Suomi NPP VIIRS","source_file":"2569-7-20 รวม 67-69 เขต 6.xlsx","filter_rule":"Province=กำแพงเพชร; LandType=พื้นที่เกษตร; PlantType normalized to allowed groups","month":4,"month_key":"2567-04","day_key":"2024-04-06","TambonN":"คลองขลุง","AmphoeN":"คลองขลุง","ProvinceN":"กำแพงเพชร","Maps":"http://maps.google.com/maps?q=16.19308,99.7241"}},{"type":"Feature","geometry":{"type":"Point","coordinates":[99.72363,16.19349]},"properties":{"hs_id":"VI1202404060701w4yuj7btcj","hsID":"VI1202404060701w4yuj7btcj","acq_date":"2024-04-06","Date":"2024-04-06","acq_time":"","year_be":2567,"season_be":2567,"dataset_year_be":2567,"province":"กำแพงเพชร","Province":"กำแพงเพชร","__province":"กำแพงเพชร","district":"คลองขลุง","Amphoe":"คลองขลุง","__district":"คลองขลุง","subdistrict":"คลองขลุง","Tambon":"คลองขลุง","__subdistrict":"คลองขลุง","village":"บ้านท้องคุ้ง","BaanN":"บ้านท้องคุ้ง","__village":"บ้านท้องคุ้ง","land_type":"พื้นที่เกษตร","LandType":"พื้นที่เกษตร","plant_type":"นาข้าว","PlantType":"นาข้าว","crop_type":"นาข้าว","crop_type_raw":"นาข้าว","__crop":"นาข้าว","__plant_type":"นาข้าว","confidence":47,"Q":"47","source":"NASA FIRMS Email Alert - Suomi NPP VIIRS","source_file":"2569-7-20 รวม 67-69 เขต 6.xlsx","filter_rule":"Province=กำแพงเพชร; LandType=พื้นที่เกษตร; PlantType normalized to allowed groups","month":4,"month_key":"2567-04","day_key":"2024-04-06","TambonN":"คลองขลุง","AmphoeN":"คลองขลุง","ProvinceN":"กำแพงเพชร","Maps":"http://maps.google.com/maps?q=16.19349,99.72363"}},{"type":"Feature","geometry":{"type":"Point","coordinates":[99.725,16.25578]},"properties":{"hs_id":"VI1202404060701w4yumr38bc","hsID":"VI1202404060701w4yumr38bc","acq_date":"2024-04-06","Date":"2024-04-06","acq_time":"","year_be":2567,"season_be":2567,"dataset_year_be":2567,"province":"กำแพงเพชร","Province":"กำแพงเพชร","__province":"กำแพงเพชร","district":"คลองขลุง","Amphoe":"คลองขลุง","__district":"คลองขลุง","subdistrict":"ท่ามะเขือ","Tambon":"ท่ามะเขือ","__subdistrict":"ท่ามะเขือ","village":"บ้านดงประดา","BaanN":"บ้านดงประดา","__village":"บ้านดงประดา","land_type":"พื้นที่เกษตร","LandType":"พื้นที่เกษตร","plant_type":"อ้อย","PlantType":"อ้อย","crop_type":"อ้อย","crop_type_raw":"อ้อย","__crop":"อ้อย","__plant_type":"อ้อย","confidence":47,"Q":"47","source":"NASA FIRMS Email Alert - Suomi NPP VIIRS","source_file":"2569-7-20 รวม 67-69 เขต 6.xlsx","filter_rule":"Province=กำแพงเพชร; LandType=พื้นที่เกษตร; PlantType normalized to allowed groups","month":4,"month_key":"2567-04","day_key":"2024-04-06","TambonN":"ท่ามะเขือ","AmphoeN":"คลองขลุง","ProvinceN":"กำแพงเพชร","Maps":"http://maps.google.com/maps?q=16.25578,99.725"}},{"type":"Feature","geometry":{"type":"Point","coordinates":[99.79234,16.18776]},"properties":{"hs_id":"VI1202404060701w4yunffsd1","hsID":"VI1202404060701w4yunffsd1","acq_date":"2024-04-06","Date":"2024-04-06","acq_time":"","year_be":2567,"season_be":2567,"dataset_year_be":2567,"province":"กำแพงเพชร","Province":"กำแพงเพชร","__province":"กำแพงเพชร","district":"คลองขลุง","Amphoe":"คลองขลุง","__district":"คลองขลุง","subdistrict":"วังแขม","Tambon":"วังแขม","__subdistrict":"วังแขม","village":"บ้านวังแขมเหนือ","BaanN":"บ้านวังแขมเหนือ","__village":"บ้านวังแขมเหนือ","land_type":"พื้นที่เกษตร","LandType":"พื้นที่เกษตร","plant_type":"นาข้าว","PlantType":"นาข้าว","crop_type":"นาข้าว","crop_type_raw":"นาข้าว","__crop":"นาข้าว","__plant_type":"นาข้าว","confidence":47,"Q":"47","source":"NASA FIRMS Email Alert - Suomi NPP VIIRS","source_file":"2569-7-20 รวม 67-69 เขต 6.xlsx","filter_rule":"Province=กำแพงเพชร; LandType=พื้นที่เกษตร; PlantType normalized to allowed groups","month":4,"month_key":"2567-04","day_key":"2024-04-06","TambonN":"วังแขม","AmphoeN":"คลองขลุง","ProvinceN":"กำแพงเพชร","Maps":"http://maps.google.com/maps?q=16.18776,99.79234"}},{"type":"Feature","geometry":{"type":"Point","coordinates":[99.79172,16.18866]},"properties":{"hs_id":"VI1202404060701w4yung41g8","hsID":"VI1202404060701w4yung41g8","acq_date":"2024-04-06","Date":"2024-04-06","acq_time":"","year_be":2567,"season_be":2567,"dataset_year_be":2567,"province":"กำแพงเพชร","Province":"กำแพงเพชร","__province":"กำแพงเพชร","district":"คลองขลุง","Amphoe":"คลองขลุง","__district":"คลองขลุง","subdistrict":"วังแขม","Tambon":"วังแขม","__subdistrict":"วังแขม","village":"บ้านวังแขมเหนือ","BaanN":"บ้านวังแขมเหนือ","__village":"บ้านวังแขมเหนือ","land_type":"พื้นที่เกษตร","LandType":"พื้นที่เกษตร","plant_type":"นาข้าว","PlantType":"นาข้าว","crop_type":"นาข้าว","crop_type_raw":"นาข้าว","__crop":"นาข้าว","__plant_type":"นาข้าว","confidence":47,"Q":"47","source":"NASA FIRMS Email Alert - Suomi NPP VIIRS","source_file":"2569-7-20 รวม 67-69 เขต 6.xlsx","filter_rule":"Province=กำแพงเพชร; LandType=พื้นที่เกษตร; PlantType normalized to allowed groups","month":4,"month_key":"2567-04","day_key":"2024-04-06","TambonN":"วังแขม","AmphoeN":"คลองขลุง","ProvinceN":"กำแพงเพชร","Maps":"http://maps.google.com/maps?q=16.18866,99.79172"}},{"type":"Feature","geometry":{"type":"Point","coordinates":[99.56223,16.42314]},"properties":{"hs_id":"VI1202404060701w4yv3tep8p","hsID":"VI1202404060701w4yv3tep8p","acq_date":"2024-04-06","Date":"2024-04-06","acq_time":"","year_be":2567,"season_be":2567,"dataset_year_be":2567,"province":"กำแพงเพชร","Province":"กำแพงเพชร","__province":"กำแพงเพชร","district":"เมืองกำแพงเพชร","Amphoe":"เมืองกำแพงเพชร","__district":"เมืองกำแพงเพชร","subdistrict":"เทพนคร","Tambon":"เทพนคร","__subdistrict":"เทพนคร","village":"บ้านวังทองหลาง","BaanN":"บ้านวังทองหลาง","__village":"บ้านวังทองหลาง","land_type":"พื้นที่เกษตร","LandType":"พื้นที่เกษตร","plant_type":"นาข้าว","PlantType":"นาข้าว","crop_type":"นาข้าว","crop_type_raw":"นาข้าว","__crop":"นาข้าว","__plant_type":"นาข้าว","confidence":47,"Q":"47","source":"NASA FIRMS Email Alert - Suomi NPP VIIRS","source_file":"2569-7-20 รวม 67-69 เขต 6.xlsx","filter_rule":"Province=กำแพงเพชร; LandType=พื้นที่เกษตร; PlantType normalized to allowed groups","month":4,"month_key":"2567-04","day_key":"2024-04-06","TambonN":"เทพนคร","AmphoeN":"เมืองกำแพงเพชร","ProvinceN":"กำแพงเพชร","Maps":"http://maps.google.com/maps?q=16.42314,99.56223"}},{"type":"Feature","geometry":{"type":"Point","coordinates":[99.57036,16.42857]},"properties":{"hs_id":"VI1202404060701w4yv3y8zme","hsID":"VI1202404060701w4yv3y8zme","acq_date":"2024-04-06","Date":"2024-04-06","acq_time":"","year_be":2567,"season_be":2567,"dataset_year_be":2567,"province":"กำแพงเพชร","Province":"กำแพงเพชร","__province":"กำแพงเพชร","district":"เมืองกำแพงเพชร","Amphoe":"เมืองกำแพงเพชร","__district":"เมืองกำแพงเพชร","subdistrict":"เทพนคร","Tambon":"เทพนคร","__subdistrict":"เทพนคร","village":"บ้านวังทองหลาง","BaanN":"บ้านวังทองหลาง","__village":"บ้านวังทองหลาง","land_type":"พื้นที่เกษตร","LandType":"พื้นที่เกษตร","plant_type":"นาข้าว","PlantType":"นาข้าว","crop_type":"นาข้าว","crop_type_raw":"นาข้าว","__crop":"นาข้าว","__plant_type":"นาข้าว","confidence":47,"Q":"47","source":"NASA FIRMS Email Alert - Suomi NPP VIIRS","source_file":"2569-7-20 รวม 67-69 เขต 6.xlsx","filter_rule":"Province=กำแพงเพชร; LandType=พื้นที่เกษตร; PlantType normalized to allowed groups","month":4,"month_key":"2567-04","day_key":"2024-04-06","TambonN":"เทพนคร","AmphoeN":"เมืองกำแพงเพชร","ProvinceN":"กำแพงเพชร","Maps":"http://maps.google.com/maps?q=16.42857,99.57036"}},{"type":"Feature","geometry":{"type":"Point","coordinates":[99.61396,16.4339]},"properties":{"hs_id":"VI1202404060701w4yv6z8wmt","hsID":"VI1202404060701w4yv6z8wmt","acq_date":"2024-04-06","Date":"2024-04-06","acq_time":"","year_be":2567,"season_be":2567,"dataset_year_be":2567,"province":"กำแพงเพชร","Province":"กำแพงเพชร","__province":"กำแพงเพชร","district":"เมืองกำแพงเพชร","Amphoe":"เมืองกำแพงเพชร","__district":"เมืองกำแพงเพชร","subdistrict":"เทพนคร","Tambon":"เทพนคร","__subdistrict":"เทพนคร","village":"บ้านไทรย้อย","BaanN":"บ้านไทรย้อย","__village":"บ้านไทรย้อย","land_type":"พื้นที่เกษตร","LandType":"พื้นที่เกษตร","plant_type":"นาข้าว","PlantType":"นาข้าว","crop_type":"นาข้าว","crop_type_raw":"นาข้าว","__crop":"นาข้าว","__plant_type":"นาข้าว","confidence":47,"Q":"47","source":"NASA FIRMS Email Alert - Suomi NPP VIIRS","source_file":"2569-7-20 รวม 67-69 เขต 6.xlsx","filter_rule":"Province=กำแพงเพชร; LandType=พื้นที่เกษตร; PlantType normalized to allowed groups","month":4,"month_key":"2567-04","day_key":"2024-04-06","TambonN":"เทพนคร","AmphoeN":"เมืองกำแพงเพชร","ProvinceN":"กำแพงเพชร","Maps":"http://maps.google.com/maps?q=16.4339,99.61396"}},{"type":"Feature","geometry":{"type":"Point","coordinates":[99.6651,16.41781]},"properties":{"hs_id":"VI1202404060701w4yv7uvbtj","hsID":"VI1202404060701w4yv7uvbtj","acq_date":"2024-04-06","Date":"2024-04-06","acq_time":"","year_be":2567,"season_be":2567,"dataset_year_be":2567,"province":"กำแพงเพชร","Province":"กำแพงเพชร","__province":"กำแพงเพชร","district":"เมืองกำแพงเพชร","Amphoe":"เมืองกำแพงเพชร","__district":"เมืองกำแพงเพชร","subdistrict":"เทพนคร","Tambon":"เทพนคร","__subdistrict":"เทพนคร","village":"บ้านสุกรพันธ์","BaanN":"บ้านสุกรพันธ์","__village":"บ้านสุกรพันธ์","land_type":"พื้นที่เกษตร","LandType":"พื้นที่เกษตร","plant_type":"นาข้าว","PlantType":"นาข้าว","crop_type":"นาข้าว","crop_type_raw":"นาข้าว","__crop":"นาข้าว","__plant_type":"นาข้าว","confidence":47,"Q":"47","source":"NASA FIRMS Email Alert - Suomi NPP VIIRS","source_file":"2569-7-20 รวม 67-69 เขต 6.xlsx","filter_rule":"Province=กำแพงเพชร; LandType=พื้นที่เกษตร; PlantType normalized to allowed groups","month":4,"month_key":"2567-04","day_key":"2024-04-06","TambonN":"เทพนคร","AmphoeN":"เมืองกำแพงเพชร","ProvinceN":"กำแพงเพชร","Maps":"http://maps.google.com/maps?q=16.41781,99.6651"}},{"type":"Feature","geometry":{"type":"Point","coordinates":[99.70013,16.35107]},"properties":{"hs_id":"VI1202404060701w4yvh8x7vk","hsID":"VI1202404060701w4yvh8x7vk","acq_date":"2024-04-06","Date":"2024-04-06","acq_time":"","year_be":2567,"season_be":2567,"dataset_year_be":2567,"province":"กำแพงเพชร","Province":"กำแพงเพชร","__province":"กำแพงเพชร","district":"เมืองกำแพงเพชร","Amphoe":"เมืองกำแพงเพชร","__district":"เมืองกำแพงเพชร","subdistrict":"คณฑี","Tambon":"คณฑี","__subdistrict":"คณฑี","village":"บ้านหงษ์ทองเจริญ","BaanN":"บ้านหงษ์ทองเจริญ","__village":"บ้านหงษ์ทองเจริญ","land_type":"พื้นที่เกษตร","LandType":"พื้นที่เกษตร","plant_type":"นาข้าว","PlantType":"นาข้าว","crop_type":"นาข้าว","crop_type_raw":"นาข้าว","__crop":"นาข้าว","__plant_type":"นาข้าว","confidence":47,"Q":"47","source":"NASA FIRMS Email Alert - Suomi NPP VIIRS","source_file":"2569-7-20 รวม 67-69 เขต 6.xlsx","filter_rule":"Province=กำแพงเพชร; LandType=พื้นที่เกษตร; PlantType normalized to allowed groups","month":4,"month_key":"2567-04","day_key":"2024-04-06","TambonN":"คณฑี","AmphoeN":"เมืองกำแพงเพชร","ProvinceN":"กำแพงเพชร","Maps":"http://maps.google.com/maps?q=16.35107,99.70013"}},{"type":"Feature","geometry":{"type":"Point","coordinates":[99.70459,16.54764]},"properties":{"hs_id":"VI1202404060701w4yyhu6svr","hsID":"VI1202404060701w4yyhu6svr","acq_date":"2024-04-06","Date":"2024-04-06","acq_time":"","year_be":2567,"season_be":2567,"dataset_year_be":2567,"province":"กำแพงเพชร","Province":"กำแพงเพชร","__province":"กำแพงเพชร","district":"พรานกระต่าย","Amphoe":"พรานกระต่าย","__district":"พรานกระต่าย","subdistrict":"เขาคีริส","Tambon":"เขาคีริส","__subdistrict":"เขาคีริส","village":"บ้านทุ่งรวงทอง","BaanN":"บ้านทุ่งรวงทอง","__village":"บ้านทุ่งรวงทอง","land_type":"พื้นที่เกษตร","LandType":"พื้นที่เกษตร","plant_type":"นาข้าว","PlantType":"นาข้าว","crop_type":"นาข้าว","crop_type_raw":"นาข้าว","__crop":"นาข้าว","__plant_type":"นาข้าว","confidence":47,"Q":"47","source":"NASA FIRMS Email Alert - Suomi NPP VIIRS","source_file":"2569-7-20 รวม 67-69 เขต 6.xlsx","filter_rule":"Province=กำแพงเพชร; LandType=พื้นที่เกษตร; PlantType normalized to allowed groups","month":4,"month_key":"2567-04","day_key":"2024-04-06","TambonN":"เขาคีริส","AmphoeN":"พรานกระต่าย","ProvinceN":"กำแพงเพชร","Maps":"http://maps.google.com/maps?q=16.54764,99.70459"}},{"type":"Feature","geometry":{"type":"Point","coordinates":[99.76215,16.59514]},"properties":{"hs_id":"VI1202404060701w4yyqjh9dw","hsID":"VI1202404060701w4yyqjh9dw","acq_date":"2024-04-06","Date":"2024-04-06","acq_time":"","year_be":2567,"season_be":2567,"dataset_year_be":2567,"province":"กำแพงเพชร","Province":"กำแพงเพชร","__province":"กำแพงเพชร","district":"ลานกระบือ","Amphoe":"ลานกระบือ","__district":"ลานกระบือ","subdistrict":"หนองหลวง","Tambon":"หนองหลวง","__subdistrict":"หนองหลวง","village":"บ้านหนองมะนาว","BaanN":"บ้านหนองมะนาว","__village":"บ้านหนองมะนาว","land_type":"พื้นที่เกษตร","LandType":"พื้นที่เกษตร","plant_type":"นาข้าว","PlantType":"นาข้าว","crop_type":"นาข้าว","crop_type_raw":"นาข้าว","__crop":"นาข้าว","__plant_type":"นาข้าว","confidence":47,"Q":"47","source":"NASA FIRMS Email Alert - Suomi NPP VIIRS","source_file":"2569-7-20 รวม 67-69 เขต 6.xlsx","filter_rule":"Province=กำแพงเพชร; LandType=พื้นที่เกษตร; PlantType normalized to allowed groups","month":4,"month_key":"2567-04","day_key":"2024-04-06","TambonN":"หนองหลวง","AmphoeN":"ลานกระบือ","ProvinceN":"กำแพงเพชร","Maps":"http://maps.google.com/maps?q=16.59514,99.76215"}},{"type":"Feature","geometry":{"type":"Point","coordinates":[99.81156,16.09817]},"properties":{"hs_id":"VI1202404070642w4ygx68d9u","hsID":"VI1202404070642w4ygx68d9u","acq_date":"2024-04-07","Date":"2024-04-07","acq_time":"","year_be":2567,"season_be":2567,"dataset_year_be":2567,"province":"กำแพงเพชร","Province":"กำแพงเพชร","__province":"กำแพงเพชร","district":"ขาณุวรลักษบุรี","Amphoe":"ขาณุวรลักษบุรี","__district":"ขาณุวรลักษบุรี","subdistrict":"เกาะตาล","Tambon":"เกาะตาล","__subdistrict":"เกาะตาล","village":"บ้านโนนตารอด","BaanN":"บ้านโนนตารอด","__village":"บ้านโนนตารอด","land_type":"พื้นที่เกษตร","LandType":"พื้นที่เกษตร","plant_type":"นาข้าว","PlantType":"นาข้าว","crop_type":"นาข้าว","crop_type_raw":"นาข้าว","__crop":"นาข้าว","__plant_type":"นาข้าว","confidence":47,"Q":"47","source":"NASA FIRMS Email Alert - Suomi NPP VIIRS","source_file":"2569-7-20 รวม 67-69 เขต 6.xlsx","filter_rule":"Province=กำแพงเพชร; LandType=พื้นที่เกษตร; PlantType normalized to allowed groups","month":4,"month_key":"2567-04","day_key":"2024-04-07","TambonN":"เกาะตาล","AmphoeN":"ขาณุวรลักษบุรี","ProvinceN":"กำแพงเพชร","Maps":"http://maps.google.com/maps?q=16.09817,99.81156"}},{"type":"Feature","geometry":{"type":"Point","coordinates":[99.77153,16.13103]},"properties":{"hs_id":"VI1202404070642w4ygy2e6j1","hsID":"VI1202404070642w4ygy2e6j1","acq_date":"2024-04-07","Date":"2024-04-07","acq_time":"","year_be":2567,"season_be":2567,"dataset_year_be":2567,"province":"กำแพงเพชร","Province":"กำแพงเพชร","__province":"กำแพงเพชร","district":"ขาณุวรลักษบุรี","Amphoe":"ขาณุวรลักษบุรี","__district":"ขาณุวรลักษบุรี","subdistrict":"เกาะตาล","Tambon":"เกาะตาล","__subdistrict":"เกาะตาล","village":"บ้านห้วยน้อย","BaanN":"บ้านห้วยน้อย","__village":"บ้านห้วยน้อย","land_type":"พื้นที่เกษตร","LandType":"พื้นที่เกษตร","plant_type":"นาข้าว","PlantType":"นาข้าว","crop_type":"นาข้าว","crop_type_raw":"นาข้าว","__crop":"นาข้าว","__plant_type":"นาข้าว","confidence":47,"Q":"47","source":"NASA FIRMS Email Alert - Suomi NPP VIIRS","source_file":"2569-7-20 รวม 67-69 เขต 6.xlsx","filter_rule":"Province=กำแพงเพชร; LandType=พื้นที่เกษตร; PlantType normalized to allowed groups","month":4,"month_key":"2567-04","day_key":"2024-04-07","TambonN":"แม่ลาด","AmphoeN":"คลองขลุง","ProvinceN":"กำแพงเพชร","Maps":"http://maps.google.com/maps?q=16.13103,99.77153"}},{"type":"Feature","geometry":{"type":"Point","coordinates":[99.4352,16.48628]},"properties":{"hs_id":"VI1202404070642w4yty9nx81","hsID":"VI1202404070642w4yty9nx81","acq_date":"2024-04-07","Date":"2024-04-07","acq_time":"","year_be":2567,"season_be":2567,"dataset_year_be":2567,"province":"กำแพงเพชร","Province":"กำแพงเพชร","__province":"กำแพงเพชร","district":"เมืองกำแพงเพชร","Amphoe":"เมืองกำแพงเพชร","__district":"เมืองกำแพงเพชร","subdistrict":"นครชุม","Tambon":"นครชุม","__subdistrict":"นครชุม","village":"บ้านทุ่งสวน","BaanN":"บ้านทุ่งสวน","__village":"บ้านทุ่งสวน","land_type":"พื้นที่เกษตร","LandType":"พื้นที่เกษตร","plant_type":"เกษตรอื่น ๆ","PlantType":"เกษตรอื่น ๆ","crop_type":"เกษตรอื่น ๆ","crop_type_raw":"เกษตรอื่น ๆ","__crop":"เกษตรอื่น ๆ","__plant_type":"เกษตรอื่น ๆ","confidence":47,"Q":"47","source":"NASA FIRMS Email Alert - Suomi NPP VIIRS","source_file":"2569-7-20 รวม 67-69 เขต 6.xlsx","filter_rule":"Province=กำแพงเพชร; LandType=พื้นที่เกษตร; PlantType normalized to allowed groups","month":4,"month_key":"2567-04","day_key":"2024-04-07","TambonN":"นครชุม","AmphoeN":"เมืองกำแพงเพชร","ProvinceN":"กำแพงเพชร","Maps":"http://maps.google.com/maps?q=16.48628,99.4352"}},{"type":"Feature","geometry":{"type":"Point","coordinates":[99.64352,16.28302]},"properties":{"hs_id":"VI1202404070642w4yueknpqq","hsID":"VI1202404070642w4yueknpqq","acq_date":"2024-04-07","Date":"2024-04-07","acq_time":"","year_be":2567,"season_be":2567,"dataset_year_be":2567,"province":"กำแพงเพชร","Province":"กำแพงเพชร","__province":"กำแพงเพชร","district":"คลองขลุง","Amphoe":"คลองขลุง","__district":"คลองขลุง","subdistrict":"หัวถนน","Tambon":"หัวถนน","__subdistrict":"หัวถนน","village":"บ้านโนนดุม","BaanN":"บ้านโนนดุม","__village":"บ้านโนนดุม","land_type":"พื้นที่เกษตร","LandType":"พื้นที่เกษตร","plant_type":"นาข้าว","PlantType":"นาข้าว","crop_type":"นาข้าว","crop_type_raw":"นาข้าว","__crop":"นาข้าว","__plant_type":"นาข้าว","confidence":47,"Q":"47","source":"NASA FIRMS Email Alert - Suomi NPP VIIRS","source_file":"2569-7-20 รวม 67-69 เขต 6.xlsx","filter_rule":"Province=กำแพงเพชร; LandType=พื้นที่เกษตร; PlantType normalized to allowed groups","month":4,"month_key":"2567-04","day_key":"2024-04-07","TambonN":"หัวถนน","AmphoeN":"คลองขลุง","ProvinceN":"กำแพงเพชร","Maps":"http://maps.google.com/maps?q=16.28302,99.64352"}},{"type":"Feature","geometry":{"type":"Point","coordinates":[99.79852,16.20799]},"properties":{"hs_id":"VI1202404070642w4yunyx46h","hsID":"VI1202404070642w4yunyx46h","acq_date":"2024-04-07","Date":"2024-04-07","acq_time":"","year_be":2567,"season_be":2567,"dataset_year_be":2567,"province":"กำแพงเพชร","Province":"กำแพงเพชร","__province":"กำแพงเพชร","district":"คลองขลุง","Amphoe":"คลองขลุง","__district":"คลองขลุง","subdistrict":"วังยาง","Tambon":"วังยาง","__subdistrict":"วังยาง","village":"บ้านคลองยาง","BaanN":"บ้านคลองยาง","__village":"บ้านคลองยาง","land_type":"พื้นที่เกษตร","LandType":"พื้นที่เกษตร","plant_type":"นาข้าว","PlantType":"นาข้าว","crop_type":"นาข้าว","crop_type_raw":"นาข้าว","__crop":"นาข้าว","__plant_type":"นาข้าว","confidence":47,"Q":"47","source":"NASA FIRMS Email Alert - Suomi NPP VIIRS","source_file":"2569-7-20 รวม 67-69 เขต 6.xlsx","filter_rule":"Province=กำแพงเพชร; LandType=พื้นที่เกษตร; PlantType normalized to allowed groups","month":4,"month_key":"2567-04","day_key":"2024-04-07","TambonN":"วังยาง","AmphoeN":"คลองขลุง","ProvinceN":"กำแพงเพชร","Maps":"http://maps.google.com/maps?q=16.20799,99.79852"}},{"type":"Feature","geometry":{"type":"Point","coordinates":[99.73571,16.26153]},"properties":{"hs_id":"VI1202404070642w4yut83662","hsID":"VI1202404070642w4yut83662","acq_date":"2024-04-07","Date":"2024-04-07","acq_time":"","year_be":2567,"season_be":2567,"dataset_year_be":2567,"province":"กำแพงเพชร","Province":"กำแพงเพชร","__province":"กำแพงเพชร","district":"คลองขลุง","Amphoe":"คลองขลุง","__district":"คลองขลุง","subdistrict":"ท่ามะเขือ","Tambon":"ท่ามะเขือ","__subdistrict":"ท่ามะเขือ","village":"บ้านดงประดา","BaanN":"บ้านดงประดา","__village":"บ้านดงประดา","land_type":"พื้นที่เกษตร","LandType":"พื้นที่เกษตร","plant_type":"นาข้าว","PlantType":"นาข้าว","crop_type":"นาข้าว","crop_type_raw":"นาข้าว","__crop":"นาข้าว","__plant_type":"นาข้าว","confidence":47,"Q":"47","source":"NASA FIRMS Email Alert - Suomi NPP VIIRS","source_file":"2569-7-20 รวม 67-69 เขต 6.xlsx","filter_rule":"Province=กำแพงเพชร; LandType=พื้นที่เกษตร; PlantType normalized to allowed groups","month":4,"month_key":"2567-04","day_key":"2024-04-07","TambonN":"ท่ามะเขือ","AmphoeN":"คลองขลุง","ProvinceN":"กำแพงเพชร","Maps":"http://maps.google.com/maps?q=16.26153,99.73571"}},{"type":"Feature","geometry":{"type":"Point","coordinates":[99.61202,16.43559]},"properties":{"hs_id":"VI1202404070642w4yvd8p222","hsID":"VI1202404070642w4yvd8p222","acq_date":"2024-04-07","Date":"2024-04-07","acq_time":"","year_be":2567,"season_be":2567,"dataset_year_be":2567,"province":"กำแพงเพชร","Province":"กำแพงเพชร","__province":"กำแพงเพชร","district":"เมืองกำแพงเพชร","Amphoe":"เมืองกำแพงเพชร","__district":"เมืองกำแพงเพชร","subdistrict":"เทพนคร","Tambon":"เทพนคร","__subdistrict":"เทพนคร","village":"บ้านไทรย้อย","BaanN":"บ้านไทรย้อย","__village":"บ้านไทรย้อย","land_type":"พื้นที่เกษตร","LandType":"พื้นที่เกษตร","plant_type":"นาข้าว","PlantType":"นาข้าว","crop_type":"นาข้าว","crop_type_raw":"นาข้าว","__crop":"นาข้าว","__plant_type":"นาข้าว","confidence":47,"Q":"47","source":"NASA FIRMS Email Alert - Suomi NPP VIIRS","source_file":"2569-7-20 รวม 67-69 เขต 6.xlsx","filter_rule":"Province=กำแพงเพชร; LandType=พื้นที่เกษตร; PlantType normalized to allowed groups","month":4,"month_key":"2567-04","day_key":"2024-04-07","TambonN":"เทพนคร","AmphoeN":"เมืองกำแพงเพชร","ProvinceN":"กำแพงเพชร","Maps":"http://maps.google.com/maps?q=16.43559,99.61202"}},{"type":"Feature","geometry":{"type":"Point","coordinates":[99.64606,16.44044]},"properties":{"hs_id":"VI1202404070642w4yve8bh92","hsID":"VI1202404070642w4yve8bh92","acq_date":"2024-04-07","Date":"2024-04-07","acq_time":"","year_be":2567,"season_be":2567,"dataset_year_be":2567,"province":"กำแพงเพชร","Province":"กำแพงเพชร","__province":"กำแพงเพชร","district":"เมืองกำแพงเพชร","Amphoe":"เมืองกำแพงเพชร","__district":"เมืองกำแพงเพชร","subdistrict":"เทพนคร","Tambon":"เทพนคร","__subdistrict":"เทพนคร","village":"บ้านสระสิงห์โต","BaanN":"บ้านสระสิงห์โต","__village":"บ้านสระสิงห์โต","land_type":"พื้นที่เกษตร","LandType":"พื้นที่เกษตร","plant_type":"นาข้าว","PlantType":"นาข้าว","crop_type":"นาข้าว","crop_type_raw":"นาข้าว","__crop":"นาข้าว","__plant_type":"นาข้าว","confidence":47,"Q":"47","source":"NASA FIRMS Email Alert - Suomi NPP VIIRS","source_file":"2569-7-20 รวม 67-69 เขต 6.xlsx","filter_rule":"Province=กำแพงเพชร; LandType=พื้นที่เกษตร; PlantType normalized to allowed groups","month":4,"month_key":"2567-04","day_key":"2024-04-07","TambonN":"เทพนคร","AmphoeN":"เมืองกำแพงเพชร","ProvinceN":"กำแพงเพชร","Maps":"http://maps.google.com/maps?q=16.44044,99.64606"}},{"type":"Feature","geometry":{"type":"Point","coordinates":[99.68673,16.42879]},"properties":{"hs_id":"VI1202404070642w4yvkqv8th","hsID":"VI1202404070642w4yvkqv8th","acq_date":"2024-04-07","Date":"2024-04-07","acq_time":"","year_be":2567,"season_be":2567,"dataset_year_be":2567,"province":"กำแพงเพชร","Province":"กำแพงเพชร","__province":"กำแพงเพชร","district":"เมืองกำแพงเพชร","Amphoe":"เมืองกำแพงเพชร","__district":"เมืองกำแพงเพชร","subdistrict":"เทพนคร","Tambon":"เทพนคร","__subdistrict":"เทพนคร","village":"บ้านการะบูน","BaanN":"บ้านการะบูน","__village":"บ้านการะบูน","land_type":"พื้นที่เกษตร","LandType":"พื้นที่เกษตร","plant_type":"นาข้าว","PlantType":"นาข้าว","crop_type":"นาข้าว","crop_type_raw":"นาข้าว","__crop":"นาข้าว","__plant_type":"นาข้าว","confidence":47,"Q":"47","source":"NASA FIRMS Email Alert - Suomi NPP VIIRS","source_file":"2569-7-20 รวม 67-69 เขต 6.xlsx","filter_rule":"Province=กำแพงเพชร; LandType=พื้นที่เกษตร; PlantType normalized to allowed groups","month":4,"month_key":"2567-04","day_key":"2024-04-07","TambonN":"นิคมทุ่งโพธิ์ทะเล","AmphoeN":"เมืองกำแพงเพชร","ProvinceN":"กำแพงเพชร","Maps":"http://maps.google.com/maps?q=16.42879,99.68673"}},{"type":"Feature","geometry":{"type":"Point","coordinates":[99.67163,16.47536]},"properties":{"hs_id":"VI1202404070642w4yvsp4xvm","hsID":"VI1202404070642w4yvsp4xvm","acq_date":"2024-04-07","Date":"2024-04-07","acq_time":"","year_be":2567,"season_be":2567,"dataset_year_be":2567,"province":"กำแพงเพชร","Province":"กำแพงเพชร","__province":"กำแพงเพชร","district":"เมืองกำแพงเพชร","Amphoe":"เมืองกำแพงเพชร","__district":"เมืองกำแพงเพชร","subdistrict":"นิคมทุ่งโพธิ์ทะเล","Tambon":"นิคมทุ่งโพธิ์ทะเล","__subdistrict":"นิคมทุ่งโพธิ์ทะเล","village":"บ้านโพธิ์ทะเล","BaanN":"บ้านโพธิ์ทะเล","__village":"บ้านโพธิ์ทะเล","land_type":"พื้นที่เกษตร","LandType":"พื้นที่เกษตร","plant_type":"นาข้าว","PlantType":"นาข้าว","crop_type":"นาข้าว","crop_type_raw":"นาข้าว","__crop":"นาข้าว","__plant_type":"นาข้าว","confidence":47,"Q":"47","source":"NASA FIRMS Email Alert - Suomi NPP VIIRS","source_file":"2569-7-20 รวม 67-69 เขต 6.xlsx","filter_rule":"Province=กำแพงเพชร; LandType=พื้นที่เกษตร; PlantType normalized to allowed groups","month":4,"month_key":"2567-04","day_key":"2024-04-07","TambonN":"นิคมทุ่งโพธิ์ทะเล","AmphoeN":"เมืองกำแพงเพชร","ProvinceN":"กำแพงเพชร","Maps":"http://maps.google.com/maps?q=16.47536,99.67163"}},{"type":"Feature","geometry":{"type":"Point","coordinates":[99.67112,16.47876]},"properties":{"hs_id":"VI1202404070642w4yvspf79r","hsID":"VI1202404070642w4yvspf79r","acq_date":"2024-04-07","Date":"2024-04-07","acq_time":"","year_be":2567,"season_be":2567,"dataset_year_be":2567,"province":"กำแพงเพชร","Province":"กำแพงเพชร","__province":"กำแพงเพชร","district":"เมืองกำแพงเพชร","Amphoe":"เมืองกำแพงเพชร","__district":"เมืองกำแพงเพชร","subdistrict":"นิคมทุ่งโพธิ์ทะเล","Tambon":"นิคมทุ่งโพธิ์ทะเล","__subdistrict":"นิคมทุ่งโพธิ์ทะเล","village":"บ้านโพธิ์ทะเล","BaanN":"บ้านโพธิ์ทะเล","__village":"บ้านโพธิ์ทะเล","land_type":"พื้นที่เกษตร","LandType":"พื้นที่เกษตร","plant_type":"นาข้าว","PlantType":"นาข้าว","crop_type":"นาข้าว","crop_type_raw":"นาข้าว","__crop":"นาข้าว","__plant_type":"นาข้าว","confidence":47,"Q":"47","source":"NASA FIRMS Email Alert - Suomi NPP VIIRS","source_file":"2569-7-20 รวม 67-69 เขต 6.xlsx","filter_rule":"Province=กำแพงเพชร; LandType=พื้นที่เกษตร; PlantType normalized to allowed groups","month":4,"month_key":"2567-04","day_key":"2024-04-07","TambonN":"นิคมทุ่งโพธิ์ทะเล","AmphoeN":"เมืองกำแพงเพชร","ProvinceN":"กำแพงเพชร","Maps":"http://maps.google.com/maps?q=16.47876,99.67112"}},{"type":"Feature","geometry":{"type":"Point","coordinates":[99.67491,16.4793]},"properties":{"hs_id":"VI1202404070642w4yvspvncs","hsID":"VI1202404070642w4yvspvncs","acq_date":"2024-04-07","Date":"2024-04-07","acq_time":"","year_be":2567,"season_be":2567,"dataset_year_be":2567,"province":"กำแพงเพชร","Province":"กำแพงเพชร","__province":"กำแพงเพชร","district":"เมืองกำแพงเพชร","Amphoe":"เมืองกำแพงเพชร","__district":"เมืองกำแพงเพชร","subdistrict":"นิคมทุ่งโพธิ์ทะเล","Tambon":"นิคมทุ่งโพธิ์ทะเล","__subdistrict":"นิคมทุ่งโพธิ์ทะเล","village":"บ้านโพธิ์ทะเล","BaanN":"บ้านโพธิ์ทะเล","__village":"บ้านโพธิ์ทะเล","land_type":"พื้นที่เกษตร","LandType":"พื้นที่เกษตร","plant_type":"นาข้าว","PlantType":"นาข้าว","crop_type":"นาข้าว","crop_type_raw":"นาข้าว","__crop":"นาข้าว","__plant_type":"นาข้าว","confidence":47,"Q":"47","source":"NASA FIRMS Email Alert - Suomi NPP VIIRS","source_file":"2569-7-20 รวม 67-69 เขต 6.xlsx","filter_rule":"Province=กำแพงเพชร; LandType=พื้นที่เกษตร; PlantType normalized to allowed groups","month":4,"month_key":"2567-04","day_key":"2024-04-07","TambonN":"นิคมทุ่งโพธิ์ทะเล","AmphoeN":"เมืองกำแพงเพชร","ProvinceN":"กำแพงเพชร","Maps":"http://maps.google.com/maps?q=16.4793,99.67491"}},{"type":"Feature","geometry":{"type":"Point","coordinates":[99.91753,16.2461]},"properties":{"hs_id":"VI1202404070642w4zh3tt8rh","hsID":"VI1202404070642w4zh3tt8rh","acq_date":"2024-04-07","Date":"2024-04-07","acq_time":"","year_be":2567,"season_be":2567,"dataset_year_be":2567,"province":"กำแพงเพชร","Province":"กำแพงเพชร","__province":"กำแพงเพชร","district":"บึงสามัคคี","Amphoe":"บึงสามัคคี","__district":"บึงสามัคคี","subdistrict":"วังชะโอน","Tambon":"วังชะโอน","__subdistrict":"วังชะโอน","village":"บ้านหนองไทร","BaanN":"บ้านหนองไทร","__village":"บ้านหนองไทร","land_type":"พื้นที่เกษตร","LandType":"พื้นที่เกษตร","plant_type":"นาข้าว","PlantType":"นาข้าว","crop_type":"นาข้าว","crop_type_raw":"นาข้าว","__crop":"นาข้าว","__plant_type":"นาข้าว","confidence":47,"Q":"47","source":"NASA FIRMS Email Alert - Suomi NPP VIIRS","source_file":"2569-7-20 รวม 67-69 เขต 6.xlsx","filter_rule":"Province=กำแพงเพชร; LandType=พื้นที่เกษตร; PlantType normalized to allowed groups","month":4,"month_key":"2567-04","day_key":"2024-04-07","TambonN":"วังชะโอน","AmphoeN":"บึงสามัคคี","ProvinceN":"กำแพงเพชร","Maps":"http://maps.google.com/maps?q=16.2461,99.91753"}},{"type":"Feature","geometry":{"type":"Point","coordinates":[99.94714,16.18039]},"properties":{"hs_id":"VI1202404070642w4zh43e395","hsID":"VI1202404070642w4zh43e395","acq_date":"2024-04-07","Date":"2024-04-07","acq_time":"","year_be":2567,"season_be":2567,"dataset_year_be":2567,"province":"กำแพงเพชร","Province":"กำแพงเพชร","__province":"กำแพงเพชร","district":"บึงสามัคคี","Amphoe":"บึงสามัคคี","__district":"บึงสามัคคี","subdistrict":"เทพนิมิต","Tambon":"เทพนิมิต","__subdistrict":"เทพนิมิต","village":"บ้านดงยาง","BaanN":"บ้านดงยาง","__village":"บ้านดงยาง","land_type":"พื้นที่เกษตร","LandType":"พื้นที่เกษตร","plant_type":"นาข้าว","PlantType":"นาข้าว","crop_type":"นาข้าว","crop_type_raw":"นาข้าว","__crop":"นาข้าว","__plant_type":"นาข้าว","confidence":47,"Q":"47","source":"NASA FIRMS Email Alert - Suomi NPP VIIRS","source_file":"2569-7-20 รวม 67-69 เขต 6.xlsx","filter_rule":"Province=กำแพงเพชร; LandType=พื้นที่เกษตร; PlantType normalized to allowed groups","month":4,"month_key":"2567-04","day_key":"2024-04-07","TambonN":"ระหาน","AmphoeN":"บึงสามัคคี","ProvinceN":"กำแพงเพชร","Maps":"http://maps.google.com/maps?q=16.18039,99.94714"}},{"type":"Feature","geometry":{"type":"Point","coordinates":[99.82261,15.99085]},"properties":{"hs_id":"VI1202404080625w4yfzx097q","hsID":"VI1202404080625w4yfzx097q","acq_date":"2024-04-08","Date":"2024-04-08","acq_time":"","year_be":2567,"season_be":2567,"dataset_year_be":2567,"province":"กำแพงเพชร","Province":"กำแพงเพชร","__province":"กำแพงเพชร","district":"ขาณุวรลักษบุรี","Amphoe":"ขาณุวรลักษบุรี","__district":"ขาณุวรลักษบุรี","subdistrict":"สลกบาตร","Tambon":"สลกบาตร","__subdistrict":"สลกบาตร","village":"บ้านโนนปอแดง","BaanN":"บ้านโนนปอแดง","__village":"บ้านโนนปอแดง","land_type":"พื้นที่เกษตร","LandType":"พื้นที่เกษตร","plant_type":"นาข้าว","PlantType":"นาข้าว","crop_type":"นาข้าว","crop_type_raw":"นาข้าว","__crop":"นาข้าว","__plant_type":"นาข้าว","confidence":47,"Q":"47","source":"NASA FIRMS Email Alert - Suomi NPP VIIRS","source_file":"2569-7-20 รวม 67-69 เขต 6.xlsx","filter_rule":"Province=กำแพงเพชร; LandType=พื้นที่เกษตร; PlantType normalized to allowed groups","month":4,"month_key":"2567-04","day_key":"2024-04-08","TambonN":"สลกบาตร","AmphoeN":"ขาณุวรลักษบุรี","ProvinceN":"กำแพงเพชร","Maps":"http://maps.google.com/maps?q=15.99085,99.82261"}},{"type":"Feature","geometry":{"type":"Point","coordinates":[99.71458,16.43711]},"properties":{"hs_id":"VI1202404090603w4yvt03cn5","hsID":"VI1202404090603w4yvt03cn5","acq_date":"2024-04-09","Date":"2024-04-09","acq_time":"","year_be":2567,"season_be":2567,"dataset_year_be":2567,"province":"กำแพงเพชร","Province":"กำแพงเพชร","__province":"กำแพงเพชร","district":"ไทรงาม","Amphoe":"ไทรงาม","__district":"ไทรงาม","subdistrict":"หนองทอง","Tambon":"หนองทอง","__subdistrict":"หนองทอง","village":"บ้านโคกเจริญ","BaanN":"บ้านโคกเจริญ","__village":"บ้านโคกเจริญ","land_type":"พื้นที่เกษตร","LandType":"พื้นที่เกษตร","plant_type":"นาข้าว","PlantType":"นาข้าว","crop_type":"นาข้าว","crop_type_raw":"นาข้าว","__crop":"นาข้าว","__plant_type":"นาข้าว","confidence":47,"Q":"47","source":"NASA FIRMS Email Alert - Suomi NPP VIIRS","source_file":"2569-7-20 รวม 67-69 เขต 6.xlsx","filter_rule":"Province=กำแพงเพชร; LandType=พื้นที่เกษตร; PlantType normalized to allowed groups","month":4,"month_key":"2567-04","day_key":"2024-04-09","TambonN":"หนองทอง","AmphoeN":"ไทรงาม","ProvinceN":"กำแพงเพชร","Maps":"http://maps.google.com/maps?q=16.43711,99.71458"}},{"type":"Feature","geometry":{"type":"Point","coordinates":[99.87689,16.20694]},"properties":{"hs_id":"VI1202404090603w4zh0y2hk0","hsID":"VI1202404090603w4zh0y2hk0","acq_date":"2024-04-09","Date":"2024-04-09","acq_time":"","year_be":2567,"season_be":2567,"dataset_year_be":2567,"province":"กำแพงเพชร","Province":"กำแพงเพชร","__province":"กำแพงเพชร","district":"คลองขลุง","Amphoe":"คลองขลุง","__district":"คลองขลุง","subdistrict":"วังแขม","Tambon":"วังแขม","__subdistrict":"วังแขม","village":"บ้านโนนสาน","BaanN":"บ้านโนนสาน","__village":"บ้านโนนสาน","land_type":"พื้นที่เกษตร","LandType":"พื้นที่เกษตร","plant_type":"นาข้าว","PlantType":"นาข้าว","crop_type":"นาข้าว","crop_type_raw":"นาข้าว","__crop":"นาข้าว","__plant_type":"นาข้าว","confidence":47,"Q":"47","source":"NASA FIRMS Email Alert - Suomi NPP VIIRS","source_file":"2569-7-20 รวม 67-69 เขต 6.xlsx","filter_rule":"Province=กำแพงเพชร; LandType=พื้นที่เกษตร; PlantType normalized to allowed groups","month":4,"month_key":"2567-04","day_key":"2024-04-09","TambonN":"วังแขม","AmphoeN":"คลองขลุง","ProvinceN":"กำแพงเพชร","Maps":"http://maps.google.com/maps?q=16.20694,99.87689"}},{"type":"Feature","geometry":{"type":"Point","coordinates":[99.86115,16.44999]},"properties":{"hs_id":"VI1202404090603w4zj86ssjk","hsID":"VI1202404090603w4zj86ssjk","acq_date":"2024-04-09","Date":"2024-04-09","acq_time":"","year_be":2567,"season_be":2567,"dataset_year_be":2567,"province":"กำแพงเพชร","Province":"กำแพงเพชร","__province":"กำแพงเพชร","district":"ไทรงาม","Amphoe":"ไทรงาม","__district":"ไทรงาม","subdistrict":"หนองคล้า","Tambon":"หนองคล้า","__subdistrict":"หนองคล้า","village":"บ้านบ่อแก้ว","BaanN":"บ้านบ่อแก้ว","__village":"บ้านบ่อแก้ว","land_type":"พื้นที่เกษตร","LandType":"พื้นที่เกษตร","plant_type":"นาข้าว","PlantType":"นาข้าว","crop_type":"นาข้าว","crop_type_raw":"นาข้าว","__crop":"นาข้าว","__plant_type":"นาข้าว","confidence":47,"Q":"47","source":"NASA FIRMS Email Alert - Suomi NPP VIIRS","source_file":"2569-7-20 รวม 67-69 เขต 6.xlsx","filter_rule":"Province=กำแพงเพชร; LandType=พื้นที่เกษตร; PlantType normalized to allowed groups","month":4,"month_key":"2567-04","day_key":"2024-04-09","TambonN":"พานทอง","AmphoeN":"ไทรงาม","ProvinceN":"กำแพงเพชร","Maps":"http://maps.google.com/maps?q=16.44999,99.86115"}},{"type":"Feature","geometry":{"type":"Point","coordinates":[99.67519,16.33056]},"properties":{"hs_id":"VI1202404110707w4yuuhvk2m","hsID":"VI1202404110707w4yuuhvk2m","acq_date":"2024-04-11","Date":"2024-04-11","acq_time":"","year_be":2567,"season_be":2567,"dataset_year_be":2567,"province":"กำแพงเพชร","Province":"กำแพงเพชร","__province":"กำแพงเพชร","district":"เมืองกำแพงเพชร","Amphoe":"เมืองกำแพงเพชร","__district":"เมืองกำแพงเพชร","subdistrict":"คณฑี","Tambon":"คณฑี","__subdistrict":"คณฑี","village":"บ้านท่าเสลี่ยง","BaanN":"บ้านท่าเสลี่ยง","__village":"บ้านท่าเสลี่ยง","land_type":"พื้นที่เกษตร","LandType":"พื้นที่เกษตร","plant_type":"อ้อย","PlantType":"อ้อย","crop_type":"อ้อย","crop_type_raw":"อ้อย","__crop":"อ้อย","__plant_type":"อ้อย","confidence":47,"Q":"47","source":"NASA FIRMS Email Alert - Suomi NPP VIIRS","source_file":"2569-7-20 รวม 67-69 เขต 6.xlsx","filter_rule":"Province=กำแพงเพชร; LandType=พื้นที่เกษตร; PlantType normalized to allowed groups","month":4,"month_key":"2567-04","day_key":"2024-04-11","TambonN":"คณฑี","AmphoeN":"เมืองกำแพงเพชร","ProvinceN":"กำแพงเพชร","Maps":"http://maps.google.com/maps?q=16.33056,99.67519"}},{"type":"Feature","geometry":{"type":"Point","coordinates":[99.67448,16.33353]},"properties":{"hs_id":"VI1202404110707w4yuujktxw","hsID":"VI1202404110707w4yuujktxw","acq_date":"2024-04-11","Date":"2024-04-11","acq_time":"","year_be":2567,"season_be":2567,"dataset_year_be":2567,"province":"กำแพงเพชร","Province":"กำแพงเพชร","__province":"กำแพงเพชร","district":"เมืองกำแพงเพชร","Amphoe":"เมืองกำแพงเพชร","__district":"เมืองกำแพงเพชร","subdistrict":"คณฑี","Tambon":"คณฑี","__subdistrict":"คณฑี","village":"บ้านท่าเสลี่ยง","BaanN":"บ้านท่าเสลี่ยง","__village":"บ้านท่าเสลี่ยง","land_type":"พื้นที่เกษตร","LandType":"พื้นที่เกษตร","plant_type":"อ้อย","PlantType":"อ้อย","crop_type":"อ้อย","crop_type_raw":"อ้อย","__crop":"อ้อย","__plant_type":"อ้อย","confidence":47,"Q":"47","source":"NASA FIRMS Email Alert - Suomi NPP VIIRS","source_file":"2569-7-20 รวม 67-69 เขต 6.xlsx","filter_rule":"Province=กำแพงเพชร; LandType=พื้นที่เกษตร; PlantType normalized to allowed groups","month":4,"month_key":"2567-04","day_key":"2024-04-11","TambonN":"คณฑี","AmphoeN":"เมืองกำแพงเพชร","ProvinceN":"กำแพงเพชร","Maps":"http://maps.google.com/maps?q=16.33353,99.67448"}},{"type":"Feature","geometry":{"type":"Point","coordinates":[99.68914,16.52098]},"properties":{"hs_id":"VI1202404110707w4yvurx3tm","hsID":"VI1202404110707w4yvurx3tm","acq_date":"2024-04-11","Date":"2024-04-11","acq_time":"","year_be":2567,"season_be":2567,"dataset_year_be":2567,"province":"กำแพงเพชร","Province":"กำแพงเพชร","__province":"กำแพงเพชร","district":"เมืองกำแพงเพชร","Amphoe":"เมืองกำแพงเพชร","__district":"เมืองกำแพงเพชร","subdistrict":"นิคมทุ่งโพธิ์ทะเล","Tambon":"นิคมทุ่งโพธิ์ทะเล","__subdistrict":"นิคมทุ่งโพธิ์ทะเล","village":"บ้านหนองทอง","BaanN":"บ้านหนองทอง","__village":"บ้านหนองทอง","land_type":"พื้นที่เกษตร","LandType":"พื้นที่เกษตร","plant_type":"เกษตรอื่น ๆ","PlantType":"เกษตรอื่น ๆ","crop_type":"เกษตรอื่น ๆ","crop_type_raw":"เกษตรอื่น ๆ","__crop":"เกษตรอื่น ๆ","__plant_type":"เกษตรอื่น ๆ","confidence":47,"Q":"47","source":"NASA FIRMS Email Alert - Suomi NPP VIIRS","source_file":"2569-7-20 รวม 67-69 เขต 6.xlsx","filter_rule":"Province=กำแพงเพชร; LandType=พื้นที่เกษตร; PlantType normalized to allowed groups","month":4,"month_key":"2567-04","day_key":"2024-04-11","TambonN":"นิคมทุ่งโพธิ์ทะเล","AmphoeN":"เมืองกำแพงเพชร","ProvinceN":"กำแพงเพชร","Maps":"http://maps.google.com/maps?q=16.52098,99.68914"}},{"type":"Feature","geometry":{"type":"Point","coordinates":[99.64286,16.67376]},"properties":{"hs_id":"VI1202404110707w4yyg7mewy","hsID":"VI1202404110707w4yyg7mewy","acq_date":"2024-04-11","Date":"2024-04-11","acq_time":"","year_be":2567,"season_be":2567,"dataset_year_be":2567,"province":"กำแพงเพชร","Province":"กำแพงเพชร","__province":"กำแพงเพชร","district":"พรานกระต่าย","Amphoe":"พรานกระต่าย","__district":"พรานกระต่าย","subdistrict":"คุยบ้านโอง","Tambon":"คุยบ้านโอง","__subdistrict":"คุยบ้านโอง","village":"บ้านคุยแขวน","BaanN":"บ้านคุยแขวน","__village":"บ้านคุยแขวน","land_type":"พื้นที่เกษตร","LandType":"พื้นที่เกษตร","plant_type":"นาข้าว","PlantType":"นาข้าว","crop_type":"นาข้าว","crop_type_raw":"นาข้าว","__crop":"นาข้าว","__plant_type":"นาข้าว","confidence":47,"Q":"47","source":"NASA FIRMS Email Alert - Suomi NPP VIIRS","source_file":"2569-7-20 รวม 67-69 เขต 6.xlsx","filter_rule":"Province=กำแพงเพชร; LandType=พื้นที่เกษตร; PlantType normalized to allowed groups","month":4,"month_key":"2567-04","day_key":"2024-04-11","TambonN":"หนองหัววัว","AmphoeN":"พรานกระต่าย","ProvinceN":"กำแพงเพชร","Maps":"http://maps.google.com/maps?q=16.67376,99.64286"}},{"type":"Feature","geometry":{"type":"Point","coordinates":[99.79495,16.3208]},"properties":{"hs_id":"VI1202404120650w4yuygh7wc","hsID":"VI1202404120650w4yuygh7wc","acq_date":"2024-04-12","Date":"2024-04-12","acq_time":"","year_be":2567,"season_be":2567,"dataset_year_be":2567,"province":"กำแพงเพชร","Province":"กำแพงเพชร","__province":"กำแพงเพชร","district":"ทรายทองวัฒนา","Amphoe":"ทรายทองวัฒนา","__district":"ทรายทองวัฒนา","subdistrict":"ทุ่งทราย","Tambon":"ทุ่งทราย","__subdistrict":"ทุ่งทราย","village":"บ้านไทรย้อย","BaanN":"บ้านไทรย้อย","__village":"บ้านไทรย้อย","land_type":"พื้นที่เกษตร","LandType":"พื้นที่เกษตร","plant_type":"นาข้าว","PlantType":"นาข้าว","crop_type":"นาข้าว","crop_type_raw":"นาข้าว","__crop":"นาข้าว","__plant_type":"นาข้าว","confidence":47,"Q":"47","source":"NASA FIRMS Email Alert - Suomi NPP VIIRS","source_file":"2569-7-20 รวม 67-69 เขต 6.xlsx","filter_rule":"Province=กำแพงเพชร; LandType=พื้นที่เกษตร; PlantType normalized to allowed groups","month":4,"month_key":"2567-04","day_key":"2024-04-12","TambonN":"ทุ่งทราย","AmphoeN":"ทรายทองวัฒนา","ProvinceN":"กำแพงเพชร","Maps":"http://maps.google.com/maps?q=16.3208,99.79495"}},{"type":"Feature","geometry":{"type":"Point","coordinates":[99.79848,16.32164]},"properties":{"hs_id":"VI1202404120650w4yuygr03n","hsID":"VI1202404120650w4yuygr03n","acq_date":"2024-04-12","Date":"2024-04-12","acq_time":"","year_be":2567,"season_be":2567,"dataset_year_be":2567,"province":"กำแพงเพชร","Province":"กำแพงเพชร","__province":"กำแพงเพชร","district":"ทรายทองวัฒนา","Amphoe":"ทรายทองวัฒนา","__district":"ทรายทองวัฒนา","subdistrict":"ทุ่งทราย","Tambon":"ทุ่งทราย","__subdistrict":"ทุ่งทราย","village":"บ้านไทรย้อย","BaanN":"บ้านไทรย้อย","__village":"บ้านไทรย้อย","land_type":"พื้นที่เกษตร","LandType":"พื้นที่เกษตร","plant_type":"นาข้าว","PlantType":"นาข้าว","crop_type":"นาข้าว","crop_type_raw":"นาข้าว","__crop":"นาข้าว","__plant_type":"นาข้าว","confidence":47,"Q":"47","source":"NASA FIRMS Email Alert - Suomi NPP VIIRS","source_file":"2569-7-20 รวม 67-69 เขต 6.xlsx","filter_rule":"Province=กำแพงเพชร; LandType=พื้นที่เกษตร; PlantType normalized to allowed groups","month":4,"month_key":"2567-04","day_key":"2024-04-12","TambonN":"ทุ่งทราย","AmphoeN":"ทรายทองวัฒนา","ProvinceN":"กำแพงเพชร","Maps":"http://maps.google.com/maps?q=16.32164,99.79848"}},{"type":"Feature","geometry":{"type":"Point","coordinates":[99.79442,16.32445]},"properties":{"hs_id":"VI1202404120650w4yuygu0fd","hsID":"VI1202404120650w4yuygu0fd","acq_date":"2024-04-12","Date":"2024-04-12","acq_time":"","year_be":2567,"season_be":2567,"dataset_year_be":2567,"province":"กำแพงเพชร","Province":"กำแพงเพชร","__province":"กำแพงเพชร","district":"ทรายทองวัฒนา","Amphoe":"ทรายทองวัฒนา","__district":"ทรายทองวัฒนา","subdistrict":"ทุ่งทราย","Tambon":"ทุ่งทราย","__subdistrict":"ทุ่งทราย","village":"บ้านไทรย้อย","BaanN":"บ้านไทรย้อย","__village":"บ้านไทรย้อย","land_type":"พื้นที่เกษตร","LandType":"พื้นที่เกษตร","plant_type":"นาข้าว","PlantType":"นาข้าว","crop_type":"นาข้าว","crop_type_raw":"นาข้าว","__crop":"นาข้าว","__plant_type":"นาข้าว","confidence":47,"Q":"47","source":"NASA FIRMS Email Alert - Suomi NPP VIIRS","source_file":"2569-7-20 รวม 67-69 เขต 6.xlsx","filter_rule":"Province=กำแพงเพชร; LandType=พื้นที่เกษตร; PlantType normalized to allowed groups","month":4,"month_key":"2567-04","day_key":"2024-04-12","TambonN":"ทุ่งทราย","AmphoeN":"ทรายทองวัฒนา","ProvinceN":"กำแพงเพชร","Maps":"http://maps.google.com/maps?q=16.32445,99.79442"}},{"type":"Feature","geometry":{"type":"Point","coordinates":[99.64288,16.43049]},"properties":{"hs_id":"VI1202404120650w4yv7rjdx3","hsID":"VI1202404120650w4yv7rjdx3","acq_date":"2024-04-12","Date":"2024-04-12","acq_time":"","year_be":2567,"season_be":2567,"dataset_year_be":2567,"province":"กำแพงเพชร","Province":"กำแพงเพชร","__province":"กำแพงเพชร","district":"เมืองกำแพงเพชร","Amphoe":"เมืองกำแพงเพชร","__district":"เมืองกำแพงเพชร","subdistrict":"เทพนคร","Tambon":"เทพนคร","__subdistrict":"เทพนคร","village":"บ้านสุกรพันธ์","BaanN":"บ้านสุกรพันธ์","__village":"บ้านสุกรพันธ์","land_type":"พื้นที่เกษตร","LandType":"พื้นที่เกษตร","plant_type":"นาข้าว","PlantType":"นาข้าว","crop_type":"นาข้าว","crop_type_raw":"นาข้าว","__crop":"นาข้าว","__plant_type":"นาข้าว","confidence":47,"Q":"47","source":"NASA FIRMS Email Alert - Suomi NPP VIIRS","source_file":"2569-7-20 รวม 67-69 เขต 6.xlsx","filter_rule":"Province=กำแพงเพชร; LandType=พื้นที่เกษตร; PlantType normalized to allowed groups","month":4,"month_key":"2567-04","day_key":"2024-04-12","TambonN":"เทพนคร","AmphoeN":"เมืองกำแพงเพชร","ProvinceN":"กำแพงเพชร","Maps":"http://maps.google.com/maps?q=16.43049,99.64288"}},{"type":"Feature","geometry":{"type":"Point","coordinates":[99.64288,16.52692]},"properties":{"hs_id":"VI1202404120650w4yy52tsr3","hsID":"VI1202404120650w4yy52tsr3","acq_date":"2024-04-12","Date":"2024-04-12","acq_time":"","year_be":2567,"season_be":2567,"dataset_year_be":2567,"province":"กำแพงเพชร","Province":"กำแพงเพชร","__province":"กำแพงเพชร","district":"เมืองกำแพงเพชร","Amphoe":"เมืองกำแพงเพชร","__district":"เมืองกำแพงเพชร","subdistrict":"สระแก้ว","Tambon":"สระแก้ว","__subdistrict":"สระแก้ว","village":"บ้านโพธิ์สวัสดิ์","BaanN":"บ้านโพธิ์สวัสดิ์","__village":"บ้านโพธิ์สวัสดิ์","land_type":"พื้นที่เกษตร","LandType":"พื้นที่เกษตร","plant_type":"อ้อย","PlantType":"อ้อย","crop_type":"อ้อย","crop_type_raw":"อ้อย","__crop":"อ้อย","__plant_type":"อ้อย","confidence":47,"Q":"47","source":"NASA FIRMS Email Alert - Suomi NPP VIIRS","source_file":"2569-7-20 รวม 67-69 เขต 6.xlsx","filter_rule":"Province=กำแพงเพชร; LandType=พื้นที่เกษตร; PlantType normalized to allowed groups","month":4,"month_key":"2567-04","day_key":"2024-04-12","TambonN":"สระแก้ว","AmphoeN":"เมืองกำแพงเพชร","ProvinceN":"กำแพงเพชร","Maps":"http://maps.google.com/maps?q=16.52692,99.64288"}},{"type":"Feature","geometry":{"type":"Point","coordinates":[99.90836,16.07695]},"properties":{"hs_id":"VI1202404120650w4z53qxp18","hsID":"VI1202404120650w4z53qxp18","acq_date":"2024-04-12","Date":"2024-04-12","acq_time":"","year_be":2567,"season_be":2567,"dataset_year_be":2567,"province":"กำแพงเพชร","Province":"กำแพงเพชร","__province":"กำแพงเพชร","district":"ขาณุวรลักษบุรี","Amphoe":"ขาณุวรลักษบุรี","__district":"ขาณุวรลักษบุรี","subdistrict":"ป่าพุทรา","Tambon":"ป่าพุทรา","__subdistrict":"ป่าพุทรา","village":"บ้านวังพัฒนา","BaanN":"บ้านวังพัฒนา","__village":"บ้านวังพัฒนา","land_type":"พื้นที่เกษตร","LandType":"พื้นที่เกษตร","plant_type":"นาข้าว","PlantType":"นาข้าว","crop_type":"นาข้าว","crop_type_raw":"นาข้าว","__crop":"นาข้าว","__plant_type":"นาข้าว","confidence":47,"Q":"47","source":"NASA FIRMS Email Alert - Suomi NPP VIIRS","source_file":"2569-7-20 รวม 67-69 เขต 6.xlsx","filter_rule":"Province=กำแพงเพชร; LandType=พื้นที่เกษตร; PlantType normalized to allowed groups","month":4,"month_key":"2567-04","day_key":"2024-04-12","TambonN":"ป่าพุทรา","AmphoeN":"ขาณุวรลักษบุรี","ProvinceN":"กำแพงเพชร","Maps":"http://maps.google.com/maps?q=16.07695,99.90836"}},{"type":"Feature","geometry":{"type":"Point","coordinates":[99.79697,16.28026]},"properties":{"hs_id":"VI1202404130629w4yuwgtzmu","hsID":"VI1202404130629w4yuwgtzmu","acq_date":"2024-04-13","Date":"2024-04-13","acq_time":"","year_be":2567,"season_be":2567,"dataset_year_be":2567,"province":"กำแพงเพชร","Province":"กำแพงเพชร","__province":"กำแพงเพชร","district":"ทรายทองวัฒนา","Amphoe":"ทรายทองวัฒนา","__district":"ทรายทองวัฒนา","subdistrict":"ทุ่งทราย","Tambon":"ทุ่งทราย","__subdistrict":"ทุ่งทราย","village":"บ้านหนองนกชุมใต้","BaanN":"บ้านหนองนกชุมใต้","__village":"บ้านหนองนกชุมใต้","land_type":"พื้นที่เกษตร","LandType":"พื้นที่เกษตร","plant_type":"นาข้าว","PlantType":"นาข้าว","crop_type":"นาข้าว","crop_type_raw":"นาข้าว","__crop":"นาข้าว","__plant_type":"นาข้าว","confidence":47,"Q":"47","source":"NASA FIRMS Email Alert - Suomi NPP VIIRS","source_file":"2569-7-20 รวม 67-69 เขต 6.xlsx","filter_rule":"Province=กำแพงเพชร; LandType=พื้นที่เกษตร; PlantType normalized to allowed groups","month":4,"month_key":"2567-04","day_key":"2024-04-13","TambonN":"ทุ่งทราย","AmphoeN":"ทรายทองวัฒนา","ProvinceN":"กำแพงเพชร","Maps":"http://maps.google.com/maps?q=16.28026,99.79697"}},{"type":"Feature","geometry":{"type":"Point","coordinates":[99.61029,16.61147]},"properties":{"hs_id":"VI1202404130629w4yyd8jbzf","hsID":"VI1202404130629w4yyd8jbzf","acq_date":"2024-04-13","Date":"2024-04-13","acq_time":"","year_be":2567,"season_be":2567,"dataset_year_be":2567,"province":"กำแพงเพชร","Province":"กำแพงเพชร","__province":"กำแพงเพชร","district":"พรานกระต่าย","Amphoe":"พรานกระต่าย","__district":"พรานกระต่าย","subdistrict":"ถ้ำกระต่ายทอง","Tambon":"ถ้ำกระต่ายทอง","__subdistrict":"ถ้ำกระต่ายทอง","village":"บ้านเขานางทอง","BaanN":"บ้านเขานางทอง","__village":"บ้านเขานางทอง","land_type":"พื้นที่เกษตร","LandType":"พื้นที่เกษตร","plant_type":"นาข้าว","PlantType":"นาข้าว","crop_type":"นาข้าว","crop_type_raw":"นาข้าว","__crop":"นาข้าว","__plant_type":"นาข้าว","confidence":47,"Q":"47","source":"NASA FIRMS Email Alert - Suomi NPP VIIRS","source_file":"2569-7-20 รวม 67-69 เขต 6.xlsx","filter_rule":"Province=กำแพงเพชร; LandType=พื้นที่เกษตร; PlantType normalized to allowed groups","month":4,"month_key":"2567-04","day_key":"2024-04-13","TambonN":"ถ้ำกระต่ายทอง","AmphoeN":"พรานกระต่าย","ProvinceN":"กำแพงเพชร","Maps":"http://maps.google.com/maps?q=16.61147,99.61029"}},{"type":"Feature","geometry":{"type":"Point","coordinates":[99.82243,16.28795]},"properties":{"hs_id":"VI1202404140612w4yuxt0kpj","hsID":"VI1202404140612w4yuxt0kpj","acq_date":"2024-04-14","Date":"2024-04-14","acq_time":"","year_be":2567,"season_be":2567,"dataset_year_be":2567,"province":"กำแพงเพชร","Province":"กำแพงเพชร","__province":"กำแพงเพชร","district":"ทรายทองวัฒนา","Amphoe":"ทรายทองวัฒนา","__district":"ทรายทองวัฒนา","subdistrict":"ทุ่งทราย","Tambon":"ทุ่งทราย","__subdistrict":"ทุ่งทราย","village":"บ้านศรีอุดมธัญญะ, บ้านน้อย","BaanN":"บ้านศรีอุดมธัญญะ, บ้านน้อย","__village":"บ้านศรีอุดมธัญญะ, บ้านน้อย","land_type":"พื้นที่เกษตร","LandType":"พื้นที่เกษตร","plant_type":"นาข้าว","PlantType":"นาข้าว","crop_type":"นาข้าว","crop_type_raw":"นาข้าว","__crop":"นาข้าว","__plant_type":"นาข้าว","confidence":47,"Q":"47","source":"NASA FIRMS Email Alert - Suomi NPP VIIRS","source_file":"2569-7-20 รวม 67-69 เขต 6.xlsx","filter_rule":"Province=กำแพงเพชร; LandType=พื้นที่เกษตร; PlantType normalized to allowed groups","month":4,"month_key":"2567-04","day_key":"2024-04-14","TambonN":"ทุ่งทราย","AmphoeN":"ทรายทองวัฒนา","ProvinceN":"กำแพงเพชร","Maps":"http://maps.google.com/maps?q=16.28795,99.82243"}},{"type":"Feature","geometry":{"type":"Point","coordinates":[99.86443,16.20328]},"properties":{"hs_id":"VI1202404140612w4zh0mxncy","hsID":"VI1202404140612w4zh0mxncy","acq_date":"2024-04-14","Date":"2024-04-14","acq_time":"","year_be":2567,"season_be":2567,"dataset_year_be":2567,"province":"กำแพงเพชร","Province":"กำแพงเพชร","__province":"กำแพงเพชร","district":"คลองขลุง","Amphoe":"คลองขลุง","__district":"คลองขลุง","subdistrict":"วังแขม","Tambon":"วังแขม","__subdistrict":"วังแขม","village":"บ้านโนนสาน","BaanN":"บ้านโนนสาน","__village":"บ้านโนนสาน","land_type":"พื้นที่เกษตร","LandType":"พื้นที่เกษตร","plant_type":"นาข้าว","PlantType":"นาข้าว","crop_type":"นาข้าว","crop_type_raw":"นาข้าว","__crop":"นาข้าว","__plant_type":"นาข้าว","confidence":47,"Q":"47","source":"NASA FIRMS Email Alert - Suomi NPP VIIRS","source_file":"2569-7-20 รวม 67-69 เขต 6.xlsx","filter_rule":"Province=กำแพงเพชร; LandType=พื้นที่เกษตร; PlantType normalized to allowed groups","month":4,"month_key":"2567-04","day_key":"2024-04-14","TambonN":"วังแขม","AmphoeN":"คลองขลุง","ProvinceN":"กำแพงเพชร","Maps":"http://maps.google.com/maps?q=16.20328,99.86443"}},{"type":"Feature","geometry":{"type":"Point","coordinates":[99.67995,16.54035]},"properties":{"hs_id":"VI1202404150733w4yyh70dx0","hsID":"VI1202404150733w4yyh70dx0","acq_date":"2024-04-15","Date":"2024-04-15","acq_time":"","year_be":2567,"season_be":2567,"dataset_year_be":2567,"province":"กำแพงเพชร","Province":"กำแพงเพชร","__province":"กำแพงเพชร","district":"เมืองกำแพงเพชร","Amphoe":"เมืองกำแพงเพชร","__district":"เมืองกำแพงเพชร","subdistrict":"นิคมทุ่งโพธิ์ทะเล","Tambon":"นิคมทุ่งโพธิ์ทะเล","__subdistrict":"นิคมทุ่งโพธิ์ทะเล","village":"บ้านทุ่งรวงทอง","BaanN":"บ้านทุ่งรวงทอง","__village":"บ้านทุ่งรวงทอง","land_type":"พื้นที่เกษตร","LandType":"พื้นที่เกษตร","plant_type":"นาข้าว","PlantType":"นาข้าว","crop_type":"นาข้าว","crop_type_raw":"นาข้าว","__crop":"นาข้าว","__plant_type":"นาข้าว","confidence":47,"Q":"47","source":"NASA FIRMS Email Alert - Suomi NPP VIIRS","source_file":"2569-7-20 รวม 67-69 เขต 6.xlsx","filter_rule":"Province=กำแพงเพชร; LandType=พื้นที่เกษตร; PlantType normalized to allowed groups","month":4,"month_key":"2567-04","day_key":"2024-04-15","TambonN":"เขาคีริส","AmphoeN":"พรานกระต่าย","ProvinceN":"กำแพงเพชร","Maps":"http://maps.google.com/maps?q=16.54035,99.67995"}},{"type":"Feature","geometry":{"type":"Point","coordinates":[99.68653,16.54009]},"properties":{"hs_id":"VI1202404150733w4yyh7j908","hsID":"VI1202404150733w4yyh7j908","acq_date":"2024-04-15","Date":"2024-04-15","acq_time":"","year_be":2567,"season_be":2567,"dataset_year_be":2567,"province":"กำแพงเพชร","Province":"กำแพงเพชร","__province":"กำแพงเพชร","district":"เมืองกำแพงเพชร","Amphoe":"เมืองกำแพงเพชร","__district":"เมืองกำแพงเพชร","subdistrict":"นิคมทุ่งโพธิ์ทะเล","Tambon":"นิคมทุ่งโพธิ์ทะเล","__subdistrict":"นิคมทุ่งโพธิ์ทะเล","village":"บ้านทุ่งรวงทอง","BaanN":"บ้านทุ่งรวงทอง","__village":"บ้านทุ่งรวงทอง","land_type":"พื้นที่เกษตร","LandType":"พื้นที่เกษตร","plant_type":"อ้อย","PlantType":"อ้อย","crop_type":"อ้อย","crop_type_raw":"อ้อย","__crop":"อ้อย","__plant_type":"อ้อย","confidence":47,"Q":"47","source":"NASA FIRMS Email Alert - Suomi NPP VIIRS","source_file":"2569-7-20 รวม 67-69 เขต 6.xlsx","filter_rule":"Province=กำแพงเพชร; LandType=พื้นที่เกษตร; PlantType normalized to allowed groups","month":4,"month_key":"2567-04","day_key":"2024-04-15","TambonN":"เขาคีริส","AmphoeN":"พรานกระต่าย","ProvinceN":"กำแพงเพชร","Maps":"http://maps.google.com/maps?q=16.54009,99.68653"}},{"type":"Feature","geometry":{"type":"Point","coordinates":[99.68594,16.54738]},"properties":{"hs_id":"VI1202404150733w4yyhkm56z","hsID":"VI1202404150733w4yyhkm56z","acq_date":"2024-04-15","Date":"2024-04-15","acq_time":"","year_be":2567,"season_be":2567,"dataset_year_be":2567,"province":"กำแพงเพชร","Province":"กำแพงเพชร","__province":"กำแพงเพชร","district":"เมืองกำแพงเพชร","Amphoe":"เมืองกำแพงเพชร","__district":"เมืองกำแพงเพชร","subdistrict":"นิคมทุ่งโพธิ์ทะเล","Tambon":"นิคมทุ่งโพธิ์ทะเล","__subdistrict":"นิคมทุ่งโพธิ์ทะเล","village":"บ้านทุ่งรวงทอง","BaanN":"บ้านทุ่งรวงทอง","__village":"บ้านทุ่งรวงทอง","land_type":"พื้นที่เกษตร","LandType":"พื้นที่เกษตร","plant_type":"อ้อย","PlantType":"อ้อย","crop_type":"อ้อย","crop_type_raw":"อ้อย","__crop":"อ้อย","__plant_type":"อ้อย","confidence":47,"Q":"47","source":"NASA FIRMS Email Alert - Suomi NPP VIIRS","source_file":"2569-7-20 รวม 67-69 เขต 6.xlsx","filter_rule":"Province=กำแพงเพชร; LandType=พื้นที่เกษตร; PlantType normalized to allowed groups","month":4,"month_key":"2567-04","day_key":"2024-04-15","TambonN":"เขาคีริส","AmphoeN":"พรานกระต่าย","ProvinceN":"กำแพงเพชร","Maps":"http://maps.google.com/maps?q=16.54738,99.68594"}},{"type":"Feature","geometry":{"type":"Point","coordinates":[99.72299,16.26838]},"properties":{"hs_id":"VI1202404170657w4yut3844j","hsID":"VI1202404170657w4yut3844j","acq_date":"2024-04-17","Date":"2024-04-17","acq_time":"","year_be":2567,"season_be":2567,"dataset_year_be":2567,"province":"กำแพงเพชร","Province":"กำแพงเพชร","__province":"กำแพงเพชร","district":"คลองขลุง","Amphoe":"คลองขลุง","__district":"คลองขลุง","subdistrict":"ท่ามะเขือ","Tambon":"ท่ามะเขือ","__subdistrict":"ท่ามะเขือ","village":"บ้านละหาน","BaanN":"บ้านละหาน","__village":"บ้านละหาน","land_type":"พื้นที่เกษตร","LandType":"พื้นที่เกษตร","plant_type":"เกษตรอื่น ๆ","PlantType":"เกษตรอื่น ๆ","crop_type":"เกษตรอื่น ๆ","crop_type_raw":"เกษตรอื่น ๆ","__crop":"เกษตรอื่น ๆ","__plant_type":"เกษตรอื่น ๆ","confidence":47,"Q":"47","source":"NASA FIRMS Email Alert - Suomi NPP VIIRS","source_file":"2569-7-20 รวม 67-69 เขต 6.xlsx","filter_rule":"Province=กำแพงเพชร; LandType=พื้นที่เกษตร; PlantType normalized to allowed groups","month":4,"month_key":"2567-04","day_key":"2024-04-17","TambonN":"วังบัว","AmphoeN":"คลองขลุง","ProvinceN":"กำแพงเพชร","Maps":"http://maps.google.com/maps?q=16.26838,99.72299"}},{"type":"Feature","geometry":{"type":"Point","coordinates":[99.71116,16.3154]},"properties":{"hs_id":"VI1202404170657w4yuufpkn6","hsID":"VI1202404170657w4yuufpkn6","acq_date":"2024-04-17","Date":"2024-04-17","acq_time":"","year_be":2567,"season_be":2567,"dataset_year_be":2567,"province":"กำแพงเพชร","Province":"กำแพงเพชร","__province":"กำแพงเพชร","district":"คลองขลุง","Amphoe":"คลองขลุง","__district":"คลองขลุง","subdistrict":"วังบัว","Tambon":"วังบัว","__subdistrict":"วังบัว","village":"บ้านสามง่าม","BaanN":"บ้านสามง่าม","__village":"บ้านสามง่าม","land_type":"พื้นที่เกษตร","LandType":"พื้นที่เกษตร","plant_type":"อ้อย","PlantType":"อ้อย","crop_type":"อ้อย","crop_type_raw":"อ้อย","__crop":"อ้อย","__plant_type":"อ้อย","confidence":47,"Q":"47","source":"NASA FIRMS Email Alert - Suomi NPP VIIRS","source_file":"2569-7-20 รวม 67-69 เขต 6.xlsx","filter_rule":"Province=กำแพงเพชร; LandType=พื้นที่เกษตร; PlantType normalized to allowed groups","month":4,"month_key":"2567-04","day_key":"2024-04-17","TambonN":"วังบัว","AmphoeN":"คลองขลุง","ProvinceN":"กำแพงเพชร","Maps":"http://maps.google.com/maps?q=16.3154,99.71116"}},{"type":"Feature","geometry":{"type":"Point","coordinates":[99.82066,16.26881]},"properties":{"hs_id":"VI1202404170657w4yux3xhtv","hsID":"VI1202404170657w4yux3xhtv","acq_date":"2024-04-17","Date":"2024-04-17","acq_time":"","year_be":2567,"season_be":2567,"dataset_year_be":2567,"province":"กำแพงเพชร","Province":"กำแพงเพชร","__province":"กำแพงเพชร","district":"คลองขลุง","Amphoe":"คลองขลุง","__district":"คลองขลุง","subdistrict":"วังยาง","Tambon":"วังยาง","__subdistrict":"วังยาง","village":"บ้านศรีอุดมธัญญะ, บ้านน้อย","BaanN":"บ้านศรีอุดมธัญญะ, บ้านน้อย","__village":"บ้านศรีอุดมธัญญะ, บ้านน้อย","land_type":"พื้นที่เกษตร","LandType":"พื้นที่เกษตร","plant_type":"นาข้าว","PlantType":"นาข้าว","crop_type":"นาข้าว","crop_type_raw":"นาข้าว","__crop":"นาข้าว","__plant_type":"นาข้าว","confidence":47,"Q":"47","source":"NASA FIRMS Email Alert - Suomi NPP VIIRS","source_file":"2569-7-20 รวม 67-69 เขต 6.xlsx","filter_rule":"Province=กำแพงเพชร; LandType=พื้นที่เกษตร; PlantType normalized to allowed groups","month":4,"month_key":"2567-04","day_key":"2024-04-17","TambonN":"ทุ่งทราย","AmphoeN":"ทรายทองวัฒนา","ProvinceN":"กำแพงเพชร","Maps":"http://maps.google.com/maps?q=16.26881,99.82066"}},{"type":"Feature","geometry":{"type":"Point","coordinates":[99.67264,16.34923]},"properties":{"hs_id":"VI1202404170657w4yvh073hv","hsID":"VI1202404170657w4yvh073hv","acq_date":"2024-04-17","Date":"2024-04-17","acq_time":"","year_be":2567,"season_be":2567,"dataset_year_be":2567,"province":"กำแพงเพชร","Province":"กำแพงเพชร","__province":"กำแพงเพชร","district":"เมืองกำแพงเพชร","Amphoe":"เมืองกำแพงเพชร","__district":"เมืองกำแพงเพชร","subdistrict":"คณฑี","Tambon":"คณฑี","__subdistrict":"คณฑี","village":"บ้านเกาะธำมรงค์","BaanN":"บ้านเกาะธำมรงค์","__village":"บ้านเกาะธำมรงค์","land_type":"พื้นที่เกษตร","LandType":"พื้นที่เกษตร","plant_type":"นาข้าว","PlantType":"นาข้าว","crop_type":"นาข้าว","crop_type_raw":"นาข้าว","__crop":"นาข้าว","__plant_type":"นาข้าว","confidence":47,"Q":"47","source":"NASA FIRMS Email Alert - Suomi NPP VIIRS","source_file":"2569-7-20 รวม 67-69 เขต 6.xlsx","filter_rule":"Province=กำแพงเพชร; LandType=พื้นที่เกษตร; PlantType normalized to allowed groups","month":4,"month_key":"2567-04","day_key":"2024-04-17","TambonN":"ธำมรงค์","AmphoeN":"เมืองกำแพงเพชร","ProvinceN":"กำแพงเพชร","Maps":"http://maps.google.com/maps?q=16.34923,99.67264"}},{"type":"Feature","geometry":{"type":"Point","coordinates":[99.67793,16.34991]},"properties":{"hs_id":"VI1202404170657w4yvh0rm0h","hsID":"VI1202404170657w4yvh0rm0h","acq_date":"2024-04-17","Date":"2024-04-17","acq_time":"","year_be":2567,"season_be":2567,"dataset_year_be":2567,"province":"กำแพงเพชร","Province":"กำแพงเพชร","__province":"กำแพงเพชร","district":"เมืองกำแพงเพชร","Amphoe":"เมืองกำแพงเพชร","__district":"เมืองกำแพงเพชร","subdistrict":"คณฑี","Tambon":"คณฑี","__subdistrict":"คณฑี","village":"บ้านเกาะธำมรงค์","BaanN":"บ้านเกาะธำมรงค์","__village":"บ้านเกาะธำมรงค์","land_type":"พื้นที่เกษตร","LandType":"พื้นที่เกษตร","plant_type":"อ้อย","PlantType":"อ้อย","crop_type":"อ้อย","crop_type_raw":"อ้อย","__crop":"อ้อย","__plant_type":"อ้อย","confidence":47,"Q":"47","source":"NASA FIRMS Email Alert - Suomi NPP VIIRS","source_file":"2569-7-20 รวม 67-69 เขต 6.xlsx","filter_rule":"Province=กำแพงเพชร; LandType=พื้นที่เกษตร; PlantType normalized to allowed groups","month":4,"month_key":"2567-04","day_key":"2024-04-17","TambonN":"ธำมรงค์","AmphoeN":"เมืองกำแพงเพชร","ProvinceN":"กำแพงเพชร","Maps":"http://maps.google.com/maps?q=16.34991,99.67793"}},{"type":"Feature","geometry":{"type":"Point","coordinates":[99.68794,16.35524]},"properties":{"hs_id":"VI1202404170657w4yvh3qs1m","hsID":"VI1202404170657w4yvh3qs1m","acq_date":"2024-04-17","Date":"2024-04-17","acq_time":"","year_be":2567,"season_be":2567,"dataset_year_be":2567,"province":"กำแพงเพชร","Province":"กำแพงเพชร","__province":"กำแพงเพชร","district":"เมืองกำแพงเพชร","Amphoe":"เมืองกำแพงเพชร","__district":"เมืองกำแพงเพชร","subdistrict":"คณฑี","Tambon":"คณฑี","__subdistrict":"คณฑี","village":"บ้านโพธิ์พัฒนา","BaanN":"บ้านโพธิ์พัฒนา","__village":"บ้านโพธิ์พัฒนา","land_type":"พื้นที่เกษตร","LandType":"พื้นที่เกษตร","plant_type":"นาข้าว","PlantType":"นาข้าว","crop_type":"นาข้าว","crop_type_raw":"นาข้าว","__crop":"นาข้าว","__plant_type":"นาข้าว","confidence":47,"Q":"47","source":"NASA FIRMS Email Alert - Suomi NPP VIIRS","source_file":"2569-7-20 รวม 67-69 เขต 6.xlsx","filter_rule":"Province=กำแพงเพชร; LandType=พื้นที่เกษตร; PlantType normalized to allowed groups","month":4,"month_key":"2567-04","day_key":"2024-04-17","TambonN":"คณฑี","AmphoeN":"เมืองกำแพงเพชร","ProvinceN":"กำแพงเพชร","Maps":"http://maps.google.com/maps?q=16.35524,99.68794"}},{"type":"Feature","geometry":{"type":"Point","coordinates":[99.74177,16.33207]},"properties":{"hs_id":"VI1202404180635w4yuvtjtpw","hsID":"VI1202404180635w4yuvtjtpw","acq_date":"2024-04-18","Date":"2024-04-18","acq_time":"","year_be":2567,"season_be":2567,"dataset_year_be":2567,"province":"กำแพงเพชร","Province":"กำแพงเพชร","__province":"กำแพงเพชร","district":"คลองขลุง","Amphoe":"คลองขลุง","__district":"คลองขลุง","subdistrict":"วังบัว","Tambon":"วังบัว","__subdistrict":"วังบัว","village":"บ้านโกรกน้ำซึม","BaanN":"บ้านโกรกน้ำซึม","__village":"บ้านโกรกน้ำซึม","land_type":"พื้นที่เกษตร","LandType":"พื้นที่เกษตร","plant_type":"นาข้าว","PlantType":"นาข้าว","crop_type":"นาข้าว","crop_type_raw":"นาข้าว","__crop":"นาข้าว","__plant_type":"นาข้าว","confidence":47,"Q":"47","source":"NASA FIRMS Email Alert - Suomi NPP VIIRS","source_file":"2569-7-20 รวม 67-69 เขต 6.xlsx","filter_rule":"Province=กำแพงเพชร; LandType=พื้นที่เกษตร; PlantType normalized to allowed groups","month":4,"month_key":"2567-04","day_key":"2024-04-18","TambonN":"วังบัว","AmphoeN":"คลองขลุง","ProvinceN":"กำแพงเพชร","Maps":"http://maps.google.com/maps?q=16.33207,99.74177"}},{"type":"Feature","geometry":{"type":"Point","coordinates":[99.57095,16.43105]},"properties":{"hs_id":"VI1202404180635w4yv3z1mg3","hsID":"VI1202404180635w4yv3z1mg3","acq_date":"2024-04-18","Date":"2024-04-18","acq_time":"","year_be":2567,"season_be":2567,"dataset_year_be":2567,"province":"กำแพงเพชร","Province":"กำแพงเพชร","__province":"กำแพงเพชร","district":"เมืองกำแพงเพชร","Amphoe":"เมืองกำแพงเพชร","__district":"เมืองกำแพงเพชร","subdistrict":"เทพนคร","Tambon":"เทพนคร","__subdistrict":"เทพนคร","village":"บ้านวังทองหลาง","BaanN":"บ้านวังทองหลาง","__village":"บ้านวังทองหลาง","land_type":"พื้นที่เกษตร","LandType":"พื้นที่เกษตร","plant_type":"นาข้าว","PlantType":"นาข้าว","crop_type":"นาข้าว","crop_type_raw":"นาข้าว","__crop":"นาข้าว","__plant_type":"นาข้าว","confidence":47,"Q":"47","source":"NASA FIRMS Email Alert - Suomi NPP VIIRS","source_file":"2569-7-20 รวม 67-69 เขต 6.xlsx","filter_rule":"Province=กำแพงเพชร; LandType=พื้นที่เกษตร; PlantType normalized to allowed groups","month":4,"month_key":"2567-04","day_key":"2024-04-18","TambonN":"เทพนคร","AmphoeN":"เมืองกำแพงเพชร","ProvinceN":"กำแพงเพชร","Maps":"http://maps.google.com/maps?q=16.43105,99.57095"}},{"type":"Feature","geometry":{"type":"Point","coordinates":[99.57453,16.43159]},"properties":{"hs_id":"VI1202404180635w4yv3z7byw","hsID":"VI1202404180635w4yv3z7byw","acq_date":"2024-04-18","Date":"2024-04-18","acq_time":"","year_be":2567,"season_be":2567,"dataset_year_be":2567,"province":"กำแพงเพชร","Province":"กำแพงเพชร","__province":"กำแพงเพชร","district":"เมืองกำแพงเพชร","Amphoe":"เมืองกำแพงเพชร","__district":"เมืองกำแพงเพชร","subdistrict":"เทพนคร","Tambon":"เทพนคร","__subdistrict":"เทพนคร","village":"บ้านวังทองหลาง","BaanN":"บ้านวังทองหลาง","__village":"บ้านวังทองหลาง","land_type":"พื้นที่เกษตร","LandType":"พื้นที่เกษตร","plant_type":"นาข้าว","PlantType":"นาข้าว","crop_type":"นาข้าว","crop_type_raw":"นาข้าว","__crop":"นาข้าว","__plant_type":"นาข้าว","confidence":47,"Q":"47","source":"NASA FIRMS Email Alert - Suomi NPP VIIRS","source_file":"2569-7-20 รวม 67-69 เขต 6.xlsx","filter_rule":"Province=กำแพงเพชร; LandType=พื้นที่เกษตร; PlantType normalized to allowed groups","month":4,"month_key":"2567-04","day_key":"2024-04-18","TambonN":"เทพนคร","AmphoeN":"เมืองกำแพงเพชร","ProvinceN":"กำแพงเพชร","Maps":"http://maps.google.com/maps?q=16.43159,99.57453"}},{"type":"Feature","geometry":{"type":"Point","coordinates":[99.64229,16.42544]},"properties":{"hs_id":"VI1202404180635w4yv7qjm1e","hsID":"VI1202404180635w4yv7qjm1e","acq_date":"2024-04-18","Date":"2024-04-18","acq_time":"","year_be":2567,"season_be":2567,"dataset_year_be":2567,"province":"กำแพงเพชร","Province":"กำแพงเพชร","__province":"กำแพงเพชร","district":"เมืองกำแพงเพชร","Amphoe":"เมืองกำแพงเพชร","__district":"เมืองกำแพงเพชร","subdistrict":"เทพนคร","Tambon":"เทพนคร","__subdistrict":"เทพนคร","village":"บ้านสุกรพันธ์","BaanN":"บ้านสุกรพันธ์","__village":"บ้านสุกรพันธ์","land_type":"พื้นที่เกษตร","LandType":"พื้นที่เกษตร","plant_type":"นาข้าว","PlantType":"นาข้าว","crop_type":"นาข้าว","crop_type_raw":"นาข้าว","__crop":"นาข้าว","__plant_type":"นาข้าว","confidence":47,"Q":"47","source":"NASA FIRMS Email Alert - Suomi NPP VIIRS","source_file":"2569-7-20 รวม 67-69 เขต 6.xlsx","filter_rule":"Province=กำแพงเพชร; LandType=พื้นที่เกษตร; PlantType normalized to allowed groups","month":4,"month_key":"2567-04","day_key":"2024-04-18","TambonN":"เทพนคร","AmphoeN":"เมืองกำแพงเพชร","ProvinceN":"กำแพงเพชร","Maps":"http://maps.google.com/maps?q=16.42544,99.64229"}},{"type":"Feature","geometry":{"type":"Point","coordinates":[99.69514,16.34859]},"properties":{"hs_id":"VI1202404180635w4yvh85v3n","hsID":"VI1202404180635w4yvh85v3n","acq_date":"2024-04-18","Date":"2024-04-18","acq_time":"","year_be":2567,"season_be":2567,"dataset_year_be":2567,"province":"กำแพงเพชร","Province":"กำแพงเพชร","__province":"กำแพงเพชร","district":"เมืองกำแพงเพชร","Amphoe":"เมืองกำแพงเพชร","__district":"เมืองกำแพงเพชร","subdistrict":"คณฑี","Tambon":"คณฑี","__subdistrict":"คณฑี","village":"บ้านหงษ์ทองเจริญ","BaanN":"บ้านหงษ์ทองเจริญ","__village":"บ้านหงษ์ทองเจริญ","land_type":"พื้นที่เกษตร","LandType":"พื้นที่เกษตร","plant_type":"นาข้าว","PlantType":"นาข้าว","crop_type":"นาข้าว","crop_type_raw":"นาข้าว","__crop":"นาข้าว","__plant_type":"นาข้าว","confidence":47,"Q":"47","source":"NASA FIRMS Email Alert - Suomi NPP VIIRS","source_file":"2569-7-20 รวม 67-69 เขต 6.xlsx","filter_rule":"Province=กำแพงเพชร; LandType=พื้นที่เกษตร; PlantType normalized to allowed groups","month":4,"month_key":"2567-04","day_key":"2024-04-18","TambonN":"คณฑี","AmphoeN":"เมืองกำแพงเพชร","ProvinceN":"กำแพงเพชร","Maps":"http://maps.google.com/maps?q=16.34859,99.69514"}},{"type":"Feature","geometry":{"type":"Point","coordinates":[99.40161,16.65236]},"properties":{"hs_id":"VI1202404180635w4ywtzqp12","hsID":"VI1202404180635w4ywtzqp12","acq_date":"2024-04-18","Date":"2024-04-18","acq_time":"","year_be":2567,"season_be":2567,"dataset_year_be":2567,"province":"กำแพงเพชร","Province":"กำแพงเพชร","__province":"กำแพงเพชร","district":"เมืองกำแพงเพชร","Amphoe":"เมืองกำแพงเพชร","__district":"เมืองกำแพงเพชร","subdistrict":"ลานดอกไม้","Tambon":"ลานดอกไม้","__subdistrict":"ลานดอกไม้","village":"บ้านทุ่งพรึ้ม","BaanN":"บ้านทุ่งพรึ้ม","__village":"บ้านทุ่งพรึ้ม","land_type":"พื้นที่เกษตร","LandType":"พื้นที่เกษตร","plant_type":"นาข้าว","PlantType":"นาข้าว","crop_type":"นาข้าว","crop_type_raw":"นาข้าว","__crop":"นาข้าว","__plant_type":"นาข้าว","confidence":47,"Q":"47","source":"NASA FIRMS Email Alert - Suomi NPP VIIRS","source_file":"2569-7-20 รวม 67-69 เขต 6.xlsx","filter_rule":"Province=กำแพงเพชร; LandType=พื้นที่เกษตร; PlantType normalized to allowed groups","month":4,"month_key":"2567-04","day_key":"2024-04-18","TambonN":"ลานดอกไม้","AmphoeN":"เมืองกำแพงเพชร","ProvinceN":"กำแพงเพชร","Maps":"http://maps.google.com/maps?q=16.65236,99.40161"}},{"type":"Feature","geometry":{"type":"Point","coordinates":[99.65326,16.55527]},"properties":{"hs_id":"VI1202404180635w4yy5tv33q","hsID":"VI1202404180635w4yy5tv33q","acq_date":"2024-04-18","Date":"2024-04-18","acq_time":"","year_be":2567,"season_be":2567,"dataset_year_be":2567,"province":"กำแพงเพชร","Province":"กำแพงเพชร","__province":"กำแพงเพชร","district":"พรานกระต่าย","Amphoe":"พรานกระต่าย","__district":"พรานกระต่าย","subdistrict":"เขาคีริส","Tambon":"เขาคีริส","__subdistrict":"เขาคีริส","village":"บ้านสามหมื่น","BaanN":"บ้านสามหมื่น","__village":"บ้านสามหมื่น","land_type":"พื้นที่เกษตร","LandType":"พื้นที่เกษตร","plant_type":"เกษตรอื่น ๆ","PlantType":"เกษตรอื่น ๆ","crop_type":"เกษตรอื่น ๆ","crop_type_raw":"เกษตรอื่น ๆ","__crop":"เกษตรอื่น ๆ","__plant_type":"เกษตรอื่น ๆ","confidence":47,"Q":"47","source":"NASA FIRMS Email Alert - Suomi NPP VIIRS","source_file":"2569-7-20 รวม 67-69 เขต 6.xlsx","filter_rule":"Province=กำแพงเพชร; LandType=พื้นที่เกษตร; PlantType normalized to allowed groups","month":4,"month_key":"2567-04","day_key":"2024-04-18","TambonN":"เขาคีริส","AmphoeN":"พรานกระต่าย","ProvinceN":"กำแพงเพชร","Maps":"http://maps.google.com/maps?q=16.55527,99.65326"}},{"type":"Feature","geometry":{"type":"Point","coordinates":[99.85863,16.45125]},"properties":{"hs_id":"VI1202404180635w4zj86fg6x","hsID":"VI1202404180635w4zj86fg6x","acq_date":"2024-04-18","Date":"2024-04-18","acq_time":"","year_be":2567,"season_be":2567,"dataset_year_be":2567,"province":"กำแพงเพชร","Province":"กำแพงเพชร","__province":"กำแพงเพชร","district":"ไทรงาม","Amphoe":"ไทรงาม","__district":"ไทรงาม","subdistrict":"หนองคล้า","Tambon":"หนองคล้า","__subdistrict":"หนองคล้า","village":"บ้านวังโขน","BaanN":"บ้านวังโขน","__village":"บ้านวังโขน","land_type":"พื้นที่เกษตร","LandType":"พื้นที่เกษตร","plant_type":"นาข้าว","PlantType":"นาข้าว","crop_type":"นาข้าว","crop_type_raw":"นาข้าว","__crop":"นาข้าว","__plant_type":"นาข้าว","confidence":47,"Q":"47","source":"NASA FIRMS Email Alert - Suomi NPP VIIRS","source_file":"2569-7-20 รวม 67-69 เขต 6.xlsx","filter_rule":"Province=กำแพงเพชร; LandType=พื้นที่เกษตร; PlantType normalized to allowed groups","month":4,"month_key":"2567-04","day_key":"2024-04-18","TambonN":"หนองคล้า","AmphoeN":"ไทรงาม","ProvinceN":"กำแพงเพชร","Maps":"http://maps.google.com/maps?q=16.45125,99.85863"}},{"type":"Feature","geometry":{"type":"Point","coordinates":[99.75753,16.18785]},"properties":{"hs_id":"VI1202404200557w4yun4cjnc","hsID":"VI1202404200557w4yun4cjnc","acq_date":"2024-04-20","Date":"2024-04-20","acq_time":"","year_be":2567,"season_be":2567,"dataset_year_be":2567,"province":"กำแพงเพชร","Province":"กำแพงเพชร","__province":"กำแพงเพชร","district":"คลองขลุง","Amphoe":"คลองขลุง","__district":"คลองขลุง","subdistrict":"แม่ลาด","Tambon":"แม่ลาด","__subdistrict":"แม่ลาด","village":"บ้านใหม่สุขสมบูรณ์","BaanN":"บ้านใหม่สุขสมบูรณ์","__village":"บ้านใหม่สุขสมบูรณ์","land_type":"พื้นที่เกษตร","LandType":"พื้นที่เกษตร","plant_type":"นาข้าว","PlantType":"นาข้าว","crop_type":"นาข้าว","crop_type_raw":"นาข้าว","__crop":"นาข้าว","__plant_type":"นาข้าว","confidence":47,"Q":"47","source":"NASA FIRMS Email Alert - Suomi NPP VIIRS","source_file":"2569-7-20 รวม 67-69 เขต 6.xlsx","filter_rule":"Province=กำแพงเพชร; LandType=พื้นที่เกษตร; PlantType normalized to allowed groups","month":4,"month_key":"2567-04","day_key":"2024-04-20","TambonN":"แม่ลาด","AmphoeN":"คลองขลุง","ProvinceN":"กำแพงเพชร","Maps":"http://maps.google.com/maps?q=16.18785,99.75753"}},{"type":"Feature","geometry":{"type":"Point","coordinates":[99.66606,16.48307]},"properties":{"hs_id":"VI1202404200557w4yvgbwsgd","hsID":"VI1202404200557w4yvgbwsgd","acq_date":"2024-04-20","Date":"2024-04-20","acq_time":"","year_be":2567,"season_be":2567,"dataset_year_be":2567,"province":"กำแพงเพชร","Province":"กำแพงเพชร","__province":"กำแพงเพชร","district":"เมืองกำแพงเพชร","Amphoe":"เมืองกำแพงเพชร","__district":"เมืองกำแพงเพชร","subdistrict":"นิคมทุ่งโพธิ์ทะเล","Tambon":"นิคมทุ่งโพธิ์ทะเล","__subdistrict":"นิคมทุ่งโพธิ์ทะเล","village":"บ้านคลองเรือ","BaanN":"บ้านคลองเรือ","__village":"บ้านคลองเรือ","land_type":"พื้นที่เกษตร","LandType":"พื้นที่เกษตร","plant_type":"นาข้าว","PlantType":"นาข้าว","crop_type":"นาข้าว","crop_type_raw":"นาข้าว","__crop":"นาข้าว","__plant_type":"นาข้าว","confidence":47,"Q":"47","source":"NASA FIRMS Email Alert - Suomi NPP VIIRS","source_file":"2569-7-20 รวม 67-69 เขต 6.xlsx","filter_rule":"Province=กำแพงเพชร; LandType=พื้นที่เกษตร; PlantType normalized to allowed groups","month":4,"month_key":"2567-04","day_key":"2024-04-20","TambonN":"เทพนคร","AmphoeN":"เมืองกำแพงเพชร","ProvinceN":"กำแพงเพชร","Maps":"http://maps.google.com/maps?q=16.48307,99.66606"}},{"type":"Feature","geometry":{"type":"Point","coordinates":[99.6694,16.48373]},"properties":{"hs_id":"VI1202404200557w4yvu0c09m","hsID":"VI1202404200557w4yvu0c09m","acq_date":"2024-04-20","Date":"2024-04-20","acq_time":"","year_be":2567,"season_be":2567,"dataset_year_be":2567,"province":"กำแพงเพชร","Province":"กำแพงเพชร","__province":"กำแพงเพชร","district":"เมืองกำแพงเพชร","Amphoe":"เมืองกำแพงเพชร","__district":"เมืองกำแพงเพชร","subdistrict":"นิคมทุ่งโพธิ์ทะเล","Tambon":"นิคมทุ่งโพธิ์ทะเล","__subdistrict":"นิคมทุ่งโพธิ์ทะเล","village":"บ้านโพธิ์ทะเล","BaanN":"บ้านโพธิ์ทะเล","__village":"บ้านโพธิ์ทะเล","land_type":"พื้นที่เกษตร","LandType":"พื้นที่เกษตร","plant_type":"นาข้าว","PlantType":"นาข้าว","crop_type":"นาข้าว","crop_type_raw":"นาข้าว","__crop":"นาข้าว","__plant_type":"นาข้าว","confidence":47,"Q":"47","source":"NASA FIRMS Email Alert - Suomi NPP VIIRS","source_file":"2569-7-20 รวม 67-69 เขต 6.xlsx","filter_rule":"Province=กำแพงเพชร; LandType=พื้นที่เกษตร; PlantType normalized to allowed groups","month":4,"month_key":"2567-04","day_key":"2024-04-20","TambonN":"นิคมทุ่งโพธิ์ทะเล","AmphoeN":"เมืองกำแพงเพชร","ProvinceN":"กำแพงเพชร","Maps":"http://maps.google.com/maps?q=16.48373,99.6694"}},{"type":"Feature","geometry":{"type":"Point","coordinates":[99.63593,16.56928]},"properties":{"hs_id":"VI1202404200557w4yy722ej3","hsID":"VI1202404200557w4yy722ej3","acq_date":"2024-04-20","Date":"2024-04-20","acq_time":"","year_be":2567,"season_be":2567,"dataset_year_be":2567,"province":"กำแพงเพชร","Province":"กำแพงเพชร","__province":"กำแพงเพชร","district":"พรานกระต่าย","Amphoe":"พรานกระต่าย","__district":"พรานกระต่าย","subdistrict":"เขาคีริส","Tambon":"เขาคีริส","__subdistrict":"เขาคีริส","village":"บ้านราษฏร์ขยัน","BaanN":"บ้านราษฏร์ขยัน","__village":"บ้านราษฏร์ขยัน","land_type":"พื้นที่เกษตร","LandType":"พื้นที่เกษตร","plant_type":"นาข้าว","PlantType":"นาข้าว","crop_type":"นาข้าว","crop_type_raw":"นาข้าว","__crop":"นาข้าว","__plant_type":"นาข้าว","confidence":47,"Q":"47","source":"NASA FIRMS Email Alert - Suomi NPP VIIRS","source_file":"2569-7-20 รวม 67-69 เขต 6.xlsx","filter_rule":"Province=กำแพงเพชร; LandType=พื้นที่เกษตร; PlantType normalized to allowed groups","month":4,"month_key":"2567-04","day_key":"2024-04-20","TambonN":"เขาคีริส","AmphoeN":"พรานกระต่าย","ProvinceN":"กำแพงเพชร","Maps":"http://maps.google.com/maps?q=16.56928,99.63593"}},{"type":"Feature","geometry":{"type":"Point","coordinates":[99.67995,16.65884]},"properties":{"hs_id":"VI1202404200557w4yyu28sz0","hsID":"VI1202404200557w4yyu28sz0","acq_date":"2024-04-20","Date":"2024-04-20","acq_time":"","year_be":2567,"season_be":2567,"dataset_year_be":2567,"province":"กำแพงเพชร","Province":"กำแพงเพชร","__province":"กำแพงเพชร","district":"พรานกระต่าย","Amphoe":"พรานกระต่าย","__district":"พรานกระต่าย","subdistrict":"คุยบ้านโอง","Tambon":"คุยบ้านโอง","__subdistrict":"คุยบ้านโอง","village":"บ้านไร่ปรือ","BaanN":"บ้านไร่ปรือ","__village":"บ้านไร่ปรือ","land_type":"พื้นที่เกษตร","LandType":"พื้นที่เกษตร","plant_type":"นาข้าว","PlantType":"นาข้าว","crop_type":"นาข้าว","crop_type_raw":"นาข้าว","__crop":"นาข้าว","__plant_type":"นาข้าว","confidence":47,"Q":"47","source":"NASA FIRMS Email Alert - Suomi NPP VIIRS","source_file":"2569-7-20 รวม 67-69 เขต 6.xlsx","filter_rule":"Province=กำแพงเพชร; LandType=พื้นที่เกษตร; PlantType normalized to allowed groups","month":4,"month_key":"2567-04","day_key":"2024-04-20","TambonN":"คุยบ้านโอง","AmphoeN":"พรานกระต่าย","ProvinceN":"กำแพงเพชร","Maps":"http://maps.google.com/maps?q=16.65884,99.67995"}},{"type":"Feature","geometry":{"type":"Point","coordinates":[99.75786,16.23456]},"properties":{"hs_id":"VI1202404210720w4yuq53mnt","hsID":"VI1202404210720w4yuq53mnt","acq_date":"2024-04-21","Date":"2024-04-21","acq_time":"","year_be":2567,"season_be":2567,"dataset_year_be":2567,"province":"กำแพงเพชร","Province":"กำแพงเพชร","__province":"กำแพงเพชร","district":"คลองขลุง","Amphoe":"คลองขลุง","__district":"คลองขลุง","subdistrict":"ท่ามะเขือ","Tambon":"ท่ามะเขือ","__subdistrict":"ท่ามะเขือ","village":"บ้านน้อย","BaanN":"บ้านน้อย","__village":"บ้านน้อย","land_type":"พื้นที่เกษตร","LandType":"พื้นที่เกษตร","plant_type":"นาข้าว","PlantType":"นาข้าว","crop_type":"นาข้าว","crop_type_raw":"นาข้าว","__crop":"นาข้าว","__plant_type":"นาข้าว","confidence":47,"Q":"47","source":"NASA FIRMS Email Alert - Suomi NPP VIIRS","source_file":"2569-7-20 รวม 67-69 เขต 6.xlsx","filter_rule":"Province=กำแพงเพชร; LandType=พื้นที่เกษตร; PlantType normalized to allowed groups","month":4,"month_key":"2567-04","day_key":"2024-04-21","TambonN":"วังยาง","AmphoeN":"คลองขลุง","ProvinceN":"กำแพงเพชร","Maps":"http://maps.google.com/maps?q=16.23456,99.75786"}},{"type":"Feature","geometry":{"type":"Point","coordinates":[99.75951,16.23994]},"properties":{"hs_id":"VI1202404210720w4yuqh6st0","hsID":"VI1202404210720w4yuqh6st0","acq_date":"2024-04-21","Date":"2024-04-21","acq_time":"","year_be":2567,"season_be":2567,"dataset_year_be":2567,"province":"กำแพงเพชร","Province":"กำแพงเพชร","__province":"กำแพงเพชร","district":"คลองขลุง","Amphoe":"คลองขลุง","__district":"คลองขลุง","subdistrict":"ท่ามะเขือ","Tambon":"ท่ามะเขือ","__subdistrict":"ท่ามะเขือ","village":"บ้านน้อย","BaanN":"บ้านน้อย","__village":"บ้านน้อย","land_type":"พื้นที่เกษตร","LandType":"พื้นที่เกษตร","plant_type":"นาข้าว","PlantType":"นาข้าว","crop_type":"นาข้าว","crop_type_raw":"นาข้าว","__crop":"นาข้าว","__plant_type":"นาข้าว","confidence":47,"Q":"47","source":"NASA FIRMS Email Alert - Suomi NPP VIIRS","source_file":"2569-7-20 รวม 67-69 เขต 6.xlsx","filter_rule":"Province=กำแพงเพชร; LandType=พื้นที่เกษตร; PlantType normalized to allowed groups","month":4,"month_key":"2567-04","day_key":"2024-04-21","TambonN":"วังยาง","AmphoeN":"คลองขลุง","ProvinceN":"กำแพงเพชร","Maps":"http://maps.google.com/maps?q=16.23994,99.75951"}},{"type":"Feature","geometry":{"type":"Point","coordinates":[99.70908,16.29691]},"properties":{"hs_id":"VI1202404210720w4yusyvbmu","hsID":"VI1202404210720w4yusyvbmu","acq_date":"2024-04-21","Date":"2024-04-21","acq_time":"","year_be":2567,"season_be":2567,"dataset_year_be":2567,"province":"กำแพงเพชร","Province":"กำแพงเพชร","__province":"กำแพงเพชร","district":"คลองขลุง","Amphoe":"คลองขลุง","__district":"คลองขลุง","subdistrict":"วังบัว","Tambon":"วังบัว","__subdistrict":"วังบัว","village":"บ้านวังบัว","BaanN":"บ้านวังบัว","__village":"บ้านวังบัว","land_type":"พื้นที่เกษตร","LandType":"พื้นที่เกษตร","plant_type":"นาข้าว","PlantType":"นาข้าว","crop_type":"นาข้าว","crop_type_raw":"นาข้าว","__crop":"นาข้าว","__plant_type":"นาข้าว","confidence":47,"Q":"47","source":"NASA FIRMS Email Alert - Suomi NPP VIIRS","source_file":"2569-7-20 รวม 67-69 เขต 6.xlsx","filter_rule":"Province=กำแพงเพชร; LandType=พื้นที่เกษตร; PlantType normalized to allowed groups","month":4,"month_key":"2567-04","day_key":"2024-04-21","TambonN":"วังบัว","AmphoeN":"คลองขลุง","ProvinceN":"กำแพงเพชร","Maps":"http://maps.google.com/maps?q=16.29691,99.70908"}},{"type":"Feature","geometry":{"type":"Point","coordinates":[99.8133,16.15487]},"properties":{"hs_id":"VI1202404220701w4ygzkcufq","hsID":"VI1202404220701w4ygzkcufq","acq_date":"2024-04-22","Date":"2024-04-22","acq_time":"","year_be":2567,"season_be":2567,"dataset_year_be":2567,"province":"กำแพงเพชร","Province":"กำแพงเพชร","__province":"กำแพงเพชร","district":"คลองขลุง","Amphoe":"คลองขลุง","__district":"คลองขลุง","subdistrict":"วังแขม","Tambon":"วังแขม","__subdistrict":"วังแขม","village":"บ้านไร่ใหม่","BaanN":"บ้านไร่ใหม่","__village":"บ้านไร่ใหม่","land_type":"พื้นที่เกษตร","LandType":"พื้นที่เกษตร","plant_type":"นาข้าว","PlantType":"นาข้าว","crop_type":"นาข้าว","crop_type_raw":"นาข้าว","__crop":"นาข้าว","__plant_type":"นาข้าว","confidence":47,"Q":"47","source":"NASA FIRMS Email Alert - Suomi NPP VIIRS","source_file":"2569-7-20 รวม 67-69 เขต 6.xlsx","filter_rule":"Province=กำแพงเพชร; LandType=พื้นที่เกษตร; PlantType normalized to allowed groups","month":4,"month_key":"2567-04","day_key":"2024-04-22","TambonN":"วังแขม","AmphoeN":"คลองขลุง","ProvinceN":"กำแพงเพชร","Maps":"http://maps.google.com/maps?q=16.15487,99.8133"}},{"type":"Feature","geometry":{"type":"Point","coordinates":[99.48483,16.51566]},"properties":{"hs_id":"VI1202404220701w4ytzyddsw","hsID":"VI1202404220701w4ytzyddsw","acq_date":"2024-04-22","Date":"2024-04-22","acq_time":"","year_be":2567,"season_be":2567,"dataset_year_be":2567,"province":"กำแพงเพชร","Province":"กำแพงเพชร","__province":"กำแพงเพชร","district":"เมืองกำแพงเพชร","Amphoe":"เมืองกำแพงเพชร","__district":"เมืองกำแพงเพชร","subdistrict":"ทรงธรรม","Tambon":"ทรงธรรม","__subdistrict":"ทรงธรรม","village":"บ้านสหกรณ์","BaanN":"บ้านสหกรณ์","__village":"บ้านสหกรณ์","land_type":"พื้นที่เกษตร","LandType":"พื้นที่เกษตร","plant_type":"ข้าวโพดและไร่หมุนเวียน","PlantType":"ข้าวโพดและไร่หมุนเวียน","crop_type":"ข้าวโพดและไร่หมุนเวียน","crop_type_raw":"ข้าวโพดและไร่หมุนเวียน","__crop":"ข้าวโพดและไร่หมุนเวียน","__plant_type":"ข้าวโพดและไร่หมุนเวียน","confidence":47,"Q":"47","source":"NASA FIRMS Email Alert - Suomi NPP VIIRS","source_file":"2569-7-20 รวม 67-69 เขต 6.xlsx","filter_rule":"Province=กำแพงเพชร; LandType=พื้นที่เกษตร; PlantType normalized to allowed groups","month":4,"month_key":"2567-04","day_key":"2024-04-22","TambonN":"ทรงธรรม","AmphoeN":"เมืองกำแพงเพชร","ProvinceN":"กำแพงเพชร","Maps":"http://maps.google.com/maps?q=16.51566,99.48483"}},{"type":"Feature","geometry":{"type":"Point","coordinates":[99.72466,16.25061]},"properties":{"hs_id":"VI1202404220701w4yumq369j","hsID":"VI1202404220701w4yumq369j","acq_date":"2024-04-22","Date":"2024-04-22","acq_time":"","year_be":2567,"season_be":2567,"dataset_year_be":2567,"province":"กำแพงเพชร","Province":"กำแพงเพชร","__province":"กำแพงเพชร","district":"คลองขลุง","Amphoe":"คลองขลุง","__district":"คลองขลุง","subdistrict":"ท่ามะเขือ","Tambon":"ท่ามะเขือ","__subdistrict":"ท่ามะเขือ","village":"บ้านเกาะหมู","BaanN":"บ้านเกาะหมู","__village":"บ้านเกาะหมู","land_type":"พื้นที่เกษตร","LandType":"พื้นที่เกษตร","plant_type":"นาข้าว","PlantType":"นาข้าว","crop_type":"นาข้าว","crop_type_raw":"นาข้าว","__crop":"นาข้าว","__plant_type":"นาข้าว","confidence":47,"Q":"47","source":"NASA FIRMS Email Alert - Suomi NPP VIIRS","source_file":"2569-7-20 รวม 67-69 เขต 6.xlsx","filter_rule":"Province=กำแพงเพชร; LandType=พื้นที่เกษตร; PlantType normalized to allowed groups","month":4,"month_key":"2567-04","day_key":"2024-04-22","TambonN":"ท่ามะเขือ","AmphoeN":"คลองขลุง","ProvinceN":"กำแพงเพชร","Maps":"http://maps.google.com/maps?q=16.25061,99.72466"}},{"type":"Feature","geometry":{"type":"Point","coordinates":[99.56925,16.43652]},"properties":{"hs_id":"VI1202404220701w4yv9b0jet","hsID":"VI1202404220701w4yv9b0jet","acq_date":"2024-04-22","Date":"2024-04-22","acq_time":"","year_be":2567,"season_be":2567,"dataset_year_be":2567,"province":"กำแพงเพชร","Province":"กำแพงเพชร","__province":"กำแพงเพชร","district":"เมืองกำแพงเพชร","Amphoe":"เมืองกำแพงเพชร","__district":"เมืองกำแพงเพชร","subdistrict":"เทพนคร","Tambon":"เทพนคร","__subdistrict":"เทพนคร","village":"บ้านวังทองหลาง","BaanN":"บ้านวังทองหลาง","__village":"บ้านวังทองหลาง","land_type":"พื้นที่เกษตร","LandType":"พื้นที่เกษตร","plant_type":"อ้อย","PlantType":"อ้อย","crop_type":"อ้อย","crop_type_raw":"อ้อย","__crop":"อ้อย","__plant_type":"อ้อย","confidence":47,"Q":"47","source":"NASA FIRMS Email Alert - Suomi NPP VIIRS","source_file":"2569-7-20 รวม 67-69 เขต 6.xlsx","filter_rule":"Province=กำแพงเพชร; LandType=พื้นที่เกษตร; PlantType normalized to allowed groups","month":4,"month_key":"2567-04","day_key":"2024-04-22","TambonN":"เทพนคร","AmphoeN":"เมืองกำแพงเพชร","ProvinceN":"กำแพงเพชร","Maps":"http://maps.google.com/maps?q=16.43652,99.56925"}},{"type":"Feature","geometry":{"type":"Point","coordinates":[99.88477,16.21152]},"properties":{"hs_id":"VI1202404220701w4zh0zjygy","hsID":"VI1202404220701w4zh0zjygy","acq_date":"2024-04-22","Date":"2024-04-22","acq_time":"","year_be":2567,"season_be":2567,"dataset_year_be":2567,"province":"กำแพงเพชร","Province":"กำแพงเพชร","__province":"กำแพงเพชร","district":"บึงสามัคคี","Amphoe":"บึงสามัคคี","__district":"บึงสามัคคี","subdistrict":"เทพนิมิต","Tambon":"เทพนิมิต","__subdistrict":"เทพนิมิต","village":"บ้านคลองกะทังแอะ","BaanN":"บ้านคลองกะทังแอะ","__village":"บ้านคลองกะทังแอะ","land_type":"พื้นที่เกษตร","LandType":"พื้นที่เกษตร","plant_type":"อ้อย","PlantType":"อ้อย","crop_type":"อ้อย","crop_type_raw":"อ้อย","__crop":"อ้อย","__plant_type":"อ้อย","confidence":47,"Q":"47","source":"NASA FIRMS Email Alert - Suomi NPP VIIRS","source_file":"2569-7-20 รวม 67-69 เขต 6.xlsx","filter_rule":"Province=กำแพงเพชร; LandType=พื้นที่เกษตร; PlantType normalized to allowed groups","month":4,"month_key":"2567-04","day_key":"2024-04-22","TambonN":"เทพนิมิต","AmphoeN":"บึงสามัคคี","ProvinceN":"กำแพงเพชร","Maps":"http://maps.google.com/maps?q=16.21152,99.88477"}},{"type":"Feature","geometry":{"type":"Point","coordinates":[99.60999,16.75751]},"properties":{"hs_id":"VI1202404221934w4yz6dtg8f","hsID":"VI1202404221934w4yz6dtg8f","acq_date":"2024-04-23","Date":"2024-04-23","acq_time":"","year_be":2567,"season_be":2567,"dataset_year_be":2567,"province":"กำแพงเพชร","Province":"กำแพงเพชร","__province":"กำแพงเพชร","district":"พรานกระต่าย","Amphoe":"พรานกระต่าย","__district":"พรานกระต่าย","subdistrict":"หนองหัววัว","Tambon":"หนองหัววัว","__subdistrict":"หนองหัววัว","village":"บ้านทุ่งน้ำตก","BaanN":"บ้านทุ่งน้ำตก","__village":"บ้านทุ่งน้ำตก","land_type":"พื้นที่เกษตร","LandType":"พื้นที่เกษตร","plant_type":"นาข้าว","PlantType":"นาข้าว","crop_type":"นาข้าว","crop_type_raw":"นาข้าว","__crop":"นาข้าว","__plant_type":"นาข้าว","confidence":47,"Q":"47","source":"NASA FIRMS Email Alert - Suomi NPP VIIRS","source_file":"2569-7-20 รวม 67-69 เขต 6.xlsx","filter_rule":"Province=กำแพงเพชร; LandType=พื้นที่เกษตร; PlantType normalized to allowed groups","month":4,"month_key":"2567-04","day_key":"2024-04-23","TambonN":"หนองหัววัว","AmphoeN":"พรานกระต่าย","ProvinceN":"กำแพงเพชร","Maps":"http://maps.google.com/maps?q=16.75751,99.60999"}},{"type":"Feature","geometry":{"type":"Point","coordinates":[99.45084,16.48975]},"properties":{"hs_id":"VI1202404230642w4ytz1cgu8","hsID":"VI1202404230642w4ytz1cgu8","acq_date":"2024-04-23","Date":"2024-04-23","acq_time":"","year_be":2567,"season_be":2567,"dataset_year_be":2567,"province":"กำแพงเพชร","Province":"กำแพงเพชร","__province":"กำแพงเพชร","district":"เมืองกำแพงเพชร","Amphoe":"เมืองกำแพงเพชร","__district":"เมืองกำแพงเพชร","subdistrict":"นครชุม","Tambon":"นครชุม","__subdistrict":"นครชุม","village":"บ้านหวังใหม่","BaanN":"บ้านหวังใหม่","__village":"บ้านหวังใหม่","land_type":"พื้นที่เกษตร","LandType":"พื้นที่เกษตร","plant_type":"นาข้าว","PlantType":"นาข้าว","crop_type":"นาข้าว","crop_type_raw":"นาข้าว","__crop":"นาข้าว","__plant_type":"นาข้าว","confidence":47,"Q":"47","source":"NASA FIRMS Email Alert - Suomi NPP VIIRS","source_file":"2569-7-20 รวม 67-69 เขต 6.xlsx","filter_rule":"Province=กำแพงเพชร; LandType=พื้นที่เกษตร; PlantType normalized to allowed groups","month":4,"month_key":"2567-04","day_key":"2024-04-23","TambonN":"นครชุม","AmphoeN":"เมืองกำแพงเพชร","ProvinceN":"กำแพงเพชร","Maps":"http://maps.google.com/maps?q=16.48975,99.45084"}},{"type":"Feature","geometry":{"type":"Point","coordinates":[99.4546,16.49029]},"properties":{"hs_id":"VI1202404230642w4ytz1uwuh","hsID":"VI1202404230642w4ytz1uwuh","acq_date":"2024-04-23","Date":"2024-04-23","acq_time":"","year_be":2567,"season_be":2567,"dataset_year_be":2567,"province":"กำแพงเพชร","Province":"กำแพงเพชร","__province":"กำแพงเพชร","district":"เมืองกำแพงเพชร","Amphoe":"เมืองกำแพงเพชร","__district":"เมืองกำแพงเพชร","subdistrict":"นครชุม","Tambon":"นครชุม","__subdistrict":"นครชุม","village":"บ้านหวังใหม่","BaanN":"บ้านหวังใหม่","__village":"บ้านหวังใหม่","land_type":"พื้นที่เกษตร","LandType":"พื้นที่เกษตร","plant_type":"นาข้าว","PlantType":"นาข้าว","crop_type":"นาข้าว","crop_type_raw":"นาข้าว","__crop":"นาข้าว","__plant_type":"นาข้าว","confidence":47,"Q":"47","source":"NASA FIRMS Email Alert - Suomi NPP VIIRS","source_file":"2569-7-20 รวม 67-69 เขต 6.xlsx","filter_rule":"Province=กำแพงเพชร; LandType=พื้นที่เกษตร; PlantType normalized to allowed groups","month":4,"month_key":"2567-04","day_key":"2024-04-23","TambonN":"นครชุม","AmphoeN":"เมืองกำแพงเพชร","ProvinceN":"กำแพงเพชร","Maps":"http://maps.google.com/maps?q=16.49029,99.4546"}},{"type":"Feature","geometry":{"type":"Point","coordinates":[99.78349,16.23474]},"properties":{"hs_id":"VI1202404230642w4yuqekn5y","hsID":"VI1202404230642w4yuqekn5y","acq_date":"2024-04-23","Date":"2024-04-23","acq_time":"","year_be":2567,"season_be":2567,"dataset_year_be":2567,"province":"กำแพงเพชร","Province":"กำแพงเพชร","__province":"กำแพงเพชร","district":"คลองขลุง","Amphoe":"คลองขลุง","__district":"คลองขลุง","subdistrict":"ท่ามะเขือ","Tambon":"ท่ามะเขือ","__subdistrict":"ท่ามะเขือ","village":"บ้านคลองตะลุง","BaanN":"บ้านคลองตะลุง","__village":"บ้านคลองตะลุง","land_type":"พื้นที่เกษตร","LandType":"พื้นที่เกษตร","plant_type":"อ้อย","PlantType":"อ้อย","crop_type":"อ้อย","crop_type_raw":"อ้อย","__crop":"อ้อย","__plant_type":"อ้อย","confidence":47,"Q":"47","source":"NASA FIRMS Email Alert - Suomi NPP VIIRS","source_file":"2569-7-20 รวม 67-69 เขต 6.xlsx","filter_rule":"Province=กำแพงเพชร; LandType=พื้นที่เกษตร; PlantType normalized to allowed groups","month":4,"month_key":"2567-04","day_key":"2024-04-23","TambonN":"วังยาง","AmphoeN":"คลองขลุง","ProvinceN":"กำแพงเพชร","Maps":"http://maps.google.com/maps?q=16.23474,99.78349"}},{"type":"Feature","geometry":{"type":"Point","coordinates":[99.81674,16.24651]},"properties":{"hs_id":"VI1202404230642w4yurms6f8","hsID":"VI1202404230642w4yurms6f8","acq_date":"2024-04-23","Date":"2024-04-23","acq_time":"","year_be":2567,"season_be":2567,"dataset_year_be":2567,"province":"กำแพงเพชร","Province":"กำแพงเพชร","__province":"กำแพงเพชร","district":"คลองขลุง","Amphoe":"คลองขลุง","__district":"คลองขลุง","subdistrict":"วังยาง","Tambon":"วังยาง","__subdistrict":"วังยาง","village":"บ้านหนองนกกระทุง","BaanN":"บ้านหนองนกกระทุง","__village":"บ้านหนองนกกระทุง","land_type":"พื้นที่เกษตร","LandType":"พื้นที่เกษตร","plant_type":"นาข้าว","PlantType":"นาข้าว","crop_type":"นาข้าว","crop_type_raw":"นาข้าว","__crop":"นาข้าว","__plant_type":"นาข้าว","confidence":47,"Q":"47","source":"NASA FIRMS Email Alert - Suomi NPP VIIRS","source_file":"2569-7-20 รวม 67-69 เขต 6.xlsx","filter_rule":"Province=กำแพงเพชร; LandType=พื้นที่เกษตร; PlantType normalized to allowed groups","month":4,"month_key":"2567-04","day_key":"2024-04-23","TambonN":"วังแขม","AmphoeN":"คลองขลุง","ProvinceN":"กำแพงเพชร","Maps":"http://maps.google.com/maps?q=16.24651,99.81674"}},{"type":"Feature","geometry":{"type":"Point","coordinates":[99.73083,16.27232]},"properties":{"hs_id":"VI1202404230642w4yut6mc0u","hsID":"VI1202404230642w4yut6mc0u","acq_date":"2024-04-23","Date":"2024-04-23","acq_time":"","year_be":2567,"season_be":2567,"dataset_year_be":2567,"province":"กำแพงเพชร","Province":"กำแพงเพชร","__province":"กำแพงเพชร","district":"คลองขลุง","Amphoe":"คลองขลุง","__district":"คลองขลุง","subdistrict":"ท่ามะเขือ","Tambon":"ท่ามะเขือ","__subdistrict":"ท่ามะเขือ","village":"บ้านโนนมะกอก","BaanN":"บ้านโนนมะกอก","__village":"บ้านโนนมะกอก","land_type":"พื้นที่เกษตร","LandType":"พื้นที่เกษตร","plant_type":"นาข้าว","PlantType":"นาข้าว","crop_type":"นาข้าว","crop_type_raw":"นาข้าว","__crop":"นาข้าว","__plant_type":"นาข้าว","confidence":47,"Q":"47","source":"NASA FIRMS Email Alert - Suomi NPP VIIRS","source_file":"2569-7-20 รวม 67-69 เขต 6.xlsx","filter_rule":"Province=กำแพงเพชร; LandType=พื้นที่เกษตร; PlantType normalized to allowed groups","month":4,"month_key":"2567-04","day_key":"2024-04-23","TambonN":"ท่ามะเขือ","AmphoeN":"คลองขลุง","ProvinceN":"กำแพงเพชร","Maps":"http://maps.google.com/maps?q=16.27232,99.73083"}},{"type":"Feature","geometry":{"type":"Point","coordinates":[99.58408,16.44625]},"properties":{"hs_id":"VI1202404230642w4yvd1fym7","hsID":"VI1202404230642w4yvd1fym7","acq_date":"2024-04-23","Date":"2024-04-23","acq_time":"","year_be":2567,"season_be":2567,"dataset_year_be":2567,"province":"กำแพงเพชร","Province":"กำแพงเพชร","__province":"กำแพงเพชร","district":"เมืองกำแพงเพชร","Amphoe":"เมืองกำแพงเพชร","__district":"เมืองกำแพงเพชร","subdistrict":"เทพนคร","Tambon":"เทพนคร","__subdistrict":"เทพนคร","village":"","BaanN":"","__village":"","land_type":"พื้นที่เกษตร","LandType":"พื้นที่เกษตร","plant_type":"นาข้าว","PlantType":"นาข้าว","crop_type":"นาข้าว","crop_type_raw":"นาข้าว","__crop":"นาข้าว","__plant_type":"นาข้าว","confidence":47,"Q":"47","source":"NASA FIRMS Email Alert - Suomi NPP VIIRS","source_file":"2569-7-20 รวม 67-69 เขต 6.xlsx","filter_rule":"Province=กำแพงเพชร; LandType=พื้นที่เกษตร; PlantType normalized to allowed groups","month":4,"month_key":"2567-04","day_key":"2024-04-23","TambonN":"เทพนคร","AmphoeN":"เมืองกำแพงเพชร","ProvinceN":"กำแพงเพชร","Maps":"http://maps.google.com/maps?q=16.44625,99.58408"}},{"type":"Feature","geometry":{"type":"Point","coordinates":[99.65918,16.46063]},"properties":{"hs_id":"VI1202404230642w4yveu9d55","hsID":"VI1202404230642w4yveu9d55","acq_date":"2024-04-23","Date":"2024-04-23","acq_time":"","year_be":2567,"season_be":2567,"dataset_year_be":2567,"province":"กำแพงเพชร","Province":"กำแพงเพชร","__province":"กำแพงเพชร","district":"เมืองกำแพงเพชร","Amphoe":"เมืองกำแพงเพชร","__district":"เมืองกำแพงเพชร","subdistrict":"เทพนคร","Tambon":"เทพนคร","__subdistrict":"เทพนคร","village":"บ้านคลองเรือ","BaanN":"บ้านคลองเรือ","__village":"บ้านคลองเรือ","land_type":"พื้นที่เกษตร","LandType":"พื้นที่เกษตร","plant_type":"นาข้าว","PlantType":"นาข้าว","crop_type":"นาข้าว","crop_type_raw":"นาข้าว","__crop":"นาข้าว","__plant_type":"นาข้าว","confidence":47,"Q":"47","source":"NASA FIRMS Email Alert - Suomi NPP VIIRS","source_file":"2569-7-20 รวม 67-69 เขต 6.xlsx","filter_rule":"Province=กำแพงเพชร; LandType=พื้นที่เกษตร; PlantType normalized to allowed groups","month":4,"month_key":"2567-04","day_key":"2024-04-23","TambonN":"เทพนคร","AmphoeN":"เมืองกำแพงเพชร","ProvinceN":"กำแพงเพชร","Maps":"http://maps.google.com/maps?q=16.46063,99.65918"}},{"type":"Feature","geometry":{"type":"Point","coordinates":[99.65961,16.46071]},"properties":{"hs_id":"VI1202404230642w4yveu9ft4","hsID":"VI1202404230642w4yveu9ft4","acq_date":"2024-04-23","Date":"2024-04-23","acq_time":"","year_be":2567,"season_be":2567,"dataset_year_be":2567,"province":"กำแพงเพชร","Province":"กำแพงเพชร","__province":"กำแพงเพชร","district":"เมืองกำแพงเพชร","Amphoe":"เมืองกำแพงเพชร","__district":"เมืองกำแพงเพชร","subdistrict":"นิคมทุ่งโพธิ์ทะเล","Tambon":"นิคมทุ่งโพธิ์ทะเล","__subdistrict":"นิคมทุ่งโพธิ์ทะเล","village":"บ้านคลองเรือ","BaanN":"บ้านคลองเรือ","__village":"บ้านคลองเรือ","land_type":"พื้นที่เกษตร","LandType":"พื้นที่เกษตร","plant_type":"อ้อย","PlantType":"อ้อย","crop_type":"อ้อย","crop_type_raw":"อ้อย","__crop":"อ้อย","__plant_type":"อ้อย","confidence":47,"Q":"47","source":"NASA FIRMS Email Alert - Suomi NPP VIIRS","source_file":"2569-7-20 รวม 67-69 เขต 6.xlsx","filter_rule":"Province=กำแพงเพชร; LandType=พื้นที่เกษตร; PlantType normalized to allowed groups","month":4,"month_key":"2567-04","day_key":"2024-04-23","TambonN":"เทพนคร","AmphoeN":"เมืองกำแพงเพชร","ProvinceN":"กำแพงเพชร","Maps":"http://maps.google.com/maps?q=16.46071,99.65961"}},{"type":"Feature","geometry":{"type":"Point","coordinates":[99.7138,16.53805]},"properties":{"hs_id":"VI1202404230642w4yyj49m5g","hsID":"VI1202404230642w4yyj49m5g","acq_date":"2024-04-23","Date":"2024-04-23","acq_time":"","year_be":2567,"season_be":2567,"dataset_year_be":2567,"province":"กำแพงเพชร","Province":"กำแพงเพชร","__province":"กำแพงเพชร","district":"พรานกระต่าย","Amphoe":"พรานกระต่าย","__district":"พรานกระต่าย","subdistrict":"เขาคีริส","Tambon":"เขาคีริส","__subdistrict":"เขาคีริส","village":"บ้านหนองขาม","BaanN":"บ้านหนองขาม","__village":"บ้านหนองขาม","land_type":"พื้นที่เกษตร","LandType":"พื้นที่เกษตร","plant_type":"นาข้าว","PlantType":"นาข้าว","crop_type":"นาข้าว","crop_type_raw":"นาข้าว","__crop":"นาข้าว","__plant_type":"นาข้าว","confidence":47,"Q":"47","source":"NASA FIRMS Email Alert - Suomi NPP VIIRS","source_file":"2569-7-20 รวม 67-69 เขต 6.xlsx","filter_rule":"Province=กำแพงเพชร; LandType=พื้นที่เกษตร; PlantType normalized to allowed groups","month":4,"month_key":"2567-04","day_key":"2024-04-23","TambonN":"เขาคีริส","AmphoeN":"พรานกระต่าย","ProvinceN":"กำแพงเพชร","Maps":"http://maps.google.com/maps?q=16.53805,99.7138"}},{"type":"Feature","geometry":{"type":"Point","coordinates":[99.7334,16.53738]},"properties":{"hs_id":"VI1202404230642w4yyj6x9hx","hsID":"VI1202404230642w4yyj6x9hx","acq_date":"2024-04-23","Date":"2024-04-23","acq_time":"","year_be":2567,"season_be":2567,"dataset_year_be":2567,"province":"กำแพงเพชร","Province":"กำแพงเพชร","__province":"กำแพงเพชร","district":"พรานกระต่าย","Amphoe":"พรานกระต่าย","__district":"พรานกระต่าย","subdistrict":"เขาคีริส","Tambon":"เขาคีริส","__subdistrict":"เขาคีริส","village":"บ้านหนองขาม","BaanN":"บ้านหนองขาม","__village":"บ้านหนองขาม","land_type":"พื้นที่เกษตร","LandType":"พื้นที่เกษตร","plant_type":"นาข้าว","PlantType":"นาข้าว","crop_type":"นาข้าว","crop_type_raw":"นาข้าว","__crop":"นาข้าว","__plant_type":"นาข้าว","confidence":47,"Q":"47","source":"NASA FIRMS Email Alert - Suomi NPP VIIRS","source_file":"2569-7-20 รวม 67-69 เขต 6.xlsx","filter_rule":"Province=กำแพงเพชร; LandType=พื้นที่เกษตร; PlantType normalized to allowed groups","month":4,"month_key":"2567-04","day_key":"2024-04-23","TambonN":"เขาคีริส","AmphoeN":"พรานกระต่าย","ProvinceN":"กำแพงเพชร","Maps":"http://maps.google.com/maps?q=16.53738,99.7334"}},{"type":"Feature","geometry":{"type":"Point","coordinates":[99.88049,16.23821]},"properties":{"hs_id":"VI1202404230642w4zh2u4f2j","hsID":"VI1202404230642w4zh2u4f2j","acq_date":"2024-04-23","Date":"2024-04-23","acq_time":"","year_be":2567,"season_be":2567,"dataset_year_be":2567,"province":"กำแพงเพชร","Province":"กำแพงเพชร","__province":"กำแพงเพชร","district":"คลองขลุง","Amphoe":"คลองขลุง","__district":"คลองขลุง","subdistrict":"วังแขม","Tambon":"วังแขม","__subdistrict":"วังแขม","village":"บ้านหัวทุ่งพัฒนา","BaanN":"บ้านหัวทุ่งพัฒนา","__village":"บ้านหัวทุ่งพัฒนา","land_type":"พื้นที่เกษตร","LandType":"พื้นที่เกษตร","plant_type":"นาข้าว","PlantType":"นาข้าว","crop_type":"นาข้าว","crop_type_raw":"นาข้าว","__crop":"นาข้าว","__plant_type":"นาข้าว","confidence":47,"Q":"47","source":"NASA FIRMS Email Alert - Suomi NPP VIIRS","source_file":"2569-7-20 รวม 67-69 เขต 6.xlsx","filter_rule":"Province=กำแพงเพชร; LandType=พื้นที่เกษตร; PlantType normalized to allowed groups","month":4,"month_key":"2567-04","day_key":"2024-04-23","TambonN":"วังแขม","AmphoeN":"คลองขลุง","ProvinceN":"กำแพงเพชร","Maps":"http://maps.google.com/maps?q=16.23821,99.88049"}},{"type":"Feature","geometry":{"type":"Point","coordinates":[99.38917,16.78434]},"properties":{"hs_id":"VI1202404230644w4yxmxkzze","hsID":"VI1202404230644w4yxmxkzze","acq_date":"2024-04-23","Date":"2024-04-23","acq_time":"","year_be":2567,"season_be":2567,"dataset_year_be":2567,"province":"กำแพงเพชร","Province":"กำแพงเพชร","__province":"กำแพงเพชร","district":"พรานกระต่าย","Amphoe":"พรานกระต่าย","__district":"พรานกระต่าย","subdistrict":"วังควง","Tambon":"วังควง","__subdistrict":"วังควง","village":"บ้านลานกระทิง","BaanN":"บ้านลานกระทิง","__village":"บ้านลานกระทิง","land_type":"พื้นที่เกษตร","LandType":"พื้นที่เกษตร","plant_type":"นาข้าว","PlantType":"นาข้าว","crop_type":"นาข้าว","crop_type_raw":"นาข้าว","__crop":"นาข้าว","__plant_type":"นาข้าว","confidence":47,"Q":"47","source":"NASA FIRMS Email Alert - Suomi NPP VIIRS","source_file":"2569-7-20 รวม 67-69 เขต 6.xlsx","filter_rule":"Province=กำแพงเพชร; LandType=พื้นที่เกษตร; PlantType normalized to allowed groups","month":4,"month_key":"2567-04","day_key":"2024-04-23","TambonN":"วังควง","AmphoeN":"พรานกระต่าย","ProvinceN":"กำแพงเพชร","Maps":"http://maps.google.com/maps?q=16.78434,99.38917"}},{"type":"Feature","geometry":{"type":"Point","coordinates":[99.71833,16.32945]},"properties":{"hs_id":"VI1202404240625w4yuvhstvw","hsID":"VI1202404240625w4yuvhstvw","acq_date":"2024-04-24","Date":"2024-04-24","acq_time":"","year_be":2567,"season_be":2567,"dataset_year_be":2567,"province":"กำแพงเพชร","Province":"กำแพงเพชร","__province":"กำแพงเพชร","district":"คลองขลุง","Amphoe":"คลองขลุง","__district":"คลองขลุง","subdistrict":"วังบัว","Tambon":"วังบัว","__subdistrict":"วังบัว","village":"บ้านโกรกน้ำซึม","BaanN":"บ้านโกรกน้ำซึม","__village":"บ้านโกรกน้ำซึม","land_type":"พื้นที่เกษตร","LandType":"พื้นที่เกษตร","plant_type":"นาข้าว","PlantType":"นาข้าว","crop_type":"นาข้าว","crop_type_raw":"นาข้าว","__crop":"นาข้าว","__plant_type":"นาข้าว","confidence":47,"Q":"47","source":"NASA FIRMS Email Alert - Suomi NPP VIIRS","source_file":"2569-7-20 รวม 67-69 เขต 6.xlsx","filter_rule":"Province=กำแพงเพชร; LandType=พื้นที่เกษตร; PlantType normalized to allowed groups","month":4,"month_key":"2567-04","day_key":"2024-04-24","TambonN":"วังบัว","AmphoeN":"คลองขลุง","ProvinceN":"กำแพงเพชร","Maps":"http://maps.google.com/maps?q=16.32945,99.71833"}},{"type":"Feature","geometry":{"type":"Point","coordinates":[99.75946,16.08777]},"properties":{"hs_id":"VI1202404250603w4ygw0dw5c","hsID":"VI1202404250603w4ygw0dw5c","acq_date":"2024-04-25","Date":"2024-04-25","acq_time":"","year_be":2567,"season_be":2567,"dataset_year_be":2567,"province":"กำแพงเพชร","Province":"กำแพงเพชร","__province":"กำแพงเพชร","district":"ขาณุวรลักษบุรี","Amphoe":"ขาณุวรลักษบุรี","__district":"ขาณุวรลักษบุรี","subdistrict":"ดอนแตง","Tambon":"ดอนแตง","__subdistrict":"ดอนแตง","village":"บ้านหนองขาม","BaanN":"บ้านหนองขาม","__village":"บ้านหนองขาม","land_type":"พื้นที่เกษตร","LandType":"พื้นที่เกษตร","plant_type":"นาข้าว","PlantType":"นาข้าว","crop_type":"นาข้าว","crop_type_raw":"นาข้าว","__crop":"นาข้าว","__plant_type":"นาข้าว","confidence":47,"Q":"47","source":"NASA FIRMS Email Alert - Suomi NPP VIIRS","source_file":"2569-7-20 รวม 67-69 เขต 6.xlsx","filter_rule":"Province=กำแพงเพชร; LandType=พื้นที่เกษตร; PlantType normalized to allowed groups","month":4,"month_key":"2567-04","day_key":"2024-04-25","TambonN":"เกาะตาล","AmphoeN":"ขาณุวรลักษบุรี","ProvinceN":"กำแพงเพชร","Maps":"http://maps.google.com/maps?q=16.08777,99.75946"}},{"type":"Feature","geometry":{"type":"Point","coordinates":[99.76432,16.13773]},"properties":{"hs_id":"VI1202404250603w4ygy1y1j4","hsID":"VI1202404250603w4ygy1y1j4","acq_date":"2024-04-25","Date":"2024-04-25","acq_time":"","year_be":2567,"season_be":2567,"dataset_year_be":2567,"province":"กำแพงเพชร","Province":"กำแพงเพชร","__province":"กำแพงเพชร","district":"คลองขลุง","Amphoe":"คลองขลุง","__district":"คลองขลุง","subdistrict":"แม่ลาด","Tambon":"แม่ลาด","__subdistrict":"แม่ลาด","village":"บ้านหนองจิก","BaanN":"บ้านหนองจิก","__village":"บ้านหนองจิก","land_type":"พื้นที่เกษตร","LandType":"พื้นที่เกษตร","plant_type":"นาข้าว","PlantType":"นาข้าว","crop_type":"นาข้าว","crop_type_raw":"นาข้าว","__crop":"นาข้าว","__plant_type":"นาข้าว","confidence":47,"Q":"47","source":"NASA FIRMS Email Alert - Suomi NPP VIIRS","source_file":"2569-7-20 รวม 67-69 เขต 6.xlsx","filter_rule":"Province=กำแพงเพชร; LandType=พื้นที่เกษตร; PlantType normalized to allowed groups","month":4,"month_key":"2567-04","day_key":"2024-04-25","TambonN":"แม่ลาด","AmphoeN":"คลองขลุง","ProvinceN":"กำแพงเพชร","Maps":"http://maps.google.com/maps?q=16.13773,99.76432"}},{"type":"Feature","geometry":{"type":"Point","coordinates":[99.76575,16.13817]},"properties":{"hs_id":"VI1202404250603w4ygy1z5wk","hsID":"VI1202404250603w4ygy1z5wk","acq_date":"2024-04-25","Date":"2024-04-25","acq_time":"","year_be":2567,"season_be":2567,"dataset_year_be":2567,"province":"กำแพงเพชร","Province":"กำแพงเพชร","__province":"กำแพงเพชร","district":"คลองขลุง","Amphoe":"คลองขลุง","__district":"คลองขลุง","subdistrict":"แม่ลาด","Tambon":"แม่ลาด","__subdistrict":"แม่ลาด","village":"บ้านหนองจิก","BaanN":"บ้านหนองจิก","__village":"บ้านหนองจิก","land_type":"พื้นที่เกษตร","LandType":"พื้นที่เกษตร","plant_type":"นาข้าว","PlantType":"นาข้าว","crop_type":"นาข้าว","crop_type_raw":"นาข้าว","__crop":"นาข้าว","__plant_type":"นาข้าว","confidence":47,"Q":"47","source":"NASA FIRMS Email Alert - Suomi NPP VIIRS","source_file":"2569-7-20 รวม 67-69 เขต 6.xlsx","filter_rule":"Province=กำแพงเพชร; LandType=พื้นที่เกษตร; PlantType normalized to allowed groups","month":4,"month_key":"2567-04","day_key":"2024-04-25","TambonN":"แม่ลาด","AmphoeN":"คลองขลุง","ProvinceN":"กำแพงเพชร","Maps":"http://maps.google.com/maps?q=16.13817,99.76575"}},{"type":"Feature","geometry":{"type":"Point","coordinates":[99.59251,16.63208]},"properties":{"hs_id":"VI1202404250605w4yyd7c0cs","hsID":"VI1202404250605w4yyd7c0cs","acq_date":"2024-04-25","Date":"2024-04-25","acq_time":"","year_be":2567,"season_be":2567,"dataset_year_be":2567,"province":"กำแพงเพชร","Province":"กำแพงเพชร","__province":"กำแพงเพชร","district":"พรานกระต่าย","Amphoe":"พรานกระต่าย","__district":"พรานกระต่าย","subdistrict":"ถ้ำกระต่ายทอง","Tambon":"ถ้ำกระต่ายทอง","__subdistrict":"ถ้ำกระต่ายทอง","village":"บ้านเขานางทอง","BaanN":"บ้านเขานางทอง","__village":"บ้านเขานางทอง","land_type":"พื้นที่เกษตร","LandType":"พื้นที่เกษตร","plant_type":"นาข้าว","PlantType":"นาข้าว","crop_type":"นาข้าว","crop_type_raw":"นาข้าว","__crop":"นาข้าว","__plant_type":"นาข้าว","confidence":47,"Q":"47","source":"NASA FIRMS Email Alert - Suomi NPP VIIRS","source_file":"2569-7-20 รวม 67-69 เขต 6.xlsx","filter_rule":"Province=กำแพงเพชร; LandType=พื้นที่เกษตร; PlantType normalized to allowed groups","month":4,"month_key":"2567-04","day_key":"2024-04-25","TambonN":"ถ้ำกระต่ายทอง","AmphoeN":"พรานกระต่าย","ProvinceN":"กำแพงเพชร","Maps":"http://maps.google.com/maps?q=16.63208,99.59251"}},{"type":"Feature","geometry":{"type":"Point","coordinates":[99.40113,16.61542]},"properties":{"hs_id":"VI1202404251836w4ywtbtxy4","hsID":"VI1202404251836w4ywtbtxy4","acq_date":"2024-04-26","Date":"2024-04-26","acq_time":"","year_be":2567,"season_be":2567,"dataset_year_be":2567,"province":"กำแพงเพชร","Province":"กำแพงเพชร","__province":"กำแพงเพชร","district":"โกสัมพีนคร","Amphoe":"โกสัมพีนคร","__district":"โกสัมพีนคร","subdistrict":"เพชรชมภู","Tambon":"เพชรชมภู","__subdistrict":"เพชรชมภู","village":"บ้านเกาะรากเสียด","BaanN":"บ้านเกาะรากเสียด","__village":"บ้านเกาะรากเสียด","land_type":"พื้นที่เกษตร","LandType":"พื้นที่เกษตร","plant_type":"นาข้าว","PlantType":"นาข้าว","crop_type":"นาข้าว","crop_type_raw":"นาข้าว","__crop":"นาข้าว","__plant_type":"นาข้าว","confidence":47,"Q":"47","source":"NASA FIRMS Email Alert - Suomi NPP VIIRS","source_file":"2569-7-20 รวม 67-69 เขต 6.xlsx","filter_rule":"Province=กำแพงเพชร; LandType=พื้นที่เกษตร; PlantType normalized to allowed groups","month":4,"month_key":"2567-04","day_key":"2024-04-26","TambonN":"เพชรชมภู","AmphoeN":"โกสัมพีนคร","ProvinceN":"กำแพงเพชร","Maps":"http://maps.google.com/maps?q=16.61542,99.40113"}},{"type":"Feature","geometry":{"type":"Point","coordinates":[99.40083,16.61584]},"properties":{"hs_id":"VI1202404251836w4ywtbv6r1","hsID":"VI1202404251836w4ywtbv6r1","acq_date":"2024-04-26","Date":"2024-04-26","acq_time":"","year_be":2567,"season_be":2567,"dataset_year_be":2567,"province":"กำแพงเพชร","Province":"กำแพงเพชร","__province":"กำแพงเพชร","district":"โกสัมพีนคร","Amphoe":"โกสัมพีนคร","__district":"โกสัมพีนคร","subdistrict":"เพชรชมภู","Tambon":"เพชรชมภู","__subdistrict":"เพชรชมภู","village":"บ้านเกาะรากเสียด","BaanN":"บ้านเกาะรากเสียด","__village":"บ้านเกาะรากเสียด","land_type":"พื้นที่เกษตร","LandType":"พื้นที่เกษตร","plant_type":"นาข้าว","PlantType":"นาข้าว","crop_type":"นาข้าว","crop_type_raw":"นาข้าว","__crop":"นาข้าว","__plant_type":"นาข้าว","confidence":47,"Q":"47","source":"NASA FIRMS Email Alert - Suomi NPP VIIRS","source_file":"2569-7-20 รวม 67-69 เขต 6.xlsx","filter_rule":"Province=กำแพงเพชร; LandType=พื้นที่เกษตร; PlantType normalized to allowed groups","month":4,"month_key":"2567-04","day_key":"2024-04-26","TambonN":"เพชรชมภู","AmphoeN":"โกสัมพีนคร","ProvinceN":"กำแพงเพชร","Maps":"http://maps.google.com/maps?q=16.61584,99.40083"}},{"type":"Feature","geometry":{"type":"Point","coordinates":[99.51579,16.32863]},"properties":{"hs_id":"VI1202404270707w4yubs91jv","hsID":"VI1202404270707w4yubs91jv","acq_date":"2024-04-27","Date":"2024-04-27","acq_time":"","year_be":2567,"season_be":2567,"dataset_year_be":2567,"province":"กำแพงเพชร","Province":"กำแพงเพชร","__province":"กำแพงเพชร","district":"เมืองกำแพงเพชร","Amphoe":"เมืองกำแพงเพชร","__district":"เมืองกำแพงเพชร","subdistrict":"อ่างทอง","Tambon":"อ่างทอง","__subdistrict":"อ่างทอง","village":"บ้านโนนโก","BaanN":"บ้านโนนโก","__village":"บ้านโนนโก","land_type":"พื้นที่เกษตร","LandType":"พื้นที่เกษตร","plant_type":"เกษตรอื่น ๆ","PlantType":"เกษตรอื่น ๆ","crop_type":"เกษตรอื่น ๆ","crop_type_raw":"เกษตรอื่น ๆ","__crop":"เกษตรอื่น ๆ","__plant_type":"เกษตรอื่น ๆ","confidence":47,"Q":"47","source":"NASA FIRMS Email Alert - Suomi NPP VIIRS","source_file":"2569-7-20 รวม 67-69 เขต 6.xlsx","filter_rule":"Province=กำแพงเพชร; LandType=พื้นที่เกษตร; PlantType normalized to allowed groups","month":4,"month_key":"2567-04","day_key":"2024-04-27","TambonN":"ไตรตรึงษ์","AmphoeN":"เมืองกำแพงเพชร","ProvinceN":"กำแพงเพชร","Maps":"http://maps.google.com/maps?q=16.32863,99.51579"}},{"type":"Feature","geometry":{"type":"Point","coordinates":[99.5831,16.37573]},"properties":{"hs_id":"VI1202404270707w4yv4j45w3","hsID":"VI1202404270707w4yv4j45w3","acq_date":"2024-04-27","Date":"2024-04-27","acq_time":"","year_be":2567,"season_be":2567,"dataset_year_be":2567,"province":"กำแพงเพชร","Province":"กำแพงเพชร","__province":"กำแพงเพชร","district":"เมืองกำแพงเพชร","Amphoe":"เมืองกำแพงเพชร","__district":"เมืองกำแพงเพชร","subdistrict":"เทพนคร","Tambon":"เทพนคร","__subdistrict":"เทพนคร","village":"บ้านศรีนคร","BaanN":"บ้านศรีนคร","__village":"บ้านศรีนคร","land_type":"พื้นที่เกษตร","LandType":"พื้นที่เกษตร","plant_type":"นาข้าว","PlantType":"นาข้าว","crop_type":"นาข้าว","crop_type_raw":"นาข้าว","__crop":"นาข้าว","__plant_type":"นาข้าว","confidence":47,"Q":"47","source":"NASA FIRMS Email Alert - Suomi NPP VIIRS","source_file":"2569-7-20 รวม 67-69 เขต 6.xlsx","filter_rule":"Province=กำแพงเพชร; LandType=พื้นที่เกษตร; PlantType normalized to allowed groups","month":4,"month_key":"2567-04","day_key":"2024-04-27","TambonN":"เทพนคร","AmphoeN":"เมืองกำแพงเพชร","ProvinceN":"กำแพงเพชร","Maps":"http://maps.google.com/maps?q=16.37573,99.5831"}},{"type":"Feature","geometry":{"type":"Point","coordinates":[99.46372,16.62405]},"properties":{"hs_id":"VI1202404270707w4ywx6760e","hsID":"VI1202404270707w4ywx6760e","acq_date":"2024-04-27","Date":"2024-04-27","acq_time":"","year_be":2567,"season_be":2567,"dataset_year_be":2567,"province":"กำแพงเพชร","Province":"กำแพงเพชร","__province":"กำแพงเพชร","district":"เมืองกำแพงเพชร","Amphoe":"เมืองกำแพงเพชร","__district":"เมืองกำแพงเพชร","subdistrict":"ลานดอกไม้","Tambon":"ลานดอกไม้","__subdistrict":"ลานดอกไม้","village":"บ้านหนองกวักมือ","BaanN":"บ้านหนองกวักมือ","__village":"บ้านหนองกวักมือ","land_type":"พื้นที่เกษตร","LandType":"พื้นที่เกษตร","plant_type":"อ้อย","PlantType":"อ้อย","crop_type":"อ้อย","crop_type_raw":"อ้อย","__crop":"อ้อย","__plant_type":"อ้อย","confidence":47,"Q":"47","source":"NASA FIRMS Email Alert - Suomi NPP VIIRS","source_file":"2569-7-20 รวม 67-69 เขต 6.xlsx","filter_rule":"Province=กำแพงเพชร; LandType=พื้นที่เกษตร; PlantType normalized to allowed groups","month":4,"month_key":"2567-04","day_key":"2024-04-27","TambonN":"ลานดอกไม้","AmphoeN":"เมืองกำแพงเพชร","ProvinceN":"กำแพงเพชร","Maps":"http://maps.google.com/maps?q=16.62405,99.46372"}},{"type":"Feature","geometry":{"type":"Point","coordinates":[99.89783,16.18394]},"properties":{"hs_id":"VI1202404270707w4zh14pqk1","hsID":"VI1202404270707w4zh14pqk1","acq_date":"2024-04-27","Date":"2024-04-27","acq_time":"","year_be":2567,"season_be":2567,"dataset_year_be":2567,"province":"กำแพงเพชร","Province":"กำแพงเพชร","__province":"กำแพงเพชร","district":"บึงสามัคคี","Amphoe":"บึงสามัคคี","__district":"บึงสามัคคี","subdistrict":"เทพนิมิต","Tambon":"เทพนิมิต","__subdistrict":"เทพนิมิต","village":"บ้านวังเจ้า","BaanN":"บ้านวังเจ้า","__village":"บ้านวังเจ้า","land_type":"พื้นที่เกษตร","LandType":"พื้นที่เกษตร","plant_type":"นาข้าว","PlantType":"นาข้าว","crop_type":"นาข้าว","crop_type_raw":"นาข้าว","__crop":"นาข้าว","__plant_type":"นาข้าว","confidence":47,"Q":"47","source":"NASA FIRMS Email Alert - Suomi NPP VIIRS","source_file":"2569-7-20 รวม 67-69 เขต 6.xlsx","filter_rule":"Province=กำแพงเพชร; LandType=พื้นที่เกษตร; PlantType normalized to allowed groups","month":4,"month_key":"2567-04","day_key":"2024-04-27","TambonN":"เทพนิมิต","AmphoeN":"บึงสามัคคี","ProvinceN":"กำแพงเพชร","Maps":"http://maps.google.com/maps?q=16.18394,99.89783"}},{"type":"Feature","geometry":{"type":"Point","coordinates":[99.80389,16.25218]},"properties":{"hs_id":"VI1202404280650w4yurndgz1","hsID":"VI1202404280650w4yurndgz1","acq_date":"2024-04-28","Date":"2024-04-28","acq_time":"","year_be":2567,"season_be":2567,"dataset_year_be":2567,"province":"กำแพงเพชร","Province":"กำแพงเพชร","__province":"กำแพงเพชร","district":"คลองขลุง","Amphoe":"คลองขลุง","__district":"คลองขลุง","subdistrict":"วังยาง","Tambon":"วังยาง","__subdistrict":"วังยาง","village":"บ้านวังตะล่อม","BaanN":"บ้านวังตะล่อม","__village":"บ้านวังตะล่อม","land_type":"พื้นที่เกษตร","LandType":"พื้นที่เกษตร","plant_type":"นาข้าว","PlantType":"นาข้าว","crop_type":"นาข้าว","crop_type_raw":"นาข้าว","__crop":"นาข้าว","__plant_type":"นาข้าว","confidence":47,"Q":"47","source":"NASA FIRMS Email Alert - Suomi NPP VIIRS","source_file":"2569-7-20 รวม 67-69 เขต 6.xlsx","filter_rule":"Province=กำแพงเพชร; LandType=พื้นที่เกษตร; PlantType normalized to allowed groups","month":4,"month_key":"2567-04","day_key":"2024-04-28","TambonN":"วังยาง","AmphoeN":"คลองขลุง","ProvinceN":"กำแพงเพชร","Maps":"http://maps.google.com/maps?q=16.25218,99.80389"}},{"type":"Feature","geometry":{"type":"Point","coordinates":[99.64638,16.42622]},"properties":{"hs_id":"VI1202404290629w4yv7w238v","hsID":"VI1202404290629w4yv7w238v","acq_date":"2024-04-29","Date":"2024-04-29","acq_time":"","year_be":2567,"season_be":2567,"dataset_year_be":2567,"province":"กำแพงเพชร","Province":"กำแพงเพชร","__province":"กำแพงเพชร","district":"เมืองกำแพงเพชร","Amphoe":"เมืองกำแพงเพชร","__district":"เมืองกำแพงเพชร","subdistrict":"เทพนคร","Tambon":"เทพนคร","__subdistrict":"เทพนคร","village":"บ้านสุกรพันธ์","BaanN":"บ้านสุกรพันธ์","__village":"บ้านสุกรพันธ์","land_type":"พื้นที่เกษตร","LandType":"พื้นที่เกษตร","plant_type":"นาข้าว","PlantType":"นาข้าว","crop_type":"นาข้าว","crop_type_raw":"นาข้าว","__crop":"นาข้าว","__plant_type":"นาข้าว","confidence":47,"Q":"47","source":"NASA FIRMS Email Alert - Suomi NPP VIIRS","source_file":"2569-7-20 รวม 67-69 เขต 6.xlsx","filter_rule":"Province=กำแพงเพชร; LandType=พื้นที่เกษตร; PlantType normalized to allowed groups","month":4,"month_key":"2567-04","day_key":"2024-04-29","TambonN":"เทพนคร","AmphoeN":"เมืองกำแพงเพชร","ProvinceN":"กำแพงเพชร","Maps":"http://maps.google.com/maps?q=16.42622,99.64638"}},{"type":"Feature","geometry":{"type":"Point","coordinates":[99.68491,16.35541]},"properties":{"hs_id":"VI1202404290629w4yvh3km4v","hsID":"VI1202404290629w4yvh3km4v","acq_date":"2024-04-29","Date":"2024-04-29","acq_time":"","year_be":2567,"season_be":2567,"dataset_year_be":2567,"province":"กำแพงเพชร","Province":"กำแพงเพชร","__province":"กำแพงเพชร","district":"เมืองกำแพงเพชร","Amphoe":"เมืองกำแพงเพชร","__district":"เมืองกำแพงเพชร","subdistrict":"คณฑี","Tambon":"คณฑี","__subdistrict":"คณฑี","village":"บ้านโพธิ์อำนวย","BaanN":"บ้านโพธิ์อำนวย","__village":"บ้านโพธิ์อำนวย","land_type":"พื้นที่เกษตร","LandType":"พื้นที่เกษตร","plant_type":"นาข้าว","PlantType":"นาข้าว","crop_type":"นาข้าว","crop_type_raw":"นาข้าว","__crop":"นาข้าว","__plant_type":"นาข้าว","confidence":47,"Q":"47","source":"NASA FIRMS Email Alert - Suomi NPP VIIRS","source_file":"2569-7-20 รวม 67-69 เขต 6.xlsx","filter_rule":"Province=กำแพงเพชร; LandType=พื้นที่เกษตร; PlantType normalized to allowed groups","month":4,"month_key":"2567-04","day_key":"2024-04-29","TambonN":"คณฑี","AmphoeN":"เมืองกำแพงเพชร","ProvinceN":"กำแพงเพชร","Maps":"http://maps.google.com/maps?q=16.35541,99.68491"}},{"type":"Feature","geometry":{"type":"Point","coordinates":[99.8146,16.27846]},"properties":{"hs_id":"VI1202404300612w4yux76ubu","hsID":"VI1202404300612w4yux76ubu","acq_date":"2024-04-30","Date":"2024-04-30","acq_time":"","year_be":2567,"season_be":2567,"dataset_year_be":2567,"province":"กำแพงเพชร","Province":"กำแพงเพชร","__province":"กำแพงเพชร","district":"ทรายทองวัฒนา","Amphoe":"ทรายทองวัฒนา","__district":"ทรายทองวัฒนา","subdistrict":"ทุ่งทราย","Tambon":"ทุ่งทราย","__subdistrict":"ทุ่งทราย","village":"บ้านศรีอุดมธัญญะ, บ้านน้อย","BaanN":"บ้านศรีอุดมธัญญะ, บ้านน้อย","__village":"บ้านศรีอุดมธัญญะ, บ้านน้อย","land_type":"พื้นที่เกษตร","LandType":"พื้นที่เกษตร","plant_type":"นาข้าว","PlantType":"นาข้าว","crop_type":"นาข้าว","crop_type_raw":"นาข้าว","__crop":"นาข้าว","__plant_type":"นาข้าว","confidence":47,"Q":"47","source":"NASA FIRMS Email Alert - Suomi NPP VIIRS","source_file":"2569-7-20 รวม 67-69 เขต 6.xlsx","filter_rule":"Province=กำแพงเพชร; LandType=พื้นที่เกษตร; PlantType normalized to allowed groups","month":4,"month_key":"2567-04","day_key":"2024-04-30","TambonN":"ทุ่งทราย","AmphoeN":"ทรายทองวัฒนา","ProvinceN":"กำแพงเพชร","Maps":"http://maps.google.com/maps?q=16.27846,99.8146"}},{"type":"Feature","geometry":{"type":"Point","coordinates":[99.6692,16.36894]},"properties":{"hs_id":"VI1202404300612w4yvh5bgux","hsID":"VI1202404300612w4yvh5bgux","acq_date":"2024-04-30","Date":"2024-04-30","acq_time":"","year_be":2567,"season_be":2567,"dataset_year_be":2567,"province":"กำแพงเพชร","Province":"กำแพงเพชร","__province":"กำแพงเพชร","district":"เมืองกำแพงเพชร","Amphoe":"เมืองกำแพงเพชร","__district":"เมืองกำแพงเพชร","subdistrict":"คณฑี","Tambon":"คณฑี","__subdistrict":"คณฑี","village":"บ้านโพธิ์อำนวย","BaanN":"บ้านโพธิ์อำนวย","__village":"บ้านโพธิ์อำนวย","land_type":"พื้นที่เกษตร","LandType":"พื้นที่เกษตร","plant_type":"นาข้าว","PlantType":"นาข้าว","crop_type":"นาข้าว","crop_type_raw":"นาข้าว","__crop":"นาข้าว","__plant_type":"นาข้าว","confidence":47,"Q":"47","source":"NASA FIRMS Email Alert - Suomi NPP VIIRS","source_file":"2569-7-20 รวม 67-69 เขต 6.xlsx","filter_rule":"Province=กำแพงเพชร; LandType=พื้นที่เกษตร; PlantType normalized to allowed groups","month":4,"month_key":"2567-04","day_key":"2024-04-30","TambonN":"คณฑี","AmphoeN":"เมืองกำแพงเพชร","ProvinceN":"กำแพงเพชร","Maps":"http://maps.google.com/maps?q=16.36894,99.6692"}},{"type":"Feature","geometry":{"type":"Point","coordinates":[99.61195,16.64872]},"properties":{"hs_id":"VI1202404300612w4yydwz1yd","hsID":"VI1202404300612w4yydwz1yd","acq_date":"2024-04-30","Date":"2024-04-30","acq_time":"","year_be":2567,"season_be":2567,"dataset_year_be":2567,"province":"กำแพงเพชร","Province":"กำแพงเพชร","__province":"กำแพงเพชร","district":"พรานกระต่าย","Amphoe":"พรานกระต่าย","__district":"พรานกระต่าย","subdistrict":"ถ้ำกระต่ายทอง","Tambon":"ถ้ำกระต่ายทอง","__subdistrict":"ถ้ำกระต่ายทอง","village":"บ้านนาทอง","BaanN":"บ้านนาทอง","__village":"บ้านนาทอง","land_type":"พื้นที่เกษตร","LandType":"พื้นที่เกษตร","plant_type":"นาข้าว","PlantType":"นาข้าว","crop_type":"นาข้าว","crop_type_raw":"นาข้าว","__crop":"นาข้าว","__plant_type":"นาข้าว","confidence":47,"Q":"47","source":"NASA FIRMS Email Alert - Suomi NPP VIIRS","source_file":"2569-7-20 รวม 67-69 เขต 6.xlsx","filter_rule":"Province=กำแพงเพชร; LandType=พื้นที่เกษตร; PlantType normalized to allowed groups","month":4,"month_key":"2567-04","day_key":"2024-04-30","TambonN":"ถ้ำกระต่ายทอง","AmphoeN":"พรานกระต่าย","ProvinceN":"กำแพงเพชร","Maps":"http://maps.google.com/maps?q=16.64872,99.61195"}},{"type":"Feature","geometry":{"type":"Point","coordinates":[99.67285,16.62185]},"properties":{"hs_id":"VI1202404300612w4yys1gt39","hsID":"VI1202404300612w4yys1gt39","acq_date":"2024-04-30","Date":"2024-04-30","acq_time":"","year_be":2567,"season_be":2567,"dataset_year_be":2567,"province":"กำแพงเพชร","Province":"กำแพงเพชร","__province":"กำแพงเพชร","district":"พรานกระต่าย","Amphoe":"พรานกระต่าย","__district":"พรานกระต่าย","subdistrict":"คุยบ้านโอง","Tambon":"คุยบ้านโอง","__subdistrict":"คุยบ้านโอง","village":"บ้านคุยตาแข","BaanN":"บ้านคุยตาแข","__village":"บ้านคุยตาแข","land_type":"พื้นที่เกษตร","LandType":"พื้นที่เกษตร","plant_type":"นาข้าว","PlantType":"นาข้าว","crop_type":"นาข้าว","crop_type_raw":"นาข้าว","__crop":"นาข้าว","__plant_type":"นาข้าว","confidence":47,"Q":"47","source":"NASA FIRMS Email Alert - Suomi NPP VIIRS","source_file":"2569-7-20 รวม 67-69 เขต 6.xlsx","filter_rule":"Province=กำแพงเพชร; LandType=พื้นที่เกษตร; PlantType normalized to allowed groups","month":4,"month_key":"2567-04","day_key":"2024-04-30","TambonN":"คุยบ้านโอง","AmphoeN":"พรานกระต่าย","ProvinceN":"กำแพงเพชร","Maps":"http://maps.google.com/maps?q=16.62185,99.67285"}},{"type":"Feature","geometry":{"type":"Point","coordinates":[99.87007,16.72263]},"properties":{"hs_id":"VI1202404300612w4zp0s70mk","hsID":"VI1202404300612w4zp0s70mk","acq_date":"2024-04-30","Date":"2024-04-30","acq_time":"","year_be":2567,"season_be":2567,"dataset_year_be":2567,"province":"กำแพงเพชร","Province":"กำแพงเพชร","__province":"กำแพงเพชร","district":"ลานกระบือ","Amphoe":"ลานกระบือ","__district":"ลานกระบือ","subdistrict":"บึงทับแรต","Tambon":"บึงทับแรต","__subdistrict":"บึงทับแรต","village":"บ้านทุ่งใหญ่","BaanN":"บ้านทุ่งใหญ่","__village":"บ้านทุ่งใหญ่","land_type":"พื้นที่เกษตร","LandType":"พื้นที่เกษตร","plant_type":"นาข้าว","PlantType":"นาข้าว","crop_type":"นาข้าว","crop_type_raw":"นาข้าว","__crop":"นาข้าว","__plant_type":"นาข้าว","confidence":47,"Q":"47","source":"NASA FIRMS Email Alert - Suomi NPP VIIRS","source_file":"2569-7-20 รวม 67-69 เขต 6.xlsx","filter_rule":"Province=กำแพงเพชร; LandType=พื้นที่เกษตร; PlantType normalized to allowed groups","month":4,"month_key":"2567-04","day_key":"2024-04-30","TambonN":"นิคมพัฒนา","AmphoeN":"บางระกำ","ProvinceN":"พิษณุโลก","Maps":"http://maps.google.com/maps?q=16.72263,99.87007"}},{"type":"Feature","geometry":{"type":"Point","coordinates":[99.44158,16.51484]},"properties":{"hs_id":"VI1202404301843w4ytyy7juv","hsID":"VI1202404301843w4ytyy7juv","acq_date":"2024-05-01","Date":"2024-05-01","acq_time":"","year_be":2567,"season_be":2567,"dataset_year_be":2567,"province":"กำแพงเพชร","Province":"กำแพงเพชร","__province":"กำแพงเพชร","district":"เมืองกำแพงเพชร","Amphoe":"เมืองกำแพงเพชร","__district":"เมืองกำแพงเพชร","subdistrict":"ทรงธรรม","Tambon":"ทรงธรรม","__subdistrict":"ทรงธรรม","village":"บ้านคลองโป่ง","BaanN":"บ้านคลองโป่ง","__village":"บ้านคลองโป่ง","land_type":"พื้นที่เกษตร","LandType":"พื้นที่เกษตร","plant_type":"เกษตรอื่น ๆ","PlantType":"เกษตรอื่น ๆ","crop_type":"เกษตรอื่น ๆ","crop_type_raw":"เกษตรอื่น ๆ","__crop":"เกษตรอื่น ๆ","__plant_type":"เกษตรอื่น ๆ","confidence":47,"Q":"47","source":"NASA FIRMS Email Alert - Suomi NPP VIIRS","source_file":"2569-7-20 รวม 67-69 เขต 6.xlsx","filter_rule":"Province=กำแพงเพชร; LandType=พื้นที่เกษตร; PlantType normalized to allowed groups","month":5,"month_key":"2567-05","day_key":"2024-05-01","TambonN":"ทรงธรรม","AmphoeN":"เมืองกำแพงเพชร","ProvinceN":"กำแพงเพชร","Maps":"http://maps.google.com/maps?q=16.51484,99.44158"}},{"type":"Feature","geometry":{"type":"Point","coordinates":[99.61285,16.42645]},"properties":{"hs_id":"VI1202405010553w4yv6wrg58","hsID":"VI1202405010553w4yv6wrg58","acq_date":"2024-05-01","Date":"2024-05-01","acq_time":"","year_be":2567,"season_be":2567,"dataset_year_be":2567,"province":"กำแพงเพชร","Province":"กำแพงเพชร","__province":"กำแพงเพชร","district":"เมืองกำแพงเพชร","Amphoe":"เมืองกำแพงเพชร","__district":"เมืองกำแพงเพชร","subdistrict":"เทพนคร","Tambon":"เทพนคร","__subdistrict":"เทพนคร","village":"บ้านไทรย้อย","BaanN":"บ้านไทรย้อย","__village":"บ้านไทรย้อย","land_type":"พื้นที่เกษตร","LandType":"พื้นที่เกษตร","plant_type":"นาข้าว","PlantType":"นาข้าว","crop_type":"นาข้าว","crop_type_raw":"นาข้าว","__crop":"นาข้าว","__plant_type":"นาข้าว","confidence":47,"Q":"47","source":"NASA FIRMS Email Alert - Suomi NPP VIIRS","source_file":"2569-7-20 รวม 67-69 เขต 6.xlsx","filter_rule":"Province=กำแพงเพชร; LandType=พื้นที่เกษตร; PlantType normalized to allowed groups","month":5,"month_key":"2567-05","day_key":"2024-05-01","TambonN":"เทพนคร","AmphoeN":"เมืองกำแพงเพชร","ProvinceN":"กำแพงเพชร","Maps":"http://maps.google.com/maps?q=16.42645,99.61285"}},{"type":"Feature","geometry":{"type":"Point","coordinates":[99.61216,16.42726]},"properties":{"hs_id":"VI1202405010553w4yv6wrrex","hsID":"VI1202405010553w4yv6wrrex","acq_date":"2024-05-01","Date":"2024-05-01","acq_time":"","year_be":2567,"season_be":2567,"dataset_year_be":2567,"province":"กำแพงเพชร","Province":"กำแพงเพชร","__province":"กำแพงเพชร","district":"เมืองกำแพงเพชร","Amphoe":"เมืองกำแพงเพชร","__district":"เมืองกำแพงเพชร","subdistrict":"เทพนคร","Tambon":"เทพนคร","__subdistrict":"เทพนคร","village":"บ้านไทรย้อย","BaanN":"บ้านไทรย้อย","__village":"บ้านไทรย้อย","land_type":"พื้นที่เกษตร","LandType":"พื้นที่เกษตร","plant_type":"นาข้าว","PlantType":"นาข้าว","crop_type":"นาข้าว","crop_type_raw":"นาข้าว","__crop":"นาข้าว","__plant_type":"นาข้าว","confidence":47,"Q":"47","source":"NASA FIRMS Email Alert - Suomi NPP VIIRS","source_file":"2569-7-20 รวม 67-69 เขต 6.xlsx","filter_rule":"Province=กำแพงเพชร; LandType=พื้นที่เกษตร; PlantType normalized to allowed groups","month":5,"month_key":"2567-05","day_key":"2024-05-01","TambonN":"เทพนคร","AmphoeN":"เมืองกำแพงเพชร","ProvinceN":"กำแพงเพชร","Maps":"http://maps.google.com/maps?q=16.42726,99.61216"}},{"type":"Feature","geometry":{"type":"Point","coordinates":[99.46807,16.52777]},"properties":{"hs_id":"VI1202405010553w4ywp2y3np","hsID":"VI1202405010553w4ywp2y3np","acq_date":"2024-05-01","Date":"2024-05-01","acq_time":"","year_be":2567,"season_be":2567,"dataset_year_be":2567,"province":"กำแพงเพชร","Province":"กำแพงเพชร","__province":"กำแพงเพชร","district":"เมืองกำแพงเพชร","Amphoe":"เมืองกำแพงเพชร","__district":"เมืองกำแพงเพชร","subdistrict":"ทรงธรรม","Tambon":"ทรงธรรม","__subdistrict":"ทรงธรรม","village":"บ้านสหธรรมพัฒนา","BaanN":"บ้านสหธรรมพัฒนา","__village":"บ้านสหธรรมพัฒนา","land_type":"พื้นที่เกษตร","LandType":"พื้นที่เกษตร","plant_type":"นาข้าว","PlantType":"นาข้าว","crop_type":"นาข้าว","crop_type_raw":"นาข้าว","__crop":"นาข้าว","__plant_type":"นาข้าว","confidence":47,"Q":"47","source":"NASA FIRMS Email Alert - Suomi NPP VIIRS","source_file":"2569-7-20 รวม 67-69 เขต 6.xlsx","filter_rule":"Province=กำแพงเพชร; LandType=พื้นที่เกษตร; PlantType normalized to allowed groups","month":5,"month_key":"2567-05","day_key":"2024-05-01","TambonN":"ทรงธรรม","AmphoeN":"เมืองกำแพงเพชร","ProvinceN":"กำแพงเพชร","Maps":"http://maps.google.com/maps?q=16.52777,99.46807"}},{"type":"Feature","geometry":{"type":"Point","coordinates":[99.79154,16.314]},"properties":{"hs_id":"VI1202405010733w4yuyccgzq","hsID":"VI1202405010733w4yuyccgzq","acq_date":"2024-05-01","Date":"2024-05-01","acq_time":"","year_be":2567,"season_be":2567,"dataset_year_be":2567,"province":"กำแพงเพชร","Province":"กำแพงเพชร","__province":"กำแพงเพชร","district":"ทรายทองวัฒนา","Amphoe":"ทรายทองวัฒนา","__district":"ทรายทองวัฒนา","subdistrict":"ทุ่งทราย","Tambon":"ทุ่งทราย","__subdistrict":"ทุ่งทราย","village":"บ้านไทรย้อย","BaanN":"บ้านไทรย้อย","__village":"บ้านไทรย้อย","land_type":"พื้นที่เกษตร","LandType":"พื้นที่เกษตร","plant_type":"นาข้าว","PlantType":"นาข้าว","crop_type":"นาข้าว","crop_type_raw":"นาข้าว","__crop":"นาข้าว","__plant_type":"นาข้าว","confidence":47,"Q":"47","source":"NASA FIRMS Email Alert - Suomi NPP VIIRS","source_file":"2569-7-20 รวม 67-69 เขต 6.xlsx","filter_rule":"Province=กำแพงเพชร; LandType=พื้นที่เกษตร; PlantType normalized to allowed groups","month":5,"month_key":"2567-05","day_key":"2024-05-01","TambonN":"ทุ่งทราย","AmphoeN":"ทรายทองวัฒนา","ProvinceN":"กำแพงเพชร","Maps":"http://maps.google.com/maps?q=16.314,99.79154"}},{"type":"Feature","geometry":{"type":"Point","coordinates":[99.65772,16.41701]},"properties":{"hs_id":"VI1202405020714w4yv7u8s10","hsID":"VI1202405020714w4yv7u8s10","acq_date":"2024-05-02","Date":"2024-05-02","acq_time":"","year_be":2567,"season_be":2567,"dataset_year_be":2567,"province":"กำแพงเพชร","Province":"กำแพงเพชร","__province":"กำแพงเพชร","district":"เมืองกำแพงเพชร","Amphoe":"เมืองกำแพงเพชร","__district":"เมืองกำแพงเพชร","subdistrict":"เทพนคร","Tambon":"เทพนคร","__subdistrict":"เทพนคร","village":"บ้านสุกรพันธ์","BaanN":"บ้านสุกรพันธ์","__village":"บ้านสุกรพันธ์","land_type":"พื้นที่เกษตร","LandType":"พื้นที่เกษตร","plant_type":"นาข้าว","PlantType":"นาข้าว","crop_type":"นาข้าว","crop_type_raw":"นาข้าว","__crop":"นาข้าว","__plant_type":"นาข้าว","confidence":47,"Q":"47","source":"NASA FIRMS Email Alert - Suomi NPP VIIRS","source_file":"2569-7-20 รวม 67-69 เขต 6.xlsx","filter_rule":"Province=กำแพงเพชร; LandType=พื้นที่เกษตร; PlantType normalized to allowed groups","month":5,"month_key":"2567-05","day_key":"2024-05-02","TambonN":"เทพนคร","AmphoeN":"เมืองกำแพงเพชร","ProvinceN":"กำแพงเพชร","Maps":"http://maps.google.com/maps?q=16.41701,99.65772"}},{"type":"Feature","geometry":{"type":"Point","coordinates":[99.65858,16.11271]},"properties":{"hs_id":"VI1202405030657w4ygev1pm4","hsID":"VI1202405030657w4ygev1pm4","acq_date":"2024-05-03","Date":"2024-05-03","acq_time":"","year_be":2567,"season_be":2567,"dataset_year_be":2567,"province":"กำแพงเพชร","Province":"กำแพงเพชร","__province":"กำแพงเพชร","district":"ขาณุวรลักษบุรี","Amphoe":"ขาณุวรลักษบุรี","__district":"ขาณุวรลักษบุรี","subdistrict":"โค้งไผ่","Tambon":"โค้งไผ่","__subdistrict":"โค้งไผ่","village":"บ้านดอนสมบูรณ์","BaanN":"บ้านดอนสมบูรณ์","__village":"บ้านดอนสมบูรณ์","land_type":"พื้นที่เกษตร","LandType":"พื้นที่เกษตร","plant_type":"นาข้าว","PlantType":"นาข้าว","crop_type":"นาข้าว","crop_type_raw":"นาข้าว","__crop":"นาข้าว","__plant_type":"นาข้าว","confidence":47,"Q":"47","source":"NASA FIRMS Email Alert - Suomi NPP VIIRS","source_file":"2569-7-20 รวม 67-69 เขต 6.xlsx","filter_rule":"Province=กำแพงเพชร; LandType=พื้นที่เกษตร; PlantType normalized to allowed groups","month":5,"month_key":"2567-05","day_key":"2024-05-03","TambonN":"โค้งไผ่","AmphoeN":"ขาณุวรลักษบุรี","ProvinceN":"กำแพงเพชร","Maps":"http://maps.google.com/maps?q=16.11271,99.65858"}},{"type":"Feature","geometry":{"type":"Point","coordinates":[99.73631,16.42891]},"properties":{"hs_id":"VI1202405030657w4yvmwcc26","hsID":"VI1202405030657w4yvmwcc26","acq_date":"2024-05-03","Date":"2024-05-03","acq_time":"","year_be":2567,"season_be":2567,"dataset_year_be":2567,"province":"กำแพงเพชร","Province":"กำแพงเพชร","__province":"กำแพงเพชร","district":"ไทรงาม","Amphoe":"ไทรงาม","__district":"ไทรงาม","subdistrict":"หนองทอง","Tambon":"หนองทอง","__subdistrict":"หนองทอง","village":"บ้านสี่หลัง","BaanN":"บ้านสี่หลัง","__village":"บ้านสี่หลัง","land_type":"พื้นที่เกษตร","LandType":"พื้นที่เกษตร","plant_type":"นาข้าว","PlantType":"นาข้าว","crop_type":"นาข้าว","crop_type_raw":"นาข้าว","__crop":"นาข้าว","__plant_type":"นาข้าว","confidence":47,"Q":"47","source":"NASA FIRMS Email Alert - Suomi NPP VIIRS","source_file":"2569-7-20 รวม 67-69 เขต 6.xlsx","filter_rule":"Province=กำแพงเพชร; LandType=พื้นที่เกษตร; PlantType normalized to allowed groups","month":5,"month_key":"2567-05","day_key":"2024-05-03","TambonN":"หนองทอง","AmphoeN":"ไทรงาม","ProvinceN":"กำแพงเพชร","Maps":"http://maps.google.com/maps?q=16.42891,99.73631"}},{"type":"Feature","geometry":{"type":"Point","coordinates":[99.61266,16.6683]},"properties":{"hs_id":"VI1202405030657w4yyfdrezh","hsID":"VI1202405030657w4yyfdrezh","acq_date":"2024-05-03","Date":"2024-05-03","acq_time":"","year_be":2567,"season_be":2567,"dataset_year_be":2567,"province":"กำแพงเพชร","Province":"กำแพงเพชร","__province":"กำแพงเพชร","district":"พรานกระต่าย","Amphoe":"พรานกระต่าย","__district":"พรานกระต่าย","subdistrict":"ถ้ำกระต่ายทอง","Tambon":"ถ้ำกระต่ายทอง","__subdistrict":"ถ้ำกระต่ายทอง","village":"บ้านนาทอง","BaanN":"บ้านนาทอง","__village":"บ้านนาทอง","land_type":"พื้นที่เกษตร","LandType":"พื้นที่เกษตร","plant_type":"นาข้าว","PlantType":"นาข้าว","crop_type":"นาข้าว","crop_type_raw":"นาข้าว","__crop":"นาข้าว","__plant_type":"นาข้าว","confidence":47,"Q":"47","source":"NASA FIRMS Email Alert - Suomi NPP VIIRS","source_file":"2569-7-20 รวม 67-69 เขต 6.xlsx","filter_rule":"Province=กำแพงเพชร; LandType=พื้นที่เกษตร; PlantType normalized to allowed groups","month":5,"month_key":"2567-05","day_key":"2024-05-03","TambonN":"ถ้ำกระต่ายทอง","AmphoeN":"พรานกระต่าย","ProvinceN":"กำแพงเพชร","Maps":"http://maps.google.com/maps?q=16.6683,99.61266"}},{"type":"Feature","geometry":{"type":"Point","coordinates":[99.73095,16.28734]},"properties":{"hs_id":"VI1202405040635w4yutmjbes","hsID":"VI1202405040635w4yutmjbes","acq_date":"2024-05-04","Date":"2024-05-04","acq_time":"","year_be":2567,"season_be":2567,"dataset_year_be":2567,"province":"กำแพงเพชร","Province":"กำแพงเพชร","__province":"กำแพงเพชร","district":"คลองขลุง","Amphoe":"คลองขลุง","__district":"คลองขลุง","subdistrict":"วังบัว","Tambon":"วังบัว","__subdistrict":"วังบัว","village":"บ้านโนนมะกอก","BaanN":"บ้านโนนมะกอก","__village":"บ้านโนนมะกอก","land_type":"พื้นที่เกษตร","LandType":"พื้นที่เกษตร","plant_type":"เกษตรอื่น ๆ","PlantType":"เกษตรอื่น ๆ","crop_type":"เกษตรอื่น ๆ","crop_type_raw":"เกษตรอื่น ๆ","__crop":"เกษตรอื่น ๆ","__plant_type":"เกษตรอื่น ๆ","confidence":47,"Q":"47","source":"NASA FIRMS Email Alert - Suomi NPP VIIRS","source_file":"2569-7-20 รวม 67-69 เขต 6.xlsx","filter_rule":"Province=กำแพงเพชร; LandType=พื้นที่เกษตร; PlantType normalized to allowed groups","month":5,"month_key":"2567-05","day_key":"2024-05-04","TambonN":"ท่ามะเขือ","AmphoeN":"คลองขลุง","ProvinceN":"กำแพงเพชร","Maps":"http://maps.google.com/maps?q=16.28734,99.73095"}},{"type":"Feature","geometry":{"type":"Point","coordinates":[99.63075,16.4683]},"properties":{"hs_id":"VI1202405040635w4yvejuyu9","hsID":"VI1202405040635w4yvejuyu9","acq_date":"2024-05-04","Date":"2024-05-04","acq_time":"","year_be":2567,"season_be":2567,"dataset_year_be":2567,"province":"กำแพงเพชร","Province":"กำแพงเพชร","__province":"กำแพงเพชร","district":"เมืองกำแพงเพชร","Amphoe":"เมืองกำแพงเพชร","__district":"เมืองกำแพงเพชร","subdistrict":"เทพนคร","Tambon":"เทพนคร","__subdistrict":"เทพนคร","village":"บ้านบ่อเพชร","BaanN":"บ้านบ่อเพชร","__village":"บ้านบ่อเพชร","land_type":"พื้นที่เกษตร","LandType":"พื้นที่เกษตร","plant_type":"นาข้าว","PlantType":"นาข้าว","crop_type":"นาข้าว","crop_type_raw":"นาข้าว","__crop":"นาข้าว","__plant_type":"นาข้าว","confidence":47,"Q":"47","source":"NASA FIRMS Email Alert - Suomi NPP VIIRS","source_file":"2569-7-20 รวม 67-69 เขต 6.xlsx","filter_rule":"Province=กำแพงเพชร; LandType=พื้นที่เกษตร; PlantType normalized to allowed groups","month":5,"month_key":"2567-05","day_key":"2024-05-04","TambonN":"เทพนคร","AmphoeN":"เมืองกำแพงเพชร","ProvinceN":"กำแพงเพชร","Maps":"http://maps.google.com/maps?q=16.4683,99.63075"}},{"type":"Feature","geometry":{"type":"Point","coordinates":[99.73277,15.9616]},"properties":{"hs_id":"VI1202405041908w4yfv3xpjc","hsID":"VI1202405041908w4yfv3xpjc","acq_date":"2024-05-05","Date":"2024-05-05","acq_time":"","year_be":2567,"season_be":2567,"dataset_year_be":2567,"province":"กำแพงเพชร","Province":"กำแพงเพชร","__province":"กำแพงเพชร","district":"ขาณุวรลักษบุรี","Amphoe":"ขาณุวรลักษบุรี","__district":"ขาณุวรลักษบุรี","subdistrict":"บ่อถ้ำ","Tambon":"บ่อถ้ำ","__subdistrict":"บ่อถ้ำ","village":"บ้านเปาะสวอง","BaanN":"บ้านเปาะสวอง","__village":"บ้านเปาะสวอง","land_type":"พื้นที่เกษตร","LandType":"พื้นที่เกษตร","plant_type":"นาข้าว","PlantType":"นาข้าว","crop_type":"นาข้าว","crop_type_raw":"นาข้าว","__crop":"นาข้าว","__plant_type":"นาข้าว","confidence":47,"Q":"47","source":"NASA FIRMS Email Alert - Suomi NPP VIIRS","source_file":"2569-7-20 รวม 67-69 เขต 6.xlsx","filter_rule":"Province=กำแพงเพชร; LandType=พื้นที่เกษตร; PlantType normalized to allowed groups","month":5,"month_key":"2567-05","day_key":"2024-05-05","TambonN":"บ่อถ้ำ","AmphoeN":"ขาณุวรลักษบุรี","ProvinceN":"กำแพงเพชร","Maps":"http://maps.google.com/maps?q=15.9616,99.73277"}},{"type":"Feature","geometry":{"type":"Point","coordinates":[99.62192,16.69432]},"properties":{"hs_id":"VI1202405050618w4yyfzn7qy","hsID":"VI1202405050618w4yyfzn7qy","acq_date":"2024-05-05","Date":"2024-05-05","acq_time":"","year_be":2567,"season_be":2567,"dataset_year_be":2567,"province":"กำแพงเพชร","Province":"กำแพงเพชร","__province":"กำแพงเพชร","district":"พรานกระต่าย","Amphoe":"พรานกระต่าย","__district":"พรานกระต่าย","subdistrict":"หนองหัววัว","Tambon":"หนองหัววัว","__subdistrict":"หนองหัววัว","village":"บ้านบ่อฟ้า","BaanN":"บ้านบ่อฟ้า","__village":"บ้านบ่อฟ้า","land_type":"พื้นที่เกษตร","LandType":"พื้นที่เกษตร","plant_type":"เกษตรอื่น ๆ","PlantType":"เกษตรอื่น ๆ","crop_type":"เกษตรอื่น ๆ","crop_type_raw":"เกษตรอื่น ๆ","__crop":"เกษตรอื่น ๆ","__plant_type":"เกษตรอื่น ๆ","confidence":47,"Q":"47","source":"NASA FIRMS Email Alert - Suomi NPP VIIRS","source_file":"2569-7-20 รวม 67-69 เขต 6.xlsx","filter_rule":"Province=กำแพงเพชร; LandType=พื้นที่เกษตร; PlantType normalized to allowed groups","month":5,"month_key":"2567-05","day_key":"2024-05-05","TambonN":"หนองหัววัว","AmphoeN":"พรานกระต่าย","ProvinceN":"กำแพงเพชร","Maps":"http://maps.google.com/maps?q=16.69432,99.62192"}},{"type":"Feature","geometry":{"type":"Point","coordinates":[99.87445,16.24308]},"properties":{"hs_id":"VI1202405050618w4zh2syqg3","hsID":"VI1202405050618w4zh2syqg3","acq_date":"2024-05-05","Date":"2024-05-05","acq_time":"","year_be":2567,"season_be":2567,"dataset_year_be":2567,"province":"กำแพงเพชร","Province":"กำแพงเพชร","__province":"กำแพงเพชร","district":"คลองขลุง","Amphoe":"คลองขลุง","__district":"คลองขลุง","subdistrict":"วังแขม","Tambon":"วังแขม","__subdistrict":"วังแขม","village":"บ้านหัวทุ่งพัฒนา","BaanN":"บ้านหัวทุ่งพัฒนา","__village":"บ้านหัวทุ่งพัฒนา","land_type":"พื้นที่เกษตร","LandType":"พื้นที่เกษตร","plant_type":"นาข้าว","PlantType":"นาข้าว","crop_type":"นาข้าว","crop_type_raw":"นาข้าว","__crop":"นาข้าว","__plant_type":"นาข้าว","confidence":47,"Q":"47","source":"NASA FIRMS Email Alert - Suomi NPP VIIRS","source_file":"2569-7-20 รวม 67-69 เขต 6.xlsx","filter_rule":"Province=กำแพงเพชร; LandType=พื้นที่เกษตร; PlantType normalized to allowed groups","month":5,"month_key":"2567-05","day_key":"2024-05-05","TambonN":"วังแขม","AmphoeN":"คลองขลุง","ProvinceN":"กำแพงเพชร","Maps":"http://maps.google.com/maps?q=16.24308,99.87445"}},{"type":"Feature","geometry":{"type":"Point","coordinates":[99.79275,15.9585]},"properties":{"hs_id":"VI1202405060557w4yfyc4v58","hsID":"VI1202405060557w4yfyc4v58","acq_date":"2024-05-06","Date":"2024-05-06","acq_time":"","year_be":2567,"season_be":2567,"dataset_year_be":2567,"province":"กำแพงเพชร","Province":"กำแพงเพชร","__province":"กำแพงเพชร","district":"ขาณุวรลักษบุรี","Amphoe":"ขาณุวรลักษบุรี","__district":"ขาณุวรลักษบุรี","subdistrict":"บ่อถ้ำ","Tambon":"บ่อถ้ำ","__subdistrict":"บ่อถ้ำ","village":"บ้านมะม่วงงาม","BaanN":"บ้านมะม่วงงาม","__village":"บ้านมะม่วงงาม","land_type":"พื้นที่เกษตร","LandType":"พื้นที่เกษตร","plant_type":"นาข้าว","PlantType":"นาข้าว","crop_type":"นาข้าว","crop_type_raw":"นาข้าว","__crop":"นาข้าว","__plant_type":"นาข้าว","confidence":47,"Q":"47","source":"NASA FIRMS Email Alert - Suomi NPP VIIRS","source_file":"2569-7-20 รวม 67-69 เขต 6.xlsx","filter_rule":"Province=กำแพงเพชร; LandType=พื้นที่เกษตร; PlantType normalized to allowed groups","month":5,"month_key":"2567-05","day_key":"2024-05-06","TambonN":"สลกบาตร","AmphoeN":"ขาณุวรลักษบุรี","ProvinceN":"กำแพงเพชร","Maps":"http://maps.google.com/maps?q=15.9585,99.79275"}},{"type":"Feature","geometry":{"type":"Point","coordinates":[99.64892,16.43229]},"properties":{"hs_id":"VI1202405060557w4yv7x6jh0","hsID":"VI1202405060557w4yv7x6jh0","acq_date":"2024-05-06","Date":"2024-05-06","acq_time":"","year_be":2567,"season_be":2567,"dataset_year_be":2567,"province":"กำแพงเพชร","Province":"กำแพงเพชร","__province":"กำแพงเพชร","district":"เมืองกำแพงเพชร","Amphoe":"เมืองกำแพงเพชร","__district":"เมืองกำแพงเพชร","subdistrict":"เทพนคร","Tambon":"เทพนคร","__subdistrict":"เทพนคร","village":"บ้านสุกรพันธ์","BaanN":"บ้านสุกรพันธ์","__village":"บ้านสุกรพันธ์","land_type":"พื้นที่เกษตร","LandType":"พื้นที่เกษตร","plant_type":"นาข้าว","PlantType":"นาข้าว","crop_type":"นาข้าว","crop_type_raw":"นาข้าว","__crop":"นาข้าว","__plant_type":"นาข้าว","confidence":47,"Q":"47","source":"NASA FIRMS Email Alert - Suomi NPP VIIRS","source_file":"2569-7-20 รวม 67-69 เขต 6.xlsx","filter_rule":"Province=กำแพงเพชร; LandType=พื้นที่เกษตร; PlantType normalized to allowed groups","month":5,"month_key":"2567-05","day_key":"2024-05-06","TambonN":"เทพนคร","AmphoeN":"เมืองกำแพงเพชร","ProvinceN":"กำแพงเพชร","Maps":"http://maps.google.com/maps?q=16.43229,99.64892"}},{"type":"Feature","geometry":{"type":"Point","coordinates":[99.67004,16.59312]},"properties":{"hs_id":"VI1202405060557w4yykh9tbm","hsID":"VI1202405060557w4yykh9tbm","acq_date":"2024-05-06","Date":"2024-05-06","acq_time":"","year_be":2567,"season_be":2567,"dataset_year_be":2567,"province":"กำแพงเพชร","Province":"กำแพงเพชร","__province":"กำแพงเพชร","district":"พรานกระต่าย","Amphoe":"พรานกระต่าย","__district":"พรานกระต่าย","subdistrict":"เขาคีริส","Tambon":"เขาคีริส","__subdistrict":"เขาคีริส","village":"บ้านคุยป่ายาง","BaanN":"บ้านคุยป่ายาง","__village":"บ้านคุยป่ายาง","land_type":"พื้นที่เกษตร","LandType":"พื้นที่เกษตร","plant_type":"นาข้าว","PlantType":"นาข้าว","crop_type":"นาข้าว","crop_type_raw":"นาข้าว","__crop":"นาข้าว","__plant_type":"นาข้าว","confidence":47,"Q":"47","source":"NASA FIRMS Email Alert - Suomi NPP VIIRS","source_file":"2569-7-20 รวม 67-69 เขต 6.xlsx","filter_rule":"Province=กำแพงเพชร; LandType=พื้นที่เกษตร; PlantType normalized to allowed groups","month":5,"month_key":"2567-05","day_key":"2024-05-06","TambonN":"เขาคีริส","AmphoeN":"พรานกระต่าย","ProvinceN":"กำแพงเพชร","Maps":"http://maps.google.com/maps?q=16.59312,99.67004"}},{"type":"Feature","geometry":{"type":"Point","coordinates":[99.92768,16.06029]},"properties":{"hs_id":"VI1202405060557w4z53gtjgx","hsID":"VI1202405060557w4z53gtjgx","acq_date":"2024-05-06","Date":"2024-05-06","acq_time":"","year_be":2567,"season_be":2567,"dataset_year_be":2567,"province":"กำแพงเพชร","Province":"กำแพงเพชร","__province":"กำแพงเพชร","district":"ขาณุวรลักษบุรี","Amphoe":"ขาณุวรลักษบุรี","__district":"ขาณุวรลักษบุรี","subdistrict":"ป่าพุทรา","Tambon":"ป่าพุทรา","__subdistrict":"ป่าพุทรา","village":"บ้านวังเรียง","BaanN":"บ้านวังเรียง","__village":"บ้านวังเรียง","land_type":"พื้นที่เกษตร","LandType":"พื้นที่เกษตร","plant_type":"นาข้าว","PlantType":"นาข้าว","crop_type":"นาข้าว","crop_type_raw":"นาข้าว","__crop":"นาข้าว","__plant_type":"นาข้าว","confidence":47,"Q":"47","source":"NASA FIRMS Email Alert - Suomi NPP VIIRS","source_file":"2569-7-20 รวม 67-69 เขต 6.xlsx","filter_rule":"Province=กำแพงเพชร; LandType=พื้นที่เกษตร; PlantType normalized to allowed groups","month":5,"month_key":"2567-05","day_key":"2024-05-06","TambonN":"ป่าพุทรา","AmphoeN":"ขาณุวรลักษบุรี","ProvinceN":"กำแพงเพชร","Maps":"http://maps.google.com/maps?q=16.06029,99.92768"}},{"type":"Feature","geometry":{"type":"Point","coordinates":[99.41193,15.91361]},"properties":{"hs_id":"VI1202405090642w4ydw0vx3z","hsID":"VI1202405090642w4ydw0vx3z","acq_date":"2024-05-09","Date":"2024-05-09","acq_time":"","year_be":2567,"season_be":2567,"dataset_year_be":2567,"province":"กำแพงเพชร","Province":"กำแพงเพชร","__province":"กำแพงเพชร","district":"ขาณุวรลักษบุรี","Amphoe":"ขาณุวรลักษบุรี","__district":"ขาณุวรลักษบุรี","subdistrict":"ปางมะค่า","Tambon":"ปางมะค่า","__subdistrict":"ปางมะค่า","village":"บ้านเกาะแก้ว","BaanN":"บ้านเกาะแก้ว","__village":"บ้านเกาะแก้ว","land_type":"พื้นที่เกษตร","LandType":"พื้นที่เกษตร","plant_type":"เกษตรอื่น ๆ","PlantType":"เกษตรอื่น ๆ","crop_type":"เกษตรอื่น ๆ","crop_type_raw":"เกษตรอื่น ๆ","__crop":"เกษตรอื่น ๆ","__plant_type":"เกษตรอื่น ๆ","confidence":47,"Q":"47","source":"NASA FIRMS Email Alert - Suomi NPP VIIRS","source_file":"2569-7-20 รวม 67-69 เขต 6.xlsx","filter_rule":"Province=กำแพงเพชร; LandType=พื้นที่เกษตร; PlantType normalized to allowed groups","month":5,"month_key":"2567-05","day_key":"2024-05-09","TambonN":"ปางมะค่า","AmphoeN":"ขาณุวรลักษบุรี","ProvinceN":"กำแพงเพชร","Maps":"http://maps.google.com/maps?q=15.91361,99.41193"}},{"type":"Feature","geometry":{"type":"Point","coordinates":[99.51631,15.92533]},"properties":{"hs_id":"VI1202405090642w4yf8e1ef0","hsID":"VI1202405090642w4yf8e1ef0","acq_date":"2024-05-09","Date":"2024-05-09","acq_time":"","year_be":2567,"season_be":2567,"dataset_year_be":2567,"province":"กำแพงเพชร","Province":"กำแพงเพชร","__province":"กำแพงเพชร","district":"ขาณุวรลักษบุรี","Amphoe":"ขาณุวรลักษบุรี","__district":"ขาณุวรลักษบุรี","subdistrict":"ปางมะค่า","Tambon":"ปางมะค่า","__subdistrict":"ปางมะค่า","village":"บ้านท่าตาอยู่","BaanN":"บ้านท่าตาอยู่","__village":"บ้านท่าตาอยู่","land_type":"พื้นที่เกษตร","LandType":"พื้นที่เกษตร","plant_type":"ข้าวโพดและไร่หมุนเวียน","PlantType":"ข้าวโพดและไร่หมุนเวียน","crop_type":"ข้าวโพดและไร่หมุนเวียน","crop_type_raw":"ข้าวโพดและไร่หมุนเวียน","__crop":"ข้าวโพดและไร่หมุนเวียน","__plant_type":"ข้าวโพดและไร่หมุนเวียน","confidence":47,"Q":"47","source":"NASA FIRMS Email Alert - Suomi NPP VIIRS","source_file":"2569-7-20 รวม 67-69 เขต 6.xlsx","filter_rule":"Province=กำแพงเพชร; LandType=พื้นที่เกษตร; PlantType normalized to allowed groups","month":5,"month_key":"2567-05","day_key":"2024-05-09","TambonN":"ปางมะค่า","AmphoeN":"ขาณุวรลักษบุรี","ProvinceN":"กำแพงเพชร","Maps":"http://maps.google.com/maps?q=15.92533,99.51631"}},{"type":"Feature","geometry":{"type":"Point","coordinates":[99.51579,15.9287]},"properties":{"hs_id":"VI1202405090642w4yf8e9pmu","hsID":"VI1202405090642w4yf8e9pmu","acq_date":"2024-05-09","Date":"2024-05-09","acq_time":"","year_be":2567,"season_be":2567,"dataset_year_be":2567,"province":"กำแพงเพชร","Province":"กำแพงเพชร","__province":"กำแพงเพชร","district":"ขาณุวรลักษบุรี","Amphoe":"ขาณุวรลักษบุรี","__district":"ขาณุวรลักษบุรี","subdistrict":"ปางมะค่า","Tambon":"ปางมะค่า","__subdistrict":"ปางมะค่า","village":"บ้านท่าตาอยู่","BaanN":"บ้านท่าตาอยู่","__village":"บ้านท่าตาอยู่","land_type":"พื้นที่เกษตร","LandType":"พื้นที่เกษตร","plant_type":"ข้าวโพดและไร่หมุนเวียน","PlantType":"ข้าวโพดและไร่หมุนเวียน","crop_type":"ข้าวโพดและไร่หมุนเวียน","crop_type_raw":"ข้าวโพดและไร่หมุนเวียน","__crop":"ข้าวโพดและไร่หมุนเวียน","__plant_type":"ข้าวโพดและไร่หมุนเวียน","confidence":47,"Q":"47","source":"NASA FIRMS Email Alert - Suomi NPP VIIRS","source_file":"2569-7-20 รวม 67-69 เขต 6.xlsx","filter_rule":"Province=กำแพงเพชร; LandType=พื้นที่เกษตร; PlantType normalized to allowed groups","month":5,"month_key":"2567-05","day_key":"2024-05-09","TambonN":"ปางมะค่า","AmphoeN":"ขาณุวรลักษบุรี","ProvinceN":"กำแพงเพชร","Maps":"http://maps.google.com/maps?q=15.9287,99.51579"}},{"type":"Feature","geometry":{"type":"Point","coordinates":[99.52003,15.92587]},"properties":{"hs_id":"VI1202405090642w4yf8ehqbv","hsID":"VI1202405090642w4yf8ehqbv","acq_date":"2024-05-09","Date":"2024-05-09","acq_time":"","year_be":2567,"season_be":2567,"dataset_year_be":2567,"province":"กำแพงเพชร","Province":"กำแพงเพชร","__province":"กำแพงเพชร","district":"ขาณุวรลักษบุรี","Amphoe":"ขาณุวรลักษบุรี","__district":"ขาณุวรลักษบุรี","subdistrict":"ปางมะค่า","Tambon":"ปางมะค่า","__subdistrict":"ปางมะค่า","village":"บ้านหนองชุมแสง","BaanN":"บ้านหนองชุมแสง","__village":"บ้านหนองชุมแสง","land_type":"พื้นที่เกษตร","LandType":"พื้นที่เกษตร","plant_type":"เกษตรอื่น ๆ","PlantType":"เกษตรอื่น ๆ","crop_type":"เกษตรอื่น ๆ","crop_type_raw":"เกษตรอื่น ๆ","__crop":"เกษตรอื่น ๆ","__plant_type":"เกษตรอื่น ๆ","confidence":47,"Q":"47","source":"NASA FIRMS Email Alert - Suomi NPP VIIRS","source_file":"2569-7-20 รวม 67-69 เขต 6.xlsx","filter_rule":"Province=กำแพงเพชร; LandType=พื้นที่เกษตร; PlantType normalized to allowed groups","month":5,"month_key":"2567-05","day_key":"2024-05-09","TambonN":"ปางมะค่า","AmphoeN":"ขาณุวรลักษบุรี","ProvinceN":"กำแพงเพชร","Maps":"http://maps.google.com/maps?q=15.92587,99.52003"}},{"type":"Feature","geometry":{"type":"Point","coordinates":[99.67162,16.10801]},"properties":{"hs_id":"VI1202405090642w4ygsh6evn","hsID":"VI1202405090642w4ygsh6evn","acq_date":"2024-05-09","Date":"2024-05-09","acq_time":"","year_be":2567,"season_be":2567,"dataset_year_be":2567,"province":"กำแพงเพชร","Province":"กำแพงเพชร","__province":"กำแพงเพชร","district":"ขาณุวรลักษบุรี","Amphoe":"ขาณุวรลักษบุรี","__district":"ขาณุวรลักษบุรี","subdistrict":"โค้งไผ่","Tambon":"โค้งไผ่","__subdistrict":"โค้งไผ่","village":"บ้านหนองเต็ง","BaanN":"บ้านหนองเต็ง","__village":"บ้านหนองเต็ง","land_type":"พื้นที่เกษตร","LandType":"พื้นที่เกษตร","plant_type":"นาข้าว","PlantType":"นาข้าว","crop_type":"นาข้าว","crop_type_raw":"นาข้าว","__crop":"นาข้าว","__plant_type":"นาข้าว","confidence":47,"Q":"47","source":"NASA FIRMS Email Alert - Suomi NPP VIIRS","source_file":"2569-7-20 รวม 67-69 เขต 6.xlsx","filter_rule":"Province=กำแพงเพชร; LandType=พื้นที่เกษตร; PlantType normalized to allowed groups","month":5,"month_key":"2567-05","day_key":"2024-05-09","TambonN":"โค้งไผ่","AmphoeN":"ขาณุวรลักษบุรี","ProvinceN":"กำแพงเพชร","Maps":"http://maps.google.com/maps?q=16.10801,99.67162"}},{"type":"Feature","geometry":{"type":"Point","coordinates":[99.67538,16.10856]},"properties":{"hs_id":"VI1202405090642w4ygshmrht","hsID":"VI1202405090642w4ygshmrht","acq_date":"2024-05-09","Date":"2024-05-09","acq_time":"","year_be":2567,"season_be":2567,"dataset_year_be":2567,"province":"กำแพงเพชร","Province":"กำแพงเพชร","__province":"กำแพงเพชร","district":"ขาณุวรลักษบุรี","Amphoe":"ขาณุวรลักษบุรี","__district":"ขาณุวรลักษบุรี","subdistrict":"โค้งไผ่","Tambon":"โค้งไผ่","__subdistrict":"โค้งไผ่","village":"บ้านหนองเต็ง","BaanN":"บ้านหนองเต็ง","__village":"บ้านหนองเต็ง","land_type":"พื้นที่เกษตร","LandType":"พื้นที่เกษตร","plant_type":"นาข้าว","PlantType":"นาข้าว","crop_type":"นาข้าว","crop_type_raw":"นาข้าว","__crop":"นาข้าว","__plant_type":"นาข้าว","confidence":47,"Q":"47","source":"NASA FIRMS Email Alert - Suomi NPP VIIRS","source_file":"2569-7-20 รวม 67-69 เขต 6.xlsx","filter_rule":"Province=กำแพงเพชร; LandType=พื้นที่เกษตร; PlantType normalized to allowed groups","month":5,"month_key":"2567-05","day_key":"2024-05-09","TambonN":"โค้งไผ่","AmphoeN":"ขาณุวรลักษบุรี","ProvinceN":"กำแพงเพชร","Maps":"http://maps.google.com/maps?q=16.10856,99.67538"}},{"type":"Feature","geometry":{"type":"Point","coordinates":[99.68607,16.1624]},"properties":{"hs_id":"VI1202405090642w4yguqm0vc","hsID":"VI1202405090642w4yguqm0vc","acq_date":"2024-05-09","Date":"2024-05-09","acq_time":"","year_be":2567,"season_be":2567,"dataset_year_be":2567,"province":"กำแพงเพชร","Province":"กำแพงเพชร","__province":"กำแพงเพชร","district":"คลองขลุง","Amphoe":"คลองขลุง","__district":"คลองขลุง","subdistrict":"คลองขลุง","Tambon":"คลองขลุง","__subdistrict":"คลองขลุง","village":"บ้านหนองปลาไหล","BaanN":"บ้านหนองปลาไหล","__village":"บ้านหนองปลาไหล","land_type":"พื้นที่เกษตร","LandType":"พื้นที่เกษตร","plant_type":"อ้อย","PlantType":"อ้อย","crop_type":"อ้อย","crop_type_raw":"อ้อย","__crop":"อ้อย","__plant_type":"อ้อย","confidence":47,"Q":"47","source":"NASA FIRMS Email Alert - Suomi NPP VIIRS","source_file":"2569-7-20 รวม 67-69 เขต 6.xlsx","filter_rule":"Province=กำแพงเพชร; LandType=พื้นที่เกษตร; PlantType normalized to allowed groups","month":5,"month_key":"2567-05","day_key":"2024-05-09","TambonN":"คลองขลุง","AmphoeN":"คลองขลุง","ProvinceN":"กำแพงเพชร","Maps":"http://maps.google.com/maps?q=16.1624,99.68607"}},{"type":"Feature","geometry":{"type":"Point","coordinates":[99.74557,16.30346]},"properties":{"hs_id":"VI1202405090642w4yutzbw81","hsID":"VI1202405090642w4yutzbw81","acq_date":"2024-05-09","Date":"2024-05-09","acq_time":"","year_be":2567,"season_be":2567,"dataset_year_be":2567,"province":"กำแพงเพชร","Province":"กำแพงเพชร","__province":"กำแพงเพชร","district":"คลองขลุง","Amphoe":"คลองขลุง","__district":"คลองขลุง","subdistrict":"วังบัว","Tambon":"วังบัว","__subdistrict":"วังบัว","village":"บ้านสามแยก","BaanN":"บ้านสามแยก","__village":"บ้านสามแยก","land_type":"พื้นที่เกษตร","LandType":"พื้นที่เกษตร","plant_type":"อ้อย","PlantType":"อ้อย","crop_type":"อ้อย","crop_type_raw":"อ้อย","__crop":"อ้อย","__plant_type":"อ้อย","confidence":47,"Q":"47","source":"NASA FIRMS Email Alert - Suomi NPP VIIRS","source_file":"2569-7-20 รวม 67-69 เขต 6.xlsx","filter_rule":"Province=กำแพงเพชร; LandType=พื้นที่เกษตร; PlantType normalized to allowed groups","month":5,"month_key":"2567-05","day_key":"2024-05-09","TambonN":"วังบัว","AmphoeN":"คลองขลุง","ProvinceN":"กำแพงเพชร","Maps":"http://maps.google.com/maps?q=16.30346,99.74557"}},{"type":"Feature","geometry":{"type":"Point","coordinates":[99.8985,16.14395]},"properties":{"hs_id":"VI1202405090642w4z5c4zv7f","hsID":"VI1202405090642w4z5c4zv7f","acq_date":"2024-05-09","Date":"2024-05-09","acq_time":"","year_be":2567,"season_be":2567,"dataset_year_be":2567,"province":"กำแพงเพชร","Province":"กำแพงเพชร","__province":"กำแพงเพชร","district":"บึงสามัคคี","Amphoe":"บึงสามัคคี","__district":"บึงสามัคคี","subdistrict":"เทพนิมิต","Tambon":"เทพนิมิต","__subdistrict":"เทพนิมิต","village":"บ้านบึงแต๋ว","BaanN":"บ้านบึงแต๋ว","__village":"บ้านบึงแต๋ว","land_type":"พื้นที่เกษตร","LandType":"พื้นที่เกษตร","plant_type":"อ้อย","PlantType":"อ้อย","crop_type":"อ้อย","crop_type_raw":"อ้อย","__crop":"อ้อย","__plant_type":"อ้อย","confidence":47,"Q":"47","source":"NASA FIRMS Email Alert - Suomi NPP VIIRS","source_file":"2569-7-20 รวม 67-69 เขต 6.xlsx","filter_rule":"Province=กำแพงเพชร; LandType=พื้นที่เกษตร; PlantType normalized to allowed groups","month":5,"month_key":"2567-05","day_key":"2024-05-09","TambonN":"เทพนิมิต","AmphoeN":"บึงสามัคคี","ProvinceN":"กำแพงเพชร","Maps":"http://maps.google.com/maps?q=16.14395,99.8985"}},{"type":"Feature","geometry":{"type":"Point","coordinates":[99.8986,16.14445]},"properties":{"hs_id":"VI1202405090642w4z5c5pbnp","hsID":"VI1202405090642w4z5c5pbnp","acq_date":"2024-05-09","Date":"2024-05-09","acq_time":"","year_be":2567,"season_be":2567,"dataset_year_be":2567,"province":"กำแพงเพชร","Province":"กำแพงเพชร","__province":"กำแพงเพชร","district":"บึงสามัคคี","Amphoe":"บึงสามัคคี","__district":"บึงสามัคคี","subdistrict":"เทพนิมิต","Tambon":"เทพนิมิต","__subdistrict":"เทพนิมิต","village":"บ้านบึงแต๋ว","BaanN":"บ้านบึงแต๋ว","__village":"บ้านบึงแต๋ว","land_type":"พื้นที่เกษตร","LandType":"พื้นที่เกษตร","plant_type":"อ้อย","PlantType":"อ้อย","crop_type":"อ้อย","crop_type_raw":"อ้อย","__crop":"อ้อย","__plant_type":"อ้อย","confidence":47,"Q":"47","source":"NASA FIRMS Email Alert - Suomi NPP VIIRS","source_file":"2569-7-20 รวม 67-69 เขต 6.xlsx","filter_rule":"Province=กำแพงเพชร; LandType=พื้นที่เกษตร; PlantType normalized to allowed groups","month":5,"month_key":"2567-05","day_key":"2024-05-09","TambonN":"เทพนิมิต","AmphoeN":"บึงสามัคคี","ProvinceN":"กำแพงเพชร","Maps":"http://maps.google.com/maps?q=16.14445,99.8986"}},{"type":"Feature","geometry":{"type":"Point","coordinates":[99.78878,16.04407]},"properties":{"hs_id":"VI1202405130707w4ygq8xzrp","hsID":"VI1202405130707w4ygq8xzrp","acq_date":"2024-05-13","Date":"2024-05-13","acq_time":"","year_be":2567,"season_be":2567,"dataset_year_be":2567,"province":"กำแพงเพชร","Province":"กำแพงเพชร","__province":"กำแพงเพชร","district":"ขาณุวรลักษบุรี","Amphoe":"ขาณุวรลักษบุรี","__district":"ขาณุวรลักษบุรี","subdistrict":"ดอนแตง","Tambon":"ดอนแตง","__subdistrict":"ดอนแตง","village":"บ้านสระตาพรม","BaanN":"บ้านสระตาพรม","__village":"บ้านสระตาพรม","land_type":"พื้นที่เกษตร","LandType":"พื้นที่เกษตร","plant_type":"เกษตรอื่น ๆ","PlantType":"เกษตรอื่น ๆ","crop_type":"เกษตรอื่น ๆ","crop_type_raw":"เกษตรอื่น ๆ","__crop":"เกษตรอื่น ๆ","__plant_type":"เกษตรอื่น ๆ","confidence":47,"Q":"47","source":"NASA FIRMS Email Alert - Suomi NPP VIIRS","source_file":"2569-7-20 รวม 67-69 เขต 6.xlsx","filter_rule":"Province=กำแพงเพชร; LandType=พื้นที่เกษตร; PlantType normalized to allowed groups","month":5,"month_key":"2567-05","day_key":"2024-05-13","TambonN":"ดอนแตง","AmphoeN":"ขาณุวรลักษบุรี","ProvinceN":"กำแพงเพชร","Maps":"http://maps.google.com/maps?q=16.04407,99.78878"}},{"type":"Feature","geometry":{"type":"Point","coordinates":[99.43546,16.42679]},"properties":{"hs_id":"VI1202405140648w4ytqwqsyp","hsID":"VI1202405140648w4ytqwqsyp","acq_date":"2024-05-14","Date":"2024-05-14","acq_time":"","year_be":2567,"season_be":2567,"dataset_year_be":2567,"province":"กำแพงเพชร","Province":"กำแพงเพชร","__province":"กำแพงเพชร","district":"เมืองกำแพงเพชร","Amphoe":"เมืองกำแพงเพชร","__district":"เมืองกำแพงเพชร","subdistrict":"ท่าขุนราม","Tambon":"ท่าขุนราม","__subdistrict":"ท่าขุนราม","village":"บ้านเสาะกระโดง","BaanN":"บ้านเสาะกระโดง","__village":"บ้านเสาะกระโดง","land_type":"พื้นที่เกษตร","LandType":"พื้นที่เกษตร","plant_type":"เกษตรอื่น ๆ","PlantType":"เกษตรอื่น ๆ","crop_type":"เกษตรอื่น ๆ","crop_type_raw":"เกษตรอื่น ๆ","__crop":"เกษตรอื่น ๆ","__plant_type":"เกษตรอื่น ๆ","confidence":47,"Q":"47","source":"NASA FIRMS Email Alert - Suomi NPP VIIRS","source_file":"2569-7-20 รวม 67-69 เขต 6.xlsx","filter_rule":"Province=กำแพงเพชร; LandType=พื้นที่เกษตร; PlantType normalized to allowed groups","month":5,"month_key":"2567-05","day_key":"2024-05-14","TambonN":"ท่าขุนราม","AmphoeN":"เมืองกำแพงเพชร","ProvinceN":"กำแพงเพชร","Maps":"http://maps.google.com/maps?q=16.42679,99.43546"}},{"type":"Feature","geometry":{"type":"Point","coordinates":[99.4397,16.42738]},"properties":{"hs_id":"VI1202405140648w4ytqy9b2v","hsID":"VI1202405140648w4ytqy9b2v","acq_date":"2024-05-14","Date":"2024-05-14","acq_time":"","year_be":2567,"season_be":2567,"dataset_year_be":2567,"province":"กำแพงเพชร","Province":"กำแพงเพชร","__province":"กำแพงเพชร","district":"เมืองกำแพงเพชร","Amphoe":"เมืองกำแพงเพชร","__district":"เมืองกำแพงเพชร","subdistrict":"ท่าขุนราม","Tambon":"ท่าขุนราม","__subdistrict":"ท่าขุนราม","village":"บ้านสันติสุข","BaanN":"บ้านสันติสุข","__village":"บ้านสันติสุข","land_type":"พื้นที่เกษตร","LandType":"พื้นที่เกษตร","plant_type":"เกษตรอื่น ๆ","PlantType":"เกษตรอื่น ๆ","crop_type":"เกษตรอื่น ๆ","crop_type_raw":"เกษตรอื่น ๆ","__crop":"เกษตรอื่น ๆ","__plant_type":"เกษตรอื่น ๆ","confidence":47,"Q":"47","source":"NASA FIRMS Email Alert - Suomi NPP VIIRS","source_file":"2569-7-20 รวม 67-69 เขต 6.xlsx","filter_rule":"Province=กำแพงเพชร; LandType=พื้นที่เกษตร; PlantType normalized to allowed groups","month":5,"month_key":"2567-05","day_key":"2024-05-14","TambonN":"ท่าขุนราม","AmphoeN":"เมืองกำแพงเพชร","ProvinceN":"กำแพงเพชร","Maps":"http://maps.google.com/maps?q=16.42738,99.4397"}},{"type":"Feature","geometry":{"type":"Point","coordinates":[99.8662,16.17777]},"properties":{"hs_id":"VI1202405140648w4zh090674","hsID":"VI1202405140648w4zh090674","acq_date":"2024-05-14","Date":"2024-05-14","acq_time":"","year_be":2567,"season_be":2567,"dataset_year_be":2567,"province":"กำแพงเพชร","Province":"กำแพงเพชร","__province":"กำแพงเพชร","district":"คลองขลุง","Amphoe":"คลองขลุง","__district":"คลองขลุง","subdistrict":"วังแขม","Tambon":"วังแขม","__subdistrict":"วังแขม","village":"บ้านบึงเสือเต้น","BaanN":"บ้านบึงเสือเต้น","__village":"บ้านบึงเสือเต้น","land_type":"พื้นที่เกษตร","LandType":"พื้นที่เกษตร","plant_type":"นาข้าว","PlantType":"นาข้าว","crop_type":"นาข้าว","crop_type_raw":"นาข้าว","__crop":"นาข้าว","__plant_type":"นาข้าว","confidence":47,"Q":"47","source":"NASA FIRMS Email Alert - Suomi NPP VIIRS","source_file":"2569-7-20 รวม 67-69 เขต 6.xlsx","filter_rule":"Province=กำแพงเพชร; LandType=พื้นที่เกษตร; PlantType normalized to allowed groups","month":5,"month_key":"2567-05","day_key":"2024-05-14","TambonN":"ยางสูง","AmphoeN":"ขาณุวรลักษบุรี","ProvinceN":"กำแพงเพชร","Maps":"http://maps.google.com/maps?q=16.17777,99.8662"}},{"type":"Feature","geometry":{"type":"Point","coordinates":[99.86894,16.17859]},"properties":{"hs_id":"VI1202405140648w4zh094r4g","hsID":"VI1202405140648w4zh094r4g","acq_date":"2024-05-14","Date":"2024-05-14","acq_time":"","year_be":2567,"season_be":2567,"dataset_year_be":2567,"province":"กำแพงเพชร","Province":"กำแพงเพชร","__province":"กำแพงเพชร","district":"คลองขลุง","Amphoe":"คลองขลุง","__district":"คลองขลุง","subdistrict":"วังแขม","Tambon":"วังแขม","__subdistrict":"วังแขม","village":"บ้านบึงเสือเต้น","BaanN":"บ้านบึงเสือเต้น","__village":"บ้านบึงเสือเต้น","land_type":"พื้นที่เกษตร","LandType":"พื้นที่เกษตร","plant_type":"นาข้าว","PlantType":"นาข้าว","crop_type":"นาข้าว","crop_type_raw":"นาข้าว","__crop":"นาข้าว","__plant_type":"นาข้าว","confidence":47,"Q":"47","source":"NASA FIRMS Email Alert - Suomi NPP VIIRS","source_file":"2569-7-20 รวม 67-69 เขต 6.xlsx","filter_rule":"Province=กำแพงเพชร; LandType=พื้นที่เกษตร; PlantType normalized to allowed groups","month":5,"month_key":"2567-05","day_key":"2024-05-14","TambonN":"ยางสูง","AmphoeN":"ขาณุวรลักษบุรี","ProvinceN":"กำแพงเพชร","Maps":"http://maps.google.com/maps?q=16.17859,99.86894"}},{"type":"Feature","geometry":{"type":"Point","coordinates":[99.67452,16.49747]},"properties":{"hs_id":"VI1202405190657w4yvu5kb8x","hsID":"VI1202405190657w4yvu5kb8x","acq_date":"2024-05-19","Date":"2024-05-19","acq_time":"","year_be":2567,"season_be":2567,"dataset_year_be":2567,"province":"กำแพงเพชร","Province":"กำแพงเพชร","__province":"กำแพงเพชร","district":"เมืองกำแพงเพชร","Amphoe":"เมืองกำแพงเพชร","__district":"เมืองกำแพงเพชร","subdistrict":"นิคมทุ่งโพธิ์ทะเล","Tambon":"นิคมทุ่งโพธิ์ทะเล","__subdistrict":"นิคมทุ่งโพธิ์ทะเล","village":"บ้านหนองเต่า","BaanN":"บ้านหนองเต่า","__village":"บ้านหนองเต่า","land_type":"พื้นที่เกษตร","LandType":"พื้นที่เกษตร","plant_type":"นาข้าว","PlantType":"นาข้าว","crop_type":"นาข้าว","crop_type_raw":"นาข้าว","__crop":"นาข้าว","__plant_type":"นาข้าว","confidence":47,"Q":"47","source":"NASA FIRMS Email Alert - Suomi NPP VIIRS","source_file":"2569-7-20 รวม 67-69 เขต 6.xlsx","filter_rule":"Province=กำแพงเพชร; LandType=พื้นที่เกษตร; PlantType normalized to allowed groups","month":5,"month_key":"2567-05","day_key":"2024-05-19","TambonN":"นิคมทุ่งโพธิ์ทะเล","AmphoeN":"เมืองกำแพงเพชร","ProvinceN":"กำแพงเพชร","Maps":"http://maps.google.com/maps?q=16.49747,99.67452"}},{"type":"Feature","geometry":{"type":"Point","coordinates":[99.93105,16.20232]},"properties":{"hs_id":"VI1202405190657w4zh1vx965","hsID":"VI1202405190657w4zh1vx965","acq_date":"2024-05-19","Date":"2024-05-19","acq_time":"","year_be":2567,"season_be":2567,"dataset_year_be":2567,"province":"กำแพงเพชร","Province":"กำแพงเพชร","__province":"กำแพงเพชร","district":"บึงสามัคคี","Amphoe":"บึงสามัคคี","__district":"บึงสามัคคี","subdistrict":"เทพนิมิต","Tambon":"เทพนิมิต","__subdistrict":"เทพนิมิต","village":"บ้านดงยาง","BaanN":"บ้านดงยาง","__village":"บ้านดงยาง","land_type":"พื้นที่เกษตร","LandType":"พื้นที่เกษตร","plant_type":"นาข้าว","PlantType":"นาข้าว","crop_type":"นาข้าว","crop_type_raw":"นาข้าว","__crop":"นาข้าว","__plant_type":"นาข้าว","confidence":47,"Q":"47","source":"NASA FIRMS Email Alert - Suomi NPP VIIRS","source_file":"2569-7-20 รวม 67-69 เขต 6.xlsx","filter_rule":"Province=กำแพงเพชร; LandType=พื้นที่เกษตร; PlantType normalized to allowed groups","month":5,"month_key":"2567-05","day_key":"2024-05-19","TambonN":"ระหาน","AmphoeN":"บึงสามัคคี","ProvinceN":"กำแพงเพชร","Maps":"http://maps.google.com/maps?q=16.20232,99.93105"}},{"type":"Feature","geometry":{"type":"Point","coordinates":[99.93176,16.20107]},"properties":{"hs_id":"VI1202405190657w4zh4j244f","hsID":"VI1202405190657w4zh4j244f","acq_date":"2024-05-19","Date":"2024-05-19","acq_time":"","year_be":2567,"season_be":2567,"dataset_year_be":2567,"province":"กำแพงเพชร","Province":"กำแพงเพชร","__province":"กำแพงเพชร","district":"บึงสามัคคี","Amphoe":"บึงสามัคคี","__district":"บึงสามัคคี","subdistrict":"เทพนิมิต","Tambon":"เทพนิมิต","__subdistrict":"เทพนิมิต","village":"บ้านดงยาง","BaanN":"บ้านดงยาง","__village":"บ้านดงยาง","land_type":"พื้นที่เกษตร","LandType":"พื้นที่เกษตร","plant_type":"อ้อย","PlantType":"อ้อย","crop_type":"อ้อย","crop_type_raw":"อ้อย","__crop":"อ้อย","__plant_type":"อ้อย","confidence":47,"Q":"47","source":"NASA FIRMS Email Alert - Suomi NPP VIIRS","source_file":"2569-7-20 รวม 67-69 เขต 6.xlsx","filter_rule":"Province=กำแพงเพชร; LandType=พื้นที่เกษตร; PlantType normalized to allowed groups","month":5,"month_key":"2567-05","day_key":"2024-05-19","TambonN":"ระหาน","AmphoeN":"บึงสามัคคี","ProvinceN":"กำแพงเพชร","Maps":"http://maps.google.com/maps?q=16.20107,99.93176"}}]}