{"type":"FeatureCollection","name":"hotspot_2566_filtered_kamphaeng_phet_agri","features":[{"type":"Feature","properties":{"hs_id":"VI1202301040650urgxbrcpuz","hsID":"VI1202301040650urgxbrcpuz","acq_date":"2023-01-04","Date":"2023-01-04","acq_time":"1350","year_be":2566,"season_be":2566,"dataset_year_be":2566,"province":"กำแพงเพชร","Province":"กำแพงเพชร","__province":"กำแพงเพชร","district":"คลองขลุง","Amphoe":"คลองขลุง","__district":"คลองขลุง","subdistrict":"วังแขม","Tambon":"วังแขม","__subdistrict":"วังแขม","village":"บ้านคลองไสยา","BaanN":"บ้านคลองไสยา","__village":"บ้านคลองไสยา","land_type":"พื้นที่เกษตร","LandType":"พื้นที่เกษตร","plant_type":"นาข้าว","PlantType":"นาข้าว","crop_type":"นาข้าว","crop_type_raw":"นาข้าว","__crop":"นาข้าว","__plant_type":"นาข้าว","confidence":"nominal","source":"NASA FIRMS VIIRS","source_file":"HOTSPOT Viirs 1 ม.ค - 31 พ.ค 66 (รวม).xlsx","filter_rule":"Province=กำแพงเพชร; LandType=พื้นที่เกษตร; PlantType in allowed list; hierarchy uses Province→Amphoe→Tambon→BaanN from source table","latitude":16.18444,"longitude":99.84203,"month":1,"day":4,"responsibility_code":"5","landuse_code":"A101","utm_zone":"47","utm_e":"590009.76","utm_n":"1789521.638"},"geometry":{"type":"Point","coordinates":[99.84203,16.18444]}},{"type":"Feature","properties":{"hs_id":"VI1202301040650urgxbrgzcp","hsID":"VI1202301040650urgxbrgzcp","acq_date":"2023-01-04","Date":"2023-01-04","acq_time":"1350","year_be":2566,"season_be":2566,"dataset_year_be":2566,"province":"กำแพงเพชร","Province":"กำแพงเพชร","__province":"กำแพงเพชร","district":"คลองขลุง","Amphoe":"คลองขลุง","__district":"คลองขลุง","subdistrict":"วังแขม","Tambon":"วังแขม","__subdistrict":"วังแขม","village":"บ้านคลองไสยา","BaanN":"บ้านคลองไสยา","__village":"บ้านคลองไสยา","land_type":"พื้นที่เกษตร","LandType":"พื้นที่เกษตร","plant_type":"นาข้าว","PlantType":"นาข้าว","crop_type":"นาข้าว","crop_type_raw":"นาข้าว","__crop":"นาข้าว","__plant_type":"นาข้าว","confidence":"nominal","source":"NASA FIRMS VIIRS","source_file":"HOTSPOT Viirs 1 ม.ค - 31 พ.ค 66 (รวม).xlsx","filter_rule":"Province=กำแพงเพชร; LandType=พื้นที่เกษตร; PlantType in allowed list; hierarchy uses Province→Amphoe→Tambon→BaanN from source table","latitude":16.18806,"longitude":99.8415,"month":1,"day":4,"responsibility_code":"5","landuse_code":"A101","utm_zone":"47","utm_e":"589951.462","utm_n":"1789921.874"},"geometry":{"type":"Point","coordinates":[99.8415,16.18806]}},{"type":"Feature","properties":{"hs_id":"VI1202301050629urgxzxbrgz","hsID":"VI1202301050629urgxzxbrgz","acq_date":"2023-01-05","Date":"2023-01-05","acq_time":"1329","year_be":2566,"season_be":2566,"dataset_year_be":2566,"province":"กำแพงเพชร","Province":"กำแพงเพชร","__province":"กำแพงเพชร","district":"เมืองกำแพงเพชร","Amphoe":"เมืองกำแพงเพชร","__district":"เมืองกำแพงเพชร","subdistrict":"สระแก้ว","Tambon":"สระแก้ว","__subdistrict":"สระแก้ว","village":"บ้านดอนมะโกรก","BaanN":"บ้านดอนมะโกรก","__village":"บ้านดอนมะโกรก","land_type":"พื้นที่เกษตร","LandType":"พื้นที่เกษตร","plant_type":"อ้อย","PlantType":"อ้อย","crop_type":"อ้อย","crop_type_raw":"อ้อย","__crop":"อ้อย","__plant_type":"อ้อย","confidence":"nominal","source":"NASA FIRMS VIIRS","source_file":"HOTSPOT Viirs 1 ม.ค - 31 พ.ค 66 (รวม).xlsx","filter_rule":"Province=กำแพงเพชร; LandType=พื้นที่เกษตร; PlantType in allowed list; hierarchy uses Province→Amphoe→Tambon→BaanN from source table","latitude":16.50197,"longitude":99.55461,"month":1,"day":5,"responsibility_code":"5","landuse_code":"A203","utm_zone":"47","utm_e":"559188.964","utm_n":"1824543.179"},"geometry":{"type":"Point","coordinates":[99.55461,16.50197]}},{"type":"Feature","properties":{"hs_id":"VI1202301060612urgxcruxcp","hsID":"VI1202301060612urgxcruxcp","acq_date":"2023-01-06","Date":"2023-01-06","acq_time":"1312","year_be":2566,"season_be":2566,"dataset_year_be":2566,"province":"กำแพงเพชร","Province":"กำแพงเพชร","__province":"กำแพงเพชร","district":"คลองขลุง","Amphoe":"คลองขลุง","__district":"คลองขลุง","subdistrict":"ท่ามะเขือ","Tambon":"ท่ามะเขือ","__subdistrict":"ท่ามะเขือ","village":"บ้านคลองตะลุง","BaanN":"บ้านคลองตะลุง","__village":"บ้านคลองตะลุง","land_type":"พื้นที่เกษตร","LandType":"พื้นที่เกษตร","plant_type":"นาข้าว","PlantType":"นาข้าว","crop_type":"นาข้าว","crop_type_raw":"นาข้าว","__crop":"นาข้าว","__plant_type":"นาข้าว","confidence":"nominal","source":"NASA FIRMS VIIRS","source_file":"HOTSPOT Viirs 1 ม.ค - 31 พ.ค 66 (รวม).xlsx","filter_rule":"Province=กำแพงเพชร; LandType=พื้นที่เกษตร; PlantType in allowed list; hierarchy uses Province→Amphoe→Tambon→BaanN from source table","latitude":16.23304,"longitude":99.7855,"month":1,"day":6,"responsibility_code":"5","landuse_code":"A101","utm_zone":"47","utm_e":"583946.012","utm_n":"1794874.108"},"geometry":{"type":"Point","coordinates":[99.7855,16.23304]}},{"type":"Feature","properties":{"hs_id":"VI1202301051902urgxgrvpfr","hsID":"VI1202301051902urgxgrvpfr","acq_date":"2023-01-06","Date":"2023-01-06","acq_time":"202","year_be":2566,"season_be":2566,"dataset_year_be":2566,"province":"กำแพงเพชร","Province":"กำแพงเพชร","__province":"กำแพงเพชร","district":"เมืองกำแพงเพชร","Amphoe":"เมืองกำแพงเพชร","__district":"เมืองกำแพงเพชร","subdistrict":"ธำมรงค์","Tambon":"ธำมรงค์","__subdistrict":"ธำมรงค์","village":"บ้านคลองสุวรรณ","BaanN":"บ้านคลองสุวรรณ","__village":"บ้านคลองสุวรรณ","land_type":"พื้นที่เกษตร","LandType":"พื้นที่เกษตร","plant_type":"นาข้าว","PlantType":"นาข้าว","crop_type":"นาข้าว","crop_type_raw":"นาข้าว","__crop":"นาข้าว","__plant_type":"นาข้าว","confidence":"nominal","source":"NASA FIRMS VIIRS","source_file":"HOTSPOT Viirs 1 ม.ค - 31 พ.ค 66 (รวม).xlsx","filter_rule":"Province=กำแพงเพชร; LandType=พื้นที่เกษตร; PlantType in allowed list; hierarchy uses Province→Amphoe→Tambon→BaanN from source table","latitude":16.32167,"longitude":99.65094,"month":1,"day":6,"responsibility_code":"5","landuse_code":"A101","utm_zone":"47","utm_e":"569533.846","utm_n":"1804628.26"},"geometry":{"type":"Point","coordinates":[99.65094,16.32167]}},{"type":"Feature","properties":{"hs_id":"VI1202301051902urgxgrzxbx","hsID":"VI1202301051902urgxgrzxbx","acq_date":"2023-01-06","Date":"2023-01-06","acq_time":"202","year_be":2566,"season_be":2566,"dataset_year_be":2566,"province":"กำแพงเพชร","Province":"กำแพงเพชร","__province":"กำแพงเพชร","district":"เมืองกำแพงเพชร","Amphoe":"เมืองกำแพงเพชร","__district":"เมืองกำแพงเพชร","subdistrict":"ธำมรงค์","Tambon":"ธำมรงค์","__subdistrict":"ธำมรงค์","village":"บ้านเกาะธำมรงค์","BaanN":"บ้านเกาะธำมรงค์","__village":"บ้านเกาะธำมรงค์","land_type":"พื้นที่เกษตร","LandType":"พื้นที่เกษตร","plant_type":"นาข้าว","PlantType":"นาข้าว","crop_type":"นาข้าว","crop_type_raw":"นาข้าว","__crop":"นาข้าว","__plant_type":"นาข้าว","confidence":"nominal","source":"NASA FIRMS VIIRS","source_file":"HOTSPOT Viirs 1 ม.ค - 31 พ.ค 66 (รวม).xlsx","filter_rule":"Province=กำแพงเพชร; LandType=พื้นที่เกษตร; PlantType in allowed list; hierarchy uses Province→Amphoe→Tambon→BaanN from source table","latitude":16.32502,"longitude":99.65153,"month":1,"day":6,"responsibility_code":"5","landuse_code":"A101","utm_zone":"47","utm_e":"569595.688","utm_n":"1804999.051"},"geometry":{"type":"Point","coordinates":[99.65153,16.32502]}},{"type":"Feature","properties":{"hs_id":"VI1202301060612urgzczvpzr","hsID":"VI1202301060612urgzczvpzr","acq_date":"2023-01-06","Date":"2023-01-06","acq_time":"1312","year_be":2566,"season_be":2566,"dataset_year_be":2566,"province":"กำแพงเพชร","Province":"กำแพงเพชร","__province":"กำแพงเพชร","district":"พรานกระต่าย","Amphoe":"พรานกระต่าย","__district":"พรานกระต่าย","subdistrict":"เขาคีริส","Tambon":"เขาคีริส","__subdistrict":"เขาคีริส","village":"บ้านดอนขมิ้น","BaanN":"บ้านดอนขมิ้น","__village":"บ้านดอนขมิ้น","land_type":"พื้นที่เกษตร","LandType":"พื้นที่เกษตร","plant_type":"นาข้าว","PlantType":"นาข้าว","crop_type":"นาข้าว","crop_type_raw":"นาข้าว","__crop":"นาข้าว","__plant_type":"นาข้าว","confidence":"nominal","source":"NASA FIRMS VIIRS","source_file":"HOTSPOT Viirs 1 ม.ค - 31 พ.ค 66 (รวม).xlsx","filter_rule":"Province=กำแพงเพชร; LandType=พื้นที่เกษตร; PlantType in allowed list; hierarchy uses Province→Amphoe→Tambon→BaanN from source table","latitude":16.60752,"longitude":99.63181,"month":1,"day":6,"responsibility_code":"5","landuse_code":"A101","utm_zone":"47","utm_e":"567391.461","utm_n":"1836243.972"},"geometry":{"type":"Point","coordinates":[99.63181,16.60752]}},{"type":"Feature","properties":{"hs_id":"VI1202301070554urgzczvrcp","hsID":"VI1202301070554urgzczvrcp","acq_date":"2023-01-07","Date":"2023-01-07","acq_time":"1254","year_be":2566,"season_be":2566,"dataset_year_be":2566,"province":"กำแพงเพชร","Province":"กำแพงเพชร","__province":"กำแพงเพชร","district":"พรานกระต่าย","Amphoe":"พรานกระต่าย","__district":"พรานกระต่าย","subdistrict":"เขาคีริส","Tambon":"เขาคีริส","__subdistrict":"เขาคีริส","village":"บ้านคุยป่ายาง","BaanN":"บ้านคุยป่ายาง","__village":"บ้านคุยป่ายาง","land_type":"พื้นที่เกษตร","LandType":"พื้นที่เกษตร","plant_type":"นาข้าว","PlantType":"นาข้าว","crop_type":"นาข้าว","crop_type_raw":"นาข้าว","__crop":"นาข้าว","__plant_type":"นาข้าว","confidence":"nominal","source":"NASA FIRMS VIIRS","source_file":"HOTSPOT Viirs 1 ม.ค - 31 พ.ค 66 (รวม).xlsx","filter_rule":"Province=กำแพงเพชร; LandType=พื้นที่เกษตร; PlantType in allowed list; hierarchy uses Province→Amphoe→Tambon→BaanN from source table","latitude":16.6076,"longitude":99.6567,"month":1,"day":7,"responsibility_code":"5","landuse_code":"A101","utm_zone":"47","utm_e":"570046.398","utm_n":"1836261.355"},"geometry":{"type":"Point","coordinates":[99.6567,16.6076]}},{"type":"Feature","properties":{"hs_id":"VI1202301090656urgxcpyzbz","hsID":"VI1202301090656urgxcpyzbz","acq_date":"2023-01-09","Date":"2023-01-09","acq_time":"1356","year_be":2566,"season_be":2566,"dataset_year_be":2566,"province":"กำแพงเพชร","Province":"กำแพงเพชร","__province":"กำแพงเพชร","district":"บึงสามัคคี","Amphoe":"บึงสามัคคี","__district":"บึงสามัคคี","subdistrict":"วังชะโอน","Tambon":"วังชะโอน","__subdistrict":"วังชะโอน","village":"บ้านวังชะโอนน้อย","BaanN":"บ้านวังชะโอนน้อย","__village":"บ้านวังชะโอนน้อย","land_type":"พื้นที่เกษตร","LandType":"พื้นที่เกษตร","plant_type":"นาข้าว","PlantType":"นาข้าว","crop_type":"นาข้าว","crop_type_raw":"นาข้าว","__crop":"นาข้าว","__plant_type":"นาข้าว","confidence":"nominal","source":"NASA FIRMS VIIRS","source_file":"HOTSPOT Viirs 1 ม.ค - 31 พ.ค 66 (รวม).xlsx","filter_rule":"Province=กำแพงเพชร; LandType=พื้นที่เกษตร; PlantType in allowed list; hierarchy uses Province→Amphoe→Tambon→BaanN from source table","latitude":16.22513,"longitude":99.90581,"month":1,"day":9,"responsibility_code":"5","landuse_code":"A101","utm_zone":"47","utm_e":"596808.2","utm_n":"1794052.093"},"geometry":{"type":"Point","coordinates":[99.90581,16.22513]}},{"type":"Feature","properties":{"hs_id":"VI1202301110618urgrzzvpuz","hsID":"VI1202301110618urgrzzvpuz","acq_date":"2023-01-11","Date":"2023-01-11","acq_time":"1318","year_be":2566,"season_be":2566,"dataset_year_be":2566,"province":"กำแพงเพชร","Province":"กำแพงเพชร","__province":"กำแพงเพชร","district":"คลองขลุง","Amphoe":"คลองขลุง","__district":"คลองขลุง","subdistrict":"แม่ลาด","Tambon":"แม่ลาด","__subdistrict":"แม่ลาด","village":"บ้านเกาะแตง","BaanN":"บ้านเกาะแตง","__village":"บ้านเกาะแตง","land_type":"พื้นที่เกษตร","LandType":"พื้นที่เกษตร","plant_type":"นาข้าว","PlantType":"นาข้าว","crop_type":"นาข้าว","crop_type_raw":"นาข้าว","__crop":"นาข้าว","__plant_type":"นาข้าว","confidence":"nominal","source":"NASA FIRMS VIIRS","source_file":"HOTSPOT Viirs 1 ม.ค - 31 พ.ค 66 (รวม).xlsx","filter_rule":"Province=กำแพงเพชร; LandType=พื้นที่เกษตร; PlantType in allowed list; hierarchy uses Province→Amphoe→Tambon→BaanN from source table","latitude":16.16796,"longitude":99.77407,"month":1,"day":11,"responsibility_code":"5","landuse_code":"A101","utm_zone":"47","utm_e":"582751.568","utm_n":"1787669.98"},"geometry":{"type":"Point","coordinates":[99.77407,16.16796]}},{"type":"Feature","properties":{"hs_id":"VI1202301130722urgxfrbpvz","hsID":"VI1202301130722urgxfrbpvz","acq_date":"2023-01-13","Date":"2023-01-13","acq_time":"1422","year_be":2566,"season_be":2566,"dataset_year_be":2566,"province":"กำแพงเพชร","Province":"กำแพงเพชร","__province":"กำแพงเพชร","district":"คลองขลุง","Amphoe":"คลองขลุง","__district":"คลองขลุง","subdistrict":"ท่ามะเขือ","Tambon":"ท่ามะเขือ","__subdistrict":"ท่ามะเขือ","village":"บ้านโนนมะกอก","BaanN":"บ้านโนนมะกอก","__village":"บ้านโนนมะกอก","land_type":"พื้นที่เกษตร","LandType":"พื้นที่เกษตร","plant_type":"เกษตรอื่น ๆ","PlantType":"เกษตรอื่น ๆ","crop_type":"เกษตรอื่น ๆ","crop_type_raw":"เกษตรอื่น ๆ","__crop":"เกษตรอื่น ๆ","__plant_type":"เกษตรอื่น ๆ","confidence":"nominal","source":"NASA FIRMS VIIRS","source_file":"HOTSPOT Viirs 1 ม.ค - 31 พ.ค 66 (รวม).xlsx","filter_rule":"Province=กำแพงเพชร; LandType=พื้นที่เกษตร; PlantType in allowed list; hierarchy uses Province→Amphoe→Tambon→BaanN from source table","latitude":16.271,"longitude":99.72811,"month":1,"day":13,"responsibility_code":"5","landuse_code":"A999","utm_zone":"47","utm_e":"577797.542","utm_n":"1799050.77"},"geometry":{"type":"Point","coordinates":[99.72811,16.271]}},{"type":"Feature","properties":{"hs_id":"VI1202301140701urgrvxzrcr","hsID":"VI1202301140701urgrvxzrcr","acq_date":"2023-01-14","Date":"2023-01-14","acq_time":"1401","year_be":2566,"season_be":2566,"dataset_year_be":2566,"province":"กำแพงเพชร","Province":"กำแพงเพชร","__province":"กำแพงเพชร","district":"ขาณุวรลักษบุรี","Amphoe":"ขาณุวรลักษบุรี","__district":"ขาณุวรลักษบุรี","subdistrict":"ป่าพุทรา","Tambon":"ป่าพุทรา","__subdistrict":"ป่าพุทรา","village":"บ้านวังเรียง","BaanN":"บ้านวังเรียง","__village":"บ้านวังเรียง","land_type":"พื้นที่เกษตร","LandType":"พื้นที่เกษตร","plant_type":"อ้อย","PlantType":"อ้อย","crop_type":"อ้อย","crop_type_raw":"อ้อย","__crop":"อ้อย","__plant_type":"อ้อย","confidence":"nominal","source":"NASA FIRMS VIIRS","source_file":"HOTSPOT Viirs 1 ม.ค - 31 พ.ค 66 (รวม).xlsx","filter_rule":"Province=กำแพงเพชร; LandType=พื้นที่เกษตร; PlantType in allowed list; hierarchy uses Province→Amphoe→Tambon→BaanN from source table","latitude":16.07203,"longitude":99.92023,"month":1,"day":14,"responsibility_code":"5","landuse_code":"A203","utm_zone":"47","utm_e":"598425.111","utm_n":"1777121.793"},"geometry":{"type":"Point","coordinates":[99.92023,16.07203]}},{"type":"Feature","properties":{"hs_id":"VI1202301150644urgrzrvzfx","hsID":"VI1202301150644urgrzrvzfx","acq_date":"2023-01-15","Date":"2023-01-15","acq_time":"1344","year_be":2566,"season_be":2566,"dataset_year_be":2566,"province":"กำแพงเพชร","Province":"กำแพงเพชร","__province":"กำแพงเพชร","district":"คลองขลุง","Amphoe":"คลองขลุง","__district":"คลองขลุง","subdistrict":"คลองขลุง","Tambon":"คลองขลุง","__subdistrict":"คลองขลุง","village":"บ้านโค้งวิไล","BaanN":"บ้านโค้งวิไล","__village":"บ้านโค้งวิไล","land_type":"พื้นที่เกษตร","LandType":"พื้นที่เกษตร","plant_type":"นาข้าว","PlantType":"นาข้าว","crop_type":"นาข้าว","crop_type_raw":"นาข้าว","__crop":"นาข้าว","__plant_type":"นาข้าว","confidence":"low","source":"NASA FIRMS VIIRS","source_file":"HOTSPOT Viirs 1 ม.ค - 31 พ.ค 66 (รวม).xlsx","filter_rule":"Province=กำแพงเพชร; LandType=พื้นที่เกษตร; PlantType in allowed list; hierarchy uses Province→Amphoe→Tambon→BaanN from source table","latitude":16.14693,"longitude":99.70773,"month":1,"day":15,"responsibility_code":"5","landuse_code":"A101","utm_zone":"47","utm_e":"575667.199","utm_n":"1785318.034"},"geometry":{"type":"Point","coordinates":[99.70773,16.14693]}},{"type":"Feature","properties":{"hs_id":"VI1202301150644urgrzxbxgr","hsID":"VI1202301150644urgrzxbxgr","acq_date":"2023-01-15","Date":"2023-01-15","acq_time":"1344","year_be":2566,"season_be":2566,"dataset_year_be":2566,"province":"กำแพงเพชร","Province":"กำแพงเพชร","__province":"กำแพงเพชร","district":"คลองขลุง","Amphoe":"คลองขลุง","__district":"คลองขลุง","subdistrict":"คลองขลุง","Tambon":"คลองขลุง","__subdistrict":"คลองขลุง","village":"บ้านเกาะกลาง","BaanN":"บ้านเกาะกลาง","__village":"บ้านเกาะกลาง","land_type":"พื้นที่เกษตร","LandType":"พื้นที่เกษตร","plant_type":"นาข้าว","PlantType":"นาข้าว","crop_type":"นาข้าว","crop_type_raw":"นาข้าว","__crop":"นาข้าว","__plant_type":"นาข้าว","confidence":"nominal","source":"NASA FIRMS VIIRS","source_file":"HOTSPOT Viirs 1 ม.ค - 31 พ.ค 66 (รวม).xlsx","filter_rule":"Province=กำแพงเพชร; LandType=พื้นที่เกษตร; PlantType in allowed list; hierarchy uses Province→Amphoe→Tambon→BaanN from source table","latitude":16.15073,"longitude":99.73395,"month":1,"day":15,"responsibility_code":"5","landuse_code":"A101","utm_zone":"47","utm_e":"578469.15","utm_n":"1785748.214"},"geometry":{"type":"Point","coordinates":[99.73395,16.15073]}},{"type":"Feature","properties":{"hs_id":"VI1202301150644urgxbxgzzx","hsID":"VI1202301150644urgxbxgzzx","acq_date":"2023-01-15","Date":"2023-01-15","acq_time":"1344","year_be":2566,"season_be":2566,"dataset_year_be":2566,"province":"กำแพงเพชร","Province":"กำแพงเพชร","__province":"กำแพงเพชร","district":"บึงสามัคคี","Amphoe":"บึงสามัคคี","__district":"บึงสามัคคี","subdistrict":"เทพนิมิต","Tambon":"เทพนิมิต","__subdistrict":"เทพนิมิต","village":"บ้านใหม่เจริญสุข","BaanN":"บ้านใหม่เจริญสุข","__village":"บ้านใหม่เจริญสุข","land_type":"พื้นที่เกษตร","LandType":"พื้นที่เกษตร","plant_type":"นาข้าว","PlantType":"นาข้าว","crop_type":"นาข้าว","crop_type_raw":"นาข้าว","__crop":"นาข้าว","__plant_type":"นาข้าว","confidence":"nominal","source":"NASA FIRMS VIIRS","source_file":"HOTSPOT Viirs 1 ม.ค - 31 พ.ค 66 (รวม).xlsx","filter_rule":"Province=กำแพงเพชร; LandType=พื้นที่เกษตร; PlantType in allowed list; hierarchy uses Province→Amphoe→Tambon→BaanN from source table","latitude":16.19932,"longitude":99.9503,"month":1,"day":15,"responsibility_code":"5","landuse_code":"A101","utm_zone":"47","utm_e":"601576.642","utm_n":"1791218.267"},"geometry":{"type":"Point","coordinates":[99.9503,16.19932]}},{"type":"Feature","properties":{"hs_id":"VI1202301150644urgxbzbxuz","hsID":"VI1202301150644urgxbzbxuz","acq_date":"2023-01-15","Date":"2023-01-15","acq_time":"1344","year_be":2566,"season_be":2566,"dataset_year_be":2566,"province":"กำแพงเพชร","Province":"กำแพงเพชร","__province":"กำแพงเพชร","district":"คลองขลุง","Amphoe":"คลองขลุง","__district":"คลองขลุง","subdistrict":"วังไทร","Tambon":"วังไทร","__subdistrict":"วังไทร","village":"บ้านหนองแห้ว","BaanN":"บ้านหนองแห้ว","__village":"บ้านหนองแห้ว","land_type":"พื้นที่เกษตร","LandType":"พื้นที่เกษตร","plant_type":"อ้อย","PlantType":"อ้อย","crop_type":"อ้อย","crop_type_raw":"อ้อย","__crop":"อ้อย","__plant_type":"อ้อย","confidence":"nominal","source":"NASA FIRMS VIIRS","source_file":"HOTSPOT Viirs 1 ม.ค - 31 พ.ค 66 (รวม).xlsx","filter_rule":"Province=กำแพงเพชร; LandType=พื้นที่เกษตร; PlantType in allowed list; hierarchy uses Province→Amphoe→Tambon→BaanN from source table","latitude":16.20573,"longitude":99.66037,"month":1,"day":15,"responsibility_code":"5","landuse_code":"A203","utm_zone":"47","utm_e":"570582.604","utm_n":"1791805.824"},"geometry":{"type":"Point","coordinates":[99.66037,16.20573]}},{"type":"Feature","properties":{"hs_id":"VI1202301150644urgxbzcpcx","hsID":"VI1202301150644urgxbzcpcx","acq_date":"2023-01-15","Date":"2023-01-15","acq_time":"1344","year_be":2566,"season_be":2566,"dataset_year_be":2566,"province":"กำแพงเพชร","Province":"กำแพงเพชร","__province":"กำแพงเพชร","district":"คลองขลุง","Amphoe":"คลองขลุง","__district":"คลองขลุง","subdistrict":"วังไทร","Tambon":"วังไทร","__subdistrict":"วังไทร","village":"บ้านทุ่งมน","BaanN":"บ้านทุ่งมน","__village":"บ้านทุ่งมน","land_type":"พื้นที่เกษตร","LandType":"พื้นที่เกษตร","plant_type":"นาข้าว","PlantType":"นาข้าว","crop_type":"นาข้าว","crop_type_raw":"นาข้าว","__crop":"นาข้าว","__plant_type":"นาข้าว","confidence":"low","source":"NASA FIRMS VIIRS","source_file":"HOTSPOT Viirs 1 ม.ค - 31 พ.ค 66 (รวม).xlsx","filter_rule":"Province=กำแพงเพชร; LandType=พื้นที่เกษตร; PlantType in allowed list; hierarchy uses Province→Amphoe→Tambon→BaanN from source table","latitude":16.20628,"longitude":99.66411,"month":1,"day":15,"responsibility_code":"5","landuse_code":"A101","utm_zone":"47","utm_e":"570982.166","utm_n":"1791867.956"},"geometry":{"type":"Point","coordinates":[99.66411,16.20628]}},{"type":"Feature","properties":{"hs_id":"VI1202301150644urgxfrcpup","hsID":"VI1202301150644urgxfrcpup","acq_date":"2023-01-15","Date":"2023-01-15","acq_time":"1344","year_be":2566,"season_be":2566,"dataset_year_be":2566,"province":"กำแพงเพชร","Province":"กำแพงเพชร","__province":"กำแพงเพชร","district":"คลองขลุง","Amphoe":"คลองขลุง","__district":"คลองขลุง","subdistrict":"ท่ามะเขือ","Tambon":"ท่ามะเขือ","__subdistrict":"ท่ามะเขือ","village":"บ้านโนนมะกอก","BaanN":"บ้านโนนมะกอก","__village":"บ้านโนนมะกอก","land_type":"พื้นที่เกษตร","LandType":"พื้นที่เกษตร","plant_type":"นาข้าว","PlantType":"นาข้าว","crop_type":"นาข้าว","crop_type_raw":"นาข้าว","__crop":"นาข้าว","__plant_type":"นาข้าว","confidence":"nominal","source":"NASA FIRMS VIIRS","source_file":"HOTSPOT Viirs 1 ม.ค - 31 พ.ค 66 (รวม).xlsx","filter_rule":"Province=กำแพงเพชร; LandType=พื้นที่เกษตร; PlantType in allowed list; hierarchy uses Province→Amphoe→Tambon→BaanN from source table","latitude":16.2723,"longitude":99.73045,"month":1,"day":15,"responsibility_code":"5","landuse_code":"A101","utm_zone":"47","utm_e":"578047.066","utm_n":"1799195.474"},"geometry":{"type":"Point","coordinates":[99.73045,16.2723]}},{"type":"Feature","properties":{"hs_id":"VI1202301150644urgzbpfrbz","hsID":"VI1202301150644urgzbpfrbz","acq_date":"2023-01-15","Date":"2023-01-15","acq_time":"1344","year_be":2566,"season_be":2566,"dataset_year_be":2566,"province":"กำแพงเพชร","Province":"กำแพงเพชร","__province":"กำแพงเพชร","district":"เมืองกำแพงเพชร","Amphoe":"เมืองกำแพงเพชร","__district":"เมืองกำแพงเพชร","subdistrict":"สระแก้ว","Tambon":"สระแก้ว","__subdistrict":"สระแก้ว","village":"บ้านลำมะโกรก","BaanN":"บ้านลำมะโกรก","__village":"บ้านลำมะโกรก","land_type":"พื้นที่เกษตร","LandType":"พื้นที่เกษตร","plant_type":"นาข้าว","PlantType":"นาข้าว","crop_type":"นาข้าว","crop_type_raw":"นาข้าว","__crop":"นาข้าว","__plant_type":"นาข้าว","confidence":"low","source":"NASA FIRMS VIIRS","source_file":"HOTSPOT Viirs 1 ม.ค - 31 พ.ค 66 (รวม).xlsx","filter_rule":"Province=กำแพงเพชร; LandType=พื้นที่เกษตร; PlantType in allowed list; hierarchy uses Province→Amphoe→Tambon→BaanN from source table","latitude":16.52657,"longitude":99.55988,"month":1,"day":15,"responsibility_code":"5","landuse_code":"A101","utm_zone":"47","utm_e":"559743.844","utm_n":"1827266.089"},"geometry":{"type":"Point","coordinates":[99.55988,16.52657]}},{"type":"Feature","properties":{"hs_id":"VI1202301141934urgzgrfxbp","hsID":"VI1202301141934urgzgrfxbp","acq_date":"2023-01-15","Date":"2023-01-15","acq_time":"234","year_be":2566,"season_be":2566,"dataset_year_be":2566,"province":"กำแพงเพชร","Province":"กำแพงเพชร","__province":"กำแพงเพชร","district":"โกสัมพีนคร","Amphoe":"โกสัมพีนคร","__district":"โกสัมพีนคร","subdistrict":"โกสัมพี","Tambon":"โกสัมพี","__subdistrict":"โกสัมพี","village":"บ้านมะเดื่อชุมพร","BaanN":"บ้านมะเดื่อชุมพร","__village":"บ้านมะเดื่อชุมพร","land_type":"พื้นที่เกษตร","LandType":"พื้นที่เกษตร","plant_type":"นาข้าว","PlantType":"นาข้าว","crop_type":"นาข้าว","crop_type_raw":"นาข้าว","__crop":"นาข้าว","__plant_type":"นาข้าว","confidence":"nominal","source":"NASA FIRMS VIIRS","source_file":"HOTSPOT Viirs 1 ม.ค - 31 พ.ค 66 (รวม).xlsx","filter_rule":"Province=กำแพงเพชร; LandType=พื้นที่เกษตร; PlantType in allowed list; hierarchy uses Province→Amphoe→Tambon→BaanN from source table","latitude":16.6697,"longitude":99.31152,"month":1,"day":15,"responsibility_code":"5","landuse_code":"A101","utm_zone":"47","utm_e":"533216.87","utm_n":"1843042.093"},"geometry":{"type":"Point","coordinates":[99.31152,16.6697]}},{"type":"Feature","properties":{"hs_id":"VI1202301150644urgzgxypvp","hsID":"VI1202301150644urgzgxypvp","acq_date":"2023-01-15","Date":"2023-01-15","acq_time":"1344","year_be":2566,"season_be":2566,"dataset_year_be":2566,"province":"กำแพงเพชร","Province":"กำแพงเพชร","__province":"กำแพงเพชร","district":"พรานกระต่าย","Amphoe":"พรานกระต่าย","__district":"พรานกระต่าย","subdistrict":"วังตะแบก","Tambon":"วังตะแบก","__subdistrict":"วังตะแบก","village":"บ้านดงชะอม","BaanN":"บ้านดงชะอม","__village":"บ้านดงชะอม","land_type":"พื้นที่เกษตร","LandType":"พื้นที่เกษตร","plant_type":"นาข้าว","PlantType":"นาข้าว","crop_type":"นาข้าว","crop_type_raw":"นาข้าว","__crop":"นาข้าว","__plant_type":"นาข้าว","confidence":"low","source":"NASA FIRMS VIIRS","source_file":"HOTSPOT Viirs 1 ม.ค - 31 พ.ค 66 (รวม).xlsx","filter_rule":"Province=กำแพงเพชร; LandType=พื้นที่เกษตร; PlantType in allowed list; hierarchy uses Province→Amphoe→Tambon→BaanN from source table","latitude":16.68571,"longitude":99.69711,"month":1,"day":15,"responsibility_code":"5","landuse_code":"A101","utm_zone":"47","utm_e":"574326.754","utm_n":"1844917.071"},"geometry":{"type":"Point","coordinates":[99.69711,16.68571]}},{"type":"Feature","properties":{"hs_id":"VI1202301160624urgxcrbzfx","hsID":"VI1202301160624urgxcrbzfx","acq_date":"2023-01-16","Date":"2023-01-16","acq_time":"1324","year_be":2566,"season_be":2566,"dataset_year_be":2566,"province":"กำแพงเพชร","Province":"กำแพงเพชร","__province":"กำแพงเพชร","district":"คลองขลุง","Amphoe":"คลองขลุง","__district":"คลองขลุง","subdistrict":"วังแขม","Tambon":"วังแขม","__subdistrict":"วังแขม","village":"บ้านบ่อทอง","BaanN":"บ้านบ่อทอง","__village":"บ้านบ่อทอง","land_type":"พื้นที่เกษตร","LandType":"พื้นที่เกษตร","plant_type":"อ้อย","PlantType":"อ้อย","crop_type":"อ้อย","crop_type_raw":"อ้อย","__crop":"อ้อย","__plant_type":"อ้อย","confidence":"nominal","source":"NASA FIRMS VIIRS","source_file":"HOTSPOT Viirs 1 ม.ค - 31 พ.ค 66 (รวม).xlsx","filter_rule":"Province=กำแพงเพชร; LandType=พื้นที่เกษตร; PlantType in allowed list; hierarchy uses Province→Amphoe→Tambon→BaanN from source table","latitude":16.22795,"longitude":99.85605,"month":1,"day":16,"responsibility_code":"5","landuse_code":"A203","utm_zone":"47","utm_e":"591488.465","utm_n":"1794341.212"},"geometry":{"type":"Point","coordinates":[99.85605,16.22795]}},{"type":"Feature","properties":{"hs_id":"VI1202301170605urgxbpfpvx","hsID":"VI1202301170605urgxbpfpvx","acq_date":"2023-01-17","Date":"2023-01-17","acq_time":"1305","year_be":2566,"season_be":2566,"dataset_year_be":2566,"province":"กำแพงเพชร","Province":"กำแพงเพชร","__province":"กำแพงเพชร","district":"คลองขลุง","Amphoe":"คลองขลุง","__district":"คลองขลุง","subdistrict":"วังแขม","Tambon":"วังแขม","__subdistrict":"วังแขม","village":"บ้านบึงเสือเต้น","BaanN":"บ้านบึงเสือเต้น","__village":"บ้านบึงเสือเต้น","land_type":"พื้นที่เกษตร","LandType":"พื้นที่เกษตร","plant_type":"อ้อย","PlantType":"อ้อย","crop_type":"อ้อย","crop_type_raw":"อ้อย","__crop":"อ้อย","__plant_type":"อ้อย","confidence":"nominal","source":"NASA FIRMS VIIRS","source_file":"HOTSPOT Viirs 1 ม.ค - 31 พ.ค 66 (รวม).xlsx","filter_rule":"Province=กำแพงเพชร; LandType=พื้นที่เกษตร; PlantType in allowed list; hierarchy uses Province→Amphoe→Tambon→BaanN from source table","latitude":16.17486,"longitude":99.87106,"month":1,"day":17,"responsibility_code":"5","landuse_code":"A203","utm_zone":"47","utm_e":"593117.645","utm_n":"1788474.762"},"geometry":{"type":"Point","coordinates":[99.87106,16.17486]}},{"type":"Feature","properties":{"hs_id":"VI1202301170605urgxbpfrcp","hsID":"VI1202301170605urgxbpfrcp","acq_date":"2023-01-17","Date":"2023-01-17","acq_time":"1305","year_be":2566,"season_be":2566,"dataset_year_be":2566,"province":"กำแพงเพชร","Province":"กำแพงเพชร","__province":"กำแพงเพชร","district":"คลองขลุง","Amphoe":"คลองขลุง","__district":"คลองขลุง","subdistrict":"วังแขม","Tambon":"วังแขม","__subdistrict":"วังแขม","village":"บ้านวังเจ้า","BaanN":"บ้านวังเจ้า","__village":"บ้านวังเจ้า","land_type":"พื้นที่เกษตร","LandType":"พื้นที่เกษตร","plant_type":"อ้อย","PlantType":"อ้อย","crop_type":"อ้อย","crop_type_raw":"อ้อย","__crop":"อ้อย","__plant_type":"อ้อย","confidence":"nominal","source":"NASA FIRMS VIIRS","source_file":"HOTSPOT Viirs 1 ม.ค - 31 พ.ค 66 (รวม).xlsx","filter_rule":"Province=กำแพงเพชร; LandType=พื้นที่เกษตร; PlantType in allowed list; hierarchy uses Province→Amphoe→Tambon→BaanN from source table","latitude":16.17501,"longitude":99.87366,"month":1,"day":17,"responsibility_code":"5","landuse_code":"A203","utm_zone":"47","utm_e":"593395.537","utm_n":"1788492.535"},"geometry":{"type":"Point","coordinates":[99.87366,16.17501]}},{"type":"Feature","properties":{"hs_id":"VI1202301171838urgxyxuzcp","hsID":"VI1202301171838urgxyxuzcp","acq_date":"2023-01-18","Date":"2023-01-18","acq_time":"138","year_be":2566,"season_be":2566,"dataset_year_be":2566,"province":"กำแพงเพชร","Province":"กำแพงเพชร","__province":"กำแพงเพชร","district":"เมืองกำแพงเพชร","Amphoe":"เมืองกำแพงเพชร","__district":"เมืองกำแพงเพชร","subdistrict":"เทพนคร","Tambon":"เทพนคร","__subdistrict":"เทพนคร","village":"บ้านกิโลสาม","BaanN":"บ้านกิโลสาม","__village":"บ้านกิโลสาม","land_type":"พื้นที่เกษตร","LandType":"พื้นที่เกษตร","plant_type":"เกษตรอื่น ๆ","PlantType":"เกษตรอื่น ๆ","crop_type":"เกษตรอื่น ๆ","crop_type_raw":"เกษตรอื่น ๆ","__crop":"เกษตรอื่น ๆ","__plant_type":"เกษตรอื่น ๆ","confidence":"nominal","source":"NASA FIRMS VIIRS","source_file":"HOTSPOT Viirs 1 ม.ค - 31 พ.ค 66 (รวม).xlsx","filter_rule":"Province=กำแพงเพชร; LandType=พื้นที่เกษตร; PlantType in allowed list; hierarchy uses Province→Amphoe→Tambon→BaanN from source table","latitude":16.46409,"longitude":99.56834,"month":1,"day":18,"responsibility_code":"5","landuse_code":"A999","utm_zone":"47","utm_e":"560666.088","utm_n":"1820356.818"},"geometry":{"type":"Point","coordinates":[99.56834,16.46409]}},{"type":"Feature","properties":{"hs_id":"VI1202301190707urgryxbzvr","hsID":"VI1202301190707urgryxbzvr","acq_date":"2023-01-19","Date":"2023-01-19","acq_time":"1407","year_be":2566,"season_be":2566,"dataset_year_be":2566,"province":"กำแพงเพชร","Province":"กำแพงเพชร","__province":"กำแพงเพชร","district":"ขาณุวรลักษบุรี","Amphoe":"ขาณุวรลักษบุรี","__district":"ขาณุวรลักษบุรี","subdistrict":"โค้งไผ่","Tambon":"โค้งไผ่","__subdistrict":"โค้งไผ่","village":"บ้านด่านใหญ่","BaanN":"บ้านด่านใหญ่","__village":"บ้านด่านใหญ่","land_type":"พื้นที่เกษตร","LandType":"พื้นที่เกษตร","plant_type":"เกษตรอื่น ๆ","PlantType":"เกษตรอื่น ๆ","crop_type":"เกษตรอื่น ๆ","crop_type_raw":"เกษตรอื่น ๆ","__crop":"เกษตรอื่น ๆ","__plant_type":"เกษตรอื่น ๆ","confidence":"nominal","source":"NASA FIRMS VIIRS","source_file":"HOTSPOT Viirs 1 ม.ค - 31 พ.ค 66 (รวม).xlsx","filter_rule":"Province=กำแพงเพชร; LandType=พื้นที่เกษตร; PlantType in allowed list; hierarchy uses Province→Amphoe→Tambon→BaanN from source table","latitude":16.10722,"longitude":99.62505,"month":1,"day":19,"responsibility_code":"5","landuse_code":"A999","utm_zone":"47","utm_e":"566840.432","utm_n":"1780896.666"},"geometry":{"type":"Point","coordinates":[99.62505,16.10722]}},{"type":"Feature","properties":{"hs_id":"VI1202301190707urgrzxzxcx","hsID":"VI1202301190707urgrzxzxcx","acq_date":"2023-01-19","Date":"2023-01-19","acq_time":"1407","year_be":2566,"season_be":2566,"dataset_year_be":2566,"province":"กำแพงเพชร","Province":"กำแพงเพชร","__province":"กำแพงเพชร","district":"บึงสามัคคี","Amphoe":"บึงสามัคคี","__district":"บึงสามัคคี","subdistrict":"ระหาน","Tambon":"ระหาน","__subdistrict":"ระหาน","village":"บ้านดงเย็น","BaanN":"บ้านดงเย็น","__village":"บ้านดงเย็น","land_type":"พื้นที่เกษตร","LandType":"พื้นที่เกษตร","plant_type":"นาข้าว","PlantType":"นาข้าว","crop_type":"นาข้าว","crop_type_raw":"นาข้าว","__crop":"นาข้าว","__plant_type":"นาข้าว","confidence":"nominal","source":"NASA FIRMS VIIRS","source_file":"HOTSPOT Viirs 1 ม.ค - 31 พ.ค 66 (รวม).xlsx","filter_rule":"Province=กำแพงเพชร; LandType=พื้นที่เกษตร; PlantType in allowed list; hierarchy uses Province→Amphoe→Tambon→BaanN from source table","latitude":16.16027,"longitude":99.99095,"month":1,"day":19,"responsibility_code":"5","landuse_code":"A101","utm_zone":"47","utm_e":"605942.865","utm_n":"1786918.691"},"geometry":{"type":"Point","coordinates":[99.99095,16.16027]}},{"type":"Feature","properties":{"hs_id":"VI1202301181817urgxyrurgx","hsID":"VI1202301181817urgxyrurgx","acq_date":"2023-01-19","Date":"2023-01-19","acq_time":"117","year_be":2566,"season_be":2566,"dataset_year_be":2566,"province":"กำแพงเพชร","Province":"กำแพงเพชร","__province":"กำแพงเพชร","district":"ไทรงาม","Amphoe":"ไทรงาม","__district":"ไทรงาม","subdistrict":"หนองคล้า","Tambon":"หนองคล้า","__subdistrict":"หนองคล้า","village":"บ้านแม่บัว","BaanN":"บ้านแม่บัว","__village":"บ้านแม่บัว","land_type":"พื้นที่เกษตร","LandType":"พื้นที่เกษตร","plant_type":"เกษตรอื่น ๆ","PlantType":"เกษตรอื่น ๆ","crop_type":"เกษตรอื่น ๆ","crop_type_raw":"เกษตรอื่น ๆ","__crop":"เกษตรอื่น ๆ","__plant_type":"เกษตรอื่น ๆ","confidence":"nominal","source":"NASA FIRMS VIIRS","source_file":"HOTSPOT Viirs 1 ม.ค - 31 พ.ค 66 (รวม).xlsx","filter_rule":"Province=กำแพงเพชร; LandType=พื้นที่เกษตร; PlantType in allowed list; hierarchy uses Province→Amphoe→Tambon→BaanN from source table","latitude":16.45253,"longitude":99.76616,"month":1,"day":19,"responsibility_code":"5","landuse_code":"A999","utm_zone":"47","utm_e":"581787.681","utm_n":"1819147.664"},"geometry":{"type":"Point","coordinates":[99.76616,16.45253]}},{"type":"Feature","properties":{"hs_id":"VI1202301200650urgzfxuxuz","hsID":"VI1202301200650urgzfxuxuz","acq_date":"2023-01-20","Date":"2023-01-20","acq_time":"1350","year_be":2566,"season_be":2566,"dataset_year_be":2566,"province":"กำแพงเพชร","Province":"กำแพงเพชร","__province":"กำแพงเพชร","district":"พรานกระต่าย","Amphoe":"พรานกระต่าย","__district":"พรานกระต่าย","subdistrict":"ถ้ำกระต่ายทอง","Tambon":"ถ้ำกระต่ายทอง","__subdistrict":"ถ้ำกระต่ายทอง","village":"บ้านขอนทองคำ","BaanN":"บ้านขอนทองคำ","__village":"บ้านขอนทองคำ","land_type":"พื้นที่เกษตร","LandType":"พื้นที่เกษตร","plant_type":"นาข้าว","PlantType":"นาข้าว","crop_type":"นาข้าว","crop_type_raw":"นาข้าว","__crop":"นาข้าว","__plant_type":"นาข้าว","confidence":"nominal","source":"NASA FIRMS VIIRS","source_file":"HOTSPOT Viirs 1 ม.ค - 31 พ.ค 66 (รวม).xlsx","filter_rule":"Province=กำแพงเพชร; LandType=พื้นที่เกษตร; PlantType in allowed list; hierarchy uses Province→Amphoe→Tambon→BaanN from source table","latitude":16.63969,"longitude":99.59226,"month":1,"day":20,"responsibility_code":"5","landuse_code":"A101","utm_zone":"47","utm_e":"563162.239","utm_n":"1839789.928"},"geometry":{"type":"Point","coordinates":[99.59226,16.63969]}},{"type":"Feature","properties":{"hs_id":"VI1202301210629urgxbrcrzp","hsID":"VI1202301210629urgxbrcrzp","acq_date":"2023-01-21","Date":"2023-01-21","acq_time":"1329","year_be":2566,"season_be":2566,"dataset_year_be":2566,"province":"กำแพงเพชร","Province":"กำแพงเพชร","__province":"กำแพงเพชร","district":"คลองขลุง","Amphoe":"คลองขลุง","__district":"คลองขลุง","subdistrict":"คลองขลุง","Tambon":"คลองขลุง","__subdistrict":"คลองขลุง","village":"บ้านถนนงาม","BaanN":"บ้านถนนงาม","__village":"บ้านถนนงาม","land_type":"พื้นที่เกษตร","LandType":"พื้นที่เกษตร","plant_type":"นาข้าว","PlantType":"นาข้าว","crop_type":"นาข้าว","crop_type_raw":"นาข้าว","__crop":"นาข้าว","__plant_type":"นาข้าว","confidence":"nominal","source":"NASA FIRMS VIIRS","source_file":"HOTSPOT Viirs 1 ม.ค - 31 พ.ค 66 (รวม).xlsx","filter_rule":"Province=กำแพงเพชร; LandType=พื้นที่เกษตร; PlantType in allowed list; hierarchy uses Province→Amphoe→Tambon→BaanN from source table","latitude":16.18488,"longitude":99.71795,"month":1,"day":21,"responsibility_code":"5","landuse_code":"A101","utm_zone":"47","utm_e":"576745.275","utm_n":"1789519.978"},"geometry":{"type":"Point","coordinates":[99.71795,16.18488]}},{"type":"Feature","properties":{"hs_id":"VI1202301210629urgxbrczvr","hsID":"VI1202301210629urgxbrczvr","acq_date":"2023-01-21","Date":"2023-01-21","acq_time":"1329","year_be":2566,"season_be":2566,"dataset_year_be":2566,"province":"กำแพงเพชร","Province":"กำแพงเพชร","__province":"กำแพงเพชร","district":"คลองขลุง","Amphoe":"คลองขลุง","__district":"คลองขลุง","subdistrict":"คลองขลุง","Tambon":"คลองขลุง","__subdistrict":"คลองขลุง","village":"บ้านถนนงาม","BaanN":"บ้านถนนงาม","__village":"บ้านถนนงาม","land_type":"พื้นที่เกษตร","LandType":"พื้นที่เกษตร","plant_type":"นาข้าว","PlantType":"นาข้าว","crop_type":"นาข้าว","crop_type_raw":"นาข้าว","__crop":"นาข้าว","__plant_type":"นาข้าว","confidence":"nominal","source":"NASA FIRMS VIIRS","source_file":"HOTSPOT Viirs 1 ม.ค - 31 พ.ค 66 (รวม).xlsx","filter_rule":"Province=กำแพงเพชร; LandType=พื้นที่เกษตร; PlantType in allowed list; hierarchy uses Province→Amphoe→Tambon→BaanN from source table","latitude":16.18549,"longitude":99.7217,"month":1,"day":21,"responsibility_code":"5","landuse_code":"A101","utm_zone":"47","utm_e":"577145.913","utm_n":"1789588.863"},"geometry":{"type":"Point","coordinates":[99.7217,16.18549]}},{"type":"Feature","properties":{"hs_id":"VI1202301210629urgxbxvzgr","hsID":"VI1202301210629urgxbxvzgr","acq_date":"2023-01-21","Date":"2023-01-21","acq_time":"1329","year_be":2566,"season_be":2566,"dataset_year_be":2566,"province":"กำแพงเพชร","Province":"กำแพงเพชร","__province":"กำแพงเพชร","district":"บึงสามัคคี","Amphoe":"บึงสามัคคี","__district":"บึงสามัคคี","subdistrict":"เทพนิมิต","Tambon":"เทพนิมิต","__subdistrict":"เทพนิมิต","village":"บ้านโพธิ์เอน","BaanN":"บ้านโพธิ์เอน","__village":"บ้านโพธิ์เอน","land_type":"พื้นที่เกษตร","LandType":"พื้นที่เกษตร","plant_type":"นาข้าว","PlantType":"นาข้าว","crop_type":"นาข้าว","crop_type_raw":"นาข้าว","__crop":"นาข้าว","__plant_type":"นาข้าว","confidence":"nominal","source":"NASA FIRMS VIIRS","source_file":"HOTSPOT Viirs 1 ม.ค - 31 พ.ค 66 (รวม).xlsx","filter_rule":"Province=กำแพงเพชร; LandType=พื้นที่เกษตร; PlantType in allowed list; hierarchy uses Province→Amphoe→Tambon→BaanN from source table","latitude":16.20189,"longitude":99.91854,"month":1,"day":21,"responsibility_code":"5","landuse_code":"A101","utm_zone":"47","utm_e":"598180.324","utm_n":"1791487.135"},"geometry":{"type":"Point","coordinates":[99.91854,16.20189]}},{"type":"Feature","properties":{"hs_id":"VI1202301201921urgzbpuryr","hsID":"VI1202301201921urgzbpuryr","acq_date":"2023-01-21","Date":"2023-01-21","acq_time":"221","year_be":2566,"season_be":2566,"dataset_year_be":2566,"province":"กำแพงเพชร","Province":"กำแพงเพชร","__province":"กำแพงเพชร","district":"เมืองกำแพงเพชร","Amphoe":"เมืองกำแพงเพชร","__district":"เมืองกำแพงเพชร","subdistrict":"สระแก้ว","Tambon":"สระแก้ว","__subdistrict":"สระแก้ว","village":"บ้านห้วยปัก","BaanN":"บ้านห้วยปัก","__village":"บ้านห้วยปัก","land_type":"พื้นที่เกษตร","LandType":"พื้นที่เกษตร","plant_type":"นาข้าว","PlantType":"นาข้าว","crop_type":"นาข้าว","crop_type_raw":"นาข้าว","__crop":"นาข้าว","__plant_type":"นาข้าว","confidence":"nominal","source":"NASA FIRMS VIIRS","source_file":"HOTSPOT Viirs 1 ม.ค - 31 พ.ค 66 (รวม).xlsx","filter_rule":"Province=กำแพงเพชร; LandType=พื้นที่เกษตร; PlantType in allowed list; hierarchy uses Province→Amphoe→Tambon→BaanN from source table","latitude":16.52955,"longitude":99.62294,"month":1,"day":21,"responsibility_code":"5","landuse_code":"A101","utm_zone":"47","utm_e":"566472.062","utm_n":"1827615.512"},"geometry":{"type":"Point","coordinates":[99.62294,16.52955]}},{"type":"Feature","properties":{"hs_id":"VI1202301211902urgxgxzxfp","hsID":"VI1202301211902urgxgxzxfp","acq_date":"2023-01-22","Date":"2023-01-22","acq_time":"202","year_be":2566,"season_be":2566,"dataset_year_be":2566,"province":"กำแพงเพชร","Province":"กำแพงเพชร","__province":"กำแพงเพชร","district":"เมืองกำแพงเพชร","Amphoe":"เมืองกำแพงเพชร","__district":"เมืองกำแพงเพชร","subdistrict":"ไตรตรึงษ์","Tambon":"ไตรตรึงษ์","__subdistrict":"ไตรตรึงษ์","village":"บ้านทุ่งเฉลียว","BaanN":"บ้านทุ่งเฉลียว","__village":"บ้านทุ่งเฉลียว","land_type":"พื้นที่เกษตร","LandType":"พื้นที่เกษตร","plant_type":"นาข้าว","PlantType":"นาข้าว","crop_type":"นาข้าว","crop_type_raw":"นาข้าว","__crop":"นาข้าว","__plant_type":"นาข้าว","confidence":"nominal","source":"NASA FIRMS VIIRS","source_file":"HOTSPOT Viirs 1 ม.ค - 31 พ.ค 66 (รวม).xlsx","filter_rule":"Province=กำแพงเพชร; LandType=พื้นที่เกษตร; PlantType in allowed list; hierarchy uses Province→Amphoe→Tambon→BaanN from source table","latitude":16.33607,"longitude":99.56742,"month":1,"day":22,"responsibility_code":"5","landuse_code":"A101","utm_zone":"47","utm_e":"560607.483","utm_n":"1806194.564"},"geometry":{"type":"Point","coordinates":[99.56742,16.33607]}},{"type":"Feature","properties":{"hs_id":"VI1202301211902urgxgzczzz","hsID":"VI1202301211902urgxgzczzz","acq_date":"2023-01-22","Date":"2023-01-22","acq_time":"202","year_be":2566,"season_be":2566,"dataset_year_be":2566,"province":"กำแพงเพชร","Province":"กำแพงเพชร","__province":"กำแพงเพชร","district":"เมืองกำแพงเพชร","Amphoe":"เมืองกำแพงเพชร","__district":"เมืองกำแพงเพชร","subdistrict":"ไตรตรึงษ์","Tambon":"ไตรตรึงษ์","__subdistrict":"ไตรตรึงษ์","village":"บ้านทุ่งเฉลียว","BaanN":"บ้านทุ่งเฉลียว","__village":"บ้านทุ่งเฉลียว","land_type":"พื้นที่เกษตร","LandType":"พื้นที่เกษตร","plant_type":"นาข้าว","PlantType":"นาข้าว","crop_type":"นาข้าว","crop_type_raw":"นาข้าว","__crop":"นาข้าว","__plant_type":"นาข้าว","confidence":"nominal","source":"NASA FIRMS VIIRS","source_file":"HOTSPOT Viirs 1 ม.ค - 31 พ.ค 66 (รวม).xlsx","filter_rule":"Province=กำแพงเพชร; LandType=พื้นที่เกษตร; PlantType in allowed list; hierarchy uses Province→Amphoe→Tambon→BaanN from source table","latitude":16.33941,"longitude":99.56799,"month":1,"day":22,"responsibility_code":"5","landuse_code":"A101","utm_zone":"47","utm_e":"560667.337","utm_n":"1806564.213"},"geometry":{"type":"Point","coordinates":[99.56799,16.33941]}},{"type":"Feature","properties":{"hs_id":"VI1202301231825urgxzrfxux","hsID":"VI1202301231825urgxzrfxux","acq_date":"2023-01-24","Date":"2023-01-24","acq_time":"125","year_be":2566,"season_be":2566,"dataset_year_be":2566,"province":"กำแพงเพชร","Province":"กำแพงเพชร","__province":"กำแพงเพชร","district":"เมืองกำแพงเพชร","Amphoe":"เมืองกำแพงเพชร","__district":"เมืองกำแพงเพชร","subdistrict":"สระแก้ว","Tambon":"สระแก้ว","__subdistrict":"สระแก้ว","village":"บ้านไร่กิโลสี่","BaanN":"บ้านไร่กิโลสี่","__village":"บ้านไร่กิโลสี่","land_type":"พื้นที่เกษตร","LandType":"พื้นที่เกษตร","plant_type":"อ้อย","PlantType":"อ้อย","crop_type":"อ้อย","crop_type_raw":"อ้อย","__crop":"อ้อย","__plant_type":"อ้อย","confidence":"nominal","source":"NASA FIRMS VIIRS","source_file":"HOTSPOT Viirs 1 ม.ค - 31 พ.ค 66 (รวม).xlsx","filter_rule":"Province=กำแพงเพชร; LandType=พื้นที่เกษตร; PlantType in allowed list; hierarchy uses Province→Amphoe→Tambon→BaanN from source table","latitude":16.49411,"longitude":99.57578,"month":1,"day":24,"responsibility_code":"5","landuse_code":"A203","utm_zone":"47","utm_e":"561450.809","utm_n":"1823680.002"},"geometry":{"type":"Point","coordinates":[99.57578,16.49411]}},{"type":"Feature","properties":{"hs_id":"VI1202301241806urgxvzvrbz","hsID":"VI1202301241806urgxvzvrbz","acq_date":"2023-01-25","Date":"2023-01-25","acq_time":"106","year_be":2566,"season_be":2566,"dataset_year_be":2566,"province":"กำแพงเพชร","Province":"กำแพงเพชร","__province":"กำแพงเพชร","district":"เมืองกำแพงเพชร","Amphoe":"เมืองกำแพงเพชร","__district":"เมืองกำแพงเพชร","subdistrict":"เทพนคร","Tambon":"เทพนคร","__subdistrict":"เทพนคร","village":"บ้านโขมงหัก","BaanN":"บ้านโขมงหัก","__village":"บ้านโขมงหัก","land_type":"พื้นที่เกษตร","LandType":"พื้นที่เกษตร","plant_type":"นาข้าว","PlantType":"นาข้าว","crop_type":"นาข้าว","crop_type_raw":"นาข้าว","__crop":"นาข้าว","__plant_type":"นาข้าว","confidence":"nominal","source":"NASA FIRMS VIIRS","source_file":"HOTSPOT Viirs 1 ม.ค - 31 พ.ค 66 (รวม).xlsx","filter_rule":"Province=กำแพงเพชร; LandType=พื้นที่เกษตร; PlantType in allowed list; hierarchy uses Province→Amphoe→Tambon→BaanN from source table","latitude":16.43181,"longitude":99.55175,"month":1,"day":25,"responsibility_code":"5","landuse_code":"A101","utm_zone":"47","utm_e":"558904.919","utm_n":"1816780.988"},"geometry":{"type":"Point","coordinates":[99.55175,16.43181]}},{"type":"Feature","properties":{"hs_id":"VI1202301260637urgryzvpux","hsID":"VI1202301260637urgryzvpux","acq_date":"2023-01-26","Date":"2023-01-26","acq_time":"1337","year_be":2566,"season_be":2566,"dataset_year_be":2566,"province":"กำแพงเพชร","Province":"กำแพงเพชร","__province":"กำแพงเพชร","district":"คลองขลุง","Amphoe":"คลองขลุง","__district":"คลองขลุง","subdistrict":"คลองขลุง","Tambon":"คลองขลุง","__subdistrict":"คลองขลุง","village":"บ้านหนองงูเห่า","BaanN":"บ้านหนองงูเห่า","__village":"บ้านหนองงูเห่า","land_type":"พื้นที่เกษตร","LandType":"พื้นที่เกษตร","plant_type":"อ้อย","PlantType":"อ้อย","crop_type":"อ้อย","crop_type_raw":"อ้อย","__crop":"อ้อย","__plant_type":"อ้อย","confidence":"nominal","source":"NASA FIRMS VIIRS","source_file":"HOTSPOT Viirs 1 ม.ค - 31 พ.ค 66 (รวม).xlsx","filter_rule":"Province=กำแพงเพชร; LandType=พื้นที่เกษตร; PlantType in allowed list; hierarchy uses Province→Amphoe→Tambon→BaanN from source table","latitude":16.12401,"longitude":99.67319,"month":1,"day":26,"responsibility_code":"5","landuse_code":"A203","utm_zone":"47","utm_e":"571982.474","utm_n":"1782770.194"},"geometry":{"type":"Point","coordinates":[99.67319,16.12401]}},{"type":"Feature","properties":{"hs_id":"VI1202301260637urgxbxzxfr","hsID":"VI1202301260637urgxbxzxfr","acq_date":"2023-01-26","Date":"2023-01-26","acq_time":"1337","year_be":2566,"season_be":2566,"dataset_year_be":2566,"province":"กำแพงเพชร","Province":"กำแพงเพชร","__province":"กำแพงเพชร","district":"คลองขลุง","Amphoe":"คลองขลุง","__district":"คลองขลุง","subdistrict":"วังยาง","Tambon":"วังยาง","__subdistrict":"วังยาง","village":"บ้านหนองโสน","BaanN":"บ้านหนองโสน","__village":"บ้านหนองโสน","land_type":"พื้นที่เกษตร","LandType":"พื้นที่เกษตร","plant_type":"อ้อย","PlantType":"อ้อย","crop_type":"อ้อย","crop_type_raw":"อ้อย","__crop":"อ้อย","__plant_type":"อ้อย","confidence":"nominal","source":"NASA FIRMS VIIRS","source_file":"HOTSPOT Viirs 1 ม.ค - 31 พ.ค 66 (รวม).xlsx","filter_rule":"Province=กำแพงเพชร; LandType=พื้นที่เกษตร; PlantType in allowed list; hierarchy uses Province→Amphoe→Tambon→BaanN from source table","latitude":16.20425,"longitude":99.78048,"month":1,"day":26,"responsibility_code":"5","landuse_code":"A203","utm_zone":"47","utm_e":"583421.617","utm_n":"1791687.153"},"geometry":{"type":"Point","coordinates":[99.78048,16.20425]}},{"type":"Feature","properties":{"hs_id":"VI1202301260637urgxvzvpvp","hsID":"VI1202301260637urgxvzvpvp","acq_date":"2023-01-26","Date":"2023-01-26","acq_time":"1337","year_be":2566,"season_be":2566,"dataset_year_be":2566,"province":"กำแพงเพชร","Province":"กำแพงเพชร","__province":"กำแพงเพชร","district":"เมืองกำแพงเพชร","Amphoe":"เมืองกำแพงเพชร","__district":"เมืองกำแพงเพชร","subdistrict":"เทพนคร","Tambon":"เทพนคร","__subdistrict":"เทพนคร","village":"บ้านวังทองหลาง","BaanN":"บ้านวังทองหลาง","__village":"บ้านวังทองหลาง","land_type":"พื้นที่เกษตร","LandType":"พื้นที่เกษตร","plant_type":"อ้อย","PlantType":"อ้อย","crop_type":"อ้อย","crop_type_raw":"อ้อย","__crop":"อ้อย","__plant_type":"อ้อย","confidence":"nominal","source":"NASA FIRMS VIIRS","source_file":"HOTSPOT Viirs 1 ม.ค - 31 พ.ค 66 (รวม).xlsx","filter_rule":"Province=กำแพงเพชร; LandType=พื้นที่เกษตร; PlantType in allowed list; hierarchy uses Province→Amphoe→Tambon→BaanN from source table","latitude":16.43165,"longitude":99.56292,"month":1,"day":26,"responsibility_code":"5","landuse_code":"A203","utm_zone":"47","utm_e":"560097.511","utm_n":"1816766.57"},"geometry":{"type":"Point","coordinates":[99.56292,16.43165]}},{"type":"Feature","properties":{"hs_id":"VI1202301270618urgxbzyzvp","hsID":"VI1202301270618urgxbzyzvp","acq_date":"2023-01-27","Date":"2023-01-27","acq_time":"1318","year_be":2566,"season_be":2566,"dataset_year_be":2566,"province":"กำแพงเพชร","Province":"กำแพงเพชร","__province":"กำแพงเพชร","district":"คลองขลุง","Amphoe":"คลองขลุง","__district":"คลองขลุง","subdistrict":"วังไทร","Tambon":"วังไทร","__subdistrict":"วังไทร","village":"บ้านวังไทร","BaanN":"บ้านวังไทร","__village":"บ้านวังไทร","land_type":"พื้นที่เกษตร","LandType":"พื้นที่เกษตร","plant_type":"นาข้าว","PlantType":"นาข้าว","crop_type":"นาข้าว","crop_type_raw":"นาข้าว","__crop":"นาข้าว","__plant_type":"นาข้าว","confidence":"nominal","source":"NASA FIRMS VIIRS","source_file":"HOTSPOT Viirs 1 ม.ค - 31 พ.ค 66 (รวม).xlsx","filter_rule":"Province=กำแพงเพชร; LandType=พื้นที่เกษตร; PlantType in allowed list; hierarchy uses Province→Amphoe→Tambon→BaanN from source table","latitude":16.21432,"longitude":99.63335,"month":1,"day":27,"responsibility_code":"5","landuse_code":"A101","utm_zone":"47","utm_e":"567691.579","utm_n":"1792746.969"},"geometry":{"type":"Point","coordinates":[99.63335,16.21432]}},{"type":"Feature","properties":{"hs_id":"VI1202301261908urgxvzypgr","hsID":"VI1202301261908urgxvzypgr","acq_date":"2023-01-27","Date":"2023-01-27","acq_time":"208","year_be":2566,"season_be":2566,"dataset_year_be":2566,"province":"กำแพงเพชร","Province":"กำแพงเพชร","__province":"กำแพงเพชร","district":"เมืองกำแพงเพชร","Amphoe":"เมืองกำแพงเพชร","__district":"เมืองกำแพงเพชร","subdistrict":"เทพนคร","Tambon":"เทพนคร","__subdistrict":"เทพนคร","village":"บ้านโขมงหัก","BaanN":"บ้านโขมงหัก","__village":"บ้านโขมงหัก","land_type":"พื้นที่เกษตร","LandType":"พื้นที่เกษตร","plant_type":"นาข้าว","PlantType":"นาข้าว","crop_type":"นาข้าว","crop_type_raw":"นาข้าว","__crop":"นาข้าว","__plant_type":"นาข้าว","confidence":"nominal","source":"NASA FIRMS VIIRS","source_file":"HOTSPOT Viirs 1 ม.ค - 31 พ.ค 66 (รวม).xlsx","filter_rule":"Province=กำแพงเพชร; LandType=พื้นที่เกษตร; PlantType in allowed list; hierarchy uses Province→Amphoe→Tambon→BaanN from source table","latitude":16.43294,"longitude":99.5526,"month":1,"day":27,"responsibility_code":"5","landuse_code":"A101","utm_zone":"47","utm_e":"558995.326","utm_n":"1816906.24"},"geometry":{"type":"Point","coordinates":[99.5526,16.43294]}},{"type":"Feature","properties":{"hs_id":"VI1202301270618urgzfxvpfp","hsID":"VI1202301270618urgzfxvpfp","acq_date":"2023-01-27","Date":"2023-01-27","acq_time":"1318","year_be":2566,"season_be":2566,"dataset_year_be":2566,"province":"กำแพงเพชร","Province":"กำแพงเพชร","__province":"กำแพงเพชร","district":"ลานกระบือ","Amphoe":"ลานกระบือ","__district":"ลานกระบือ","subdistrict":"หนองหลวง","Tambon":"หนองหลวง","__subdistrict":"หนองหลวง","village":"บ้านหนองไม้แดง","BaanN":"บ้านหนองไม้แดง","__village":"บ้านหนองไม้แดง","land_type":"พื้นที่เกษตร","LandType":"พื้นที่เกษตร","plant_type":"เกษตรอื่น ๆ","PlantType":"เกษตรอื่น ๆ","crop_type":"เกษตรอื่น ๆ","crop_type_raw":"เกษตรอื่น ๆ","__crop":"เกษตรอื่น ๆ","__plant_type":"เกษตรอื่น ๆ","confidence":"nominal","source":"NASA FIRMS VIIRS","source_file":"HOTSPOT Viirs 1 ม.ค - 31 พ.ค 66 (รวม).xlsx","filter_rule":"Province=กำแพงเพชร; LandType=พื้นที่เกษตร; PlantType in allowed list; hierarchy uses Province→Amphoe→Tambon→BaanN from source table","latitude":16.64026,"longitude":99.77209,"month":1,"day":27,"responsibility_code":"5","landuse_code":"A999","utm_zone":"47","utm_e":"582341.034","utm_n":"1839918.378"},"geometry":{"type":"Point","coordinates":[99.77209,16.64026]}},{"type":"Feature","properties":{"hs_id":"VI1202301280601urgryxzzgz","hsID":"VI1202301280601urgryxzzgz","acq_date":"2023-01-28","Date":"2023-01-28","acq_time":"1301","year_be":2566,"season_be":2566,"dataset_year_be":2566,"province":"กำแพงเพชร","Province":"กำแพงเพชร","__province":"กำแพงเพชร","district":"ขาณุวรลักษบุรี","Amphoe":"ขาณุวรลักษบุรี","__district":"ขาณุวรลักษบุรี","subdistrict":"โค้งไผ่","Tambon":"โค้งไผ่","__subdistrict":"โค้งไผ่","village":"บ้านโพธิ์ศรี 3","BaanN":"บ้านโพธิ์ศรี 3","__village":"บ้านโพธิ์ศรี 3","land_type":"พื้นที่เกษตร","LandType":"พื้นที่เกษตร","plant_type":"อ้อย","PlantType":"อ้อย","crop_type":"อ้อย","crop_type_raw":"อ้อย","__crop":"อ้อย","__plant_type":"อ้อย","confidence":"nominal","source":"NASA FIRMS VIIRS","source_file":"HOTSPOT Viirs 1 ม.ค - 31 พ.ค 66 (รวม).xlsx","filter_rule":"Province=กำแพงเพชร; LandType=พื้นที่เกษตร; PlantType in allowed list; hierarchy uses Province→Amphoe→Tambon→BaanN from source table","latitude":16.11677,"longitude":99.66591,"month":1,"day":28,"responsibility_code":"5","landuse_code":"A203","utm_zone":"47","utm_e":"571206.597","utm_n":"1781966.764"},"geometry":{"type":"Point","coordinates":[99.66591,16.11677]}},{"type":"Feature","properties":{"hs_id":"VI1202301290722urgxcxcrvp","hsID":"VI1202301290722urgxcxcrvp","acq_date":"2023-01-29","Date":"2023-01-29","acq_time":"1422","year_be":2566,"season_be":2566,"dataset_year_be":2566,"province":"กำแพงเพชร","Province":"กำแพงเพชร","__province":"กำแพงเพชร","district":"คลองขลุง","Amphoe":"คลองขลุง","__district":"คลองขลุง","subdistrict":"ท่ามะเขือ","Tambon":"ท่ามะเขือ","__subdistrict":"ท่ามะเขือ","village":"บ้านน้อย","BaanN":"บ้านน้อย","__village":"บ้านน้อย","land_type":"พื้นที่เกษตร","LandType":"พื้นที่เกษตร","plant_type":"เกษตรอื่น ๆ","PlantType":"เกษตรอื่น ๆ","crop_type":"เกษตรอื่น ๆ","crop_type_raw":"เกษตรอื่น ๆ","__crop":"เกษตรอื่น ๆ","__plant_type":"เกษตรอื่น ๆ","confidence":"nominal","source":"NASA FIRMS VIIRS","source_file":"HOTSPOT Viirs 1 ม.ค - 31 พ.ค 66 (รวม).xlsx","filter_rule":"Province=กำแพงเพชร; LandType=พื้นที่เกษตร; PlantType in allowed list; hierarchy uses Province→Amphoe→Tambon→BaanN from source table","latitude":16.23973,"longitude":99.75463,"month":1,"day":29,"responsibility_code":"5","landuse_code":"A999","utm_zone":"47","utm_e":"580644.058","utm_n":"1795601.793"},"geometry":{"type":"Point","coordinates":[99.75463,16.23973]}},{"type":"Feature","properties":{"hs_id":"VI1202301290722urgxgpzpur","hsID":"VI1202301290722urgxgpzpur","acq_date":"2023-01-29","Date":"2023-01-29","acq_time":"1422","year_be":2566,"season_be":2566,"dataset_year_be":2566,"province":"กำแพงเพชร","Province":"กำแพงเพชร","__province":"กำแพงเพชร","district":"คลองขลุง","Amphoe":"คลองขลุง","__district":"คลองขลุง","subdistrict":"วังบัว","Tambon":"วังบัว","__subdistrict":"วังบัว","village":"บ้านท่าคล้อ","BaanN":"บ้านท่าคล้อ","__village":"บ้านท่าคล้อ","land_type":"พื้นที่เกษตร","LandType":"พื้นที่เกษตร","plant_type":"อ้อย","PlantType":"อ้อย","crop_type":"อ้อย","crop_type_raw":"อ้อย","__crop":"อ้อย","__plant_type":"อ้อย","confidence":"nominal","source":"NASA FIRMS VIIRS","source_file":"HOTSPOT Viirs 1 ม.ค - 31 พ.ค 66 (รวม).xlsx","filter_rule":"Province=กำแพงเพชร; LandType=พื้นที่เกษตร; PlantType in allowed list; hierarchy uses Province→Amphoe→Tambon→BaanN from source table","latitude":16.31351,"longitude":99.68732,"month":1,"day":29,"responsibility_code":"5","landuse_code":"A203","utm_zone":"47","utm_e":"573423.178","utm_n":"1803738.32"},"geometry":{"type":"Point","coordinates":[99.68732,16.31351]}},{"type":"Feature","properties":{"hs_id":"VI1202301300701urgxcxupuz","hsID":"VI1202301300701urgxcxupuz","acq_date":"2023-01-30","Date":"2023-01-30","acq_time":"1401","year_be":2566,"season_be":2566,"dataset_year_be":2566,"province":"กำแพงเพชร","Province":"กำแพงเพชร","__province":"กำแพงเพชร","district":"บึงสามัคคี","Amphoe":"บึงสามัคคี","__district":"บึงสามัคคี","subdistrict":"วังชะโอน","Tambon":"วังชะโอน","__subdistrict":"วังชะโอน","village":"บ้านหนองไทร","BaanN":"บ้านหนองไทร","__village":"บ้านหนองไทร","land_type":"พื้นที่เกษตร","LandType":"พื้นที่เกษตร","plant_type":"นาข้าว","PlantType":"นาข้าว","crop_type":"นาข้าว","crop_type_raw":"นาข้าว","__crop":"นาข้าว","__plant_type":"นาข้าว","confidence":"nominal","source":"NASA FIRMS VIIRS","source_file":"HOTSPOT Viirs 1 ม.ค - 31 พ.ค 66 (รวม).xlsx","filter_rule":"Province=กำแพงเพชร; LandType=พื้นที่เกษตร; PlantType in allowed list; hierarchy uses Province→Amphoe→Tambon→BaanN from source table","latitude":16.24349,"longitude":99.92748,"month":1,"day":30,"responsibility_code":"5","landuse_code":"A101","utm_zone":"47","utm_e":"599115.153","utm_n":"1796093.599"},"geometry":{"type":"Point","coordinates":[99.92748,16.24349]}},{"type":"Feature","properties":{"hs_id":"VI1202301300701urgxcxuxvp","hsID":"VI1202301300701urgxcxuxvp","acq_date":"2023-01-30","Date":"2023-01-30","acq_time":"1401","year_be":2566,"season_be":2566,"dataset_year_be":2566,"province":"กำแพงเพชร","Province":"กำแพงเพชร","__province":"กำแพงเพชร","district":"บึงสามัคคี","Amphoe":"บึงสามัคคี","__district":"บึงสามัคคี","subdistrict":"วังชะโอน","Tambon":"วังชะโอน","__subdistrict":"วังชะโอน","village":"บ้านหนองไทร","BaanN":"บ้านหนองไทร","__village":"บ้านหนองไทร","land_type":"พื้นที่เกษตร","LandType":"พื้นที่เกษตร","plant_type":"อ้อย","PlantType":"อ้อย","crop_type":"อ้อย","crop_type_raw":"อ้อย","__crop":"อ้อย","__plant_type":"อ้อย","confidence":"nominal","source":"NASA FIRMS VIIRS","source_file":"HOTSPOT Viirs 1 ม.ค - 31 พ.ค 66 (รวม).xlsx","filter_rule":"Province=กำแพงเพชร; LandType=พื้นที่เกษตร; PlantType in allowed list; hierarchy uses Province→Amphoe→Tambon→BaanN from source table","latitude":16.24419,"longitude":99.92558,"month":1,"day":30,"responsibility_code":"5","landuse_code":"A203","utm_zone":"47","utm_e":"598911.744","utm_n":"1796170.121"},"geometry":{"type":"Point","coordinates":[99.92558,16.24419]}},{"type":"Feature","properties":{"hs_id":"VI1202301310644urgrcxzpfx","hsID":"VI1202301310644urgrcxzpfx","acq_date":"2023-01-31","Date":"2023-01-31","acq_time":"1344","year_be":2566,"season_be":2566,"dataset_year_be":2566,"province":"กำแพงเพชร","Province":"กำแพงเพชร","__province":"กำแพงเพชร","district":"ขาณุวรลักษบุรี","Amphoe":"ขาณุวรลักษบุรี","__district":"ขาณุวรลักษบุรี","subdistrict":"บ่อถ้ำ","Tambon":"บ่อถ้ำ","__subdistrict":"บ่อถ้ำ","village":"บ้านบ่อกระบาก","BaanN":"บ้านบ่อกระบาก","__village":"บ้านบ่อกระบาก","land_type":"พื้นที่เกษตร","LandType":"พื้นที่เกษตร","plant_type":"เกษตรอื่น ๆ","PlantType":"เกษตรอื่น ๆ","crop_type":"เกษตรอื่น ๆ","crop_type_raw":"เกษตรอื่น ๆ","__crop":"เกษตรอื่น ๆ","__plant_type":"เกษตรอื่น ๆ","confidence":"low","source":"NASA FIRMS VIIRS","source_file":"HOTSPOT Viirs 1 ม.ค - 31 พ.ค 66 (รวม).xlsx","filter_rule":"Province=กำแพงเพชร; LandType=พื้นที่เกษตร; PlantType in allowed list; hierarchy uses Province→Amphoe→Tambon→BaanN from source table","latitude":15.89596,"longitude":99.7136,"month":1,"day":31,"responsibility_code":"5","landuse_code":"A999","utm_zone":"47","utm_e":"576390.258","utm_n":"1757557.404"},"geometry":{"type":"Point","coordinates":[99.7136,15.89596]}},{"type":"Feature","properties":{"hs_id":"VI1202301310644urgryzbpfp","hsID":"VI1202301310644urgryzbpfp","acq_date":"2023-01-31","Date":"2023-01-31","acq_time":"1344","year_be":2566,"season_be":2566,"dataset_year_be":2566,"province":"กำแพงเพชร","Province":"กำแพงเพชร","__province":"กำแพงเพชร","district":"ขาณุวรลักษบุรี","Amphoe":"ขาณุวรลักษบุรี","__district":"ขาณุวรลักษบุรี","subdistrict":"ป่าพุทรา","Tambon":"ป่าพุทรา","__subdistrict":"ป่าพุทรา","village":"บ้านเนินสว่าง","BaanN":"บ้านเนินสว่าง","__village":"บ้านเนินสว่าง","land_type":"พื้นที่เกษตร","LandType":"พื้นที่เกษตร","plant_type":"นาข้าว","PlantType":"นาข้าว","crop_type":"นาข้าว","crop_type_raw":"นาข้าว","__crop":"นาข้าว","__plant_type":"นาข้าว","confidence":"nominal","source":"NASA FIRMS VIIRS","source_file":"HOTSPOT Viirs 1 ม.ค - 31 พ.ค 66 (รวม).xlsx","filter_rule":"Province=กำแพงเพชร; LandType=พื้นที่เกษตร; PlantType in allowed list; hierarchy uses Province→Amphoe→Tambon→BaanN from source table","latitude":16.11703,"longitude":99.96347,"month":1,"day":31,"responsibility_code":"5","landuse_code":"A101","utm_zone":"47","utm_e":"603027.089","utm_n":"1782121.137"},"geometry":{"type":"Point","coordinates":[99.96347,16.11703]}},{"type":"Feature","properties":{"hs_id":"VI1202301310644urgrzpcxgr","hsID":"VI1202301310644urgrzpcxgr","acq_date":"2023-01-31","Date":"2023-01-31","acq_time":"1344","year_be":2566,"season_be":2566,"dataset_year_be":2566,"province":"กำแพงเพชร","Province":"กำแพงเพชร","__province":"กำแพงเพชร","district":"ขาณุวรลักษบุรี","Amphoe":"ขาณุวรลักษบุรี","__district":"ขาณุวรลักษบุรี","subdistrict":"โค้งไผ่","Tambon":"โค้งไผ่","__subdistrict":"โค้งไผ่","village":"บ้านคลองน้ำเย็น","BaanN":"บ้านคลองน้ำเย็น","__village":"บ้านคลองน้ำเย็น","land_type":"พื้นที่เกษตร","LandType":"พื้นที่เกษตร","plant_type":"อ้อย","PlantType":"อ้อย","crop_type":"อ้อย","crop_type_raw":"อ้อย","__crop":"อ้อย","__plant_type":"อ้อย","confidence":"nominal","source":"NASA FIRMS VIIRS","source_file":"HOTSPOT Viirs 1 ม.ค - 31 พ.ค 66 (รวม).xlsx","filter_rule":"Province=กำแพงเพชร; LandType=พื้นที่เกษตร; PlantType in allowed list; hierarchy uses Province→Amphoe→Tambon→BaanN from source table","latitude":16.13013,"longitude":99.71875,"month":1,"day":31,"responsibility_code":"5","landuse_code":"A203","utm_zone":"47","utm_e":"576851.939","utm_n":"1783463.643"},"geometry":{"type":"Point","coordinates":[99.71875,16.13013]}},{"type":"Feature","properties":{"hs_id":"VI1202301310644urgrzpupfp","hsID":"VI1202301310644urgrzpupfp","acq_date":"2023-01-31","Date":"2023-01-31","acq_time":"1344","year_be":2566,"season_be":2566,"dataset_year_be":2566,"province":"กำแพงเพชร","Province":"กำแพงเพชร","__province":"กำแพงเพชร","district":"คลองขลุง","Amphoe":"คลองขลุง","__district":"คลองขลุง","subdistrict":"คลองขลุง","Tambon":"คลองขลุง","__subdistrict":"คลองขลุง","village":"บ้านคลองน้ำเย็นเหนือ","BaanN":"บ้านคลองน้ำเย็นเหนือ","__village":"บ้านคลองน้ำเย็นเหนือ","land_type":"พื้นที่เกษตร","LandType":"พื้นที่เกษตร","plant_type":"นาข้าว","PlantType":"นาข้าว","crop_type":"นาข้าว","crop_type_raw":"นาข้าว","__crop":"นาข้าว","__plant_type":"นาข้าว","confidence":"nominal","source":"NASA FIRMS VIIRS","source_file":"HOTSPOT Viirs 1 ม.ค - 31 พ.ค 66 (รวม).xlsx","filter_rule":"Province=กำแพงเพชร; LandType=พื้นที่เกษตร; PlantType in allowed list; hierarchy uses Province→Amphoe→Tambon→BaanN from source table","latitude":16.13351,"longitude":99.71822,"month":1,"day":31,"responsibility_code":"5","landuse_code":"A101","utm_zone":"47","utm_e":"576793.964","utm_n":"1783837.352"},"geometry":{"type":"Point","coordinates":[99.71822,16.13351]}},{"type":"Feature","properties":{"hs_id":"VI1202301310644urgrzzcpcp","hsID":"VI1202301310644urgrzzcpcp","acq_date":"2023-01-31","Date":"2023-01-31","acq_time":"1344","year_be":2566,"season_be":2566,"dataset_year_be":2566,"province":"กำแพงเพชร","Province":"กำแพงเพชร","__province":"กำแพงเพชร","district":"บึงสามัคคี","Amphoe":"บึงสามัคคี","__district":"บึงสามัคคี","subdistrict":"ระหาน","Tambon":"ระหาน","__subdistrict":"ระหาน","village":"บ้านใหม่คลองม่วง","BaanN":"บ้านใหม่คลองม่วง","__village":"บ้านใหม่คลองม่วง","land_type":"พื้นที่เกษตร","LandType":"พื้นที่เกษตร","plant_type":"เกษตรอื่น ๆ","PlantType":"เกษตรอื่น ๆ","crop_type":"เกษตรอื่น ๆ","crop_type_raw":"เกษตรอื่น ๆ","__crop":"เกษตรอื่น ๆ","__plant_type":"เกษตรอื่น ๆ","confidence":"nominal","source":"NASA FIRMS VIIRS","source_file":"HOTSPOT Viirs 1 ม.ค - 31 พ.ค 66 (รวม).xlsx","filter_rule":"Province=กำแพงเพชร; LandType=พื้นที่เกษตร; PlantType in allowed list; hierarchy uses Province→Amphoe→Tambon→BaanN from source table","latitude":16.16231,"longitude":99.98759,"month":1,"day":31,"responsibility_code":"5","landuse_code":"A999","utm_zone":"47","utm_e":"605582.532","utm_n":"1787142.649"},"geometry":{"type":"Point","coordinates":[99.98759,16.16231]}},{"type":"Feature","properties":{"hs_id":"VI1202301310644urgxbzgpgr","hsID":"VI1202301310644urgxbzgpgr","acq_date":"2023-01-31","Date":"2023-01-31","acq_time":"1344","year_be":2566,"season_be":2566,"dataset_year_be":2566,"province":"กำแพงเพชร","Province":"กำแพงเพชร","__province":"กำแพงเพชร","district":"คลองขลุง","Amphoe":"คลองขลุง","__district":"คลองขลุง","subdistrict":"วังยาง","Tambon":"วังยาง","__subdistrict":"วังยาง","village":"บ้านหนองโสน","BaanN":"บ้านหนองโสน","__village":"บ้านหนองโสน","land_type":"พื้นที่เกษตร","LandType":"พื้นที่เกษตร","plant_type":"เกษตรอื่น ๆ","PlantType":"เกษตรอื่น ๆ","crop_type":"เกษตรอื่น ๆ","crop_type_raw":"เกษตรอื่น ๆ","__crop":"เกษตรอื่น ๆ","__plant_type":"เกษตรอื่น ๆ","confidence":"low","source":"NASA FIRMS VIIRS","source_file":"HOTSPOT Viirs 1 ม.ค - 31 พ.ค 66 (รวม).xlsx","filter_rule":"Province=กำแพงเพชร; LandType=พื้นที่เกษตร; PlantType in allowed list; hierarchy uses Province→Amphoe→Tambon→BaanN from source table","latitude":16.2091,"longitude":99.77923,"month":1,"day":31,"responsibility_code":"5","landuse_code":"A999","utm_zone":"47","utm_e":"583285.967","utm_n":"1792223.178"},"geometry":{"type":"Point","coordinates":[99.77923,16.2091]}},{"type":"Feature","properties":{"hs_id":"VI1202301310644urgxvzgryz","hsID":"VI1202301310644urgxvzgryz","acq_date":"2023-01-31","Date":"2023-01-31","acq_time":"1344","year_be":2566,"season_be":2566,"dataset_year_be":2566,"province":"กำแพงเพชร","Province":"กำแพงเพชร","__province":"กำแพงเพชร","district":"ไทรงาม","Amphoe":"ไทรงาม","__district":"ไทรงาม","subdistrict":"หนองทอง","Tambon":"หนองทอง","__subdistrict":"หนองทอง","village":"บ้านหนองทอง","BaanN":"บ้านหนองทอง","__village":"บ้านหนองทอง","land_type":"พื้นที่เกษตร","LandType":"พื้นที่เกษตร","plant_type":"นาข้าว","PlantType":"นาข้าว","crop_type":"นาข้าว","crop_type_raw":"นาข้าว","__crop":"นาข้าว","__plant_type":"นาข้าว","confidence":"nominal","source":"NASA FIRMS VIIRS","source_file":"HOTSPOT Viirs 1 ม.ค - 31 พ.ค 66 (รวม).xlsx","filter_rule":"Province=กำแพงเพชร; LandType=พื้นที่เกษตร; PlantType in allowed list; hierarchy uses Province→Amphoe→Tambon→BaanN from source table","latitude":16.42932,"longitude":99.76077,"month":1,"day":31,"responsibility_code":"5","landuse_code":"A101","utm_zone":"47","utm_e":"581221.919","utm_n":"1816577.834"},"geometry":{"type":"Point","coordinates":[99.76077,16.42932]}},{"type":"Feature","properties":{"hs_id":"VI1202301310644urgxyrvpyp","hsID":"VI1202301310644urgxyrvpyp","acq_date":"2023-01-31","Date":"2023-01-31","acq_time":"1344","year_be":2566,"season_be":2566,"dataset_year_be":2566,"province":"กำแพงเพชร","Province":"กำแพงเพชร","__province":"กำแพงเพชร","district":"เมืองกำแพงเพชร","Amphoe":"เมืองกำแพงเพชร","__district":"เมืองกำแพงเพชร","subdistrict":"เทพนคร","Tambon":"เทพนคร","__subdistrict":"เทพนคร","village":"บ้านตลกแรด","BaanN":"บ้านตลกแรด","__village":"บ้านตลกแรด","land_type":"พื้นที่เกษตร","LandType":"พื้นที่เกษตร","plant_type":"นาข้าว","PlantType":"นาข้าว","crop_type":"นาข้าว","crop_type_raw":"นาข้าว","__crop":"นาข้าว","__plant_type":"นาข้าว","confidence":"nominal","source":"NASA FIRMS VIIRS","source_file":"HOTSPOT Viirs 1 ม.ค - 31 พ.ค 66 (รวม).xlsx","filter_rule":"Province=กำแพงเพชร; LandType=พื้นที่เกษตร; PlantType in allowed list; hierarchy uses Province→Amphoe→Tambon→BaanN from source table","latitude":16.45366,"longitude":99.61874,"month":1,"day":31,"responsibility_code":"5","landuse_code":"A101","utm_zone":"47","utm_e":"566049.615","utm_n":"1819218.799"},"geometry":{"type":"Point","coordinates":[99.61874,16.45366]}},{"type":"Feature","properties":{"hs_id":"VI1202301310644urgxyrvxfx","hsID":"VI1202301310644urgxyrvxfx","acq_date":"2023-01-31","Date":"2023-01-31","acq_time":"1344","year_be":2566,"season_be":2566,"dataset_year_be":2566,"province":"กำแพงเพชร","Province":"กำแพงเพชร","__province":"กำแพงเพชร","district":"เมืองกำแพงเพชร","Amphoe":"เมืองกำแพงเพชร","__district":"เมืองกำแพงเพชร","subdistrict":"เทพนคร","Tambon":"เทพนคร","__subdistrict":"เทพนคร","village":"บ้านมะกอกหวาน","BaanN":"บ้านมะกอกหวาน","__village":"บ้านมะกอกหวาน","land_type":"พื้นที่เกษตร","LandType":"พื้นที่เกษตร","plant_type":"นาข้าว","PlantType":"นาข้าว","crop_type":"นาข้าว","crop_type_raw":"นาข้าว","__crop":"นาข้าว","__plant_type":"นาข้าว","confidence":"nominal","source":"NASA FIRMS VIIRS","source_file":"HOTSPOT Viirs 1 ม.ค - 31 พ.ค 66 (รวม).xlsx","filter_rule":"Province=กำแพงเพชร; LandType=พื้นที่เกษตร; PlantType in allowed list; hierarchy uses Province→Amphoe→Tambon→BaanN from source table","latitude":16.4542,"longitude":99.62248,"month":1,"day":31,"responsibility_code":"5","landuse_code":"A101","utm_zone":"47","utm_e":"566448.684","utm_n":"1819279.761"},"geometry":{"type":"Point","coordinates":[99.62248,16.4542]}},{"type":"Feature","properties":{"hs_id":"VI1202302010624urgrzzvpzr","hsID":"VI1202302010624urgrzzvpzr","acq_date":"2023-02-01","Date":"2023-02-01","acq_time":"1324","year_be":2566,"season_be":2566,"dataset_year_be":2566,"province":"กำแพงเพชร","Province":"กำแพงเพชร","__province":"กำแพงเพชร","district":"บึงสามัคคี","Amphoe":"บึงสามัคคี","__district":"บึงสามัคคี","subdistrict":"วังชะโอน","Tambon":"วังชะโอน","__subdistrict":"วังชะโอน","village":"บ้านใหม่คลองม่วง","BaanN":"บ้านใหม่คลองม่วง","__village":"บ้านใหม่คลองม่วง","land_type":"พื้นที่เกษตร","LandType":"พื้นที่เกษตร","plant_type":"อ้อย","PlantType":"อ้อย","crop_type":"อ้อย","crop_type_raw":"อ้อย","__crop":"อ้อย","__plant_type":"อ้อย","confidence":"low","source":"NASA FIRMS VIIRS","source_file":"HOTSPOT Viirs 1 ม.ค - 31 พ.ค 66 (รวม).xlsx","filter_rule":"Province=กำแพงเพชร; LandType=พื้นที่เกษตร; PlantType in allowed list; hierarchy uses Province→Amphoe→Tambon→BaanN from source table","latitude":16.16807,"longitude":99.99456,"month":2,"day":1,"responsibility_code":"5","landuse_code":"A203","utm_zone":"47","utm_e":"606324.674","utm_n":"1787783.469"},"geometry":{"type":"Point","coordinates":[99.99456,16.16807]}},{"type":"Feature","properties":{"hs_id":"VI1202302010624urgxbpcxfp","hsID":"VI1202302010624urgxbpcxfp","acq_date":"2023-02-01","Date":"2023-02-01","acq_time":"1324","year_be":2566,"season_be":2566,"dataset_year_be":2566,"province":"กำแพงเพชร","Province":"กำแพงเพชร","__province":"กำแพงเพชร","district":"บึงสามัคคี","Amphoe":"บึงสามัคคี","__district":"บึงสามัคคี","subdistrict":"เทพนิมิต","Tambon":"เทพนิมิต","__subdistrict":"เทพนิมิต","village":"บ้านวังเจ้า","BaanN":"บ้านวังเจ้า","__village":"บ้านวังเจ้า","land_type":"พื้นที่เกษตร","LandType":"พื้นที่เกษตร","plant_type":"อ้อย","PlantType":"อ้อย","crop_type":"อ้อย","crop_type_raw":"อ้อย","__crop":"อ้อย","__plant_type":"อ้อย","confidence":"nominal","source":"NASA FIRMS VIIRS","source_file":"HOTSPOT Viirs 1 ม.ค - 31 พ.ค 66 (รวม).xlsx","filter_rule":"Province=กำแพงเพชร; LandType=พื้นที่เกษตร; PlantType in allowed list; hierarchy uses Province→Amphoe→Tambon→BaanN from source table","latitude":16.17403,"longitude":99.87684,"month":2,"day":1,"responsibility_code":"5","landuse_code":"A203","utm_zone":"47","utm_e":"593735.968","utm_n":"1788385.568"},"geometry":{"type":"Point","coordinates":[99.87684,16.17403]}},{"type":"Feature","properties":{"hs_id":"VI1202302010624urgxfpbxvp","hsID":"VI1202302010624urgxfpbxvp","acq_date":"2023-02-01","Date":"2023-02-01","acq_time":"1324","year_be":2566,"season_be":2566,"dataset_year_be":2566,"province":"กำแพงเพชร","Province":"กำแพงเพชร","__province":"กำแพงเพชร","district":"บึงสามัคคี","Amphoe":"บึงสามัคคี","__district":"บึงสามัคคี","subdistrict":"บึงสามัคคี","Tambon":"บึงสามัคคี","__subdistrict":"บึงสามัคคี","village":"บ้านไผ่งาม","BaanN":"บ้านไผ่งาม","__village":"บ้านไผ่งาม","land_type":"พื้นที่เกษตร","LandType":"พื้นที่เกษตร","plant_type":"เกษตรอื่น ๆ","PlantType":"เกษตรอื่น ๆ","crop_type":"เกษตรอื่น ๆ","crop_type_raw":"เกษตรอื่น ๆ","__crop":"เกษตรอื่น ๆ","__plant_type":"เกษตรอื่น ๆ","confidence":"nominal","source":"NASA FIRMS VIIRS","source_file":"HOTSPOT Viirs 1 ม.ค - 31 พ.ค 66 (รวม).xlsx","filter_rule":"Province=กำแพงเพชร; LandType=พื้นที่เกษตร; PlantType in allowed list; hierarchy uses Province→Amphoe→Tambon→BaanN from source table","latitude":16.26067,"longitude":99.96634,"month":2,"day":1,"responsibility_code":"5","landuse_code":"A999","utm_zone":"47","utm_e":"603259.282","utm_n":"1798013.43"},"geometry":{"type":"Point","coordinates":[99.96634,16.26067]}},{"type":"Feature","properties":{"hs_id":"VI1202302011855urgxvzgpbx","hsID":"VI1202302011855urgxvzgpbx","acq_date":"2023-02-02","Date":"2023-02-02","acq_time":"155","year_be":2566,"season_be":2566,"dataset_year_be":2566,"province":"กำแพงเพชร","Province":"กำแพงเพชร","__province":"กำแพงเพชร","district":"เมืองกำแพงเพชร","Amphoe":"เมืองกำแพงเพชร","__district":"เมืองกำแพงเพชร","subdistrict":"นครชุม","Tambon":"นครชุม","__subdistrict":"นครชุม","village":"บ้านประชารัฐ","BaanN":"บ้านประชารัฐ","__village":"บ้านประชารัฐ","land_type":"พื้นที่เกษตร","LandType":"พื้นที่เกษตร","plant_type":"เกษตรอื่น ๆ","PlantType":"เกษตรอื่น ๆ","crop_type":"เกษตรอื่น ๆ","crop_type_raw":"เกษตรอื่น ๆ","__crop":"เกษตรอื่น ๆ","__plant_type":"เกษตรอื่น ๆ","confidence":"nominal","source":"NASA FIRMS VIIRS","source_file":"HOTSPOT Viirs 1 ม.ค - 31 พ.ค 66 (รวม).xlsx","filter_rule":"Province=กำแพงเพชร; LandType=พื้นที่เกษตร; PlantType in allowed list; hierarchy uses Province→Amphoe→Tambon→BaanN from source table","latitude":16.42871,"longitude":99.48557,"month":2,"day":2,"responsibility_code":"5","landuse_code":"A999","utm_zone":"47","utm_e":"551840.201","utm_n":"1816419.966"},"geometry":{"type":"Point","coordinates":[99.48557,16.42871]}},{"type":"Feature","properties":{"hs_id":"VI1202302060631urgxvzyxfp","hsID":"VI1202302060631urgxvzyxfp","acq_date":"2023-02-06","Date":"2023-02-06","acq_time":"1331","year_be":2566,"season_be":2566,"dataset_year_be":2566,"province":"กำแพงเพชร","Province":"กำแพงเพชร","__province":"กำแพงเพชร","district":"ไทรงาม","Amphoe":"ไทรงาม","__district":"ไทรงาม","subdistrict":"หนองทอง","Tambon":"หนองทอง","__subdistrict":"หนองทอง","village":"บ้านหนองทอง","BaanN":"บ้านหนองทอง","__village":"บ้านหนองทอง","land_type":"พื้นที่เกษตร","LandType":"พื้นที่เกษตร","plant_type":"นาข้าว","PlantType":"นาข้าว","crop_type":"นาข้าว","crop_type_raw":"นาข้าว","__crop":"นาข้าว","__plant_type":"นาข้าว","confidence":"low","source":"NASA FIRMS VIIRS","source_file":"HOTSPOT Viirs 1 ม.ค - 31 พ.ค 66 (รวม).xlsx","filter_rule":"Province=กำแพงเพชร; LandType=พื้นที่เกษตร; PlantType in allowed list; hierarchy uses Province→Amphoe→Tambon→BaanN from source table","latitude":16.43358,"longitude":99.76154,"month":2,"day":6,"responsibility_code":"5","landuse_code":"A101","utm_zone":"47","utm_e":"581302.358","utm_n":"1817049.415"},"geometry":{"type":"Point","coordinates":[99.76154,16.43358]}},{"type":"Feature","properties":{"hs_id":"VI1202302060631urgzfxbxzz","hsID":"VI1202302060631urgzfxbxzz","acq_date":"2023-02-06","Date":"2023-02-06","acq_time":"1331","year_be":2566,"season_be":2566,"dataset_year_be":2566,"province":"กำแพงเพชร","Province":"กำแพงเพชร","__province":"กำแพงเพชร","district":"พรานกระต่าย","Amphoe":"พรานกระต่าย","__district":"พรานกระต่าย","subdistrict":"ถ้ำกระต่ายทอง","Tambon":"ถ้ำกระต่ายทอง","__subdistrict":"ถ้ำกระต่ายทอง","village":"บ้านนาทอง","BaanN":"บ้านนาทอง","__village":"บ้านนาทอง","land_type":"พื้นที่เกษตร","LandType":"พื้นที่เกษตร","plant_type":"อ้อย","PlantType":"อ้อย","crop_type":"อ้อย","crop_type_raw":"อ้อย","__crop":"อ้อย","__plant_type":"อ้อย","confidence":"nominal","source":"NASA FIRMS VIIRS","source_file":"HOTSPOT Viirs 1 ม.ค - 31 พ.ค 66 (รวม).xlsx","filter_rule":"Province=กำแพงเพชร; LandType=พื้นที่เกษตร; PlantType in allowed list; hierarchy uses Province→Amphoe→Tambon→BaanN from source table","latitude":16.63433,"longitude":99.59589,"month":2,"day":6,"responsibility_code":"5","landuse_code":"A203","utm_zone":"47","utm_e":"563551.142","utm_n":"1839198.121"},"geometry":{"type":"Point","coordinates":[99.59589,16.63433]}},{"type":"Feature","properties":{"hs_id":"VI1202302060631urgzfxgpyz","hsID":"VI1202302060631urgzfxgpyz","acq_date":"2023-02-06","Date":"2023-02-06","acq_time":"1331","year_be":2566,"season_be":2566,"dataset_year_be":2566,"province":"กำแพงเพชร","Province":"กำแพงเพชร","__province":"กำแพงเพชร","district":"พรานกระต่าย","Amphoe":"พรานกระต่าย","__district":"พรานกระต่าย","subdistrict":"ถ้ำกระต่ายทอง","Tambon":"ถ้ำกระต่ายทอง","__subdistrict":"ถ้ำกระต่ายทอง","village":"บ้านนาทอง","BaanN":"บ้านนาทอง","__village":"บ้านนาทอง","land_type":"พื้นที่เกษตร","LandType":"พื้นที่เกษตร","plant_type":"นาข้าว","PlantType":"นาข้าว","crop_type":"นาข้าว","crop_type_raw":"นาข้าว","__crop":"นาข้าว","__plant_type":"นาข้าว","confidence":"nominal","source":"NASA FIRMS VIIRS","source_file":"HOTSPOT Viirs 1 ม.ค - 31 พ.ค 66 (รวม).xlsx","filter_rule":"Province=กำแพงเพชร; LandType=พื้นที่เกษตร; PlantType in allowed list; hierarchy uses Province→Amphoe→Tambon→BaanN from source table","latitude":16.63772,"longitude":99.59531,"month":2,"day":6,"responsibility_code":"5","landuse_code":"A101","utm_zone":"47","utm_e":"563488.168","utm_n":"1839572.96"},"geometry":{"type":"Point","coordinates":[99.59531,16.63772]}},{"type":"Feature","properties":{"hs_id":"VI1202302060631urgzfxupgp","hsID":"VI1202302060631urgzfxupgp","acq_date":"2023-02-06","Date":"2023-02-06","acq_time":"1331","year_be":2566,"season_be":2566,"dataset_year_be":2566,"province":"กำแพงเพชร","Province":"กำแพงเพชร","__province":"กำแพงเพชร","district":"พรานกระต่าย","Amphoe":"พรานกระต่าย","__district":"พรานกระต่าย","subdistrict":"ถ้ำกระต่ายทอง","Tambon":"ถ้ำกระต่ายทอง","__subdistrict":"ถ้ำกระต่ายทอง","village":"บ้านนาทอง","BaanN":"บ้านนาทอง","__village":"บ้านนาทอง","land_type":"พื้นที่เกษตร","LandType":"พื้นที่เกษตร","plant_type":"นาข้าว","PlantType":"นาข้าว","crop_type":"นาข้าว","crop_type_raw":"นาข้าว","__crop":"นาข้าว","__plant_type":"นาข้าว","confidence":"nominal","source":"NASA FIRMS VIIRS","source_file":"HOTSPOT Viirs 1 ม.ค - 31 พ.ค 66 (รวม).xlsx","filter_rule":"Province=กำแพงเพชร; LandType=พื้นที่เกษตร; PlantType in allowed list; hierarchy uses Province→Amphoe→Tambon→BaanN from source table","latitude":16.63893,"longitude":99.60285,"month":2,"day":6,"responsibility_code":"5","landuse_code":"A101","utm_zone":"47","utm_e":"564291.91","utm_n":"1839709.225"},"geometry":{"type":"Point","coordinates":[99.60285,16.63893]}},{"type":"Feature","properties":{"hs_id":"VI1202302060631urgzgrzpup","hsID":"VI1202302060631urgzgrzpup","acq_date":"2023-02-06","Date":"2023-02-06","acq_time":"1331","year_be":2566,"season_be":2566,"dataset_year_be":2566,"province":"กำแพงเพชร","Province":"กำแพงเพชร","__province":"กำแพงเพชร","district":"พรานกระต่าย","Amphoe":"พรานกระต่าย","__district":"พรานกระต่าย","subdistrict":"พรานกระต่าย","Tambon":"พรานกระต่าย","__subdistrict":"พรานกระต่าย","village":"บ้านหนองหินเตาปูน","BaanN":"บ้านหนองหินเตาปูน","__village":"บ้านหนองหินเตาปูน","land_type":"พื้นที่เกษตร","LandType":"พื้นที่เกษตร","plant_type":"เกษตรอื่น ๆ","PlantType":"เกษตรอื่น ๆ","crop_type":"เกษตรอื่น ๆ","crop_type_raw":"เกษตรอื่น ๆ","__crop":"เกษตรอื่น ๆ","__plant_type":"เกษตรอื่น ๆ","confidence":"nominal","source":"NASA FIRMS VIIRS","source_file":"HOTSPOT Viirs 1 ม.ค - 31 พ.ค 66 (รวม).xlsx","filter_rule":"Province=กำแพงเพชร; LandType=พื้นที่เกษตร; PlantType in allowed list; hierarchy uses Province→Amphoe→Tambon→BaanN from source table","latitude":16.67605,"longitude":99.56924,"month":2,"day":6,"responsibility_code":"5","landuse_code":"A999","utm_zone":"47","utm_e":"560695.72","utm_n":"1843805.16"},"geometry":{"type":"Point","coordinates":[99.56924,16.67605]}},{"type":"Feature","properties":{"hs_id":"VI1202302060631urgzgxcpuz","hsID":"VI1202302060631urgzgxcpuz","acq_date":"2023-02-06","Date":"2023-02-06","acq_time":"1331","year_be":2566,"season_be":2566,"dataset_year_be":2566,"province":"กำแพงเพชร","Province":"กำแพงเพชร","__province":"กำแพงเพชร","district":"พรานกระต่าย","Amphoe":"พรานกระต่าย","__district":"พรานกระต่าย","subdistrict":"พรานกระต่าย","Tambon":"พรานกระต่าย","__subdistrict":"พรานกระต่าย","village":"บ้านหนองหินเตาปูน","BaanN":"บ้านหนองหินเตาปูน","__village":"บ้านหนองหินเตาปูน","land_type":"พื้นที่เกษตร","LandType":"พื้นที่เกษตร","plant_type":"นาข้าว","PlantType":"นาข้าว","crop_type":"นาข้าว","crop_type_raw":"นาข้าว","__crop":"นาข้าว","__plant_type":"นาข้าว","confidence":"nominal","source":"NASA FIRMS VIIRS","source_file":"HOTSPOT Viirs 1 ม.ค - 31 พ.ค 66 (รวม).xlsx","filter_rule":"Province=กำแพงเพชร; LandType=พื้นที่เกษตร; PlantType in allowed list; hierarchy uses Province→Amphoe→Tambon→BaanN from source table","latitude":16.67883,"longitude":99.56487,"month":2,"day":6,"responsibility_code":"5","landuse_code":"A101","utm_zone":"47","utm_e":"560228.882","utm_n":"1844111.377"},"geometry":{"type":"Point","coordinates":[99.56487,16.67883]}},{"type":"Feature","properties":{"hs_id":"VI1202302061902urgzcxurfp","hsID":"VI1202302061902urgzcxurfp","acq_date":"2023-02-07","Date":"2023-02-07","acq_time":"202","year_be":2566,"season_be":2566,"dataset_year_be":2566,"province":"กำแพงเพชร","Province":"กำแพงเพชร","__province":"กำแพงเพชร","district":"โกสัมพีนคร","Amphoe":"โกสัมพีนคร","__district":"โกสัมพีนคร","subdistrict":"ลานดอกไม้ตก","Tambon":"ลานดอกไม้ตก","__subdistrict":"ลานดอกไม้ตก","village":"บ้านใหม่เด่นหว้า","BaanN":"บ้านใหม่เด่นหว้า","__village":"บ้านใหม่เด่นหว้า","land_type":"พื้นที่เกษตร","LandType":"พื้นที่เกษตร","plant_type":"เกษตรอื่น ๆ","PlantType":"เกษตรอื่น ๆ","crop_type":"เกษตรอื่น ๆ","crop_type_raw":"เกษตรอื่น ๆ","__crop":"เกษตรอื่น ๆ","__plant_type":"เกษตรอื่น ๆ","confidence":"nominal","source":"NASA FIRMS VIIRS","source_file":"HOTSPOT Viirs 1 ม.ค - 31 พ.ค 66 (รวม).xlsx","filter_rule":"Province=กำแพงเพชร; LandType=พื้นที่เกษตร; PlantType in allowed list; hierarchy uses Province→Amphoe→Tambon→BaanN from source table","latitude":16.59528,"longitude":99.41704,"month":2,"day":7,"responsibility_code":"5","landuse_code":"A999","utm_zone":"47","utm_e":"544485.594","utm_n":"1834830.013"},"geometry":{"type":"Point","coordinates":[99.41704,16.59528]}},{"type":"Feature","properties":{"hs_id":"VI1202302070612urgzcxvxvp","hsID":"VI1202302070612urgzcxvxvp","acq_date":"2023-02-07","Date":"2023-02-07","acq_time":"1312","year_be":2566,"season_be":2566,"dataset_year_be":2566,"province":"กำแพงเพชร","Province":"กำแพงเพชร","__province":"กำแพงเพชร","district":"พรานกระต่าย","Amphoe":"พรานกระต่าย","__district":"พรานกระต่าย","subdistrict":"เขาคีริส","Tambon":"เขาคีริส","__subdistrict":"เขาคีริส","village":"บ้านคุยป่ายาง","BaanN":"บ้านคุยป่ายาง","__village":"บ้านคุยป่ายาง","land_type":"พื้นที่เกษตร","LandType":"พื้นที่เกษตร","plant_type":"นาข้าว","PlantType":"นาข้าว","crop_type":"นาข้าว","crop_type_raw":"นาข้าว","__crop":"นาข้าว","__plant_type":"นาข้าว","confidence":"nominal","source":"NASA FIRMS VIIRS","source_file":"HOTSPOT Viirs 1 ม.ค - 31 พ.ค 66 (รวม).xlsx","filter_rule":"Province=กำแพงเพชร; LandType=พื้นที่เกษตร; PlantType in allowed list; hierarchy uses Province→Amphoe→Tambon→BaanN from source table","latitude":16.59713,"longitude":99.66542,"month":2,"day":7,"responsibility_code":"5","landuse_code":"A101","utm_zone":"47","utm_e":"570980.389","utm_n":"1835106.158"},"geometry":{"type":"Point","coordinates":[99.66542,16.59713]}},{"type":"Feature","properties":{"hs_id":"VI1202302070612urgzgpgpcr","hsID":"VI1202302070612urgzgpgpcr","acq_date":"2023-02-07","Date":"2023-02-07","acq_time":"1312","year_be":2566,"season_be":2566,"dataset_year_be":2566,"province":"กำแพงเพชร","Province":"กำแพงเพชร","__province":"กำแพงเพชร","district":"พรานกระต่าย","Amphoe":"พรานกระต่าย","__district":"พรานกระต่าย","subdistrict":"คุยบ้านโอง","Tambon":"คุยบ้านโอง","__subdistrict":"คุยบ้านโอง","village":"บ้านไร่ปรือ","BaanN":"บ้านไร่ปรือ","__village":"บ้านไร่ปรือ","land_type":"พื้นที่เกษตร","LandType":"พื้นที่เกษตร","plant_type":"อ้อย","PlantType":"อ้อย","crop_type":"อ้อย","crop_type_raw":"อ้อย","__crop":"อ้อย","__plant_type":"อ้อย","confidence":"low","source":"NASA FIRMS VIIRS","source_file":"HOTSPOT Viirs 1 ม.ค - 31 พ.ค 66 (รวม).xlsx","filter_rule":"Province=กำแพงเพชร; LandType=พื้นที่เกษตร; PlantType in allowed list; hierarchy uses Province→Amphoe→Tambon→BaanN from source table","latitude":16.65945,"longitude":99.68851,"month":2,"day":7,"responsibility_code":"5","landuse_code":"A203","utm_zone":"47","utm_e":"573419.79","utm_n":"1842008.791"},"geometry":{"type":"Point","coordinates":[99.68851,16.65945]}},{"type":"Feature","properties":{"hs_id":"VI1202302070612urgzgxgpgz","hsID":"VI1202302070612urgzgxgpgz","acq_date":"2023-02-07","Date":"2023-02-07","acq_time":"1312","year_be":2566,"season_be":2566,"dataset_year_be":2566,"province":"กำแพงเพชร","Province":"กำแพงเพชร","__province":"กำแพงเพชร","district":"พรานกระต่าย","Amphoe":"พรานกระต่าย","__district":"พรานกระต่าย","subdistrict":"คุยบ้านโอง","Tambon":"คุยบ้านโอง","__subdistrict":"คุยบ้านโอง","village":"บ้านนาป่าแดง","BaanN":"บ้านนาป่าแดง","__village":"บ้านนาป่าแดง","land_type":"พื้นที่เกษตร","LandType":"พื้นที่เกษตร","plant_type":"อ้อย","PlantType":"อ้อย","crop_type":"อ้อย","crop_type_raw":"อ้อย","__crop":"อ้อย","__plant_type":"อ้อย","confidence":"nominal","source":"NASA FIRMS VIIRS","source_file":"HOTSPOT Viirs 1 ม.ค - 31 พ.ค 66 (รวม).xlsx","filter_rule":"Province=กำแพงเพชร; LandType=พื้นที่เกษตร; PlantType in allowed list; hierarchy uses Province→Amphoe→Tambon→BaanN from source table","latitude":16.68153,"longitude":99.68016,"month":2,"day":7,"responsibility_code":"5","landuse_code":"A203","utm_zone":"47","utm_e":"572521.027","utm_n":"1844448.408"},"geometry":{"type":"Point","coordinates":[99.68016,16.68153]}},{"type":"Feature","properties":{"hs_id":"VI1202302080735urgxfzgzgr","hsID":"VI1202302080735urgxfzgzgr","acq_date":"2023-02-08","Date":"2023-02-08","acq_time":"1435","year_be":2566,"season_be":2566,"dataset_year_be":2566,"province":"กำแพงเพชร","Province":"กำแพงเพชร","__province":"กำแพงเพชร","district":"เมืองกำแพงเพชร","Amphoe":"เมืองกำแพงเพชร","__district":"เมืองกำแพงเพชร","subdistrict":"อ่างทอง","Tambon":"อ่างทอง","__subdistrict":"อ่างทอง","village":"บ้านบ่อเจริญ","BaanN":"บ้านบ่อเจริญ","__village":"บ้านบ่อเจริญ","land_type":"พื้นที่เกษตร","LandType":"พื้นที่เกษตร","plant_type":"อ้อย","PlantType":"อ้อย","crop_type":"อ้อย","crop_type_raw":"อ้อย","__crop":"อ้อย","__plant_type":"อ้อย","confidence":"nominal","source":"NASA FIRMS VIIRS","source_file":"HOTSPOT Viirs 1 ม.ค - 31 พ.ค 66 (รวม).xlsx","filter_rule":"Province=กำแพงเพชร; LandType=พื้นที่เกษตร; PlantType in allowed list; hierarchy uses Province→Amphoe→Tambon→BaanN from source table","latitude":16.29802,"longitude":99.49464,"month":2,"day":8,"responsibility_code":"5","landuse_code":"A203","utm_zone":"47","utm_e":"552843.711","utm_n":"1801965.16"},"geometry":{"type":"Point","coordinates":[99.49464,16.29802]}},{"type":"Feature","properties":{"hs_id":"VI1202302080554urgzvxcpzx","hsID":"VI1202302080554urgzvxcpzx","acq_date":"2023-02-08","Date":"2023-02-08","acq_time":"1254","year_be":2566,"season_be":2566,"dataset_year_be":2566,"province":"กำแพงเพชร","Province":"กำแพงเพชร","__province":"กำแพงเพชร","district":"พรานกระต่าย","Amphoe":"พรานกระต่าย","__district":"พรานกระต่าย","subdistrict":"วังควง","Tambon":"วังควง","__subdistrict":"วังควง","village":"บ้านลานกระทิง","BaanN":"บ้านลานกระทิง","__village":"บ้านลานกระทิง","land_type":"พื้นที่เกษตร","LandType":"พื้นที่เกษตร","plant_type":"นาข้าว","PlantType":"นาข้าว","crop_type":"นาข้าว","crop_type_raw":"นาข้าว","__crop":"นาข้าว","__plant_type":"นาข้าว","confidence":"nominal","source":"NASA FIRMS VIIRS","source_file":"HOTSPOT Viirs 1 ม.ค - 31 พ.ค 66 (รวม).xlsx","filter_rule":"Province=กำแพงเพชร; LandType=พื้นที่เกษตร; PlantType in allowed list; hierarchy uses Province→Amphoe→Tambon→BaanN from source table","latitude":16.76684,"longitude":99.39085,"month":2,"day":8,"responsibility_code":"5","landuse_code":"A101","utm_zone":"47","utm_e":"541654.71","utm_n":"1853802.993"},"geometry":{"type":"Point","coordinates":[99.39085,16.76684]}},{"type":"Feature","properties":{"hs_id":"VI1202302090713urgxbzbzcz","hsID":"VI1202302090713urgxbzbzcz","acq_date":"2023-02-09","Date":"2023-02-09","acq_time":"1413","year_be":2566,"season_be":2566,"dataset_year_be":2566,"province":"กำแพงเพชร","Province":"กำแพงเพชร","__province":"กำแพงเพชร","district":"บึงสามัคคี","Amphoe":"บึงสามัคคี","__district":"บึงสามัคคี","subdistrict":"วังชะโอน","Tambon":"วังชะโอน","__subdistrict":"วังชะโอน","village":"บ้านคอปล้อง","BaanN":"บ้านคอปล้อง","__village":"บ้านคอปล้อง","land_type":"พื้นที่เกษตร","LandType":"พื้นที่เกษตร","plant_type":"อ้อย","PlantType":"อ้อย","crop_type":"อ้อย","crop_type_raw":"อ้อย","__crop":"อ้อย","__plant_type":"อ้อย","confidence":"nominal","source":"NASA FIRMS VIIRS","source_file":"HOTSPOT Viirs 1 ม.ค - 31 พ.ค 66 (รวม).xlsx","filter_rule":"Province=กำแพงเพชร; LandType=พื้นที่เกษตร; PlantType in allowed list; hierarchy uses Province→Amphoe→Tambon→BaanN from source table","latitude":16.20594,"longitude":99.97161,"month":2,"day":9,"responsibility_code":"5","landuse_code":"A203","utm_zone":"47","utm_e":"603851.165","utm_n":"1791961.298"},"geometry":{"type":"Point","coordinates":[99.97161,16.20594]}},{"type":"Feature","properties":{"hs_id":"VI1202302081825urgxzrvrfp","hsID":"VI1202302081825urgxzrvrfp","acq_date":"2023-02-09","Date":"2023-02-09","acq_time":"125","year_be":2566,"season_be":2566,"dataset_year_be":2566,"province":"กำแพงเพชร","Province":"กำแพงเพชร","__province":"กำแพงเพชร","district":"เมืองกำแพงเพชร","Amphoe":"เมืองกำแพงเพชร","__district":"เมืองกำแพงเพชร","subdistrict":"สระแก้ว","Tambon":"สระแก้ว","__subdistrict":"สระแก้ว","village":"บ้านไร่กิโลสี่","BaanN":"บ้านไร่กิโลสี่","__village":"บ้านไร่กิโลสี่","land_type":"พื้นที่เกษตร","LandType":"พื้นที่เกษตร","plant_type":"อ้อย","PlantType":"อ้อย","crop_type":"อ้อย","crop_type_raw":"อ้อย","__crop":"อ้อย","__plant_type":"อ้อย","confidence":"nominal","source":"NASA FIRMS VIIRS","source_file":"HOTSPOT Viirs 1 ม.ค - 31 พ.ค 66 (รวม).xlsx","filter_rule":"Province=กำแพงเพชร; LandType=พื้นที่เกษตร; PlantType in allowed list; hierarchy uses Province→Amphoe→Tambon→BaanN from source table","latitude":16.49778,"longitude":99.57126,"month":2,"day":9,"responsibility_code":"5","landuse_code":"A203","utm_zone":"47","utm_e":"560967.243","utm_n":"1824084.622"},"geometry":{"type":"Point","coordinates":[99.57126,16.49778]}},{"type":"Feature","properties":{"hs_id":"VI1202302110637urgzfxbpcx","hsID":"VI1202302110637urgzfxbpcx","acq_date":"2023-02-11","Date":"2023-02-11","acq_time":"1337","year_be":2566,"season_be":2566,"dataset_year_be":2566,"province":"กำแพงเพชร","Province":"กำแพงเพชร","__province":"กำแพงเพชร","district":"พรานกระต่าย","Amphoe":"พรานกระต่าย","__district":"พรานกระต่าย","subdistrict":"ถ้ำกระต่ายทอง","Tambon":"ถ้ำกระต่ายทอง","__subdistrict":"ถ้ำกระต่ายทอง","village":"บ้านนาทอง","BaanN":"บ้านนาทอง","__village":"บ้านนาทอง","land_type":"พื้นที่เกษตร","LandType":"พื้นที่เกษตร","plant_type":"นาข้าว","PlantType":"นาข้าว","crop_type":"นาข้าว","crop_type_raw":"นาข้าว","__crop":"นาข้าว","__plant_type":"นาข้าว","confidence":"low","source":"NASA FIRMS VIIRS","source_file":"HOTSPOT Viirs 1 ม.ค - 31 พ.ค 66 (รวม).xlsx","filter_rule":"Province=กำแพงเพชร; LandType=พื้นที่เกษตร; PlantType in allowed list; hierarchy uses Province→Amphoe→Tambon→BaanN from source table","latitude":16.63337,"longitude":99.60993,"month":2,"day":11,"responsibility_code":"5","landuse_code":"A101","utm_zone":"47","utm_e":"565048.867","utm_n":"1839096.431"},"geometry":{"type":"Point","coordinates":[99.60993,16.63337]}},{"type":"Feature","properties":{"hs_id":"VI1202302120618urgzfzvrbx","hsID":"VI1202302120618urgzfzvrbx","acq_date":"2023-02-12","Date":"2023-02-12","acq_time":"1318","year_be":2566,"season_be":2566,"dataset_year_be":2566,"province":"กำแพงเพชร","Province":"กำแพงเพชร","__province":"กำแพงเพชร","district":"พรานกระต่าย","Amphoe":"พรานกระต่าย","__district":"พรานกระต่าย","subdistrict":"ถ้ำกระต่ายทอง","Tambon":"ถ้ำกระต่ายทอง","__subdistrict":"ถ้ำกระต่ายทอง","village":"บ้านนาทอง","BaanN":"บ้านนาทอง","__village":"บ้านนาทอง","land_type":"พื้นที่เกษตร","LandType":"พื้นที่เกษตร","plant_type":"นาข้าว","PlantType":"นาข้าว","crop_type":"นาข้าว","crop_type_raw":"นาข้าว","__crop":"นาข้าว","__plant_type":"นาข้าว","confidence":"nominal","source":"NASA FIRMS VIIRS","source_file":"HOTSPOT Viirs 1 ม.ค - 31 พ.ค 66 (รวม).xlsx","filter_rule":"Province=กำแพงเพชร; LandType=พื้นที่เกษตร; PlantType in allowed list; hierarchy uses Province→Amphoe→Tambon→BaanN from source table","latitude":16.65152,"longitude":99.59927,"month":2,"day":12,"responsibility_code":"5","landuse_code":"A101","utm_zone":"47","utm_e":"563905.931","utm_n":"1841100.863"},"geometry":{"type":"Point","coordinates":[99.59927,16.65152]}},{"type":"Feature","properties":{"hs_id":"VI1202302130601urgxgrvzfp","hsID":"VI1202302130601urgxgrvzfp","acq_date":"2023-02-13","Date":"2023-02-13","acq_time":"1301","year_be":2566,"season_be":2566,"dataset_year_be":2566,"province":"กำแพงเพชร","Province":"กำแพงเพชร","__province":"กำแพงเพชร","district":"เมืองกำแพงเพชร","Amphoe":"เมืองกำแพงเพชร","__district":"เมืองกำแพงเพชร","subdistrict":"อ่างทอง","Tambon":"อ่างทอง","__subdistrict":"อ่างทอง","village":"บ้านหนองยายเภา","BaanN":"บ้านหนองยายเภา","__village":"บ้านหนองยายเภา","land_type":"พื้นที่เกษตร","LandType":"พื้นที่เกษตร","plant_type":"นาข้าว","PlantType":"นาข้าว","crop_type":"นาข้าว","crop_type_raw":"นาข้าว","__crop":"นาข้าว","__plant_type":"นาข้าว","confidence":"high","source":"NASA FIRMS VIIRS","source_file":"HOTSPOT Viirs 1 ม.ค - 31 พ.ค 66 (รวม).xlsx","filter_rule":"Province=กำแพงเพชร; LandType=พื้นที่เกษตร; PlantType in allowed list; hierarchy uses Province→Amphoe→Tambon→BaanN from source table","latitude":16.32269,"longitude":99.50011,"month":2,"day":13,"responsibility_code":"5","landuse_code":"A101","utm_zone":"47","utm_e":"553421.408","utm_n":"1804695.609"},"geometry":{"type":"Point","coordinates":[99.50011,16.32269]}},{"type":"Feature","properties":{"hs_id":"VI1202302130601urgxgrzrcx","hsID":"VI1202302130601urgxgrzrcx","acq_date":"2023-02-13","Date":"2023-02-13","acq_time":"1301","year_be":2566,"season_be":2566,"dataset_year_be":2566,"province":"กำแพงเพชร","Province":"กำแพงเพชร","__province":"กำแพงเพชร","district":"เมืองกำแพงเพชร","Amphoe":"เมืองกำแพงเพชร","__district":"เมืองกำแพงเพชร","subdistrict":"อ่างทอง","Tambon":"อ่างทอง","__subdistrict":"อ่างทอง","village":"บ้านหนองยายเภา","BaanN":"บ้านหนองยายเภา","__village":"บ้านหนองยายเภา","land_type":"พื้นที่เกษตร","LandType":"พื้นที่เกษตร","plant_type":"นาข้าว","PlantType":"นาข้าว","crop_type":"นาข้าว","crop_type_raw":"นาข้าว","__crop":"นาข้าว","__plant_type":"นาข้าว","confidence":"nominal","source":"NASA FIRMS VIIRS","source_file":"HOTSPOT Viirs 1 ม.ค - 31 พ.ค 66 (รวม).xlsx","filter_rule":"Province=กำแพงเพชร; LandType=พื้นที่เกษตร; PlantType in allowed list; hierarchy uses Province→Amphoe→Tambon→BaanN from source table","latitude":16.32472,"longitude":99.50066,"month":2,"day":13,"responsibility_code":"5","landuse_code":"A101","utm_zone":"47","utm_e":"553479.609","utm_n":"1804920.315"},"geometry":{"type":"Point","coordinates":[99.50066,16.32472]}},{"type":"Feature","properties":{"hs_id":"VI1202302140722urgrgxvrfp","hsID":"VI1202302140722urgrgxvrfp","acq_date":"2023-02-14","Date":"2023-02-14","acq_time":"1422","year_be":2566,"season_be":2566,"dataset_year_be":2566,"province":"กำแพงเพชร","Province":"กำแพงเพชร","__province":"กำแพงเพชร","district":"ขาณุวรลักษบุรี","Amphoe":"ขาณุวรลักษบุรี","__district":"ขาณุวรลักษบุรี","subdistrict":"สลกบาตร","Tambon":"สลกบาตร","__subdistrict":"สลกบาตร","village":"บ้านอุตสาหกรรมยิ่งเจริญ","BaanN":"บ้านอุตสาหกรรมยิ่งเจริญ","__village":"บ้านอุตสาหกรรมยิ่งเจริญ","land_type":"พื้นที่เกษตร","LandType":"พื้นที่เกษตร","plant_type":"นาข้าว","PlantType":"นาข้าว","crop_type":"นาข้าว","crop_type_raw":"นาข้าว","__crop":"นาข้าว","__plant_type":"นาข้าว","confidence":"nominal","source":"NASA FIRMS VIIRS","source_file":"HOTSPOT Viirs 1 ม.ค - 31 พ.ค 66 (รวม).xlsx","filter_rule":"Province=กำแพงเพชร; LandType=พื้นที่เกษตร; PlantType in allowed list; hierarchy uses Province→Amphoe→Tambon→BaanN from source table","latitude":15.98142,"longitude":99.80018,"month":2,"day":14,"responsibility_code":"5","landuse_code":"A101","utm_zone":"47","utm_e":"585622.8","utm_n":"1767044.785"},"geometry":{"type":"Point","coordinates":[99.80018,15.98142]}},{"type":"Feature","properties":{"hs_id":"VI1202302170624urgzgrbpvz","hsID":"VI1202302170624urgzgrbpvz","acq_date":"2023-02-17","Date":"2023-02-17","acq_time":"1324","year_be":2566,"season_be":2566,"dataset_year_be":2566,"province":"กำแพงเพชร","Province":"กำแพงเพชร","__province":"กำแพงเพชร","district":"ลานกระบือ","Amphoe":"ลานกระบือ","__district":"ลานกระบือ","subdistrict":"บึงทับแรต","Tambon":"บึงทับแรต","__subdistrict":"บึงทับแรต","village":"บ้านบึงมาลย์น้อย","BaanN":"บ้านบึงมาลย์น้อย","__village":"บ้านบึงมาลย์น้อย","land_type":"พื้นที่เกษตร","LandType":"พื้นที่เกษตร","plant_type":"อ้อย","PlantType":"อ้อย","crop_type":"อ้อย","crop_type_raw":"อ้อย","__crop":"อ้อย","__plant_type":"อ้อย","confidence":"high","source":"NASA FIRMS VIIRS","source_file":"HOTSPOT Viirs 1 ม.ค - 31 พ.ค 66 (รวม).xlsx","filter_rule":"Province=กำแพงเพชร; LandType=พื้นที่เกษตร; PlantType in allowed list; hierarchy uses Province→Amphoe→Tambon→BaanN from source table","latitude":16.66651,"longitude":99.88165,"month":2,"day":17,"responsibility_code":"5","landuse_code":"A203","utm_zone":"47","utm_e":"594013.193","utm_n":"1842870.769"},"geometry":{"type":"Point","coordinates":[99.88165,16.66651]}},{"type":"Feature","properties":{"hs_id":"VI1202302170624urgzgrbxyp","hsID":"VI1202302170624urgzgrbxyp","acq_date":"2023-02-17","Date":"2023-02-17","acq_time":"1324","year_be":2566,"season_be":2566,"dataset_year_be":2566,"province":"กำแพงเพชร","Province":"กำแพงเพชร","__province":"กำแพงเพชร","district":"ลานกระบือ","Amphoe":"ลานกระบือ","__district":"ลานกระบือ","subdistrict":"บึงทับแรต","Tambon":"บึงทับแรต","__subdistrict":"บึงทับแรต","village":"บ้านท่าไม้งาม","BaanN":"บ้านท่าไม้งาม","__village":"บ้านท่าไม้งาม","land_type":"พื้นที่เกษตร","LandType":"พื้นที่เกษตร","plant_type":"นาข้าว","PlantType":"นาข้าว","crop_type":"นาข้าว","crop_type_raw":"นาข้าว","__crop":"นาข้าว","__plant_type":"นาข้าว","confidence":"nominal","source":"NASA FIRMS VIIRS","source_file":"HOTSPOT Viirs 1 ม.ค - 31 พ.ค 66 (รวม).xlsx","filter_rule":"Province=กำแพงเพชร; LandType=พื้นที่เกษตร; PlantType in allowed list; hierarchy uses Province→Amphoe→Tambon→BaanN from source table","latitude":16.66721,"longitude":99.88584,"month":2,"day":17,"responsibility_code":"5","landuse_code":"A101","utm_zone":"47","utm_e":"594459.672","utm_n":"1842950.189"},"geometry":{"type":"Point","coordinates":[99.88584,16.66721]}},{"type":"Feature","properties":{"hs_id":"VI1202302170624urgzgrgrbz","hsID":"VI1202302170624urgzgrgrbz","acq_date":"2023-02-17","Date":"2023-02-17","acq_time":"1324","year_be":2566,"season_be":2566,"dataset_year_be":2566,"province":"กำแพงเพชร","Province":"กำแพงเพชร","__province":"กำแพงเพชร","district":"ลานกระบือ","Amphoe":"ลานกระบือ","__district":"ลานกระบือ","subdistrict":"บึงทับแรต","Tambon":"บึงทับแรต","__subdistrict":"บึงทับแรต","village":"บ้านท่าไม้งาม","BaanN":"บ้านท่าไม้งาม","__village":"บ้านท่าไม้งาม","land_type":"พื้นที่เกษตร","LandType":"พื้นที่เกษตร","plant_type":"นาข้าว","PlantType":"นาข้าว","crop_type":"นาข้าว","crop_type_raw":"นาข้าว","__crop":"นาข้าว","__plant_type":"นาข้าว","confidence":"nominal","source":"NASA FIRMS VIIRS","source_file":"HOTSPOT Viirs 1 ม.ค - 31 พ.ค 66 (รวม).xlsx","filter_rule":"Province=กำแพงเพชร; LandType=พื้นที่เกษตร; PlantType in allowed list; hierarchy uses Province→Amphoe→Tambon→BaanN from source table","latitude":16.67076,"longitude":99.88521,"month":2,"day":17,"responsibility_code":"5","landuse_code":"A101","utm_zone":"47","utm_e":"594390.748","utm_n":"1843342.636"},"geometry":{"type":"Point","coordinates":[99.88521,16.67076]}},{"type":"Feature","properties":{"hs_id":"VI1202302161917urgzupuxgr","hsID":"VI1202302161917urgzupuxgr","acq_date":"2023-02-17","Date":"2023-02-17","acq_time":"217","year_be":2566,"season_be":2566,"dataset_year_be":2566,"province":"กำแพงเพชร","Province":"กำแพงเพชร","__province":"กำแพงเพชร","district":"พรานกระต่าย","Amphoe":"พรานกระต่าย","__district":"พรานกระต่าย","subdistrict":"วังควง","Tambon":"วังควง","__subdistrict":"วังควง","village":"บ้านวังชะโอน","BaanN":"บ้านวังชะโอน","__village":"บ้านวังชะโอน","land_type":"พื้นที่เกษตร","LandType":"พื้นที่เกษตร","plant_type":"นาข้าว","PlantType":"นาข้าว","crop_type":"นาข้าว","crop_type_raw":"นาข้าว","__crop":"นาข้าว","__plant_type":"นาข้าว","confidence":"nominal","source":"NASA FIRMS VIIRS","source_file":"HOTSPOT Viirs 1 ม.ค - 31 พ.ค 66 (รวม).xlsx","filter_rule":"Province=กำแพงเพชร; LandType=พื้นที่เกษตร; PlantType in allowed list; hierarchy uses Province→Amphoe→Tambon→BaanN from source table","latitude":16.70554,"longitude":99.43439,"month":2,"day":17,"responsibility_code":"5","landuse_code":"A101","utm_zone":"47","utm_e":"546309.848","utm_n":"1847031.332"},"geometry":{"type":"Point","coordinates":[99.43439,16.70554]}},{"type":"Feature","properties":{"hs_id":"VI1202302190548urgxvrczfp","hsID":"VI1202302190548urgxvrczfp","acq_date":"2023-02-19","Date":"2023-02-19","acq_time":"1248","year_be":2566,"season_be":2566,"dataset_year_be":2566,"province":"กำแพงเพชร","Province":"กำแพงเพชร","__province":"กำแพงเพชร","district":"เมืองกำแพงเพชร","Amphoe":"เมืองกำแพงเพชร","__district":"เมืองกำแพงเพชร","subdistrict":"เทพนคร","Tambon":"เทพนคร","__subdistrict":"เทพนคร","village":"บ้านวังทองหลาง","BaanN":"บ้านวังทองหลาง","__village":"บ้านวังทองหลาง","land_type":"พื้นที่เกษตร","LandType":"พื้นที่เกษตร","plant_type":"อ้อย","PlantType":"อ้อย","crop_type":"อ้อย","crop_type_raw":"อ้อย","__crop":"อ้อย","__plant_type":"อ้อย","confidence":"nominal","source":"NASA FIRMS VIIRS","source_file":"HOTSPOT Viirs 1 ม.ค - 31 พ.ค 66 (รวม).xlsx","filter_rule":"Province=กำแพงเพชร; LandType=พื้นที่เกษตร; PlantType in allowed list; hierarchy uses Province→Amphoe→Tambon→BaanN from source table","latitude":16.40508,"longitude":99.56929,"month":2,"day":19,"responsibility_code":"5","landuse_code":"A203","utm_zone":"47","utm_e":"560785.848","utm_n":"1813829.207"},"geometry":{"type":"Point","coordinates":[99.56929,16.40508]}},{"type":"Feature","properties":{"hs_id":"VI1202302200707urgrzzzrbr","hsID":"VI1202302200707urgrzzzrbr","acq_date":"2023-02-20","Date":"2023-02-20","acq_time":"1407","year_be":2566,"season_be":2566,"dataset_year_be":2566,"province":"กำแพงเพชร","Province":"กำแพงเพชร","__province":"กำแพงเพชร","district":"บึงสามัคคี","Amphoe":"บึงสามัคคี","__district":"บึงสามัคคี","subdistrict":"ระหาน","Tambon":"ระหาน","__subdistrict":"ระหาน","village":"บ้านคอปล้อง","BaanN":"บ้านคอปล้อง","__village":"บ้านคอปล้อง","land_type":"พื้นที่เกษตร","LandType":"พื้นที่เกษตร","plant_type":"เกษตรอื่น ๆ","PlantType":"เกษตรอื่น ๆ","crop_type":"เกษตรอื่น ๆ","crop_type_raw":"เกษตรอื่น ๆ","__crop":"เกษตรอื่น ๆ","__plant_type":"เกษตรอื่น ๆ","confidence":"nominal","source":"NASA FIRMS VIIRS","source_file":"HOTSPOT Viirs 1 ม.ค - 31 พ.ค 66 (รวม).xlsx","filter_rule":"Province=กำแพงเพชร; LandType=พื้นที่เกษตร; PlantType in allowed list; hierarchy uses Province→Amphoe→Tambon→BaanN from source table","latitude":16.17086,"longitude":99.98087,"month":2,"day":20,"responsibility_code":"5","landuse_code":"A999","utm_zone":"47","utm_e":"604859.533","utm_n":"1788085.1"},"geometry":{"type":"Point","coordinates":[99.98087,16.17086]}},{"type":"Feature","properties":{"hs_id":"VI1202302200707urgxbzyxbx","hsID":"VI1202302200707urgxbzyxbx","acq_date":"2023-02-20","Date":"2023-02-20","acq_time":"1407","year_be":2566,"season_be":2566,"dataset_year_be":2566,"province":"กำแพงเพชร","Province":"กำแพงเพชร","__province":"กำแพงเพชร","district":"คลองขลุง","Amphoe":"คลองขลุง","__district":"คลองขลุง","subdistrict":"วังยาง","Tambon":"วังยาง","__subdistrict":"วังยาง","village":"บ้านหนองโสน","BaanN":"บ้านหนองโสน","__village":"บ้านหนองโสน","land_type":"พื้นที่เกษตร","LandType":"พื้นที่เกษตร","plant_type":"อ้อย","PlantType":"อ้อย","crop_type":"อ้อย","crop_type_raw":"อ้อย","__crop":"อ้อย","__plant_type":"อ้อย","confidence":"nominal","source":"NASA FIRMS VIIRS","source_file":"HOTSPOT Viirs 1 ม.ค - 31 พ.ค 66 (รวม).xlsx","filter_rule":"Province=กำแพงเพชร; LandType=พื้นที่เกษตร; PlantType in allowed list; hierarchy uses Province→Amphoe→Tambon→BaanN from source table","latitude":16.21379,"longitude":99.77131,"month":2,"day":20,"responsibility_code":"5","landuse_code":"A203","utm_zone":"47","utm_e":"582437.464","utm_n":"1792738.812"},"geometry":{"type":"Point","coordinates":[99.77131,16.21379]}},{"type":"Feature","properties":{"hs_id":"VI1202302210650urgrvpczzp","hsID":"VI1202302210650urgrvpczzp","acq_date":"2023-02-21","Date":"2023-02-21","acq_time":"1350","year_be":2566,"season_be":2566,"dataset_year_be":2566,"province":"กำแพงเพชร","Province":"กำแพงเพชร","__province":"กำแพงเพชร","district":"ขาณุวรลักษบุรี","Amphoe":"ขาณุวรลักษบุรี","__district":"ขาณุวรลักษบุรี","subdistrict":"วังชะพลู","Tambon":"วังชะพลู","__subdistrict":"วังชะพลู","village":"บ้านตะแบกงาม","BaanN":"บ้านตะแบกงาม","__village":"บ้านตะแบกงาม","land_type":"พื้นที่เกษตร","LandType":"พื้นที่เกษตร","plant_type":"เกษตรอื่น ๆ","PlantType":"เกษตรอื่น ๆ","crop_type":"เกษตรอื่น ๆ","crop_type_raw":"เกษตรอื่น ๆ","__crop":"เกษตรอื่น ๆ","__plant_type":"เกษตรอื่น ๆ","confidence":"low","source":"NASA FIRMS VIIRS","source_file":"HOTSPOT Viirs 1 ม.ค - 31 พ.ค 66 (รวม).xlsx","filter_rule":"Province=กำแพงเพชร; LandType=พื้นที่เกษตร; PlantType in allowed list; hierarchy uses Province→Amphoe→Tambon→BaanN from source table","latitude":16.04275,"longitude":99.6901,"month":2,"day":21,"responsibility_code":"5","landuse_code":"A999","utm_zone":"47","utm_e":"573820.687","utm_n":"1773787.015"},"geometry":{"type":"Point","coordinates":[99.6901,16.04275]}},{"type":"Feature","properties":{"hs_id":"VI1202302210650urgrvpfruz","hsID":"VI1202302210650urgrvpfruz","acq_date":"2023-02-21","Date":"2023-02-21","acq_time":"1350","year_be":2566,"season_be":2566,"dataset_year_be":2566,"province":"กำแพงเพชร","Province":"กำแพงเพชร","__province":"กำแพงเพชร","district":"ขาณุวรลักษบุรี","Amphoe":"ขาณุวรลักษบุรี","__district":"ขาณุวรลักษบุรี","subdistrict":"วังชะพลู","Tambon":"วังชะพลู","__subdistrict":"วังชะพลู","village":"บ้านตะแบกงาม","BaanN":"บ้านตะแบกงาม","__village":"บ้านตะแบกงาม","land_type":"พื้นที่เกษตร","LandType":"พื้นที่เกษตร","plant_type":"เกษตรอื่น ๆ","PlantType":"เกษตรอื่น ๆ","crop_type":"เกษตรอื่น ๆ","crop_type_raw":"เกษตรอื่น ๆ","__crop":"เกษตรอื่น ๆ","__plant_type":"เกษตรอื่น ๆ","confidence":"nominal","source":"NASA FIRMS VIIRS","source_file":"HOTSPOT Viirs 1 ม.ค - 31 พ.ค 66 (รวม).xlsx","filter_rule":"Province=กำแพงเพชร; LandType=พื้นที่เกษตร; PlantType in allowed list; hierarchy uses Province→Amphoe→Tambon→BaanN from source table","latitude":16.04334,"longitude":99.69432,"month":2,"day":21,"responsibility_code":"5","landuse_code":"A999","utm_zone":"47","utm_e":"574271.904","utm_n":"1773853.789"},"geometry":{"type":"Point","coordinates":[99.69432,16.04334]}},{"type":"Feature","properties":{"hs_id":"VI1202302210650urgrvrcpzz","hsID":"VI1202302210650urgrvrcpzz","acq_date":"2023-02-21","Date":"2023-02-21","acq_time":"1350","year_be":2566,"season_be":2566,"dataset_year_be":2566,"province":"กำแพงเพชร","Province":"กำแพงเพชร","__province":"กำแพงเพชร","district":"ขาณุวรลักษบุรี","Amphoe":"ขาณุวรลักษบุรี","__district":"ขาณุวรลักษบุรี","subdistrict":"ดอนแตง","Tambon":"ดอนแตง","__subdistrict":"ดอนแตง","village":"บ้านสระตาพรม","BaanN":"บ้านสระตาพรม","__village":"บ้านสระตาพรม","land_type":"พื้นที่เกษตร","LandType":"พื้นที่เกษตร","plant_type":"นาข้าว","PlantType":"นาข้าว","crop_type":"นาข้าว","crop_type_raw":"นาข้าว","__crop":"นาข้าว","__plant_type":"นาข้าว","confidence":"nominal","source":"NASA FIRMS VIIRS","source_file":"HOTSPOT Viirs 1 ม.ค - 31 พ.ค 66 (รวม).xlsx","filter_rule":"Province=กำแพงเพชร; LandType=พื้นที่เกษตร; PlantType in allowed list; hierarchy uses Province→Amphoe→Tambon→BaanN from source table","latitude":16.05274,"longitude":99.78794,"month":2,"day":21,"responsibility_code":"5","landuse_code":"A101","utm_zone":"47","utm_e":"584283.055","utm_n":"1774929.457"},"geometry":{"type":"Point","coordinates":[99.78794,16.05274]}},{"type":"Feature","properties":{"hs_id":"VI1202302210650urgryxfpfz","hsID":"VI1202302210650urgryxfpfz","acq_date":"2023-02-21","Date":"2023-02-21","acq_time":"1350","year_be":2566,"season_be":2566,"dataset_year_be":2566,"province":"กำแพงเพชร","Province":"กำแพงเพชร","__province":"กำแพงเพชร","district":"ขาณุวรลักษบุรี","Amphoe":"ขาณุวรลักษบุรี","__district":"ขาณุวรลักษบุรี","subdistrict":"โค้งไผ่","Tambon":"โค้งไผ่","__subdistrict":"โค้งไผ่","village":"บ้านหนองเต็ง","BaanN":"บ้านหนองเต็ง","__village":"บ้านหนองเต็ง","land_type":"พื้นที่เกษตร","LandType":"พื้นที่เกษตร","plant_type":"นาข้าว","PlantType":"นาข้าว","crop_type":"นาข้าว","crop_type_raw":"นาข้าว","__crop":"นาข้าว","__plant_type":"นาข้าว","confidence":"nominal","source":"NASA FIRMS VIIRS","source_file":"HOTSPOT Viirs 1 ม.ค - 31 พ.ค 66 (รวม).xlsx","filter_rule":"Province=กำแพงเพชร; LandType=พื้นที่เกษตร; PlantType in allowed list; hierarchy uses Province→Amphoe→Tambon→BaanN from source table","latitude":16.10883,"longitude":99.67693,"month":2,"day":21,"responsibility_code":"5","landuse_code":"A101","utm_zone":"47","utm_e":"572387.906","utm_n":"1781092.257"},"geometry":{"type":"Point","coordinates":[99.67693,16.10883]}},{"type":"Feature","properties":{"hs_id":"VI1202302210650urgxgpzpvx","hsID":"VI1202302210650urgxgpzpvx","acq_date":"2023-02-21","Date":"2023-02-21","acq_time":"1350","year_be":2566,"season_be":2566,"dataset_year_be":2566,"province":"กำแพงเพชร","Province":"กำแพงเพชร","__province":"กำแพงเพชร","district":"เมืองกำแพงเพชร","Amphoe":"เมืองกำแพงเพชร","__district":"เมืองกำแพงเพชร","subdistrict":"ไตรตรึงษ์","Tambon":"ไตรตรึงษ์","__subdistrict":"ไตรตรึงษ์","village":"บ้านไตรตรึงษ์","BaanN":"บ้านไตรตรึงษ์","__village":"บ้านไตรตรึงษ์","land_type":"พื้นที่เกษตร","LandType":"พื้นที่เกษตร","plant_type":"นาข้าว","PlantType":"นาข้าว","crop_type":"นาข้าว","crop_type_raw":"นาข้าว","__crop":"นาข้าว","__plant_type":"นาข้าว","confidence":"nominal","source":"NASA FIRMS VIIRS","source_file":"HOTSPOT Viirs 1 ม.ค - 31 พ.ค 66 (รวม).xlsx","filter_rule":"Province=กำแพงเพชร; LandType=พื้นที่เกษตร; PlantType in allowed list; hierarchy uses Province→Amphoe→Tambon→BaanN from source table","latitude":16.31357,"longitude":99.54591,"month":2,"day":21,"responsibility_code":"5","landuse_code":"A101","utm_zone":"47","utm_e":"558316.554","utm_n":"1803699.289"},"geometry":{"type":"Point","coordinates":[99.54591,16.31357]}},{"type":"Feature","properties":{"hs_id":"VI1202302220631urgxcryzbr","hsID":"VI1202302220631urgxcryzbr","acq_date":"2023-02-22","Date":"2023-02-22","acq_time":"1331","year_be":2566,"season_be":2566,"dataset_year_be":2566,"province":"กำแพงเพชร","Province":"กำแพงเพชร","__province":"กำแพงเพชร","district":"คลองขลุง","Amphoe":"คลองขลุง","__district":"คลองขลุง","subdistrict":"ท่าพุทรา","Tambon":"ท่าพุทรา","__subdistrict":"ท่าพุทรา","village":"บ้านกระโดนเตี้ย","BaanN":"บ้านกระโดนเตี้ย","__village":"บ้านกระโดนเตี้ย","land_type":"พื้นที่เกษตร","LandType":"พื้นที่เกษตร","plant_type":"อ้อย","PlantType":"อ้อย","crop_type":"อ้อย","crop_type_raw":"อ้อย","__crop":"อ้อย","__plant_type":"อ้อย","confidence":"low","source":"NASA FIRMS VIIRS","source_file":"HOTSPOT Viirs 1 ม.ค - 31 พ.ค 66 (รวม).xlsx","filter_rule":"Province=กำแพงเพชร; LandType=พื้นที่เกษตร; PlantType in allowed list; hierarchy uses Province→Amphoe→Tambon→BaanN from source table","latitude":16.23609,"longitude":99.67628,"month":2,"day":22,"responsibility_code":"5","landuse_code":"A203","utm_zone":"47","utm_e":"572272.111","utm_n":"1795169.882"},"geometry":{"type":"Point","coordinates":[99.67628,16.23609]}},{"type":"Feature","properties":{"hs_id":"VI1202302211921urgzbzbxfr","hsID":"VI1202302211921urgzbzbxfr","acq_date":"2023-02-22","Date":"2023-02-22","acq_time":"221","year_be":2566,"season_be":2566,"dataset_year_be":2566,"province":"กำแพงเพชร","Province":"กำแพงเพชร","__province":"กำแพงเพชร","district":"พรานกระต่าย","Amphoe":"พรานกระต่าย","__district":"พรานกระต่าย","subdistrict":"เขาคีริส","Tambon":"เขาคีริส","__subdistrict":"เขาคีริส","village":"บ้านหนองทอง","BaanN":"บ้านหนองทอง","__village":"บ้านหนองทอง","land_type":"พื้นที่เกษตร","LandType":"พื้นที่เกษตร","plant_type":"อ้อย","PlantType":"อ้อย","crop_type":"อ้อย","crop_type_raw":"อ้อย","__crop":"อ้อย","__plant_type":"อ้อย","confidence":"nominal","source":"NASA FIRMS VIIRS","source_file":"HOTSPOT Viirs 1 ม.ค - 31 พ.ค 66 (รวม).xlsx","filter_rule":"Province=กำแพงเพชร; LandType=พื้นที่เกษตร; PlantType in allowed list; hierarchy uses Province→Amphoe→Tambon→BaanN from source table","latitude":16.55719,"longitude":99.71758,"month":2,"day":22,"responsibility_code":"5","landuse_code":"A203","utm_zone":"47","utm_e":"576560.324","utm_n":"1830706.868"},"geometry":{"type":"Point","coordinates":[99.71758,16.55719]}},{"type":"Feature","properties":{"hs_id":"VI1202302220631urgzgxbrfp","hsID":"VI1202302220631urgzgxbrfp","acq_date":"2023-02-22","Date":"2023-02-22","acq_time":"1331","year_be":2566,"season_be":2566,"dataset_year_be":2566,"province":"กำแพงเพชร","Province":"กำแพงเพชร","__province":"กำแพงเพชร","district":"พรานกระต่าย","Amphoe":"พรานกระต่าย","__district":"พรานกระต่าย","subdistrict":"พรานกระต่าย","Tambon":"พรานกระต่าย","__subdistrict":"พรานกระต่าย","village":"บ้านเขาสว่างอารมณ์","BaanN":"บ้านเขาสว่างอารมณ์","__village":"บ้านเขาสว่างอารมณ์","land_type":"พื้นที่เกษตร","LandType":"พื้นที่เกษตร","plant_type":"เกษตรอื่น ๆ","PlantType":"เกษตรอื่น ๆ","crop_type":"เกษตรอื่น ๆ","crop_type_raw":"เกษตรอื่น ๆ","__crop":"เกษตรอื่น ๆ","__plant_type":"เกษตรอื่น ๆ","confidence":"nominal","source":"NASA FIRMS VIIRS","source_file":"HOTSPOT Viirs 1 ม.ค - 31 พ.ค 66 (รวม).xlsx","filter_rule":"Province=กำแพงเพชร; LandType=พื้นที่เกษตร; PlantType in allowed list; hierarchy uses Province→Amphoe→Tambon→BaanN from source table","latitude":16.67768,"longitude":99.55365,"month":2,"day":22,"responsibility_code":"5","landuse_code":"A999","utm_zone":"47","utm_e":"559032.878","utm_n":"1843980.805"},"geometry":{"type":"Point","coordinates":[99.55365,16.67768]}},{"type":"Feature","properties":{"hs_id":"VI1202302230612urgrvpgzyz","hsID":"VI1202302230612urgrvpgzyz","acq_date":"2023-02-23","Date":"2023-02-23","acq_time":"1312","year_be":2566,"season_be":2566,"dataset_year_be":2566,"province":"กำแพงเพชร","Province":"กำแพงเพชร","__province":"กำแพงเพชร","district":"ขาณุวรลักษบุรี","Amphoe":"ขาณุวรลักษบุรี","__district":"ขาณุวรลักษบุรี","subdistrict":"ดอนแตง","Tambon":"ดอนแตง","__subdistrict":"ดอนแตง","village":"บ้านดอนโค้ง","BaanN":"บ้านดอนโค้ง","__village":"บ้านดอนโค้ง","land_type":"พื้นที่เกษตร","LandType":"พื้นที่เกษตร","plant_type":"นาข้าว","PlantType":"นาข้าว","crop_type":"นาข้าว","crop_type_raw":"นาข้าว","__crop":"นาข้าว","__plant_type":"นาข้าว","confidence":"nominal","source":"NASA FIRMS VIIRS","source_file":"HOTSPOT Viirs 1 ม.ค - 31 พ.ค 66 (รวม).xlsx","filter_rule":"Province=กำแพงเพชร; LandType=พื้นที่เกษตร; PlantType in allowed list; hierarchy uses Province→Amphoe→Tambon→BaanN from source table","latitude":16.04548,"longitude":99.73587,"month":2,"day":23,"responsibility_code":"5","landuse_code":"A101","utm_zone":"47","utm_e":"578715.9","utm_n":"1774105.853"},"geometry":{"type":"Point","coordinates":[99.73587,16.04548]}},{"type":"Feature","properties":{"hs_id":"VI1202302230612urgrvrypyz","hsID":"VI1202302230612urgrvrypyz","acq_date":"2023-02-23","Date":"2023-02-23","acq_time":"1312","year_be":2566,"season_be":2566,"dataset_year_be":2566,"province":"กำแพงเพชร","Province":"กำแพงเพชร","__province":"กำแพงเพชร","district":"ขาณุวรลักษบุรี","Amphoe":"ขาณุวรลักษบุรี","__district":"ขาณุวรลักษบุรี","subdistrict":"แสนตอ","Tambon":"แสนตอ","__subdistrict":"แสนตอ","village":"บ้านแสนตอ","BaanN":"บ้านแสนตอ","__village":"บ้านแสนตอ","land_type":"พื้นที่เกษตร","LandType":"พื้นที่เกษตร","plant_type":"นาข้าว","PlantType":"นาข้าว","crop_type":"นาข้าว","crop_type_raw":"นาข้าว","__crop":"นาข้าว","__plant_type":"นาข้าว","confidence":"nominal","source":"NASA FIRMS VIIRS","source_file":"HOTSPOT Viirs 1 ม.ค - 31 พ.ค 66 (รวม).xlsx","filter_rule":"Province=กำแพงเพชร; LandType=พื้นที่เกษตร; PlantType in allowed list; hierarchy uses Province→Amphoe→Tambon→BaanN from source table","latitude":16.05956,"longitude":99.83624,"month":2,"day":23,"responsibility_code":"5","landuse_code":"A101","utm_zone":"47","utm_e":"589446.788","utm_n":"1775704.171"},"geometry":{"type":"Point","coordinates":[99.83624,16.05956]}},{"type":"Feature","properties":{"hs_id":"VI1202302230612urgxgpzrzz","hsID":"VI1202302230612urgxgpzrzz","acq_date":"2023-02-23","Date":"2023-02-23","acq_time":"1312","year_be":2566,"season_be":2566,"dataset_year_be":2566,"province":"กำแพงเพชร","Province":"กำแพงเพชร","__province":"กำแพงเพชร","district":"คลองขลุง","Amphoe":"คลองขลุง","__district":"คลองขลุง","subdistrict":"วังบัว","Tambon":"วังบัว","__subdistrict":"วังบัว","village":"บ้านท่าคล้อ","BaanN":"บ้านท่าคล้อ","__village":"บ้านท่าคล้อ","land_type":"พื้นที่เกษตร","LandType":"พื้นที่เกษตร","plant_type":"อ้อย","PlantType":"อ้อย","crop_type":"อ้อย","crop_type_raw":"อ้อย","__crop":"อ้อย","__plant_type":"อ้อย","confidence":"nominal","source":"NASA FIRMS VIIRS","source_file":"HOTSPOT Viirs 1 ม.ค - 31 พ.ค 66 (รวม).xlsx","filter_rule":"Province=กำแพงเพชร; LandType=พื้นที่เกษตร; PlantType in allowed list; hierarchy uses Province→Amphoe→Tambon→BaanN from source table","latitude":16.314,"longitude":99.69502,"month":2,"day":23,"responsibility_code":"5","landuse_code":"A203","utm_zone":"47","utm_e":"574245.583","utm_n":"1803795.313"},"geometry":{"type":"Point","coordinates":[99.69502,16.314]}},{"type":"Feature","properties":{"hs_id":"VI1202302230612urgxgpzxzr","hsID":"VI1202302230612urgxgpzxzr","acq_date":"2023-02-23","Date":"2023-02-23","acq_time":"1312","year_be":2566,"season_be":2566,"dataset_year_be":2566,"province":"กำแพงเพชร","Province":"กำแพงเพชร","__province":"กำแพงเพชร","district":"คลองขลุง","Amphoe":"คลองขลุง","__district":"คลองขลุง","subdistrict":"วังบัว","Tambon":"วังบัว","__subdistrict":"วังบัว","village":"บ้านท่าคล้อ","BaanN":"บ้านท่าคล้อ","__village":"บ้านท่าคล้อ","land_type":"พื้นที่เกษตร","LandType":"พื้นที่เกษตร","plant_type":"อ้อย","PlantType":"อ้อย","crop_type":"อ้อย","crop_type_raw":"อ้อย","__crop":"อ้อย","__plant_type":"อ้อย","confidence":"nominal","source":"NASA FIRMS VIIRS","source_file":"HOTSPOT Viirs 1 ม.ค - 31 พ.ค 66 (รวม).xlsx","filter_rule":"Province=กำแพงเพชร; LandType=พื้นที่เกษตร; PlantType in allowed list; hierarchy uses Province→Amphoe→Tambon→BaanN from source table","latitude":16.31433,"longitude":99.69571,"month":2,"day":23,"responsibility_code":"5","landuse_code":"A203","utm_zone":"47","utm_e":"574319.17","utm_n":"1803832.071"},"geometry":{"type":"Point","coordinates":[99.69571,16.31433]}},{"type":"Feature","properties":{"hs_id":"VI1202302231845urgrzzcxvp","hsID":"VI1202302231845urgrzzcxvp","acq_date":"2023-02-24","Date":"2023-02-24","acq_time":"145","year_be":2566,"season_be":2566,"dataset_year_be":2566,"province":"กำแพงเพชร","Province":"กำแพงเพชร","__province":"กำแพงเพชร","district":"คลองลาน","Amphoe":"คลองลาน","__district":"คลองลาน","subdistrict":"คลองน้ำไหล","Tambon":"คลองน้ำไหล","__subdistrict":"คลองน้ำไหล","village":"บ้านคลองพลู","BaanN":"บ้านคลองพลู","__village":"บ้านคลองพลู","land_type":"พื้นที่เกษตร","LandType":"พื้นที่เกษตร","plant_type":"เกษตรอื่น ๆ","PlantType":"เกษตรอื่น ๆ","crop_type":"เกษตรอื่น ๆ","crop_type_raw":"เกษตรอื่น ๆ","__crop":"เกษตรอื่น ๆ","__plant_type":"เกษตรอื่น ๆ","confidence":"nominal","source":"NASA FIRMS VIIRS","source_file":"HOTSPOT Viirs 1 ม.ค - 31 พ.ค 66 (รวม).xlsx","filter_rule":"Province=กำแพงเพชร; LandType=พื้นที่เกษตร; PlantType in allowed list; hierarchy uses Province→Amphoe→Tambon→BaanN from source table","latitude":16.16317,"longitude":99.29426,"month":2,"day":24,"responsibility_code":"5","landuse_code":"A999","utm_zone":"47","utm_e":"531457.78","utm_n":"1787006.956"},"geometry":{"type":"Point","coordinates":[99.29426,16.16317]}},{"type":"Feature","properties":{"hs_id":"VI1202302240735urgxcpypuz","hsID":"VI1202302240735urgxcpypuz","acq_date":"2023-02-24","Date":"2023-02-24","acq_time":"1435","year_be":2566,"season_be":2566,"dataset_year_be":2566,"province":"กำแพงเพชร","Province":"กำแพงเพชร","__province":"กำแพงเพชร","district":"คลองขลุง","Amphoe":"คลองขลุง","__district":"คลองขลุง","subdistrict":"คลองขลุง","Tambon":"คลองขลุง","__subdistrict":"คลองขลุง","village":"บ้านวังหิน","BaanN":"บ้านวังหิน","__village":"บ้านวังหิน","land_type":"พื้นที่เกษตร","LandType":"พื้นที่เกษตร","plant_type":"นาข้าว","PlantType":"นาข้าว","crop_type":"นาข้าว","crop_type_raw":"นาข้าว","__crop":"นาข้าว","__plant_type":"นาข้าว","confidence":"nominal","source":"NASA FIRMS VIIRS","source_file":"HOTSPOT Viirs 1 ม.ค - 31 พ.ค 66 (รวม).xlsx","filter_rule":"Province=กำแพงเพชร; LandType=พื้นที่เกษตร; PlantType in allowed list; hierarchy uses Province→Amphoe→Tambon→BaanN from source table","latitude":16.22427,"longitude":99.68999,"month":2,"day":24,"responsibility_code":"5","landuse_code":"A101","utm_zone":"47","utm_e":"573741.72","utm_n":"1793867.195"},"geometry":{"type":"Point","coordinates":[99.68999,16.22427]}},{"type":"Feature","properties":{"hs_id":"VI1202302240735urgxcrbrbz","hsID":"VI1202302240735urgxcrbrbz","acq_date":"2023-02-24","Date":"2023-02-24","acq_time":"1435","year_be":2566,"season_be":2566,"dataset_year_be":2566,"province":"กำแพงเพชร","Province":"กำแพงเพชร","__province":"กำแพงเพชร","district":"คลองขลุง","Amphoe":"คลองขลุง","__district":"คลองขลุง","subdistrict":"คลองขลุง","Tambon":"คลองขลุง","__subdistrict":"คลองขลุง","village":"บ้านวังหิน","BaanN":"บ้านวังหิน","__village":"บ้านวังหิน","land_type":"พื้นที่เกษตร","LandType":"พื้นที่เกษตร","plant_type":"นาข้าว","PlantType":"นาข้าว","crop_type":"นาข้าว","crop_type_raw":"นาข้าว","__crop":"นาข้าว","__plant_type":"นาข้าว","confidence":"nominal","source":"NASA FIRMS VIIRS","source_file":"HOTSPOT Viirs 1 ม.ค - 31 พ.ค 66 (รวม).xlsx","filter_rule":"Province=กำแพงเพชร; LandType=พื้นที่เกษตร; PlantType in allowed list; hierarchy uses Province→Amphoe→Tambon→BaanN from source table","latitude":16.22719,"longitude":99.68846,"month":2,"day":24,"responsibility_code":"5","landuse_code":"A101","utm_zone":"47","utm_e":"573577.113","utm_n":"1794189.667"},"geometry":{"type":"Point","coordinates":[99.68846,16.22719]}},{"type":"Feature","properties":{"hs_id":"VI1202302231845urgxupfpbp","hsID":"VI1202302231845urgxupfpbp","acq_date":"2023-02-24","Date":"2023-02-24","acq_time":"145","year_be":2566,"season_be":2566,"dataset_year_be":2566,"province":"กำแพงเพชร","Province":"กำแพงเพชร","__province":"กำแพงเพชร","district":"เมืองกำแพงเพชร","Amphoe":"เมืองกำแพงเพชร","__district":"เมืองกำแพงเพชร","subdistrict":"อ่างทอง","Tambon":"อ่างทอง","__subdistrict":"อ่างทอง","village":"บ้านหนองขามเจริญสุข","BaanN":"บ้านหนองขามเจริญสุข","__village":"บ้านหนองขามเจริญสุข","land_type":"พื้นที่เกษตร","LandType":"พื้นที่เกษตร","plant_type":"เกษตรอื่น ๆ","PlantType":"เกษตรอื่น ๆ","crop_type":"เกษตรอื่น ๆ","crop_type_raw":"เกษตรอื่น ๆ","__crop":"เกษตรอื่น ๆ","__plant_type":"เกษตรอื่น ๆ","confidence":"nominal","source":"NASA FIRMS VIIRS","source_file":"HOTSPOT Viirs 1 ม.ค - 31 พ.ค 66 (รวม).xlsx","filter_rule":"Province=กำแพงเพชร; LandType=พื้นที่เกษตร; PlantType in allowed list; hierarchy uses Province→Amphoe→Tambon→BaanN from source table","latitude":16.35041,"longitude":99.49807,"month":2,"day":24,"responsibility_code":"5","landuse_code":"A999","utm_zone":"47","utm_e":"553195.994","utm_n":"1807761.503"},"geometry":{"type":"Point","coordinates":[99.49807,16.35041]}},{"type":"Feature","properties":{"hs_id":"VI1202302240735urgxvrbxgp","hsID":"VI1202302240735urgxvrbxgp","acq_date":"2023-02-24","Date":"2023-02-24","acq_time":"1435","year_be":2566,"season_be":2566,"dataset_year_be":2566,"province":"กำแพงเพชร","Province":"กำแพงเพชร","__province":"กำแพงเพชร","district":"เมืองกำแพงเพชร","Amphoe":"เมืองกำแพงเพชร","__district":"เมืองกำแพงเพชร","subdistrict":"เทพนคร","Tambon":"เทพนคร","__subdistrict":"เทพนคร","village":"บ้านหนองสามมุก","BaanN":"บ้านหนองสามมุก","__village":"บ้านหนองสามมุก","land_type":"พื้นที่เกษตร","LandType":"พื้นที่เกษตร","plant_type":"นาข้าว","PlantType":"นาข้าว","crop_type":"นาข้าว","crop_type_raw":"นาข้าว","__crop":"นาข้าว","__plant_type":"นาข้าว","confidence":"nominal","source":"NASA FIRMS VIIRS","source_file":"HOTSPOT Viirs 1 ม.ค - 31 พ.ค 66 (รวม).xlsx","filter_rule":"Province=กำแพงเพชร; LandType=พื้นที่เกษตร; PlantType in allowed list; hierarchy uses Province→Amphoe→Tambon→BaanN from source table","latitude":16.40341,"longitude":99.61195,"month":2,"day":24,"responsibility_code":"5","landuse_code":"A101","utm_zone":"47","utm_e":"565341.561","utm_n":"1813657.727"},"geometry":{"type":"Point","coordinates":[99.61195,16.40341]}},{"type":"Feature","properties":{"hs_id":"VI1202302240554urgxvrfrcx","hsID":"VI1202302240554urgxvrfrcx","acq_date":"2023-02-24","Date":"2023-02-24","acq_time":"1254","year_be":2566,"season_be":2566,"dataset_year_be":2566,"province":"กำแพงเพชร","Province":"กำแพงเพชร","__province":"กำแพงเพชร","district":"เมืองกำแพงเพชร","Amphoe":"เมืองกำแพงเพชร","__district":"เมืองกำแพงเพชร","subdistrict":"เทพนคร","Tambon":"เทพนคร","__subdistrict":"เทพนคร","village":"บ้านหนองสามมุก","BaanN":"บ้านหนองสามมุก","__village":"บ้านหนองสามมุก","land_type":"พื้นที่เกษตร","LandType":"พื้นที่เกษตร","plant_type":"นาข้าว","PlantType":"นาข้าว","crop_type":"นาข้าว","crop_type_raw":"นาข้าว","__crop":"นาข้าว","__plant_type":"นาข้าว","confidence":"nominal","source":"NASA FIRMS VIIRS","source_file":"HOTSPOT Viirs 1 ม.ค - 31 พ.ค 66 (รวม).xlsx","filter_rule":"Province=กำแพงเพชร; LandType=พื้นที่เกษตร; PlantType in allowed list; hierarchy uses Province→Amphoe→Tambon→BaanN from source table","latitude":16.40575,"longitude":99.61048,"month":2,"day":24,"responsibility_code":"5","landuse_code":"A101","utm_zone":"47","utm_e":"565183.817","utm_n":"1813916.114"},"geometry":{"type":"Point","coordinates":[99.61048,16.40575]}},{"type":"Feature","properties":{"hs_id":"VI1202302240735urgxvrfzbr","hsID":"VI1202302240735urgxvrfzbr","acq_date":"2023-02-24","Date":"2023-02-24","acq_time":"1435","year_be":2566,"season_be":2566,"dataset_year_be":2566,"province":"กำแพงเพชร","Province":"กำแพงเพชร","__province":"กำแพงเพชร","district":"เมืองกำแพงเพชร","Amphoe":"เมืองกำแพงเพชร","__district":"เมืองกำแพงเพชร","subdistrict":"เทพนคร","Tambon":"เทพนคร","__subdistrict":"เทพนคร","village":"บ้านหนองสามมุก","BaanN":"บ้านหนองสามมุก","__village":"บ้านหนองสามมุก","land_type":"พื้นที่เกษตร","LandType":"พื้นที่เกษตร","plant_type":"นาข้าว","PlantType":"นาข้าว","crop_type":"นาข้าว","crop_type_raw":"นาข้าว","__crop":"นาข้าว","__plant_type":"นาข้าว","confidence":"nominal","source":"NASA FIRMS VIIRS","source_file":"HOTSPOT Viirs 1 ม.ค - 31 พ.ค 66 (รวม).xlsx","filter_rule":"Province=กำแพงเพชร; LandType=พื้นที่เกษตร; PlantType in allowed list; hierarchy uses Province→Amphoe→Tambon→BaanN from source table","latitude":16.40638,"longitude":99.60707,"month":2,"day":24,"responsibility_code":"5","landuse_code":"A101","utm_zone":"47","utm_e":"564819.495","utm_n":"1813984.715"},"geometry":{"type":"Point","coordinates":[99.60707,16.40638]}},{"type":"Feature","properties":{"hs_id":"VI1202302240735urgxvrvzcz","hsID":"VI1202302240735urgxvrvzcz","acq_date":"2023-02-24","Date":"2023-02-24","acq_time":"1435","year_be":2566,"season_be":2566,"dataset_year_be":2566,"province":"กำแพงเพชร","Province":"กำแพงเพชร","__province":"กำแพงเพชร","district":"เมืองกำแพงเพชร","Amphoe":"เมืองกำแพงเพชร","__district":"เมืองกำแพงเพชร","subdistrict":"เทพนคร","Tambon":"เทพนคร","__subdistrict":"เทพนคร","village":"บ้านหนองสามมุก","BaanN":"บ้านหนองสามมุก","__village":"บ้านหนองสามมุก","land_type":"พื้นที่เกษตร","LandType":"พื้นที่เกษตร","plant_type":"นาข้าว","PlantType":"นาข้าว","crop_type":"นาข้าว","crop_type_raw":"นาข้าว","__crop":"นาข้าว","__plant_type":"นาข้าว","confidence":"nominal","source":"NASA FIRMS VIIRS","source_file":"HOTSPOT Viirs 1 ม.ค - 31 พ.ค 66 (รวม).xlsx","filter_rule":"Province=กำแพงเพชร; LandType=พื้นที่เกษตร; PlantType in allowed list; hierarchy uses Province→Amphoe→Tambon→BaanN from source table","latitude":16.41057,"longitude":99.61134,"month":2,"day":24,"responsibility_code":"5","landuse_code":"A101","utm_zone":"47","utm_e":"565274.039","utm_n":"1814449.599"},"geometry":{"type":"Point","coordinates":[99.61134,16.41057]}},{"type":"Feature","properties":{"hs_id":"VI1202302241825urgxvzypyx","hsID":"VI1202302241825urgxvzypyx","acq_date":"2023-02-25","Date":"2023-02-25","acq_time":"125","year_be":2566,"season_be":2566,"dataset_year_be":2566,"province":"กำแพงเพชร","Province":"กำแพงเพชร","__province":"กำแพงเพชร","district":"เมืองกำแพงเพชร","Amphoe":"เมืองกำแพงเพชร","__district":"เมืองกำแพงเพชร","subdistrict":"เทพนคร","Tambon":"เทพนคร","__subdistrict":"เทพนคร","village":"บ้านโขมงหัก","BaanN":"บ้านโขมงหัก","__village":"บ้านโขมงหัก","land_type":"พื้นที่เกษตร","LandType":"พื้นที่เกษตร","plant_type":"นาข้าว","PlantType":"นาข้าว","crop_type":"นาข้าว","crop_type_raw":"นาข้าว","__crop":"นาข้าว","__plant_type":"นาข้าว","confidence":"nominal","source":"NASA FIRMS VIIRS","source_file":"HOTSPOT Viirs 1 ม.ค - 31 พ.ค 66 (รวม).xlsx","filter_rule":"Province=กำแพงเพชร; LandType=พื้นที่เกษตร; PlantType in allowed list; hierarchy uses Province→Amphoe→Tambon→BaanN from source table","latitude":16.43308,"longitude":99.55191,"month":2,"day":25,"responsibility_code":"5","landuse_code":"A101","utm_zone":"47","utm_e":"558921.618","utm_n":"1816921.526"},"geometry":{"type":"Point","coordinates":[99.55191,16.43308]}},{"type":"Feature","properties":{"hs_id":"VI1202302260656urgryzgrgr","hsID":"VI1202302260656urgryzgrgr","acq_date":"2023-02-26","Date":"2023-02-26","acq_time":"1356","year_be":2566,"season_be":2566,"dataset_year_be":2566,"province":"กำแพงเพชร","Province":"กำแพงเพชร","__province":"กำแพงเพชร","district":"ขาณุวรลักษบุรี","Amphoe":"ขาณุวรลักษบุรี","__district":"ขาณุวรลักษบุรี","subdistrict":"โค้งไผ่","Tambon":"โค้งไผ่","__subdistrict":"โค้งไผ่","village":"บ้านคลองน้ำเย็น","BaanN":"บ้านคลองน้ำเย็น","__village":"บ้านคลองน้ำเย็น","land_type":"พื้นที่เกษตร","LandType":"พื้นที่เกษตร","plant_type":"นาข้าว","PlantType":"นาข้าว","crop_type":"นาข้าว","crop_type_raw":"นาข้าว","__crop":"นาข้าว","__plant_type":"นาข้าว","confidence":"nominal","source":"NASA FIRMS VIIRS","source_file":"HOTSPOT Viirs 1 ม.ค - 31 พ.ค 66 (รวม).xlsx","filter_rule":"Province=กำแพงเพชร; LandType=พื้นที่เกษตร; PlantType in allowed list; hierarchy uses Province→Amphoe→Tambon→BaanN from source table","latitude":16.12155,"longitude":99.73145,"month":2,"day":26,"responsibility_code":"5","landuse_code":"A101","utm_zone":"47","utm_e":"578213.307","utm_n":"1782519.269"},"geometry":{"type":"Point","coordinates":[99.73145,16.12155]}},{"type":"Feature","properties":{"hs_id":"VI1202302270637urgryzzryx","hsID":"VI1202302270637urgryzzryx","acq_date":"2023-02-27","Date":"2023-02-27","acq_time":"1337","year_be":2566,"season_be":2566,"dataset_year_be":2566,"province":"กำแพงเพชร","Province":"กำแพงเพชร","__province":"กำแพงเพชร","district":"ปางศิลาทอง","Amphoe":"ปางศิลาทอง","__district":"ปางศิลาทอง","subdistrict":"โพธิ์ทอง","Tambon":"โพธิ์ทอง","__subdistrict":"โพธิ์ทอง","village":"บ้านหนองไผ่","BaanN":"บ้านหนองไผ่","__village":"บ้านหนองไผ่","land_type":"พื้นที่เกษตร","LandType":"พื้นที่เกษตร","plant_type":"อ้อย","PlantType":"อ้อย","crop_type":"อ้อย","crop_type_raw":"อ้อย","__crop":"อ้อย","__plant_type":"อ้อย","confidence":"low","source":"NASA FIRMS VIIRS","source_file":"HOTSPOT Viirs 1 ม.ค - 31 พ.ค 66 (รวม).xlsx","filter_rule":"Province=กำแพงเพชร; LandType=พื้นที่เกษตร; PlantType in allowed list; hierarchy uses Province→Amphoe→Tambon→BaanN from source table","latitude":16.12718,"longitude":99.60782,"month":2,"day":27,"responsibility_code":"5","landuse_code":"A203","utm_zone":"47","utm_e":"564991.36","utm_n":"1783099.16"},"geometry":{"type":"Point","coordinates":[99.60782,16.12718]}},{"type":"Feature","properties":{"hs_id":"VI1202302270637urgrzzbpyx","hsID":"VI1202302270637urgrzzbpyx","acq_date":"2023-02-27","Date":"2023-02-27","acq_time":"1337","year_be":2566,"season_be":2566,"dataset_year_be":2566,"province":"กำแพงเพชร","Province":"กำแพงเพชร","__province":"กำแพงเพชร","district":"คลองขลุง","Amphoe":"คลองขลุง","__district":"คลองขลุง","subdistrict":"วังแขม","Tambon":"วังแขม","__subdistrict":"วังแขม","village":"บ้านไร่ใหม่","BaanN":"บ้านไร่ใหม่","__village":"บ้านไร่ใหม่","land_type":"พื้นที่เกษตร","LandType":"พื้นที่เกษตร","plant_type":"อ้อย","PlantType":"อ้อย","crop_type":"อ้อย","crop_type_raw":"อ้อย","__crop":"อ้อย","__plant_type":"อ้อย","confidence":"low","source":"NASA FIRMS VIIRS","source_file":"HOTSPOT Viirs 1 ม.ค - 31 พ.ค 66 (รวม).xlsx","filter_rule":"Province=กำแพงเพชร; LandType=พื้นที่เกษตร; PlantType in allowed list; hierarchy uses Province→Amphoe→Tambon→BaanN from source table","latitude":16.16117,"longitude":99.82982,"month":2,"day":27,"responsibility_code":"5","landuse_code":"A203","utm_zone":"47","utm_e":"588714.865","utm_n":"1786942.061"},"geometry":{"type":"Point","coordinates":[99.82982,16.16117]}},{"type":"Feature","properties":{"hs_id":"VI1202302261927urgxfxzxyz","hsID":"VI1202302261927urgxfxzxyz","acq_date":"2023-02-27","Date":"2023-02-27","acq_time":"227","year_be":2566,"season_be":2566,"dataset_year_be":2566,"province":"กำแพงเพชร","Province":"กำแพงเพชร","__province":"กำแพงเพชร","district":"คลองขลุง","Amphoe":"คลองขลุง","__district":"คลองขลุง","subdistrict":"หัวถนน","Tambon":"หัวถนน","__subdistrict":"หัวถนน","village":"บ้านท่าแขยง","BaanN":"บ้านท่าแขยง","__village":"บ้านท่าแขยง","land_type":"พื้นที่เกษตร","LandType":"พื้นที่เกษตร","plant_type":"นาข้าว","PlantType":"นาข้าว","crop_type":"นาข้าว","crop_type_raw":"นาข้าว","__crop":"นาข้าว","__plant_type":"นาข้าว","confidence":"nominal","source":"NASA FIRMS VIIRS","source_file":"HOTSPOT Viirs 1 ม.ค - 31 พ.ค 66 (รวม).xlsx","filter_rule":"Province=กำแพงเพชร; LandType=พื้นที่เกษตร; PlantType in allowed list; hierarchy uses Province→Amphoe→Tambon→BaanN from source table","latitude":16.29233,"longitude":99.6508,"month":2,"day":27,"responsibility_code":"5","landuse_code":"A101","utm_zone":"47","utm_e":"569529.242","utm_n":"1801382.514"},"geometry":{"type":"Point","coordinates":[99.6508,16.29233]}},{"type":"Feature","properties":{"hs_id":"VI1202302261927urgxfzgpfr","hsID":"VI1202302261927urgxfzgpfr","acq_date":"2023-02-27","Date":"2023-02-27","acq_time":"227","year_be":2566,"season_be":2566,"dataset_year_be":2566,"province":"กำแพงเพชร","Province":"กำแพงเพชร","__province":"กำแพงเพชร","district":"คลองขลุง","Amphoe":"คลองขลุง","__district":"คลองขลุง","subdistrict":"หัวถนน","Tambon":"หัวถนน","__subdistrict":"หัวถนน","village":"บ้านท่าแขยง","BaanN":"บ้านท่าแขยง","__village":"บ้านท่าแขยง","land_type":"พื้นที่เกษตร","LandType":"พื้นที่เกษตร","plant_type":"นาข้าว","PlantType":"นาข้าว","crop_type":"นาข้าว","crop_type_raw":"นาข้าว","__crop":"นาข้าว","__plant_type":"นาข้าว","confidence":"nominal","source":"NASA FIRMS VIIRS","source_file":"HOTSPOT Viirs 1 ม.ค - 31 พ.ค 66 (รวม).xlsx","filter_rule":"Province=กำแพงเพชร; LandType=พื้นที่เกษตร; PlantType in allowed list; hierarchy uses Province→Amphoe→Tambon→BaanN from source table","latitude":16.29695,"longitude":99.65177,"month":2,"day":27,"responsibility_code":"5","landuse_code":"A101","utm_zone":"47","utm_e":"569631.246","utm_n":"1801893.925"},"geometry":{"type":"Point","coordinates":[99.65177,16.29695]}},{"type":"Feature","properties":{"hs_id":"VI1202302270637urgxurzpzz","hsID":"VI1202302270637urgxurzpzz","acq_date":"2023-02-27","Date":"2023-02-27","acq_time":"1337","year_be":2566,"season_be":2566,"dataset_year_be":2566,"province":"กำแพงเพชร","Province":"กำแพงเพชร","__province":"กำแพงเพชร","district":"เมืองกำแพงเพชร","Amphoe":"เมืองกำแพงเพชร","__district":"เมืองกำแพงเพชร","subdistrict":"เทพนคร","Tambon":"เทพนคร","__subdistrict":"เทพนคร","village":"บ้านเกาะสง่า","BaanN":"บ้านเกาะสง่า","__village":"บ้านเกาะสง่า","land_type":"พื้นที่เกษตร","LandType":"พื้นที่เกษตร","plant_type":"เกษตรอื่น ๆ","PlantType":"เกษตรอื่น ๆ","crop_type":"เกษตรอื่น ๆ","crop_type_raw":"เกษตรอื่น ๆ","__crop":"เกษตรอื่น ๆ","__plant_type":"เกษตรอื่น ๆ","confidence":"low","source":"NASA FIRMS VIIRS","source_file":"HOTSPOT Viirs 1 ม.ค - 31 พ.ค 66 (รวม).xlsx","filter_rule":"Province=กำแพงเพชร; LandType=พื้นที่เกษตร; PlantType in allowed list; hierarchy uses Province→Amphoe→Tambon→BaanN from source table","latitude":16.36859,"longitude":99.63692,"month":2,"day":27,"responsibility_code":"5","landuse_code":"A999","utm_zone":"47","utm_e":"568019.929","utm_n":"1809813.998"},"geometry":{"type":"Point","coordinates":[99.63692,16.36859]}},{"type":"Feature","properties":{"hs_id":"VI1202302270637urgxyzvpfr","hsID":"VI1202302270637urgxyzvpfr","acq_date":"2023-02-27","Date":"2023-02-27","acq_time":"1337","year_be":2566,"season_be":2566,"dataset_year_be":2566,"province":"กำแพงเพชร","Province":"กำแพงเพชร","__province":"กำแพงเพชร","district":"เมืองกำแพงเพชร","Amphoe":"เมืองกำแพงเพชร","__district":"เมืองกำแพงเพชร","subdistrict":"เทพนคร","Tambon":"เทพนคร","__subdistrict":"เทพนคร","village":"บ้านป่ายาง","BaanN":"บ้านป่ายาง","__village":"บ้านป่ายาง","land_type":"พื้นที่เกษตร","LandType":"พื้นที่เกษตร","plant_type":"อ้อย","PlantType":"อ้อย","crop_type":"อ้อย","crop_type_raw":"อ้อย","__crop":"อ้อย","__plant_type":"อ้อย","confidence":"nominal","source":"NASA FIRMS VIIRS","source_file":"HOTSPOT Viirs 1 ม.ค - 31 พ.ค 66 (รวม).xlsx","filter_rule":"Province=กำแพงเพชร; LandType=พื้นที่เกษตร; PlantType in allowed list; hierarchy uses Province→Amphoe→Tambon→BaanN from source table","latitude":16.47547,"longitude":99.64886,"month":2,"day":27,"responsibility_code":"5","landuse_code":"A203","utm_zone":"47","utm_e":"569257.252","utm_n":"1821641.611"},"geometry":{"type":"Point","coordinates":[99.64886,16.47547]}},{"type":"Feature","properties":{"hs_id":"VI1202302270637urgxzryxyz","hsID":"VI1202302270637urgxzryxyz","acq_date":"2023-02-27","Date":"2023-02-27","acq_time":"1337","year_be":2566,"season_be":2566,"dataset_year_be":2566,"province":"กำแพงเพชร","Province":"กำแพงเพชร","__province":"กำแพงเพชร","district":"เมืองกำแพงเพชร","Amphoe":"เมืองกำแพงเพชร","__district":"เมืองกำแพงเพชร","subdistrict":"นิคมทุ่งโพธิ์ทะเล","Tambon":"นิคมทุ่งโพธิ์ทะเล","__subdistrict":"นิคมทุ่งโพธิ์ทะเล","village":"บ้านบ่อทอง","BaanN":"บ้านบ่อทอง","__village":"บ้านบ่อทอง","land_type":"พื้นที่เกษตร","LandType":"พื้นที่เกษตร","plant_type":"อ้อย","PlantType":"อ้อย","crop_type":"อ้อย","crop_type_raw":"อ้อย","__crop":"อ้อย","__plant_type":"อ้อย","confidence":"low","source":"NASA FIRMS VIIRS","source_file":"HOTSPOT Viirs 1 ม.ค - 31 พ.ค 66 (รวม).xlsx","filter_rule":"Province=กำแพงเพชร; LandType=พื้นที่เกษตร; PlantType in allowed list; hierarchy uses Province→Amphoe→Tambon→BaanN from source table","latitude":16.4997,"longitude":99.69633,"month":2,"day":27,"responsibility_code":"5","landuse_code":"A203","utm_zone":"47","utm_e":"574315.006","utm_n":"1824338.959"},"geometry":{"type":"Point","coordinates":[99.69633,16.4997]}},{"type":"Feature","properties":{"hs_id":"VI1202302280618urgryxyzgr","hsID":"VI1202302280618urgryxyzgr","acq_date":"2023-02-28","Date":"2023-02-28","acq_time":"1318","year_be":2566,"season_be":2566,"dataset_year_be":2566,"province":"กำแพงเพชร","Province":"กำแพงเพชร","__province":"กำแพงเพชร","district":"ขาณุวรลักษบุรี","Amphoe":"ขาณุวรลักษบุรี","__district":"ขาณุวรลักษบุรี","subdistrict":"โค้งไผ่","Tambon":"โค้งไผ่","__subdistrict":"โค้งไผ่","village":"บ้านด่านกรวด","BaanN":"บ้านด่านกรวด","__village":"บ้านด่านกรวด","land_type":"พื้นที่เกษตร","LandType":"พื้นที่เกษตร","plant_type":"นาข้าว","PlantType":"นาข้าว","crop_type":"นาข้าว","crop_type_raw":"นาข้าว","__crop":"นาข้าว","__plant_type":"นาข้าว","confidence":"nominal","source":"NASA FIRMS VIIRS","source_file":"HOTSPOT Viirs 1 ม.ค - 31 พ.ค 66 (รวม).xlsx","filter_rule":"Province=กำแพงเพชร; LandType=พื้นที่เกษตร; PlantType in allowed list; hierarchy uses Province→Amphoe→Tambon→BaanN from source table","latitude":16.11537,"longitude":99.61823,"month":2,"day":28,"responsibility_code":"5","landuse_code":"A101","utm_zone":"47","utm_e":"566108.403","utm_n":"1781796.032"},"geometry":{"type":"Point","coordinates":[99.61823,16.11537]}},{"type":"Feature","properties":{"hs_id":"VI1202302280618urgxcpzryp","hsID":"VI1202302280618urgxcpzryp","acq_date":"2023-02-28","Date":"2023-02-28","acq_time":"1318","year_be":2566,"season_be":2566,"dataset_year_be":2566,"province":"กำแพงเพชร","Province":"กำแพงเพชร","__province":"กำแพงเพชร","district":"บึงสามัคคี","Amphoe":"บึงสามัคคี","__district":"บึงสามัคคี","subdistrict":"วังชะโอน","Tambon":"วังชะโอน","__subdistrict":"วังชะโอน","village":"บ้านวัดใหม่","BaanN":"บ้านวัดใหม่","__village":"บ้านวัดใหม่","land_type":"พื้นที่เกษตร","LandType":"พื้นที่เกษตร","plant_type":"นาข้าว","PlantType":"นาข้าว","crop_type":"นาข้าว","crop_type_raw":"นาข้าว","__crop":"นาข้าว","__plant_type":"นาข้าว","confidence":"nominal","source":"NASA FIRMS VIIRS","source_file":"HOTSPOT Viirs 1 ม.ค - 31 พ.ค 66 (รวม).xlsx","filter_rule":"Province=กำแพงเพชร; LandType=พื้นที่เกษตร; PlantType in allowed list; hierarchy uses Province→Amphoe→Tambon→BaanN from source table","latitude":16.22604,"longitude":100.01746,"month":2,"day":28,"responsibility_code":"5","landuse_code":"A101","utm_zone":"47","utm_e":"608741.272","utm_n":"1794208.736"},"geometry":{"type":"Point","coordinates":[100.01746,16.22604]}},{"type":"Feature","properties":{"hs_id":"VI1202303010601urgrvxypgp","hsID":"VI1202303010601urgrvxypgp","acq_date":"2023-03-01","Date":"2023-03-01","acq_time":"1301","year_be":2566,"season_be":2566,"dataset_year_be":2566,"province":"กำแพงเพชร","Province":"กำแพงเพชร","__province":"กำแพงเพชร","district":"ขาณุวรลักษบุรี","Amphoe":"ขาณุวรลักษบุรี","__district":"ขาณุวรลักษบุรี","subdistrict":"ดอนแตง","Tambon":"ดอนแตง","__subdistrict":"ดอนแตง","village":"บ้านมาบกระทุ่ม","BaanN":"บ้านมาบกระทุ่ม","__village":"บ้านมาบกระทุ่ม","land_type":"พื้นที่เกษตร","LandType":"พื้นที่เกษตร","plant_type":"นาข้าว","PlantType":"นาข้าว","crop_type":"นาข้าว","crop_type_raw":"นาข้าว","__crop":"นาข้าว","__plant_type":"นาข้าว","confidence":"nominal","source":"NASA FIRMS VIIRS","source_file":"HOTSPOT Viirs 1 ม.ค - 31 พ.ค 66 (รวม).xlsx","filter_rule":"Province=กำแพงเพชร; LandType=พื้นที่เกษตร; PlantType in allowed list; hierarchy uses Province→Amphoe→Tambon→BaanN from source table","latitude":16.07039,"longitude":99.75436,"month":3,"day":1,"responsibility_code":"5","landuse_code":"A101","utm_zone":"47","utm_e":"580683.832","utm_n":"1776868.587"},"geometry":{"type":"Point","coordinates":[99.75436,16.07039]}},{"type":"Feature","properties":{"hs_id":"VI1202302281849urgzfxbrvp","hsID":"VI1202302281849urgzfxbrvp","acq_date":"2023-03-01","Date":"2023-03-01","acq_time":"149","year_be":2566,"season_be":2566,"dataset_year_be":2566,"province":"กำแพงเพชร","Province":"กำแพงเพชร","__province":"กำแพงเพชร","district":"ลานกระบือ","Amphoe":"ลานกระบือ","__district":"ลานกระบือ","subdistrict":"ลานกระบือ","Tambon":"ลานกระบือ","__subdistrict":"ลานกระบือ","village":"บ้านปลักไม้ดำ","BaanN":"บ้านปลักไม้ดำ","__village":"บ้านปลักไม้ดำ","land_type":"พื้นที่เกษตร","LandType":"พื้นที่เกษตร","plant_type":"อ้อย","PlantType":"อ้อย","crop_type":"อ้อย","crop_type_raw":"อ้อย","__crop":"อ้อย","__plant_type":"อ้อย","confidence":"nominal","source":"NASA FIRMS VIIRS","source_file":"HOTSPOT Viirs 1 ม.ค - 31 พ.ค 66 (รวม).xlsx","filter_rule":"Province=กำแพงเพชร; LandType=พื้นที่เกษตร; PlantType in allowed list; hierarchy uses Province→Amphoe→Tambon→BaanN from source table","latitude":16.63386,"longitude":99.88081,"month":3,"day":1,"responsibility_code":"5","landuse_code":"A203","utm_zone":"47","utm_e":"593939.527","utm_n":"1839258.232"},"geometry":{"type":"Point","coordinates":[99.88081,16.63386]}},{"type":"Feature","properties":{"hs_id":"VI1202303020722urgrfzzpup","hsID":"VI1202303020722urgrfzzpup","acq_date":"2023-03-02","Date":"2023-03-02","acq_time":"1422","year_be":2566,"season_be":2566,"dataset_year_be":2566,"province":"กำแพงเพชร","Province":"กำแพงเพชร","__province":"กำแพงเพชร","district":"ขาณุวรลักษบุรี","Amphoe":"ขาณุวรลักษบุรี","__district":"ขาณุวรลักษบุรี","subdistrict":"บ่อถ้ำ","Tambon":"บ่อถ้ำ","__subdistrict":"บ่อถ้ำ","village":"บ้านดงดำ, บ้านดงคำน้อย","BaanN":"บ้านดงดำ, บ้านดงคำน้อย","__village":"บ้านดงดำ, บ้านดงคำน้อย","land_type":"พื้นที่เกษตร","LandType":"พื้นที่เกษตร","plant_type":"นาข้าว","PlantType":"นาข้าว","crop_type":"นาข้าว","crop_type_raw":"นาข้าว","__crop":"นาข้าว","__plant_type":"นาข้าว","confidence":"high","source":"NASA FIRMS VIIRS","source_file":"HOTSPOT Viirs 1 ม.ค - 31 พ.ค 66 (รวม).xlsx","filter_rule":"Province=กำแพงเพชร; LandType=พื้นที่เกษตร; PlantType in allowed list; hierarchy uses Province→Amphoe→Tambon→BaanN from source table","latitude":15.95095,"longitude":99.79391,"month":3,"day":2,"responsibility_code":"5","landuse_code":"A101","utm_zone":"47","utm_e":"584964.694","utm_n":"1763671.528"},"geometry":{"type":"Point","coordinates":[99.79391,15.95095]}},{"type":"Feature","properties":{"hs_id":"VI1202303020722urgrgpgryr","hsID":"VI1202303020722urgrgpgryr","acq_date":"2023-03-02","Date":"2023-03-02","acq_time":"1422","year_be":2566,"season_be":2566,"dataset_year_be":2566,"province":"กำแพงเพชร","Province":"กำแพงเพชร","__province":"กำแพงเพชร","district":"ขาณุวรลักษบุรี","Amphoe":"ขาณุวรลักษบุรี","__district":"ขาณุวรลักษบุรี","subdistrict":"บ่อถ้ำ","Tambon":"บ่อถ้ำ","__subdistrict":"บ่อถ้ำ","village":"บ้านดงดำ, บ้านดงคำน้อย","BaanN":"บ้านดงดำ, บ้านดงคำน้อย","__village":"บ้านดงดำ, บ้านดงคำน้อย","land_type":"พื้นที่เกษตร","LandType":"พื้นที่เกษตร","plant_type":"นาข้าว","PlantType":"นาข้าว","crop_type":"นาข้าว","crop_type_raw":"นาข้าว","__crop":"นาข้าว","__plant_type":"นาข้าว","confidence":"high","source":"NASA FIRMS VIIRS","source_file":"HOTSPOT Viirs 1 ม.ค - 31 พ.ค 66 (รวม).xlsx","filter_rule":"Province=กำแพงเพชร; LandType=พื้นที่เกษตร; PlantType in allowed list; hierarchy uses Province→Amphoe→Tambon→BaanN from source table","latitude":15.95689,"longitude":99.79326,"month":3,"day":2,"responsibility_code":"5","landuse_code":"A101","utm_zone":"47","utm_e":"584892.626","utm_n":"1764328.364"},"geometry":{"type":"Point","coordinates":[99.79326,15.95689]}},{"type":"Feature","properties":{"hs_id":"VI1202303030701urgrzxzpbz","hsID":"VI1202303030701urgrzxzpbz","acq_date":"2023-03-03","Date":"2023-03-03","acq_time":"1401","year_be":2566,"season_be":2566,"dataset_year_be":2566,"province":"กำแพงเพชร","Province":"กำแพงเพชร","__province":"กำแพงเพชร","district":"คลองขลุง","Amphoe":"คลองขลุง","__district":"คลองขลุง","subdistrict":"แม่ลาด","Tambon":"แม่ลาด","__subdistrict":"แม่ลาด","village":"บ้านท่ามะขาม","BaanN":"บ้านท่ามะขาม","__village":"บ้านท่ามะขาม","land_type":"พื้นที่เกษตร","LandType":"พื้นที่เกษตร","plant_type":"นาข้าว","PlantType":"นาข้าว","crop_type":"นาข้าว","crop_type_raw":"นาข้าว","__crop":"นาข้าว","__plant_type":"นาข้าว","confidence":"nominal","source":"NASA FIRMS VIIRS","source_file":"HOTSPOT Viirs 1 ม.ค - 31 พ.ค 66 (รวม).xlsx","filter_rule":"Province=กำแพงเพชร; LandType=พื้นที่เกษตร; PlantType in allowed list; hierarchy uses Province→Amphoe→Tambon→BaanN from source table","latitude":16.15955,"longitude":99.78536,"month":3,"day":3,"responsibility_code":"5","landuse_code":"A101","utm_zone":"47","utm_e":"583962.134","utm_n":"1786744.198"},"geometry":{"type":"Point","coordinates":[99.78536,16.15955]}},{"type":"Feature","properties":{"hs_id":"VI1202303030701urgrzzzpux","hsID":"VI1202303030701urgrzzzpux","acq_date":"2023-03-03","Date":"2023-03-03","acq_time":"1401","year_be":2566,"season_be":2566,"dataset_year_be":2566,"province":"กำแพงเพชร","Province":"กำแพงเพชร","__province":"กำแพงเพชร","district":"คลองขลุง","Amphoe":"คลองขลุง","__district":"คลองขลุง","subdistrict":"คลองขลุง","Tambon":"คลองขลุง","__subdistrict":"คลองขลุง","village":"บ้านถนนงาม","BaanN":"บ้านถนนงาม","__village":"บ้านถนนงาม","land_type":"พื้นที่เกษตร","LandType":"พื้นที่เกษตร","plant_type":"นาข้าว","PlantType":"นาข้าว","crop_type":"นาข้าว","crop_type_raw":"นาข้าว","__crop":"นาข้าว","__plant_type":"นาข้าว","confidence":"low","source":"NASA FIRMS VIIRS","source_file":"HOTSPOT Viirs 1 ม.ค - 31 พ.ค 66 (รวม).xlsx","filter_rule":"Province=กำแพงเพชร; LandType=พื้นที่เกษตร; PlantType in allowed list; hierarchy uses Province→Amphoe→Tambon→BaanN from source table","latitude":16.1707,"longitude":99.72355,"month":3,"day":3,"responsibility_code":"5","landuse_code":"A101","utm_zone":"47","utm_e":"577349.434","utm_n":"1787953.432"},"geometry":{"type":"Point","coordinates":[99.72355,16.1707]}},{"type":"Feature","properties":{"hs_id":"VI1202303030701urgxcpgrux","hsID":"VI1202303030701urgxcpgrux","acq_date":"2023-03-03","Date":"2023-03-03","acq_time":"1401","year_be":2566,"season_be":2566,"dataset_year_be":2566,"province":"กำแพงเพชร","Province":"กำแพงเพชร","__province":"กำแพงเพชร","district":"คลองขลุง","Amphoe":"คลองขลุง","__district":"คลองขลุง","subdistrict":"คลองขลุง","Tambon":"คลองขลุง","__subdistrict":"คลองขลุง","village":"บ้านเด่นสะเดา","BaanN":"บ้านเด่นสะเดา","__village":"บ้านเด่นสะเดา","land_type":"พื้นที่เกษตร","LandType":"พื้นที่เกษตร","plant_type":"นาข้าว","PlantType":"นาข้าว","crop_type":"นาข้าว","crop_type_raw":"นาข้าว","__crop":"นาข้าว","__plant_type":"นาข้าว","confidence":"nominal","source":"NASA FIRMS VIIRS","source_file":"HOTSPOT Viirs 1 ม.ค - 31 พ.ค 66 (รวม).xlsx","filter_rule":"Province=กำแพงเพชร; LandType=พื้นที่เกษตร; PlantType in allowed list; hierarchy uses Province→Amphoe→Tambon→BaanN from source table","latitude":16.22048,"longitude":99.69979,"month":3,"day":3,"responsibility_code":"5","landuse_code":"A101","utm_zone":"47","utm_e":"574790.556","utm_n":"1793451.481"},"geometry":{"type":"Point","coordinates":[99.69979,16.22048]}},{"type":"Feature","properties":{"hs_id":"VI1202303030701urgxczgpbr","hsID":"VI1202303030701urgxczgpbr","acq_date":"2023-03-03","Date":"2023-03-03","acq_time":"1401","year_be":2566,"season_be":2566,"dataset_year_be":2566,"province":"กำแพงเพชร","Province":"กำแพงเพชร","__province":"กำแพงเพชร","district":"คลองขลุง","Amphoe":"คลองขลุง","__district":"คลองขลุง","subdistrict":"ท่าพุทรา","Tambon":"ท่าพุทรา","__subdistrict":"ท่าพุทรา","village":"บ้านนารั้ง","BaanN":"บ้านนารั้ง","__village":"บ้านนารั้ง","land_type":"พื้นที่เกษตร","LandType":"พื้นที่เกษตร","plant_type":"อ้อย","PlantType":"อ้อย","crop_type":"อ้อย","crop_type_raw":"อ้อย","__crop":"อ้อย","__plant_type":"อ้อย","confidence":"low","source":"NASA FIRMS VIIRS","source_file":"HOTSPOT Viirs 1 ม.ค - 31 พ.ค 66 (รวม).xlsx","filter_rule":"Province=กำแพงเพชร; LandType=พื้นที่เกษตร; PlantType in allowed list; hierarchy uses Province→Amphoe→Tambon→BaanN from source table","latitude":16.25292,"longitude":99.69739,"month":3,"day":3,"responsibility_code":"5","landuse_code":"A203","utm_zone":"47","utm_e":"574521.83","utm_n":"1797039.244"},"geometry":{"type":"Point","coordinates":[99.69739,16.25292]}},{"type":"Feature","properties":{"hs_id":"VI1202303031934urgrypfpzp","hsID":"VI1202303031934urgrypfpzp","acq_date":"2023-03-04","Date":"2023-03-04","acq_time":"234","year_be":2566,"season_be":2566,"dataset_year_be":2566,"province":"กำแพงเพชร","Province":"กำแพงเพชร","__province":"กำแพงเพชร","district":"ขาณุวรลักษบุรี","Amphoe":"ขาณุวรลักษบุรี","__district":"ขาณุวรลักษบุรี","subdistrict":"ดอนแตง","Tambon":"ดอนแตง","__subdistrict":"ดอนแตง","village":"บ้านหนองกระทิง","BaanN":"บ้านหนองกระทิง","__village":"บ้านหนองกระทิง","land_type":"พื้นที่เกษตร","LandType":"พื้นที่เกษตร","plant_type":"นาข้าว","PlantType":"นาข้าว","crop_type":"นาข้าว","crop_type_raw":"นาข้าว","__crop":"นาข้าว","__plant_type":"นาข้าว","confidence":"nominal","source":"NASA FIRMS VIIRS","source_file":"HOTSPOT Viirs 1 ม.ค - 31 พ.ค 66 (รวม).xlsx","filter_rule":"Province=กำแพงเพชร; LandType=พื้นที่เกษตร; PlantType in allowed list; hierarchy uses Province→Amphoe→Tambon→BaanN from source table","latitude":16.08704,"longitude":99.71938,"month":3,"day":4,"responsibility_code":"5","landuse_code":"A101","utm_zone":"47","utm_e":"576935.911","utm_n":"1778697.134"},"geometry":{"type":"Point","coordinates":[99.71938,16.08704]}},{"type":"Feature","properties":{"hs_id":"VI1202303040644urgxbzcxbp","hsID":"VI1202303040644urgxbzcxbp","acq_date":"2023-03-04","Date":"2023-03-04","acq_time":"1344","year_be":2566,"season_be":2566,"dataset_year_be":2566,"province":"กำแพงเพชร","Province":"กำแพงเพชร","__province":"กำแพงเพชร","district":"บึงสามัคคี","Amphoe":"บึงสามัคคี","__district":"บึงสามัคคี","subdistrict":"เทพนิมิต","Tambon":"เทพนิมิต","__subdistrict":"เทพนิมิต","village":"บ้านโพธิ์เอน","BaanN":"บ้านโพธิ์เอน","__village":"บ้านโพธิ์เอน","land_type":"พื้นที่เกษตร","LandType":"พื้นที่เกษตร","plant_type":"นาข้าว","PlantType":"นาข้าว","crop_type":"นาข้าว","crop_type_raw":"นาข้าว","__crop":"นาข้าว","__plant_type":"นาข้าว","confidence":"low","source":"NASA FIRMS VIIRS","source_file":"HOTSPOT Viirs 1 ม.ค - 31 พ.ค 66 (รวม).xlsx","filter_rule":"Province=กำแพงเพชร; LandType=พื้นที่เกษตร; PlantType in allowed list; hierarchy uses Province→Amphoe→Tambon→BaanN from source table","latitude":16.2069,"longitude":99.92126,"month":3,"day":4,"responsibility_code":"5","landuse_code":"A101","utm_zone":"47","utm_e":"598468.591","utm_n":"1792042.687"},"geometry":{"type":"Point","coordinates":[99.92126,16.2069]}},{"type":"Feature","properties":{"hs_id":"VI1202303040644urgxcxbzzr","hsID":"VI1202303040644urgxcxbzzr","acq_date":"2023-03-04","Date":"2023-03-04","acq_time":"1344","year_be":2566,"season_be":2566,"dataset_year_be":2566,"province":"กำแพงเพชร","Province":"กำแพงเพชร","__province":"กำแพงเพชร","district":"คลองขลุง","Amphoe":"คลองขลุง","__district":"คลองขลุง","subdistrict":"หัวถนน","Tambon":"หัวถนน","__subdistrict":"หัวถนน","village":"บ้านถนนใหญ่","BaanN":"บ้านถนนใหญ่","__village":"บ้านถนนใหญ่","land_type":"พื้นที่เกษตร","LandType":"พื้นที่เกษตร","plant_type":"นาข้าว","PlantType":"นาข้าว","crop_type":"นาข้าว","crop_type_raw":"นาข้าว","__crop":"นาข้าว","__plant_type":"นาข้าว","confidence":"nominal","source":"NASA FIRMS VIIRS","source_file":"HOTSPOT Viirs 1 ม.ค - 31 พ.ค 66 (รวม).xlsx","filter_rule":"Province=กำแพงเพชร; LandType=พื้นที่เกษตร; PlantType in allowed list; hierarchy uses Province→Amphoe→Tambon→BaanN from source table","latitude":16.23914,"longitude":99.63737,"month":3,"day":4,"responsibility_code":"5","landuse_code":"A101","utm_zone":"47","utm_e":"568112.711","utm_n":"1795493.952"},"geometry":{"type":"Point","coordinates":[99.63737,16.23914]}},{"type":"Feature","properties":{"hs_id":"VI1202303040644urgzcrbrcz","hsID":"VI1202303040644urgzcrbrcz","acq_date":"2023-03-04","Date":"2023-03-04","acq_time":"1344","year_be":2566,"season_be":2566,"dataset_year_be":2566,"province":"กำแพงเพชร","Province":"กำแพงเพชร","__province":"กำแพงเพชร","district":"ลานกระบือ","Amphoe":"ลานกระบือ","__district":"ลานกระบือ","subdistrict":"ประชาสุขสันต์","Tambon":"ประชาสุขสันต์","__subdistrict":"ประชาสุขสันต์","village":"บ้านดงยาง","BaanN":"บ้านดงยาง","__village":"บ้านดงยาง","land_type":"พื้นที่เกษตร","LandType":"พื้นที่เกษตร","plant_type":"นาข้าว","PlantType":"นาข้าว","crop_type":"นาข้าว","crop_type_raw":"นาข้าว","__crop":"นาข้าว","__plant_type":"นาข้าว","confidence":"low","source":"NASA FIRMS VIIRS","source_file":"HOTSPOT Viirs 1 ม.ค - 31 พ.ค 66 (รวม).xlsx","filter_rule":"Province=กำแพงเพชร; LandType=พื้นที่เกษตร; PlantType in allowed list; hierarchy uses Province→Amphoe→Tambon→BaanN from source table","latitude":16.57879,"longitude":100.01156,"month":3,"day":4,"responsibility_code":"5","landuse_code":"A101","utm_zone":"47","utm_e":"607916.07","utm_n":"1833231.477"},"geometry":{"type":"Point","coordinates":[100.01156,16.57879]}},{"type":"Feature","properties":{"hs_id":"VI1202303050624urgrczgrvx","hsID":"VI1202303050624urgrczgrvx","acq_date":"2023-03-05","Date":"2023-03-05","acq_time":"1324","year_be":2566,"season_be":2566,"dataset_year_be":2566,"province":"กำแพงเพชร","Province":"กำแพงเพชร","__province":"กำแพงเพชร","district":"ขาณุวรลักษบุรี","Amphoe":"ขาณุวรลักษบุรี","__district":"ขาณุวรลักษบุรี","subdistrict":"บ่อถ้ำ","Tambon":"บ่อถ้ำ","__subdistrict":"บ่อถ้ำ","village":"บ้านหนองไทร","BaanN":"บ้านหนองไทร","__village":"บ้านหนองไทร","land_type":"พื้นที่เกษตร","LandType":"พื้นที่เกษตร","plant_type":"นาข้าว","PlantType":"นาข้าว","crop_type":"นาข้าว","crop_type_raw":"นาข้าว","__crop":"นาข้าว","__plant_type":"นาข้าว","confidence":"low","source":"NASA FIRMS VIIRS","source_file":"HOTSPOT Viirs 1 ม.ค - 31 พ.ค 66 (รวม).xlsx","filter_rule":"Province=กำแพงเพชร; LandType=พื้นที่เกษตร; PlantType in allowed list; hierarchy uses Province→Amphoe→Tambon→BaanN from source table","latitude":15.90192,"longitude":99.76785,"month":3,"day":5,"responsibility_code":"5","landuse_code":"A101","utm_zone":"47","utm_e":"582195.54","utm_n":"1758237.276"},"geometry":{"type":"Point","coordinates":[99.76785,15.90192]}},{"type":"Feature","properties":{"hs_id":"VI1202303050624urgrgxzxyp","hsID":"VI1202303050624urgrgxzxyp","acq_date":"2023-03-05","Date":"2023-03-05","acq_time":"1324","year_be":2566,"season_be":2566,"dataset_year_be":2566,"province":"กำแพงเพชร","Province":"กำแพงเพชร","__province":"กำแพงเพชร","district":"ขาณุวรลักษบุรี","Amphoe":"ขาณุวรลักษบุรี","__district":"ขาณุวรลักษบุรี","subdistrict":"สลกบาตร","Tambon":"สลกบาตร","__subdistrict":"สลกบาตร","village":"บ้านโนนปอแดง","BaanN":"บ้านโนนปอแดง","__village":"บ้านโนนปอแดง","land_type":"พื้นที่เกษตร","LandType":"พื้นที่เกษตร","plant_type":"นาข้าว","PlantType":"นาข้าว","crop_type":"นาข้าว","crop_type_raw":"นาข้าว","__crop":"นาข้าว","__plant_type":"นาข้าว","confidence":"nominal","source":"NASA FIRMS VIIRS","source_file":"HOTSPOT Viirs 1 ม.ค - 31 พ.ค 66 (รวม).xlsx","filter_rule":"Province=กำแพงเพชร; LandType=พื้นที่เกษตร; PlantType in allowed list; hierarchy uses Province→Amphoe→Tambon→BaanN from source table","latitude":15.98468,"longitude":99.83829,"month":3,"day":5,"responsibility_code":"5","landuse_code":"A101","utm_zone":"47","utm_e":"589699.529","utm_n":"1767421.476"},"geometry":{"type":"Point","coordinates":[99.83829,15.98468]}},{"type":"Feature","properties":{"hs_id":"VI1202303050624urgxbxypcz","hsID":"VI1202303050624urgxbxypcz","acq_date":"2023-03-05","Date":"2023-03-05","acq_time":"1324","year_be":2566,"season_be":2566,"dataset_year_be":2566,"province":"กำแพงเพชร","Province":"กำแพงเพชร","__province":"กำแพงเพชร","district":"บึงสามัคคี","Amphoe":"บึงสามัคคี","__district":"บึงสามัคคี","subdistrict":"วังชะโอน","Tambon":"วังชะโอน","__subdistrict":"วังชะโอน","village":"บ้านคอปล้อง","BaanN":"บ้านคอปล้อง","__village":"บ้านคอปล้อง","land_type":"พื้นที่เกษตร","LandType":"พื้นที่เกษตร","plant_type":"อ้อย","PlantType":"อ้อย","crop_type":"อ้อย","crop_type_raw":"อ้อย","__crop":"อ้อย","__plant_type":"อ้อย","confidence":"nominal","source":"NASA FIRMS VIIRS","source_file":"HOTSPOT Viirs 1 ม.ค - 31 พ.ค 66 (รวม).xlsx","filter_rule":"Province=กำแพงเพชร; LandType=พื้นที่เกษตร; PlantType in allowed list; hierarchy uses Province→Amphoe→Tambon→BaanN from source table","latitude":16.20217,"longitude":99.97264,"month":3,"day":5,"responsibility_code":"5","landuse_code":"A203","utm_zone":"47","utm_e":"603963.243","utm_n":"1791544.744"},"geometry":{"type":"Point","coordinates":[99.97264,16.20217]}},{"type":"Feature","properties":{"hs_id":"VI1202303050624urgxbzbxvp","hsID":"VI1202303050624urgxbzbxvp","acq_date":"2023-03-05","Date":"2023-03-05","acq_time":"1324","year_be":2566,"season_be":2566,"dataset_year_be":2566,"province":"กำแพงเพชร","Province":"กำแพงเพชร","__province":"กำแพงเพชร","district":"บึงสามัคคี","Amphoe":"บึงสามัคคี","__district":"บึงสามัคคี","subdistrict":"วังชะโอน","Tambon":"วังชะโอน","__subdistrict":"วังชะโอน","village":"บ้านคอปล้อง","BaanN":"บ้านคอปล้อง","__village":"บ้านคอปล้อง","land_type":"พื้นที่เกษตร","LandType":"พื้นที่เกษตร","plant_type":"อ้อย","PlantType":"อ้อย","crop_type":"อ้อย","crop_type_raw":"อ้อย","__crop":"อ้อย","__plant_type":"อ้อย","confidence":"nominal","source":"NASA FIRMS VIIRS","source_file":"HOTSPOT Viirs 1 ม.ค - 31 พ.ค 66 (รวม).xlsx","filter_rule":"Province=กำแพงเพชร; LandType=พื้นที่เกษตร; PlantType in allowed list; hierarchy uses Province→Amphoe→Tambon→BaanN from source table","latitude":16.20574,"longitude":99.972,"month":3,"day":5,"responsibility_code":"5","landuse_code":"A203","utm_zone":"47","utm_e":"603892.959","utm_n":"1791939.369"},"geometry":{"type":"Point","coordinates":[99.972,16.20574]}},{"type":"Feature","properties":{"hs_id":"VI1202303060605urgrzpbrbr","hsID":"VI1202303060605urgrzpbrbr","acq_date":"2023-03-06","Date":"2023-03-06","acq_time":"1305","year_be":2566,"season_be":2566,"dataset_year_be":2566,"province":"กำแพงเพชร","Province":"กำแพงเพชร","__province":"กำแพงเพชร","district":"ขาณุวรลักษบุรี","Amphoe":"ขาณุวรลักษบุรี","__district":"ขาณุวรลักษบุรี","subdistrict":"ยางสูง","Tambon":"ยางสูง","__subdistrict":"ยางสูง","village":"บ้านหนองชายกลอย","BaanN":"บ้านหนองชายกลอย","__village":"บ้านหนองชายกลอย","land_type":"พื้นที่เกษตร","LandType":"พื้นที่เกษตร","plant_type":"นาข้าว","PlantType":"นาข้าว","crop_type":"นาข้าว","crop_type_raw":"นาข้าว","__crop":"นาข้าว","__plant_type":"นาข้าว","confidence":"nominal","source":"NASA FIRMS VIIRS","source_file":"HOTSPOT Viirs 1 ม.ค - 31 พ.ค 66 (รวม).xlsx","filter_rule":"Province=กำแพงเพชร; LandType=พื้นที่เกษตร; PlantType in allowed list; hierarchy uses Province→Amphoe→Tambon→BaanN from source table","latitude":16.12829,"longitude":99.84401,"month":3,"day":6,"responsibility_code":"5","landuse_code":"A101","utm_zone":"47","utm_e":"590246.891","utm_n":"1783310.842"},"geometry":{"type":"Point","coordinates":[99.84401,16.12829]}},{"type":"Feature","properties":{"hs_id":"VI1202303060605urgxfxzzvz","hsID":"VI1202303060605urgxfxzzvz","acq_date":"2023-03-06","Date":"2023-03-06","acq_time":"1305","year_be":2566,"season_be":2566,"dataset_year_be":2566,"province":"กำแพงเพชร","Province":"กำแพงเพชร","__province":"กำแพงเพชร","district":"คลองขลุง","Amphoe":"คลองขลุง","__district":"คลองขลุง","subdistrict":"วังบัว","Tambon":"วังบัว","__subdistrict":"วังบัว","village":"บ้านวังบัว","BaanN":"บ้านวังบัว","__village":"บ้านวังบัว","land_type":"พื้นที่เกษตร","LandType":"พื้นที่เกษตร","plant_type":"อ้อย","PlantType":"อ้อย","crop_type":"อ้อย","crop_type_raw":"อ้อย","__crop":"อ้อย","__plant_type":"อ้อย","confidence":"nominal","source":"NASA FIRMS VIIRS","source_file":"HOTSPOT Viirs 1 ม.ค - 31 พ.ค 66 (รวม).xlsx","filter_rule":"Province=กำแพงเพชร; LandType=พื้นที่เกษตร; PlantType in allowed list; hierarchy uses Province→Amphoe→Tambon→BaanN from source table","latitude":16.29263,"longitude":99.71705,"month":3,"day":6,"responsibility_code":"5","landuse_code":"A203","utm_zone":"47","utm_e":"576607.348","utm_n":"1801439.406"},"geometry":{"type":"Point","coordinates":[99.71705,16.29263]}},{"type":"Feature","properties":{"hs_id":"VI1202303051855urgxupuzbr","hsID":"VI1202303051855urgxupuzbr","acq_date":"2023-03-06","Date":"2023-03-06","acq_time":"155","year_be":2566,"season_be":2566,"dataset_year_be":2566,"province":"กำแพงเพชร","Province":"กำแพงเพชร","__province":"กำแพงเพชร","district":"เมืองกำแพงเพชร","Amphoe":"เมืองกำแพงเพชร","__district":"เมืองกำแพงเพชร","subdistrict":"อ่างทอง","Tambon":"อ่างทอง","__subdistrict":"อ่างทอง","village":"บ้านปากอ่าง","BaanN":"บ้านปากอ่าง","__village":"บ้านปากอ่าง","land_type":"พื้นที่เกษตร","LandType":"พื้นที่เกษตร","plant_type":"อ้อย","PlantType":"อ้อย","crop_type":"อ้อย","crop_type_raw":"อ้อย","__crop":"อ้อย","__plant_type":"อ้อย","confidence":"nominal","source":"NASA FIRMS VIIRS","source_file":"HOTSPOT Viirs 1 ม.ค - 31 พ.ค 66 (รวม).xlsx","filter_rule":"Province=กำแพงเพชร; LandType=พื้นที่เกษตร; PlantType in allowed list; hierarchy uses Province→Amphoe→Tambon→BaanN from source table","latitude":16.3542,"longitude":99.48615,"month":3,"day":6,"responsibility_code":"5","landuse_code":"A203","utm_zone":"47","utm_e":"551921.86","utm_n":"1808177.68"},"geometry":{"type":"Point","coordinates":[99.48615,16.3542]}},{"type":"Feature","properties":{"hs_id":"VI1202303051855urgzfrvxcr","hsID":"VI1202303051855urgzfrvxcr","acq_date":"2023-03-06","Date":"2023-03-06","acq_time":"155","year_be":2566,"season_be":2566,"dataset_year_be":2566,"province":"กำแพงเพชร","Province":"กำแพงเพชร","__province":"กำแพงเพชร","district":"โกสัมพีนคร","Amphoe":"โกสัมพีนคร","__district":"โกสัมพีนคร","subdistrict":"เพชรชมภู","Tambon":"เพชรชมภู","__subdistrict":"เพชรชมภู","village":"บ้านวังชมพู","BaanN":"บ้านวังชมพู","__village":"บ้านวังชมพู","land_type":"พื้นที่เกษตร","LandType":"พื้นที่เกษตร","plant_type":"เกษตรอื่น ๆ","PlantType":"เกษตรอื่น ๆ","crop_type":"เกษตรอื่น ๆ","crop_type_raw":"เกษตรอื่น ๆ","__crop":"เกษตรอื่น ๆ","__plant_type":"เกษตรอื่น ๆ","confidence":"nominal","source":"NASA FIRMS VIIRS","source_file":"HOTSPOT Viirs 1 ม.ค - 31 พ.ค 66 (รวม).xlsx","filter_rule":"Province=กำแพงเพชร; LandType=พื้นที่เกษตร; PlantType in allowed list; hierarchy uses Province→Amphoe→Tambon→BaanN from source table","latitude":16.62993,"longitude":99.36797,"month":3,"day":6,"responsibility_code":"5","landuse_code":"A999","utm_zone":"47","utm_e":"539244.202","utm_n":"1838652.849"},"geometry":{"type":"Point","coordinates":[99.36797,16.62993]}},{"type":"Feature","properties":{"hs_id":"VI1202303060605urgzvzgzcp","hsID":"VI1202303060605urgzvzgzcp","acq_date":"2023-03-06","Date":"2023-03-06","acq_time":"1305","year_be":2566,"season_be":2566,"dataset_year_be":2566,"province":"กำแพงเพชร","Province":"กำแพงเพชร","__province":"กำแพงเพชร","district":"พรานกระต่าย","Amphoe":"พรานกระต่าย","__district":"พรานกระต่าย","subdistrict":"วังควง","Tambon":"วังควง","__subdistrict":"วังควง","village":"บ้านลานทอง","BaanN":"บ้านลานทอง","__village":"บ้านลานทอง","land_type":"พื้นที่เกษตร","LandType":"พื้นที่เกษตร","plant_type":"นาข้าว","PlantType":"นาข้าว","crop_type":"นาข้าว","crop_type_raw":"นาข้าว","__crop":"นาข้าว","__plant_type":"นาข้าว","confidence":"nominal","source":"NASA FIRMS VIIRS","source_file":"HOTSPOT Viirs 1 ม.ค - 31 พ.ค 66 (รวม).xlsx","filter_rule":"Province=กำแพงเพชร; LandType=พื้นที่เกษตร; PlantType in allowed list; hierarchy uses Province→Amphoe→Tambon→BaanN from source table","latitude":16.78132,"longitude":99.37739,"month":3,"day":6,"responsibility_code":"5","landuse_code":"A101","utm_zone":"47","utm_e":"540217.153","utm_n":"1855402.062"},"geometry":{"type":"Point","coordinates":[99.37739,16.78132]}},{"type":"Feature","properties":{"hs_id":"VI1202303080707urgryzfrbx","hsID":"VI1202303080707urgryzfrbx","acq_date":"2023-03-08","Date":"2023-03-08","acq_time":"1407","year_be":2566,"season_be":2566,"dataset_year_be":2566,"province":"กำแพงเพชร","Province":"กำแพงเพชร","__province":"กำแพงเพชร","district":"ขาณุวรลักษบุรี","Amphoe":"ขาณุวรลักษบุรี","__district":"ขาณุวรลักษบุรี","subdistrict":"ป่าพุทรา","Tambon":"ป่าพุทรา","__subdistrict":"ป่าพุทรา","village":"บ้านบึวเขาควาย","BaanN":"บ้านบึวเขาควาย","__village":"บ้านบึวเขาควาย","land_type":"พื้นที่เกษตร","LandType":"พื้นที่เกษตร","plant_type":"เกษตรอื่น ๆ","PlantType":"เกษตรอื่น ๆ","crop_type":"เกษตรอื่น ๆ","crop_type_raw":"เกษตรอื่น ๆ","__crop":"เกษตรอื่น ๆ","__plant_type":"เกษตรอื่น ๆ","confidence":"low","source":"NASA FIRMS VIIRS","source_file":"HOTSPOT Viirs 1 ม.ค - 31 พ.ค 66 (รวม).xlsx","filter_rule":"Province=กำแพงเพชร; LandType=พื้นที่เกษตร; PlantType in allowed list; hierarchy uses Province→Amphoe→Tambon→BaanN from source table","latitude":16.12006,"longitude":99.90086,"month":3,"day":8,"responsibility_code":"5","landuse_code":"A999","utm_zone":"47","utm_e":"596330.042","utm_n":"1782426.095"},"geometry":{"type":"Point","coordinates":[99.90086,16.12006]}},{"type":"Feature","properties":{"hs_id":"VI1202303080707urgrzzupbr","hsID":"VI1202303080707urgrzzupbr","acq_date":"2023-03-08","Date":"2023-03-08","acq_time":"1407","year_be":2566,"season_be":2566,"dataset_year_be":2566,"province":"กำแพงเพชร","Province":"กำแพงเพชร","__province":"กำแพงเพชร","district":"คลองขลุง","Amphoe":"คลองขลุง","__district":"คลองขลุง","subdistrict":"วังไทร","Tambon":"วังไทร","__subdistrict":"วังไทร","village":"บ้านหนองทองหล่อ","BaanN":"บ้านหนองทองหล่อ","__village":"บ้านหนองทองหล่อ","land_type":"พื้นที่เกษตร","LandType":"พื้นที่เกษตร","plant_type":"เกษตรอื่น ๆ","PlantType":"เกษตรอื่น ๆ","crop_type":"เกษตรอื่น ๆ","crop_type_raw":"เกษตรอื่น ๆ","__crop":"เกษตรอื่น ๆ","__plant_type":"เกษตรอื่น ๆ","confidence":"nominal","source":"NASA FIRMS VIIRS","source_file":"HOTSPOT Viirs 1 ม.ค - 31 พ.ค 66 (รวม).xlsx","filter_rule":"Province=กำแพงเพชร; LandType=พื้นที่เกษตร; PlantType in allowed list; hierarchy uses Province→Amphoe→Tambon→BaanN from source table","latitude":16.1664,"longitude":99.62964,"month":3,"day":8,"responsibility_code":"5","landuse_code":"A999","utm_zone":"47","utm_e":"567311.289","utm_n":"1787444.739"},"geometry":{"type":"Point","coordinates":[99.62964,16.1664]}},{"type":"Feature","properties":{"hs_id":"VI1202303080707urgxfzvrbx","hsID":"VI1202303080707urgxfzvrbx","acq_date":"2023-03-08","Date":"2023-03-08","acq_time":"1407","year_be":2566,"season_be":2566,"dataset_year_be":2566,"province":"กำแพงเพชร","Province":"กำแพงเพชร","__province":"กำแพงเพชร","district":"เมืองกำแพงเพชร","Amphoe":"เมืองกำแพงเพชร","__district":"เมืองกำแพงเพชร","subdistrict":"อ่างทอง","Tambon":"อ่างทอง","__subdistrict":"อ่างทอง","village":"บ้านบ่อเจริญ","BaanN":"บ้านบ่อเจริญ","__village":"บ้านบ่อเจริญ","land_type":"พื้นที่เกษตร","LandType":"พื้นที่เกษตร","plant_type":"นาข้าว","PlantType":"นาข้าว","crop_type":"นาข้าว","crop_type_raw":"นาข้าว","__crop":"นาข้าว","__plant_type":"นาข้าว","confidence":"nominal","source":"NASA FIRMS VIIRS","source_file":"HOTSPOT Viirs 1 ม.ค - 31 พ.ค 66 (รวม).xlsx","filter_rule":"Province=กำแพงเพชร; LandType=พื้นที่เกษตร; PlantType in allowed list; hierarchy uses Province→Amphoe→Tambon→BaanN from source table","latitude":16.29996,"longitude":99.4904,"month":3,"day":8,"responsibility_code":"5","landuse_code":"A101","utm_zone":"47","utm_e":"552390.216","utm_n":"1802178.672"},"geometry":{"type":"Point","coordinates":[99.4904,16.29996]}},{"type":"Feature","properties":{"hs_id":"VI1202303080707urgxfzvxzp","hsID":"VI1202303080707urgxfzvxzp","acq_date":"2023-03-08","Date":"2023-03-08","acq_time":"1407","year_be":2566,"season_be":2566,"dataset_year_be":2566,"province":"กำแพงเพชร","Province":"กำแพงเพชร","__province":"กำแพงเพชร","district":"เมืองกำแพงเพชร","Amphoe":"เมืองกำแพงเพชร","__district":"เมืองกำแพงเพชร","subdistrict":"อ่างทอง","Tambon":"อ่างทอง","__subdistrict":"อ่างทอง","village":"บ้านบ่อเจริญ","BaanN":"บ้านบ่อเจริญ","__village":"บ้านบ่อเจริญ","land_type":"พื้นที่เกษตร","LandType":"พื้นที่เกษตร","plant_type":"เกษตรอื่น ๆ","PlantType":"เกษตรอื่น ๆ","crop_type":"เกษตรอื่น ๆ","crop_type_raw":"เกษตรอื่น ๆ","__crop":"เกษตรอื่น ๆ","__plant_type":"เกษตรอื่น ๆ","confidence":"nominal","source":"NASA FIRMS VIIRS","source_file":"HOTSPOT Viirs 1 ม.ค - 31 พ.ค 66 (รวม).xlsx","filter_rule":"Province=กำแพงเพชร; LandType=พื้นที่เกษตร; PlantType in allowed list; hierarchy uses Province→Amphoe→Tambon→BaanN from source table","latitude":16.30058,"longitude":99.49564,"month":3,"day":8,"responsibility_code":"5","landuse_code":"A999","utm_zone":"47","utm_e":"552949.859","utm_n":"1802248.609"},"geometry":{"type":"Point","coordinates":[99.49564,16.30058]}},{"type":"Feature","properties":{"hs_id":"VI1202303080707urgxupuxcz","hsID":"VI1202303080707urgxupuxcz","acq_date":"2023-03-08","Date":"2023-03-08","acq_time":"1407","year_be":2566,"season_be":2566,"dataset_year_be":2566,"province":"กำแพงเพชร","Province":"กำแพงเพชร","__province":"กำแพงเพชร","district":"เมืองกำแพงเพชร","Amphoe":"เมืองกำแพงเพชร","__district":"เมืองกำแพงเพชร","subdistrict":"อ่างทอง","Tambon":"อ่างทอง","__subdistrict":"อ่างทอง","village":"บ้านบ่อกลางดง","BaanN":"บ้านบ่อกลางดง","__village":"บ้านบ่อกลางดง","land_type":"พื้นที่เกษตร","LandType":"พื้นที่เกษตร","plant_type":"เกษตรอื่น ๆ","PlantType":"เกษตรอื่น ๆ","crop_type":"เกษตรอื่น ๆ","crop_type_raw":"เกษตรอื่น ๆ","__crop":"เกษตรอื่น ๆ","__plant_type":"เกษตรอื่น ๆ","confidence":"low","source":"NASA FIRMS VIIRS","source_file":"HOTSPOT Viirs 1 ม.ค - 31 พ.ค 66 (รวม).xlsx","filter_rule":"Province=กำแพงเพชร; LandType=พื้นที่เกษตร; PlantType in allowed list; hierarchy uses Province→Amphoe→Tambon→BaanN from source table","latitude":16.35392,"longitude":99.49666,"month":3,"day":8,"responsibility_code":"5","landuse_code":"A999","utm_zone":"47","utm_e":"553044.45","utm_n":"1808149.416"},"geometry":{"type":"Point","coordinates":[99.49666,16.35392]}},{"type":"Feature","properties":{"hs_id":"VI1202303080707urgzgzzxzx","hsID":"VI1202303080707urgzgzzxzx","acq_date":"2023-03-08","Date":"2023-03-08","acq_time":"1407","year_be":2566,"season_be":2566,"dataset_year_be":2566,"province":"กำแพงเพชร","Province":"กำแพงเพชร","__province":"กำแพงเพชร","district":"ลานกระบือ","Amphoe":"ลานกระบือ","__district":"ลานกระบือ","subdistrict":"บึงทับแรต","Tambon":"บึงทับแรต","__subdistrict":"บึงทับแรต","village":"บ้านหนองท่าไม้","BaanN":"บ้านหนองท่าไม้","__village":"บ้านหนองท่าไม้","land_type":"พื้นที่เกษตร","LandType":"พื้นที่เกษตร","plant_type":"อ้อย","PlantType":"อ้อย","crop_type":"อ้อย","crop_type_raw":"อ้อย","__crop":"อ้อย","__plant_type":"อ้อย","confidence":"nominal","source":"NASA FIRMS VIIRS","source_file":"HOTSPOT Viirs 1 ม.ค - 31 พ.ค 66 (รวม).xlsx","filter_rule":"Province=กำแพงเพชร; LandType=พื้นที่เกษตร; PlantType in allowed list; hierarchy uses Province→Amphoe→Tambon→BaanN from source table","latitude":16.69886,"longitude":99.87589,"month":3,"day":8,"responsibility_code":"5","landuse_code":"A203","utm_zone":"47","utm_e":"593383.237","utm_n":"1846447.026"},"geometry":{"type":"Point","coordinates":[99.87589,16.69886]}},{"type":"Feature","properties":{"hs_id":"VI1202303100631urgxcxyxgz","hsID":"VI1202303100631urgxcxyxgz","acq_date":"2023-03-10","Date":"2023-03-10","acq_time":"1331","year_be":2566,"season_be":2566,"dataset_year_be":2566,"province":"กำแพงเพชร","Province":"กำแพงเพชร","__province":"กำแพงเพชร","district":"คลองขลุง","Amphoe":"คลองขลุง","__district":"คลองขลุง","subdistrict":"ท่าพุทรา","Tambon":"ท่าพุทรา","__subdistrict":"ท่าพุทรา","village":"บ้านนารั้ง","BaanN":"บ้านนารั้ง","__village":"บ้านนารั้ง","land_type":"พื้นที่เกษตร","LandType":"พื้นที่เกษตร","plant_type":"อ้อย","PlantType":"อ้อย","crop_type":"อ้อย","crop_type_raw":"อ้อย","__crop":"อ้อย","__plant_type":"อ้อย","confidence":"nominal","source":"NASA FIRMS VIIRS","source_file":"HOTSPOT Viirs 1 ม.ค - 31 พ.ค 66 (รวม).xlsx","filter_rule":"Province=กำแพงเพชร; LandType=พื้นที่เกษตร; PlantType in allowed list; hierarchy uses Province→Amphoe→Tambon→BaanN from source table","latitude":16.24689,"longitude":99.69628,"month":3,"day":10,"responsibility_code":"5","landuse_code":"A203","utm_zone":"47","utm_e":"574405.481","utm_n":"1796371.778"},"geometry":{"type":"Point","coordinates":[99.69628,16.24689]}},{"type":"Feature","properties":{"hs_id":"VI1202303091921urgzuxzzbx","hsID":"VI1202303091921urgzuxzzbx","acq_date":"2023-03-10","Date":"2023-03-10","acq_time":"221","year_be":2566,"season_be":2566,"dataset_year_be":2566,"province":"กำแพงเพชร","Province":"กำแพงเพชร","__province":"กำแพงเพชร","district":"พรานกระต่าย","Amphoe":"พรานกระต่าย","__district":"พรานกระต่าย","subdistrict":"หนองหัววัว","Tambon":"หนองหัววัว","__subdistrict":"หนองหัววัว","village":"บ้านปลายนา","BaanN":"บ้านปลายนา","__village":"บ้านปลายนา","land_type":"พื้นที่เกษตร","LandType":"พื้นที่เกษตร","plant_type":"เกษตรอื่น ๆ","PlantType":"เกษตรอื่น ๆ","crop_type":"เกษตรอื่น ๆ","crop_type_raw":"เกษตรอื่น ๆ","__crop":"เกษตรอื่น ๆ","__plant_type":"เกษตรอื่น ๆ","confidence":"nominal","source":"NASA FIRMS VIIRS","source_file":"HOTSPOT Viirs 1 ม.ค - 31 พ.ค 66 (รวม).xlsx","filter_rule":"Province=กำแพงเพชร; LandType=พื้นที่เกษตร; PlantType in allowed list; hierarchy uses Province→Amphoe→Tambon→BaanN from source table","latitude":16.73186,"longitude":99.59873,"month":3,"day":10,"responsibility_code":"5","landuse_code":"A999","utm_zone":"47","utm_e":"563821.667","utm_n":"1849988.443"},"geometry":{"type":"Point","coordinates":[99.59873,16.73186]}},{"type":"Feature","properties":{"hs_id":"VI1202303140657urgrfzfxfp","hsID":"VI1202303140657urgrfzfxfp","acq_date":"2023-03-14","Date":"2023-03-14","acq_time":"1357","year_be":2566,"season_be":2566,"dataset_year_be":2566,"province":"กำแพงเพชร","Province":"กำแพงเพชร","__province":"กำแพงเพชร","district":"ขาณุวรลักษบุรี","Amphoe":"ขาณุวรลักษบุรี","__district":"ขาณุวรลักษบุรี","subdistrict":"บ่อถ้ำ","Tambon":"บ่อถ้ำ","__subdistrict":"บ่อถ้ำ","village":"บ้านดงดำ, บ้านดงคำน้อย","BaanN":"บ้านดงดำ, บ้านดงคำน้อย","__village":"บ้านดงดำ, บ้านดงคำน้อย","land_type":"พื้นที่เกษตร","LandType":"พื้นที่เกษตร","plant_type":"นาข้าว","PlantType":"นาข้าว","crop_type":"นาข้าว","crop_type_raw":"นาข้าว","__crop":"นาข้าว","__plant_type":"นาข้าว","confidence":"nominal","source":"NASA FIRMS VIIRS","source_file":"HOTSPOT Viirs 1 ม.ค - 31 พ.ค 66 (รวม).xlsx","filter_rule":"Province=กำแพงเพชร; LandType=พื้นที่เกษตร; PlantType in allowed list; hierarchy uses Province→Amphoe→Tambon→BaanN from source table","latitude":15.94469,"longitude":99.79191,"month":3,"day":14,"responsibility_code":"5","landuse_code":"A101","utm_zone":"47","utm_e":"584753.271","utm_n":"1762978.214"},"geometry":{"type":"Point","coordinates":[99.79191,15.94469]}},{"type":"Feature","properties":{"hs_id":"VI1202303140657urgrzrcxvr","hsID":"VI1202303140657urgrzrcxvr","acq_date":"2023-03-14","Date":"2023-03-14","acq_time":"1357","year_be":2566,"season_be":2566,"dataset_year_be":2566,"province":"กำแพงเพชร","Province":"กำแพงเพชร","__province":"กำแพงเพชร","district":"คลองขลุง","Amphoe":"คลองขลุง","__district":"คลองขลุง","subdistrict":"แม่ลาด","Tambon":"แม่ลาด","__subdistrict":"แม่ลาด","village":"บ้านเกาะกลาง","BaanN":"บ้านเกาะกลาง","__village":"บ้านเกาะกลาง","land_type":"พื้นที่เกษตร","LandType":"พื้นที่เกษตร","plant_type":"นาข้าว","PlantType":"นาข้าว","crop_type":"นาข้าว","crop_type_raw":"นาข้าว","__crop":"นาข้าว","__plant_type":"นาข้าว","confidence":"nominal","source":"NASA FIRMS VIIRS","source_file":"HOTSPOT Viirs 1 ม.ค - 31 พ.ค 66 (รวม).xlsx","filter_rule":"Province=กำแพงเพชร; LandType=พื้นที่เกษตร; PlantType in allowed list; hierarchy uses Province→Amphoe→Tambon→BaanN from source table","latitude":16.14121,"longitude":99.74327,"month":3,"day":14,"responsibility_code":"5","landuse_code":"A101","utm_zone":"47","utm_e":"579469.43","utm_n":"1784698.648"},"geometry":{"type":"Point","coordinates":[99.74327,16.14121]}},{"type":"Feature","properties":{"hs_id":"VI1202303140657urgxzxgxyz","hsID":"VI1202303140657urgxzxgxyz","acq_date":"2023-03-14","Date":"2023-03-14","acq_time":"1357","year_be":2566,"season_be":2566,"dataset_year_be":2566,"province":"กำแพงเพชร","Province":"กำแพงเพชร","__province":"กำแพงเพชร","district":"เมืองกำแพงเพชร","Amphoe":"เมืองกำแพงเพชร","__district":"เมืองกำแพงเพชร","subdistrict":"สระแก้ว","Tambon":"สระแก้ว","__subdistrict":"สระแก้ว","village":"บ้านดอนมะโกรก","BaanN":"บ้านดอนมะโกรก","__village":"บ้านดอนมะโกรก","land_type":"พื้นที่เกษตร","LandType":"พื้นที่เกษตร","plant_type":"อ้อย","PlantType":"อ้อย","crop_type":"อ้อย","crop_type_raw":"อ้อย","__crop":"อ้อย","__plant_type":"อ้อย","confidence":"nominal","source":"NASA FIRMS VIIRS","source_file":"HOTSPOT Viirs 1 ม.ค - 31 พ.ค 66 (รวม).xlsx","filter_rule":"Province=กำแพงเพชร; LandType=พื้นที่เกษตร; PlantType in allowed list; hierarchy uses Province→Amphoe→Tambon→BaanN from source table","latitude":16.50657,"longitude":99.55224,"month":3,"day":14,"responsibility_code":"5","landuse_code":"A203","utm_zone":"47","utm_e":"558934.634","utm_n":"1825051.355"},"geometry":{"type":"Point","coordinates":[99.55224,16.50657]}},{"type":"Feature","properties":{"hs_id":"VI1202303150637urgrgxcrvr","hsID":"VI1202303150637urgrgxcrvr","acq_date":"2023-03-15","Date":"2023-03-15","acq_time":"1337","year_be":2566,"season_be":2566,"dataset_year_be":2566,"province":"กำแพงเพชร","Province":"กำแพงเพชร","__province":"กำแพงเพชร","district":"ขาณุวรลักษบุรี","Amphoe":"ขาณุวรลักษบุรี","__district":"ขาณุวรลักษบุรี","subdistrict":"วังชะพลู","Tambon":"วังชะพลู","__subdistrict":"วังชะพลู","village":"บ้านนาเหนือ","BaanN":"บ้านนาเหนือ","__village":"บ้านนาเหนือ","land_type":"พื้นที่เกษตร","LandType":"พื้นที่เกษตร","plant_type":"นาข้าว","PlantType":"นาข้าว","crop_type":"นาข้าว","crop_type_raw":"นาข้าว","__crop":"นาข้าว","__plant_type":"นาข้าว","confidence":"low","source":"NASA FIRMS VIIRS","source_file":"HOTSPOT Viirs 1 ม.ค - 31 พ.ค 66 (รวม).xlsx","filter_rule":"Province=กำแพงเพชร; LandType=พื้นที่เกษตร; PlantType in allowed list; hierarchy uses Province→Amphoe→Tambon→BaanN from source table","latitude":15.97607,"longitude":99.74966,"month":3,"day":15,"responsibility_code":"5","landuse_code":"A101","utm_zone":"47","utm_e":"580218.796","utm_n":"1766432.823"},"geometry":{"type":"Point","coordinates":[99.74966,15.97607]}},{"type":"Feature","properties":{"hs_id":"VI1202303150637urgxcpvxfr","hsID":"VI1202303150637urgxcpvxfr","acq_date":"2023-03-15","Date":"2023-03-15","acq_time":"1337","year_be":2566,"season_be":2566,"dataset_year_be":2566,"province":"กำแพงเพชร","Province":"กำแพงเพชร","__province":"กำแพงเพชร","district":"คลองขลุง","Amphoe":"คลองขลุง","__district":"คลองขลุง","subdistrict":"วังแขม","Tambon":"วังแขม","__subdistrict":"วังแขม","village":"บ้านบ่อทอง","BaanN":"บ้านบ่อทอง","__village":"บ้านบ่อทอง","land_type":"พื้นที่เกษตร","LandType":"พื้นที่เกษตร","plant_type":"อ้อย","PlantType":"อ้อย","crop_type":"อ้อย","crop_type_raw":"อ้อย","__crop":"อ้อย","__plant_type":"อ้อย","confidence":"nominal","source":"NASA FIRMS VIIRS","source_file":"HOTSPOT Viirs 1 ม.ค - 31 พ.ค 66 (รวม).xlsx","filter_rule":"Province=กำแพงเพชร; LandType=พื้นที่เกษตร; PlantType in allowed list; hierarchy uses Province→Amphoe→Tambon→BaanN from source table","latitude":16.22348,"longitude":99.84076,"month":3,"day":15,"responsibility_code":"5","landuse_code":"A203","utm_zone":"47","utm_e":"589856.307","utm_n":"1793839.947"},"geometry":{"type":"Point","coordinates":[99.84076,16.22348]}},{"type":"Feature","properties":{"hs_id":"VI1202303150637urgxcpzxux","hsID":"VI1202303150637urgxcpzxux","acq_date":"2023-03-15","Date":"2023-03-15","acq_time":"1337","year_be":2566,"season_be":2566,"dataset_year_be":2566,"province":"กำแพงเพชร","Province":"กำแพงเพชร","__province":"กำแพงเพชร","district":"คลองขลุง","Amphoe":"คลองขลุง","__district":"คลองขลุง","subdistrict":"วังไทร","Tambon":"วังไทร","__subdistrict":"วังไทร","village":"บ้านใหม่","BaanN":"บ้านใหม่","__village":"บ้านใหม่","land_type":"พื้นที่เกษตร","LandType":"พื้นที่เกษตร","plant_type":"นาข้าว","PlantType":"นาข้าว","crop_type":"นาข้าว","crop_type_raw":"นาข้าว","__crop":"นาข้าว","__plant_type":"นาข้าว","confidence":"nominal","source":"NASA FIRMS VIIRS","source_file":"HOTSPOT Viirs 1 ม.ค - 31 พ.ค 66 (รวม).xlsx","filter_rule":"Province=กำแพงเพชร; LandType=พื้นที่เกษตร; PlantType in allowed list; hierarchy uses Province→Amphoe→Tambon→BaanN from source table","latitude":16.22632,"longitude":99.64133,"month":3,"day":15,"responsibility_code":"5","landuse_code":"A101","utm_zone":"47","utm_e":"568540.35","utm_n":"1794077.09"},"geometry":{"type":"Point","coordinates":[99.64133,16.22632]}},{"type":"Feature","properties":{"hs_id":"VI1202303150637urgzbxuzgp","hsID":"VI1202303150637urgzbxuzgp","acq_date":"2023-03-15","Date":"2023-03-15","acq_time":"1337","year_be":2566,"season_be":2566,"dataset_year_be":2566,"province":"กำแพงเพชร","Province":"กำแพงเพชร","__province":"กำแพงเพชร","district":"เมืองกำแพงเพชร","Amphoe":"เมืองกำแพงเพชร","__district":"เมืองกำแพงเพชร","subdistrict":"ทรงธรรม","Tambon":"ทรงธรรม","__subdistrict":"ทรงธรรม","village":"บ้านไร่เหนือ","BaanN":"บ้านไร่เหนือ","__village":"บ้านไร่เหนือ","land_type":"พื้นที่เกษตร","LandType":"พื้นที่เกษตร","plant_type":"เกษตรอื่น ๆ","PlantType":"เกษตรอื่น ๆ","crop_type":"เกษตรอื่น ๆ","crop_type_raw":"เกษตรอื่น ๆ","__crop":"เกษตรอื่น ๆ","__plant_type":"เกษตรอื่น ๆ","confidence":"low","source":"NASA FIRMS VIIRS","source_file":"HOTSPOT Viirs 1 ม.ค - 31 พ.ค 66 (รวม).xlsx","filter_rule":"Province=กำแพงเพชร; LandType=พื้นที่เกษตร; PlantType in allowed list; hierarchy uses Province→Amphoe→Tambon→BaanN from source table","latitude":16.55207,"longitude":99.46924,"month":3,"day":15,"responsibility_code":"5","landuse_code":"A999","utm_zone":"47","utm_e":"550065.026","utm_n":"1830062.27"},"geometry":{"type":"Point","coordinates":[99.46924,16.55207]}},{"type":"Feature","properties":{"hs_id":"VI1202303150637urgzbxvrbp","hsID":"VI1202303150637urgzbxvrbp","acq_date":"2023-03-15","Date":"2023-03-15","acq_time":"1337","year_be":2566,"season_be":2566,"dataset_year_be":2566,"province":"กำแพงเพชร","Province":"กำแพงเพชร","__province":"กำแพงเพชร","district":"เมืองกำแพงเพชร","Amphoe":"เมืองกำแพงเพชร","__district":"เมืองกำแพงเพชร","subdistrict":"ทรงธรรม","Tambon":"ทรงธรรม","__subdistrict":"ทรงธรรม","village":"บ้านไร่เหนือ","BaanN":"บ้านไร่เหนือ","__village":"บ้านไร่เหนือ","land_type":"พื้นที่เกษตร","LandType":"พื้นที่เกษตร","plant_type":"เกษตรอื่น ๆ","PlantType":"เกษตรอื่น ๆ","crop_type":"เกษตรอื่น ๆ","crop_type_raw":"เกษตรอื่น ๆ","__crop":"เกษตรอื่น ๆ","__plant_type":"เกษตรอื่น ๆ","confidence":"nominal","source":"NASA FIRMS VIIRS","source_file":"HOTSPOT Viirs 1 ม.ค - 31 พ.ค 66 (รวม).xlsx","filter_rule":"Province=กำแพงเพชร; LandType=พื้นที่เกษตร; PlantType in allowed list; hierarchy uses Province→Amphoe→Tambon→BaanN from source table","latitude":16.55262,"longitude":99.47282,"month":3,"day":15,"responsibility_code":"5","landuse_code":"A999","utm_zone":"47","utm_e":"550446.855","utm_n":"1830124.007"},"geometry":{"type":"Point","coordinates":[99.47282,16.55262]}},{"type":"Feature","properties":{"hs_id":"VI1202303160618urgxcxfpfz","hsID":"VI1202303160618urgxcxfpfz","acq_date":"2023-03-16","Date":"2023-03-16","acq_time":"1318","year_be":2566,"season_be":2566,"dataset_year_be":2566,"province":"กำแพงเพชร","Province":"กำแพงเพชร","__province":"กำแพงเพชร","district":"บึงสามัคคี","Amphoe":"บึงสามัคคี","__district":"บึงสามัคคี","subdistrict":"วังชะโอน","Tambon":"วังชะโอน","__subdistrict":"วังชะโอน","village":"บ้านหนองไทร","BaanN":"บ้านหนองไทร","__village":"บ้านหนองไทร","land_type":"พื้นที่เกษตร","LandType":"พื้นที่เกษตร","plant_type":"อ้อย","PlantType":"อ้อย","crop_type":"อ้อย","crop_type_raw":"อ้อย","__crop":"อ้อย","__plant_type":"อ้อย","confidence":"nominal","source":"NASA FIRMS VIIRS","source_file":"HOTSPOT Viirs 1 ม.ค - 31 พ.ค 66 (รวม).xlsx","filter_rule":"Province=กำแพงเพชร; LandType=พื้นที่เกษตร; PlantType in allowed list; hierarchy uses Province→Amphoe→Tambon→BaanN from source table","latitude":16.24066,"longitude":99.9222,"month":3,"day":16,"responsibility_code":"5","landuse_code":"A203","utm_zone":"47","utm_e":"598552.274","utm_n":"1795777.97"},"geometry":{"type":"Point","coordinates":[99.9222,16.24066]}},{"type":"Feature","properties":{"hs_id":"VI1202303170559urgrzxfzcp","hsID":"VI1202303170559urgrzxfzcp","acq_date":"2023-03-17","Date":"2023-03-17","acq_time":"1259","year_be":2566,"season_be":2566,"dataset_year_be":2566,"province":"กำแพงเพชร","Province":"กำแพงเพชร","__province":"กำแพงเพชร","district":"คลองขลุง","Amphoe":"คลองขลุง","__district":"คลองขลุง","subdistrict":"วังแขม","Tambon":"วังแขม","__subdistrict":"วังแขม","village":"บ้านไร่ใหม่","BaanN":"บ้านไร่ใหม่","__village":"บ้านไร่ใหม่","land_type":"พื้นที่เกษตร","LandType":"พื้นที่เกษตร","plant_type":"นาข้าว","PlantType":"นาข้าว","crop_type":"นาข้าว","crop_type_raw":"นาข้าว","__crop":"นาข้าว","__plant_type":"นาข้าว","confidence":"nominal","source":"NASA FIRMS VIIRS","source_file":"HOTSPOT Viirs 1 ม.ค - 31 พ.ค 66 (รวม).xlsx","filter_rule":"Province=กำแพงเพชร; LandType=พื้นที่เกษตร; PlantType in allowed list; hierarchy uses Province→Amphoe→Tambon→BaanN from source table","latitude":16.15373,"longitude":99.82484,"month":3,"day":17,"responsibility_code":"5","landuse_code":"A101","utm_zone":"47","utm_e":"588185.727","utm_n":"1786116.865"},"geometry":{"type":"Point","coordinates":[99.82484,16.15373]}},{"type":"Feature","properties":{"hs_id":"VI1202303161849urgxgpbpfx","hsID":"VI1202303161849urgxgpbpfx","acq_date":"2023-03-17","Date":"2023-03-17","acq_time":"149","year_be":2566,"season_be":2566,"dataset_year_be":2566,"province":"กำแพงเพชร","Province":"กำแพงเพชร","__province":"กำแพงเพชร","district":"เมืองกำแพงเพชร","Amphoe":"เมืองกำแพงเพชร","__district":"เมืองกำแพงเพชร","subdistrict":"อ่างทอง","Tambon":"อ่างทอง","__subdistrict":"อ่างทอง","village":"บ้านบ่อเจริญ","BaanN":"บ้านบ่อเจริญ","__village":"บ้านบ่อเจริญ","land_type":"พื้นที่เกษตร","LandType":"พื้นที่เกษตร","plant_type":"เกษตรอื่น ๆ","PlantType":"เกษตรอื่น ๆ","crop_type":"เกษตรอื่น ๆ","crop_type_raw":"เกษตรอื่น ๆ","__crop":"เกษตรอื่น ๆ","__plant_type":"เกษตรอื่น ๆ","confidence":"nominal","source":"NASA FIRMS VIIRS","source_file":"HOTSPOT Viirs 1 ม.ค - 31 พ.ค 66 (รวม).xlsx","filter_rule":"Province=กำแพงเพชร; LandType=พื้นที่เกษตร; PlantType in allowed list; hierarchy uses Province→Amphoe→Tambon→BaanN from source table","latitude":16.30382,"longitude":99.49794,"month":3,"day":17,"responsibility_code":"5","landuse_code":"A999","utm_zone":"47","utm_e":"553194.701","utm_n":"1802607.62"},"geometry":{"type":"Point","coordinates":[99.49794,16.30382]}},{"type":"Feature","properties":{"hs_id":"VI1202303200644urgxgpuzfp","hsID":"VI1202303200644urgxgpuzfp","acq_date":"2023-03-20","Date":"2023-03-20","acq_time":"1344","year_be":2566,"season_be":2566,"dataset_year_be":2566,"province":"กำแพงเพชร","Province":"กำแพงเพชร","__province":"กำแพงเพชร","district":"เมืองกำแพงเพชร","Amphoe":"เมืองกำแพงเพชร","__district":"เมืองกำแพงเพชร","subdistrict":"อ่างทอง","Tambon":"อ่างทอง","__subdistrict":"อ่างทอง","village":"บ้านคลองดู่","BaanN":"บ้านคลองดู่","__village":"บ้านคลองดู่","land_type":"พื้นที่เกษตร","LandType":"พื้นที่เกษตร","plant_type":"นาข้าว","PlantType":"นาข้าว","crop_type":"นาข้าว","crop_type_raw":"นาข้าว","__crop":"นาข้าว","__plant_type":"นาข้าว","confidence":"nominal","source":"NASA FIRMS VIIRS","source_file":"HOTSPOT Viirs 1 ม.ค - 31 พ.ค 66 (รวม).xlsx","filter_rule":"Province=กำแพงเพชร; LandType=พื้นที่เกษตร; PlantType in allowed list; hierarchy uses Province→Amphoe→Tambon→BaanN from source table","latitude":16.31032,"longitude":99.48721,"month":3,"day":20,"responsibility_code":"5","landuse_code":"A101","utm_zone":"47","utm_e":"552046.68","utm_n":"1803323.889"},"geometry":{"type":"Point","coordinates":[99.48721,16.31032]}},{"type":"Feature","properties":{"hs_id":"VI1202303200644urgxurvpgz","hsID":"VI1202303200644urgxurvpgz","acq_date":"2023-03-20","Date":"2023-03-20","acq_time":"1344","year_be":2566,"season_be":2566,"dataset_year_be":2566,"province":"กำแพงเพชร","Province":"กำแพงเพชร","__province":"กำแพงเพชร","district":"เมืองกำแพงเพชร","Amphoe":"เมืองกำแพงเพชร","__district":"เมืองกำแพงเพชร","subdistrict":"อ่างทอง","Tambon":"อ่างทอง","__subdistrict":"อ่างทอง","village":"บ้านบ่อกลางดง","BaanN":"บ้านบ่อกลางดง","__village":"บ้านบ่อกลางดง","land_type":"พื้นที่เกษตร","LandType":"พื้นที่เกษตร","plant_type":"อ้อย","PlantType":"อ้อย","crop_type":"อ้อย","crop_type_raw":"อ้อย","__crop":"อ้อย","__plant_type":"อ้อย","confidence":"nominal","source":"NASA FIRMS VIIRS","source_file":"HOTSPOT Viirs 1 ม.ค - 31 พ.ค 66 (รวม).xlsx","filter_rule":"Province=กำแพงเพชร; LandType=พื้นที่เกษตร; PlantType in allowed list; hierarchy uses Province→Amphoe→Tambon→BaanN from source table","latitude":16.36567,"longitude":99.51265,"month":3,"day":20,"responsibility_code":"5","landuse_code":"A203","utm_zone":"47","utm_e":"554748.981","utm_n":"1809453.459"},"geometry":{"type":"Point","coordinates":[99.51265,16.36567]}},{"type":"Feature","properties":{"hs_id":"VI1202303200644urgxurzxfp","hsID":"VI1202303200644urgxurzxfp","acq_date":"2023-03-20","Date":"2023-03-20","acq_time":"1344","year_be":2566,"season_be":2566,"dataset_year_be":2566,"province":"กำแพงเพชร","Province":"กำแพงเพชร","__province":"กำแพงเพชร","district":"เมืองกำแพงเพชร","Amphoe":"เมืองกำแพงเพชร","__district":"เมืองกำแพงเพชร","subdistrict":"อ่างทอง","Tambon":"อ่างทอง","__subdistrict":"อ่างทอง","village":"บ้านบ่อกลางดง","BaanN":"บ้านบ่อกลางดง","__village":"บ้านบ่อกลางดง","land_type":"พื้นที่เกษตร","LandType":"พื้นที่เกษตร","plant_type":"เกษตรอื่น ๆ","PlantType":"เกษตรอื่น ๆ","crop_type":"เกษตรอื่น ๆ","crop_type_raw":"เกษตรอื่น ๆ","__crop":"เกษตรอื่น ๆ","__plant_type":"เกษตรอื่น ๆ","confidence":"nominal","source":"NASA FIRMS VIIRS","source_file":"HOTSPOT Viirs 1 ม.ค - 31 พ.ค 66 (รวม).xlsx","filter_rule":"Province=กำแพงเพชร; LandType=พื้นที่เกษตร; PlantType in allowed list; hierarchy uses Province→Amphoe→Tambon→BaanN from source table","latitude":16.36903,"longitude":99.51212,"month":3,"day":20,"responsibility_code":"5","landuse_code":"A999","utm_zone":"47","utm_e":"554691.442","utm_n":"1809825.007"},"geometry":{"type":"Point","coordinates":[99.51212,16.36903]}},{"type":"Feature","properties":{"hs_id":"VI1202303200644urgzcxzzvp","hsID":"VI1202303200644urgzcxzzvp","acq_date":"2023-03-20","Date":"2023-03-20","acq_time":"1344","year_be":2566,"season_be":2566,"dataset_year_be":2566,"province":"กำแพงเพชร","Province":"กำแพงเพชร","__province":"กำแพงเพชร","district":"ลานกระบือ","Amphoe":"ลานกระบือ","__district":"ลานกระบือ","subdistrict":"จันทิมา","Tambon":"จันทิมา","__subdistrict":"จันทิมา","village":"บ้านหนองจิก","BaanN":"บ้านหนองจิก","__village":"บ้านหนองจิก","land_type":"พื้นที่เกษตร","LandType":"พื้นที่เกษตร","plant_type":"นาข้าว","PlantType":"นาข้าว","crop_type":"นาข้าว","crop_type_raw":"นาข้าว","__crop":"นาข้าว","__plant_type":"นาข้าว","confidence":"nominal","source":"NASA FIRMS VIIRS","source_file":"HOTSPOT Viirs 1 ม.ค - 31 พ.ค 66 (รวม).xlsx","filter_rule":"Province=กำแพงเพชร; LandType=พื้นที่เกษตร; PlantType in allowed list; hierarchy uses Province→Amphoe→Tambon→BaanN from source table","latitude":16.60022,"longitude":99.83235,"month":3,"day":20,"responsibility_code":"5","landuse_code":"A101","utm_zone":"47","utm_e":"588786.352","utm_n":"1835514.494"},"geometry":{"type":"Point","coordinates":[99.83235,16.60022]}},{"type":"Feature","properties":{"hs_id":"VI1202303200644urgzfxupvr","hsID":"VI1202303200644urgzfxupvr","acq_date":"2023-03-20","Date":"2023-03-20","acq_time":"1344","year_be":2566,"season_be":2566,"dataset_year_be":2566,"province":"กำแพงเพชร","Province":"กำแพงเพชร","__province":"กำแพงเพชร","district":"พรานกระต่าย","Amphoe":"พรานกระต่าย","__district":"พรานกระต่าย","subdistrict":"คุยบ้านโอง","Tambon":"คุยบ้านโอง","__subdistrict":"คุยบ้านโอง","village":"บ้านคุยแขวน","BaanN":"บ้านคุยแขวน","__village":"บ้านคุยแขวน","land_type":"พื้นที่เกษตร","LandType":"พื้นที่เกษตร","plant_type":"อ้อย","PlantType":"อ้อย","crop_type":"อ้อย","crop_type_raw":"อ้อย","__crop":"อ้อย","__plant_type":"อ้อย","confidence":"nominal","source":"NASA FIRMS VIIRS","source_file":"HOTSPOT Viirs 1 ม.ค - 31 พ.ค 66 (รวม).xlsx","filter_rule":"Province=กำแพงเพชร; LandType=พื้นที่เกษตร; PlantType in allowed list; hierarchy uses Province→Amphoe→Tambon→BaanN from source table","latitude":16.63902,"longitude":99.645,"month":3,"day":20,"responsibility_code":"5","landuse_code":"A203","utm_zone":"47","utm_e":"568787.187","utm_n":"1839733.199"},"geometry":{"type":"Point","coordinates":[99.645,16.63902]}},{"type":"Feature","properties":{"hs_id":"VI1202303210627urgrvzcrvz","hsID":"VI1202303210627urgrvzcrvz","acq_date":"2023-03-21","Date":"2023-03-21","acq_time":"1327","year_be":2566,"season_be":2566,"dataset_year_be":2566,"province":"กำแพงเพชร","Province":"กำแพงเพชร","__province":"กำแพงเพชร","district":"ขาณุวรลักษบุรี","Amphoe":"ขาณุวรลักษบุรี","__district":"ขาณุวรลักษบุรี","subdistrict":"โค้งไผ่","Tambon":"โค้งไผ่","__subdistrict":"โค้งไผ่","village":"บ้านหัวรัง","BaanN":"บ้านหัวรัง","__village":"บ้านหัวรัง","land_type":"พื้นที่เกษตร","LandType":"พื้นที่เกษตร","plant_type":"นาข้าว","PlantType":"นาข้าว","crop_type":"นาข้าว","crop_type_raw":"นาข้าว","__crop":"นาข้าว","__plant_type":"นาข้าว","confidence":"nominal","source":"NASA FIRMS VIIRS","source_file":"HOTSPOT Viirs 1 ม.ค - 31 พ.ค 66 (รวม).xlsx","filter_rule":"Province=กำแพงเพชร; LandType=พื้นที่เกษตร; PlantType in allowed list; hierarchy uses Province→Amphoe→Tambon→BaanN from source table","latitude":16.07497,"longitude":99.678,"month":3,"day":21,"responsibility_code":"5","landuse_code":"A101","utm_zone":"47","utm_e":"572514.618","utm_n":"1777346.973"},"geometry":{"type":"Point","coordinates":[99.678,16.07497]}},{"type":"Feature","properties":{"hs_id":"VI1202303210627urgrvzczyz","hsID":"VI1202303210627urgrvzczyz","acq_date":"2023-03-21","Date":"2023-03-21","acq_time":"1327","year_be":2566,"season_be":2566,"dataset_year_be":2566,"province":"กำแพงเพชร","Province":"กำแพงเพชร","__province":"กำแพงเพชร","district":"ขาณุวรลักษบุรี","Amphoe":"ขาณุวรลักษบุรี","__district":"ขาณุวรลักษบุรี","subdistrict":"โค้งไผ่","Tambon":"โค้งไผ่","__subdistrict":"โค้งไผ่","village":"บ้านหัวรัง","BaanN":"บ้านหัวรัง","__village":"บ้านหัวรัง","land_type":"พื้นที่เกษตร","LandType":"พื้นที่เกษตร","plant_type":"นาข้าว","PlantType":"นาข้าว","crop_type":"นาข้าว","crop_type_raw":"นาข้าว","__crop":"นาข้าว","__plant_type":"นาข้าว","confidence":"low","source":"NASA FIRMS VIIRS","source_file":"HOTSPOT Viirs 1 ม.ค - 31 พ.ค 66 (รวม).xlsx","filter_rule":"Province=กำแพงเพชร; LandType=พื้นที่เกษตร; PlantType in allowed list; hierarchy uses Province→Amphoe→Tambon→BaanN from source table","latitude":16.0757,"longitude":99.68233,"month":3,"day":21,"responsibility_code":"5","landuse_code":"A101","utm_zone":"47","utm_e":"572977.48","utm_n":"1777429.249"},"geometry":{"type":"Point","coordinates":[99.68233,16.0757]}},{"type":"Feature","properties":{"hs_id":"VI1202303210627urgrzxyzvz","hsID":"VI1202303210627urgrzxyzvz","acq_date":"2023-03-21","Date":"2023-03-21","acq_time":"1327","year_be":2566,"season_be":2566,"dataset_year_be":2566,"province":"กำแพงเพชร","Province":"กำแพงเพชร","__province":"กำแพงเพชร","district":"คลองขลุง","Amphoe":"คลองขลุง","__district":"คลองขลุง","subdistrict":"คลองขลุง","Tambon":"คลองขลุง","__subdistrict":"คลองขลุง","village":"บ้านหนองปลาไหล","BaanN":"บ้านหนองปลาไหล","__village":"บ้านหนองปลาไหล","land_type":"พื้นที่เกษตร","LandType":"พื้นที่เกษตร","plant_type":"อ้อย","PlantType":"อ้อย","crop_type":"อ้อย","crop_type_raw":"อ้อย","__crop":"อ้อย","__plant_type":"อ้อย","confidence":"low","source":"NASA FIRMS VIIRS","source_file":"HOTSPOT Viirs 1 ม.ค - 31 พ.ค 66 (รวม).xlsx","filter_rule":"Province=กำแพงเพชร; LandType=พื้นที่เกษตร; PlantType in allowed list; hierarchy uses Province→Amphoe→Tambon→BaanN from source table","latitude":16.15942,"longitude":99.69112,"month":3,"day":21,"responsibility_code":"5","landuse_code":"A203","utm_zone":"47","utm_e":"573886.624","utm_n":"1786693.684"},"geometry":{"type":"Point","coordinates":[99.69112,16.15942]}},{"type":"Feature","properties":{"hs_id":"VI1202303210627urgxbrypfp","hsID":"VI1202303210627urgxbrypfp","acq_date":"2023-03-21","Date":"2023-03-21","acq_time":"1327","year_be":2566,"season_be":2566,"dataset_year_be":2566,"province":"กำแพงเพชร","Province":"กำแพงเพชร","__province":"กำแพงเพชร","district":"คลองขลุง","Amphoe":"คลองขลุง","__district":"คลองขลุง","subdistrict":"คลองขลุง","Tambon":"คลองขลุง","__subdistrict":"คลองขลุง","village":"บ้านถนนงาม","BaanN":"บ้านถนนงาม","__village":"บ้านถนนงาม","land_type":"พื้นที่เกษตร","LandType":"พื้นที่เกษตร","plant_type":"นาข้าว","PlantType":"นาข้าว","crop_type":"นาข้าว","crop_type_raw":"นาข้าว","__crop":"นาข้าว","__plant_type":"นาข้าว","confidence":"nominal","source":"NASA FIRMS VIIRS","source_file":"HOTSPOT Viirs 1 ม.ค - 31 พ.ค 66 (รวม).xlsx","filter_rule":"Province=กำแพงเพชร; LandType=พื้นที่เกษตร; PlantType in allowed list; hierarchy uses Province→Amphoe→Tambon→BaanN from source table","latitude":16.19119,"longitude":99.72536,"month":3,"day":21,"responsibility_code":"5","landuse_code":"A101","utm_zone":"47","utm_e":"577534.939","utm_n":"1790220.796"},"geometry":{"type":"Point","coordinates":[99.72536,16.19119]}},{"type":"Feature","properties":{"hs_id":"VI1202303201915urgxvzfxvx","hsID":"VI1202303201915urgxvzfxvx","acq_date":"2023-03-21","Date":"2023-03-21","acq_time":"215","year_be":2566,"season_be":2566,"dataset_year_be":2566,"province":"กำแพงเพชร","Province":"กำแพงเพชร","__province":"กำแพงเพชร","district":"ไทรงาม","Amphoe":"ไทรงาม","__district":"ไทรงาม","subdistrict":"หนองคล้า","Tambon":"หนองคล้า","__subdistrict":"หนองคล้า","village":"บ้านวังโขน","BaanN":"บ้านวังโขน","__village":"บ้านวังโขน","land_type":"พื้นที่เกษตร","LandType":"พื้นที่เกษตร","plant_type":"อ้อย","PlantType":"อ้อย","crop_type":"อ้อย","crop_type_raw":"อ้อย","__crop":"อ้อย","__plant_type":"อ้อย","confidence":"nominal","source":"NASA FIRMS VIIRS","source_file":"HOTSPOT Viirs 1 ม.ค - 31 พ.ค 66 (รวม).xlsx","filter_rule":"Province=กำแพงเพชร; LandType=พื้นที่เกษตร; PlantType in allowed list; hierarchy uses Province→Amphoe→Tambon→BaanN from source table","latitude":16.42823,"longitude":99.84231,"month":3,"day":21,"responsibility_code":"5","landuse_code":"A203","utm_zone":"47","utm_e":"589928.362","utm_n":"1816491.697"},"geometry":{"type":"Point","coordinates":[99.84231,16.42823]}},{"type":"Feature","properties":{"hs_id":"VI1202303210627urgzcpyzvp","hsID":"VI1202303210627urgzcpyzvp","acq_date":"2023-03-21","Date":"2023-03-21","acq_time":"1327","year_be":2566,"season_be":2566,"dataset_year_be":2566,"province":"กำแพงเพชร","Province":"กำแพงเพชร","__province":"กำแพงเพชร","district":"พรานกระต่าย","Amphoe":"พรานกระต่าย","__district":"พรานกระต่าย","subdistrict":"เขาคีริส","Tambon":"เขาคีริส","__subdistrict":"เขาคีริส","village":"บ้านราษฏร์ขยัน","BaanN":"บ้านราษฏร์ขยัน","__village":"บ้านราษฏร์ขยัน","land_type":"พื้นที่เกษตร","LandType":"พื้นที่เกษตร","plant_type":"นาข้าว","PlantType":"นาข้าว","crop_type":"นาข้าว","crop_type_raw":"นาข้าว","__crop":"นาข้าว","__plant_type":"นาข้าว","confidence":"low","source":"NASA FIRMS VIIRS","source_file":"HOTSPOT Viirs 1 ม.ค - 31 พ.ค 66 (รวม).xlsx","filter_rule":"Province=กำแพงเพชร; LandType=พื้นที่เกษตร; PlantType in allowed list; hierarchy uses Province→Amphoe→Tambon→BaanN from source table","latitude":16.57687,"longitude":99.63796,"month":3,"day":21,"responsibility_code":"5","landuse_code":"A101","utm_zone":"47","utm_e":"568058.249","utm_n":"1832855.351"},"geometry":{"type":"Point","coordinates":[99.63796,16.57687]}},{"type":"Feature","properties":{"hs_id":"VI1202303220605urgzcrczcz","hsID":"VI1202303220605urgzcrczcz","acq_date":"2023-03-22","Date":"2023-03-22","acq_time":"1305","year_be":2566,"season_be":2566,"dataset_year_be":2566,"province":"กำแพงเพชร","Province":"กำแพงเพชร","__province":"กำแพงเพชร","district":"ลานกระบือ","Amphoe":"ลานกระบือ","__district":"ลานกระบือ","subdistrict":"ประชาสุขสันต์","Tambon":"ประชาสุขสันต์","__subdistrict":"ประชาสุขสันต์","village":"บ้านหนองตะเคียน","BaanN":"บ้านหนองตะเคียน","__village":"บ้านหนองตะเคียน","land_type":"พื้นที่เกษตร","LandType":"พื้นที่เกษตร","plant_type":"นาข้าว","PlantType":"นาข้าว","crop_type":"นาข้าว","crop_type_raw":"นาข้าว","__crop":"นาข้าว","__plant_type":"นาข้าว","confidence":"nominal","source":"NASA FIRMS VIIRS","source_file":"HOTSPOT Viirs 1 ม.ค - 31 พ.ค 66 (รวม).xlsx","filter_rule":"Province=กำแพงเพชร; LandType=พื้นที่เกษตร; PlantType in allowed list; hierarchy uses Province→Amphoe→Tambon→BaanN from source table","latitude":16.58085,"longitude":100.01114,"month":3,"day":22,"responsibility_code":"5","landuse_code":"A101","utm_zone":"47","utm_e":"607870.111","utm_n":"1833459.16"},"geometry":{"type":"Point","coordinates":[100.01114,16.58085]}},{"type":"Feature","properties":{"hs_id":"VI1202303220605urgzcrfpbz","hsID":"VI1202303220605urgzcrfpbz","acq_date":"2023-03-22","Date":"2023-03-22","acq_time":"1305","year_be":2566,"season_be":2566,"dataset_year_be":2566,"province":"กำแพงเพชร","Province":"กำแพงเพชร","__province":"กำแพงเพชร","district":"ลานกระบือ","Amphoe":"ลานกระบือ","__district":"ลานกระบือ","subdistrict":"ประชาสุขสันต์","Tambon":"ประชาสุขสันต์","__subdistrict":"ประชาสุขสันต์","village":"บ้านหนองตะเคียน","BaanN":"บ้านหนองตะเคียน","__village":"บ้านหนองตะเคียน","land_type":"พื้นที่เกษตร","LandType":"พื้นที่เกษตร","plant_type":"นาข้าว","PlantType":"นาข้าว","crop_type":"นาข้าว","crop_type_raw":"นาข้าว","__crop":"นาข้าว","__plant_type":"นาข้าว","confidence":"nominal","source":"NASA FIRMS VIIRS","source_file":"HOTSPOT Viirs 1 ม.ค - 31 พ.ค 66 (รวม).xlsx","filter_rule":"Province=กำแพงเพชร; LandType=พื้นที่เกษตร; PlantType in allowed list; hierarchy uses Province→Amphoe→Tambon→BaanN from source table","latitude":16.58115,"longitude":100.00802,"month":3,"day":22,"responsibility_code":"5","landuse_code":"A101","utm_zone":"47","utm_e":"607537.069","utm_n":"1833490.676"},"geometry":{"type":"Point","coordinates":[100.00802,16.58115]}},{"type":"Feature","properties":{"hs_id":"VI1202303220605urgzurupbz","hsID":"VI1202303220605urgzurupbz","acq_date":"2023-03-22","Date":"2023-03-22","acq_time":"1305","year_be":2566,"season_be":2566,"dataset_year_be":2566,"province":"กำแพงเพชร","Province":"กำแพงเพชร","__province":"กำแพงเพชร","district":"ลานกระบือ","Amphoe":"ลานกระบือ","__district":"ลานกระบือ","subdistrict":"บึงทับแรต","Tambon":"บึงทับแรต","__subdistrict":"บึงทับแรต","village":"บ้านทุ่งโพธิ์เงิน","BaanN":"บ้านทุ่งโพธิ์เงิน","__village":"บ้านทุ่งโพธิ์เงิน","land_type":"พื้นที่เกษตร","LandType":"พื้นที่เกษตร","plant_type":"อ้อย","PlantType":"อ้อย","crop_type":"อ้อย","crop_type_raw":"อ้อย","__crop":"อ้อย","__plant_type":"อ้อย","confidence":"nominal","source":"NASA FIRMS VIIRS","source_file":"HOTSPOT Viirs 1 ม.ค - 31 พ.ค 66 (รวม).xlsx","filter_rule":"Province=กำแพงเพชร; LandType=พื้นที่เกษตร; PlantType in allowed list; hierarchy uses Province→Amphoe→Tambon→BaanN from source table","latitude":16.71574,"longitude":99.86403,"month":3,"day":22,"responsibility_code":"5","landuse_code":"A203","utm_zone":"47","utm_e":"592110.603","utm_n":"1848308.984"},"geometry":{"type":"Point","coordinates":[99.86403,16.71574]}},{"type":"Feature","properties":{"hs_id":"VI1202303230729urgxzrvpyp","hsID":"VI1202303230729urgxzrvpyp","acq_date":"2023-03-23","Date":"2023-03-23","acq_time":"1429","year_be":2566,"season_be":2566,"dataset_year_be":2566,"province":"กำแพงเพชร","Province":"กำแพงเพชร","__province":"กำแพงเพชร","district":"เมืองกำแพงเพชร","Amphoe":"เมืองกำแพงเพชร","__district":"เมืองกำแพงเพชร","subdistrict":"นิคมทุ่งโพธิ์ทะเล","Tambon":"นิคมทุ่งโพธิ์ทะเล","__subdistrict":"นิคมทุ่งโพธิ์ทะเล","village":"บ้านหนองเต่า","BaanN":"บ้านหนองเต่า","__village":"บ้านหนองเต่า","land_type":"พื้นที่เกษตร","LandType":"พื้นที่เกษตร","plant_type":"อ้อย","PlantType":"อ้อย","crop_type":"อ้อย","crop_type_raw":"อ้อย","__crop":"อ้อย","__plant_type":"อ้อย","confidence":"high","source":"NASA FIRMS VIIRS","source_file":"HOTSPOT Viirs 1 ม.ค - 31 พ.ค 66 (รวม).xlsx","filter_rule":"Province=กำแพงเพชร; LandType=พื้นที่เกษตร; PlantType in allowed list; hierarchy uses Province→Amphoe→Tambon→BaanN from source table","latitude":16.49761,"longitude":99.671,"month":3,"day":23,"responsibility_code":"5","landuse_code":"A203","utm_zone":"47","utm_e":"571612.354","utm_n":"1824098.588"},"geometry":{"type":"Point","coordinates":[99.671,16.49761]}},{"type":"Feature","properties":{"hs_id":"VI1202303240709urgrfxzpcr","hsID":"VI1202303240709urgrfxzpcr","acq_date":"2023-03-24","Date":"2023-03-24","acq_time":"1409","year_be":2566,"season_be":2566,"dataset_year_be":2566,"province":"กำแพงเพชร","Province":"กำแพงเพชร","__province":"กำแพงเพชร","district":"ขาณุวรลักษบุรี","Amphoe":"ขาณุวรลักษบุรี","__district":"ขาณุวรลักษบุรี","subdistrict":"บ่อถ้ำ","Tambon":"บ่อถ้ำ","__subdistrict":"บ่อถ้ำ","village":"บ้านดงดำ, บ้านดงคำน้อย","BaanN":"บ้านดงดำ, บ้านดงคำน้อย","__village":"บ้านดงดำ, บ้านดงคำน้อย","land_type":"พื้นที่เกษตร","LandType":"พื้นที่เกษตร","plant_type":"นาข้าว","PlantType":"นาข้าว","crop_type":"นาข้าว","crop_type_raw":"นาข้าว","__crop":"นาข้าว","__plant_type":"นาข้าว","confidence":"low","source":"NASA FIRMS VIIRS","source_file":"HOTSPOT Viirs 1 ม.ค - 31 พ.ค 66 (รวม).xlsx","filter_rule":"Province=กำแพงเพชร; LandType=พื้นที่เกษตร; PlantType in allowed list; hierarchy uses Province→Amphoe→Tambon→BaanN from source table","latitude":15.93985,"longitude":99.79283,"month":3,"day":24,"responsibility_code":"5","landuse_code":"A101","utm_zone":"47","utm_e":"584853.773","utm_n":"1762443.173"},"geometry":{"type":"Point","coordinates":[99.79283,15.93985]}},{"type":"Feature","properties":{"hs_id":"VI1202303240709urgrfxzxzx","hsID":"VI1202303240709urgrfxzxzx","acq_date":"2023-03-24","Date":"2023-03-24","acq_time":"1409","year_be":2566,"season_be":2566,"dataset_year_be":2566,"province":"กำแพงเพชร","Province":"กำแพงเพชร","__province":"กำแพงเพชร","district":"ขาณุวรลักษบุรี","Amphoe":"ขาณุวรลักษบุรี","__district":"ขาณุวรลักษบุรี","subdistrict":"บ่อถ้ำ","Tambon":"บ่อถ้ำ","__subdistrict":"บ่อถ้ำ","village":"บ้านดงดำ, บ้านดงคำน้อย","BaanN":"บ้านดงดำ, บ้านดงคำน้อย","__village":"บ้านดงดำ, บ้านดงคำน้อย","land_type":"พื้นที่เกษตร","LandType":"พื้นที่เกษตร","plant_type":"นาข้าว","PlantType":"นาข้าว","crop_type":"นาข้าว","crop_type_raw":"นาข้าว","__crop":"นาข้าว","__plant_type":"นาข้าว","confidence":"nominal","source":"NASA FIRMS VIIRS","source_file":"HOTSPOT Viirs 1 ม.ค - 31 พ.ค 66 (รวม).xlsx","filter_rule":"Province=กำแพงเพชร; LandType=พื้นที่เกษตร; PlantType in allowed list; hierarchy uses Province→Amphoe→Tambon→BaanN from source table","latitude":15.9408,"longitude":99.78963,"month":3,"day":24,"responsibility_code":"5","landuse_code":"A101","utm_zone":"47","utm_e":"584510.873","utm_n":"1762546.966"},"geometry":{"type":"Point","coordinates":[99.78963,15.9408]}},{"type":"Feature","properties":{"hs_id":"VI1202303240709urgxbpuxcr","hsID":"VI1202303240709urgxbpuxcr","acq_date":"2023-03-24","Date":"2023-03-24","acq_time":"1409","year_be":2566,"season_be":2566,"dataset_year_be":2566,"province":"กำแพงเพชร","Province":"กำแพงเพชร","__province":"กำแพงเพชร","district":"บึงสามัคคี","Amphoe":"บึงสามัคคี","__district":"บึงสามัคคี","subdistrict":"เทพนิมิต","Tambon":"เทพนิมิต","__subdistrict":"เทพนิมิต","village":"บ้านดงยาง","BaanN":"บ้านดงยาง","__village":"บ้านดงยาง","land_type":"พื้นที่เกษตร","LandType":"พื้นที่เกษตร","plant_type":"นาข้าว","PlantType":"นาข้าว","crop_type":"นาข้าว","crop_type_raw":"นาข้าว","__crop":"นาข้าว","__plant_type":"นาข้าว","confidence":"nominal","source":"NASA FIRMS VIIRS","source_file":"HOTSPOT Viirs 1 ม.ค - 31 พ.ค 66 (รวม).xlsx","filter_rule":"Province=กำแพงเพชร; LandType=พื้นที่เกษตร; PlantType in allowed list; hierarchy uses Province→Amphoe→Tambon→BaanN from source table","latitude":16.17811,"longitude":99.94688,"month":3,"day":24,"responsibility_code":"5","landuse_code":"A101","utm_zone":"47","utm_e":"601221.866","utm_n":"1788870.133"},"geometry":{"type":"Point","coordinates":[99.94688,16.17811]}},{"type":"Feature","properties":{"hs_id":"VI1202303240709urgxbpypcx","hsID":"VI1202303240709urgxbpypcx","acq_date":"2023-03-24","Date":"2023-03-24","acq_time":"1409","year_be":2566,"season_be":2566,"dataset_year_be":2566,"province":"กำแพงเพชร","Province":"กำแพงเพชร","__province":"กำแพงเพชร","district":"บึงสามัคคี","Amphoe":"บึงสามัคคี","__district":"บึงสามัคคี","subdistrict":"เทพนิมิต","Tambon":"เทพนิมิต","__subdistrict":"เทพนิมิต","village":"บ้านดงยาง","BaanN":"บ้านดงยาง","__village":"บ้านดงยาง","land_type":"พื้นที่เกษตร","LandType":"พื้นที่เกษตร","plant_type":"นาข้าว","PlantType":"นาข้าว","crop_type":"นาข้าว","crop_type_raw":"นาข้าว","__crop":"นาข้าว","__plant_type":"นาข้าว","confidence":"nominal","source":"NASA FIRMS VIIRS","source_file":"HOTSPOT Viirs 1 ม.ค - 31 พ.ค 66 (รวม).xlsx","filter_rule":"Province=กำแพงเพชร; LandType=พื้นที่เกษตร; PlantType in allowed list; hierarchy uses Province→Amphoe→Tambon→BaanN from source table","latitude":16.18018,"longitude":99.94421,"month":3,"day":24,"responsibility_code":"5","landuse_code":"A101","utm_zone":"47","utm_e":"600935.368","utm_n":"1789097.822"},"geometry":{"type":"Point","coordinates":[99.94421,16.18018]}},{"type":"Feature","properties":{"hs_id":"VI1202303240709urgxbrbpgx","hsID":"VI1202303240709urgxbrbpgx","acq_date":"2023-03-24","Date":"2023-03-24","acq_time":"1409","year_be":2566,"season_be":2566,"dataset_year_be":2566,"province":"กำแพงเพชร","Province":"กำแพงเพชร","__province":"กำแพงเพชร","district":"บึงสามัคคี","Amphoe":"บึงสามัคคี","__district":"บึงสามัคคี","subdistrict":"เทพนิมิต","Tambon":"เทพนิมิต","__subdistrict":"เทพนิมิต","village":"บ้านดงยาง","BaanN":"บ้านดงยาง","__village":"บ้านดงยาง","land_type":"พื้นที่เกษตร","LandType":"พื้นที่เกษตร","plant_type":"นาข้าว","PlantType":"นาข้าว","crop_type":"นาข้าว","crop_type_raw":"นาข้าว","__crop":"นาข้าว","__plant_type":"นาข้าว","confidence":"nominal","source":"NASA FIRMS VIIRS","source_file":"HOTSPOT Viirs 1 ม.ค - 31 พ.ค 66 (รวม).xlsx","filter_rule":"Province=กำแพงเพชร; LandType=พื้นที่เกษตร; PlantType in allowed list; hierarchy uses Province→Amphoe→Tambon→BaanN from source table","latitude":16.18302,"longitude":99.9463,"month":3,"day":24,"responsibility_code":"5","landuse_code":"A101","utm_zone":"47","utm_e":"601157.359","utm_n":"1789413.036"},"geometry":{"type":"Point","coordinates":[99.9463,16.18302]}},{"type":"Feature","properties":{"hs_id":"VI1202303240709urgxbzcpup","hsID":"VI1202303240709urgxbzcpup","acq_date":"2023-03-24","Date":"2023-03-24","acq_time":"1409","year_be":2566,"season_be":2566,"dataset_year_be":2566,"province":"กำแพงเพชร","Province":"กำแพงเพชร","__province":"กำแพงเพชร","district":"คลองขลุง","Amphoe":"คลองขลุง","__district":"คลองขลุง","subdistrict":"วังไทร","Tambon":"วังไทร","__subdistrict":"วังไทร","village":"บ้านหนองแห้ว","BaanN":"บ้านหนองแห้ว","__village":"บ้านหนองแห้ว","land_type":"พื้นที่เกษตร","LandType":"พื้นที่เกษตร","plant_type":"อ้อย","PlantType":"อ้อย","crop_type":"อ้อย","crop_type_raw":"อ้อย","__crop":"อ้อย","__plant_type":"อ้อย","confidence":"nominal","source":"NASA FIRMS VIIRS","source_file":"HOTSPOT Viirs 1 ม.ค - 31 พ.ค 66 (รวม).xlsx","filter_rule":"Province=กำแพงเพชร; LandType=พื้นที่เกษตร; PlantType in allowed list; hierarchy uses Province→Amphoe→Tambon→BaanN from source table","latitude":16.20638,"longitude":99.66054,"month":3,"day":24,"responsibility_code":"5","landuse_code":"A203","utm_zone":"47","utm_e":"570600.543","utm_n":"1791877.787"},"geometry":{"type":"Point","coordinates":[99.66054,16.20638]}},{"type":"Feature","properties":{"hs_id":"VI1202303240709urgzgzyxux","hsID":"VI1202303240709urgzgzyxux","acq_date":"2023-03-24","Date":"2023-03-24","acq_time":"1409","year_be":2566,"season_be":2566,"dataset_year_be":2566,"province":"กำแพงเพชร","Province":"กำแพงเพชร","__province":"กำแพงเพชร","district":"พรานกระต่าย","Amphoe":"พรานกระต่าย","__district":"พรานกระต่าย","subdistrict":"ถ้ำกระต่ายทอง","Tambon":"ถ้ำกระต่ายทอง","__subdistrict":"ถ้ำกระต่ายทอง","village":"บ้านเขาสว่างอารมณ์","BaanN":"บ้านเขาสว่างอารมณ์","__village":"บ้านเขาสว่างอารมณ์","land_type":"พื้นที่เกษตร","LandType":"พื้นที่เกษตร","plant_type":"เกษตรอื่น ๆ","PlantType":"เกษตรอื่น ๆ","crop_type":"เกษตรอื่น ๆ","crop_type_raw":"เกษตรอื่น ๆ","__crop":"เกษตรอื่น ๆ","__plant_type":"เกษตรอื่น ๆ","confidence":"high","source":"NASA FIRMS VIIRS","source_file":"HOTSPOT Viirs 1 ม.ค - 31 พ.ค 66 (รวม).xlsx","filter_rule":"Province=กำแพงเพชร; LandType=พื้นที่เกษตร; PlantType in allowed list; hierarchy uses Province→Amphoe→Tambon→BaanN from source table","latitude":16.69736,"longitude":99.55476,"month":3,"day":24,"responsibility_code":"5","landuse_code":"A999","utm_zone":"47","utm_e":"559145.182","utm_n":"1846158.253"},"geometry":{"type":"Point","coordinates":[99.55476,16.69736]}},{"type":"Feature","properties":{"hs_id":"VI1202303240709urgzgzzpgr","hsID":"VI1202303240709urgzgzzpgr","acq_date":"2023-03-24","Date":"2023-03-24","acq_time":"1409","year_be":2566,"season_be":2566,"dataset_year_be":2566,"province":"กำแพงเพชร","Province":"กำแพงเพชร","__province":"กำแพงเพชร","district":"พรานกระต่าย","Amphoe":"พรานกระต่าย","__district":"พรานกระต่าย","subdistrict":"ถ้ำกระต่ายทอง","Tambon":"ถ้ำกระต่ายทอง","__subdistrict":"ถ้ำกระต่ายทอง","village":"บ้านหนองตากล้า","BaanN":"บ้านหนองตากล้า","__village":"บ้านหนองตากล้า","land_type":"พื้นที่เกษตร","LandType":"พื้นที่เกษตร","plant_type":"นาข้าว","PlantType":"นาข้าว","crop_type":"นาข้าว","crop_type_raw":"นาข้าว","__crop":"นาข้าว","__plant_type":"นาข้าว","confidence":"nominal","source":"NASA FIRMS VIIRS","source_file":"HOTSPOT Viirs 1 ม.ค - 31 พ.ค 66 (รวม).xlsx","filter_rule":"Province=กำแพงเพชร; LandType=พื้นที่เกษตร; PlantType in allowed list; hierarchy uses Province→Amphoe→Tambon→BaanN from source table","latitude":16.69799,"longitude":99.56021,"month":3,"day":24,"responsibility_code":"5","landuse_code":"A101","utm_zone":"47","utm_e":"559726.048","utm_n":"1846229.572"},"geometry":{"type":"Point","coordinates":[99.56021,16.69799]}},{"type":"Feature","properties":{"hs_id":"VI1202303250650urgrvzvxbp","hsID":"VI1202303250650urgrvzvxbp","acq_date":"2023-03-25","Date":"2023-03-25","acq_time":"1350","year_be":2566,"season_be":2566,"dataset_year_be":2566,"province":"กำแพงเพชร","Province":"กำแพงเพชร","__province":"กำแพงเพชร","district":"ขาณุวรลักษบุรี","Amphoe":"ขาณุวรลักษบุรี","__district":"ขาณุวรลักษบุรี","subdistrict":"โค้งไผ่","Tambon":"โค้งไผ่","__subdistrict":"โค้งไผ่","village":"บ้านวังหามแห","BaanN":"บ้านวังหามแห","__village":"บ้านวังหามแห","land_type":"พื้นที่เกษตร","LandType":"พื้นที่เกษตร","plant_type":"นาข้าว","PlantType":"นาข้าว","crop_type":"นาข้าว","crop_type_raw":"นาข้าว","__crop":"นาข้าว","__plant_type":"นาข้าว","confidence":"nominal","source":"NASA FIRMS VIIRS","source_file":"HOTSPOT Viirs 1 ม.ค - 31 พ.ค 66 (รวม).xlsx","filter_rule":"Province=กำแพงเพชร; LandType=พื้นที่เกษตร; PlantType in allowed list; hierarchy uses Province→Amphoe→Tambon→BaanN from source table","latitude":16.08056,"longitude":99.64575,"month":3,"day":25,"responsibility_code":"5","landuse_code":"A101","utm_zone":"47","utm_e":"569063.303","utm_n":"1777954.311"},"geometry":{"type":"Point","coordinates":[99.64575,16.08056]}},{"type":"Feature","properties":{"hs_id":"VI1202303250650urgxbpvrcp","hsID":"VI1202303250650urgxbpvrcp","acq_date":"2023-03-25","Date":"2023-03-25","acq_time":"1350","year_be":2566,"season_be":2566,"dataset_year_be":2566,"province":"กำแพงเพชร","Province":"กำแพงเพชร","__province":"กำแพงเพชร","district":"บึงสามัคคี","Amphoe":"บึงสามัคคี","__district":"บึงสามัคคี","subdistrict":"เทพนิมิต","Tambon":"เทพนิมิต","__subdistrict":"เทพนิมิต","village":"บ้านดงยาง","BaanN":"บ้านดงยาง","__village":"บ้านดงยาง","land_type":"พื้นที่เกษตร","LandType":"พื้นที่เกษตร","plant_type":"เกษตรอื่น ๆ","PlantType":"เกษตรอื่น ๆ","crop_type":"เกษตรอื่น ๆ","crop_type_raw":"เกษตรอื่น ๆ","__crop":"เกษตรอื่น ๆ","__plant_type":"เกษตรอื่น ๆ","confidence":"nominal","source":"NASA FIRMS VIIRS","source_file":"HOTSPOT Viirs 1 ม.ค - 31 พ.ค 66 (รวม).xlsx","filter_rule":"Province=กำแพงเพชร; LandType=พื้นที่เกษตร; PlantType in allowed list; hierarchy uses Province→Amphoe→Tambon→BaanN from source table","latitude":16.17913,"longitude":99.93223,"month":3,"day":25,"responsibility_code":"5","landuse_code":"A999","utm_zone":"47","utm_e":"599655.145","utm_n":"1788975.817"},"geometry":{"type":"Point","coordinates":[99.93223,16.17913]}},{"type":"Feature","properties":{"hs_id":"VI1202303250650urgxcrzzur","hsID":"VI1202303250650urgxcrzzur","acq_date":"2023-03-25","Date":"2023-03-25","acq_time":"1350","year_be":2566,"season_be":2566,"dataset_year_be":2566,"province":"กำแพงเพชร","Province":"กำแพงเพชร","__province":"กำแพงเพชร","district":"คลองขลุง","Amphoe":"คลองขลุง","__district":"คลองขลุง","subdistrict":"ท่าพุทรา","Tambon":"ท่าพุทรา","__subdistrict":"ท่าพุทรา","village":"บ้านวังหิน","BaanN":"บ้านวังหิน","__village":"บ้านวังหิน","land_type":"พื้นที่เกษตร","LandType":"พื้นที่เกษตร","plant_type":"นาข้าว","PlantType":"นาข้าว","crop_type":"นาข้าว","crop_type_raw":"นาข้าว","__crop":"นาข้าว","__plant_type":"นาข้าว","confidence":"low","source":"NASA FIRMS VIIRS","source_file":"HOTSPOT Viirs 1 ม.ค - 31 พ.ค 66 (รวม).xlsx","filter_rule":"Province=กำแพงเพชร; LandType=พื้นที่เกษตร; PlantType in allowed list; hierarchy uses Province→Amphoe→Tambon→BaanN from source table","latitude":16.23764,"longitude":99.68374,"month":3,"day":25,"responsibility_code":"5","landuse_code":"A101","utm_zone":"47","utm_e":"573068.8","utm_n":"1795343.994"},"geometry":{"type":"Point","coordinates":[99.68374,16.23764]}},{"type":"Feature","properties":{"hs_id":"VI1202303250650urgxcxfxbp","hsID":"VI1202303250650urgxcxfxbp","acq_date":"2023-03-25","Date":"2023-03-25","acq_time":"1350","year_be":2566,"season_be":2566,"dataset_year_be":2566,"province":"กำแพงเพชร","Province":"กำแพงเพชร","__province":"กำแพงเพชร","district":"คลองขลุง","Amphoe":"คลองขลุง","__district":"คลองขลุง","subdistrict":"ท่าพุทรา","Tambon":"ท่าพุทรา","__subdistrict":"ท่าพุทรา","village":"บ้านวังหิน","BaanN":"บ้านวังหิน","__village":"บ้านวังหิน","land_type":"พื้นที่เกษตร","LandType":"พื้นที่เกษตร","plant_type":"นาข้าว","PlantType":"นาข้าว","crop_type":"นาข้าว","crop_type_raw":"นาข้าว","__crop":"นาข้าว","__plant_type":"นาข้าว","confidence":"low","source":"NASA FIRMS VIIRS","source_file":"HOTSPOT Viirs 1 ม.ค - 31 พ.ค 66 (รวม).xlsx","filter_rule":"Province=กำแพงเพชร; LandType=พื้นที่เกษตร; PlantType in allowed list; hierarchy uses Province→Amphoe→Tambon→BaanN from source table","latitude":16.24123,"longitude":99.68322,"month":3,"day":25,"responsibility_code":"5","landuse_code":"A101","utm_zone":"47","utm_e":"573011.903","utm_n":"1795740.948"},"geometry":{"type":"Point","coordinates":[99.68322,16.24123]}},{"type":"Feature","properties":{"hs_id":"VI1202303241940urgxurupuz","hsID":"VI1202303241940urgxurupuz","acq_date":"2023-03-25","Date":"2023-03-25","acq_time":"240","year_be":2566,"season_be":2566,"dataset_year_be":2566,"province":"กำแพงเพชร","Province":"กำแพงเพชร","__province":"กำแพงเพชร","district":"เมืองกำแพงเพชร","Amphoe":"เมืองกำแพงเพชร","__district":"เมืองกำแพงเพชร","subdistrict":"อ่างทอง","Tambon":"อ่างทอง","__subdistrict":"อ่างทอง","village":"บ้านปากอ่าง","BaanN":"บ้านปากอ่าง","__village":"บ้านปากอ่าง","land_type":"พื้นที่เกษตร","LandType":"พื้นที่เกษตร","plant_type":"เกษตรอื่น ๆ","PlantType":"เกษตรอื่น ๆ","crop_type":"เกษตรอื่น ๆ","crop_type_raw":"เกษตรอื่น ๆ","__crop":"เกษตรอื่น ๆ","__plant_type":"เกษตรอื่น ๆ","confidence":"nominal","source":"NASA FIRMS VIIRS","source_file":"HOTSPOT Viirs 1 ม.ค - 31 พ.ค 66 (รวม).xlsx","filter_rule":"Province=กำแพงเพชร; LandType=พื้นที่เกษตร; PlantType in allowed list; hierarchy uses Province→Amphoe→Tambon→BaanN from source table","latitude":16.36434,"longitude":99.49084,"month":3,"day":25,"responsibility_code":"5","landuse_code":"A999","utm_zone":"47","utm_e":"552420.066","utm_n":"1809300.585"},"geometry":{"type":"Point","coordinates":[99.49084,16.36434]}},{"type":"Feature","properties":{"hs_id":"VI1202303241940urgzfpcpgz","hsID":"VI1202303241940urgzfpcpgz","acq_date":"2023-03-25","Date":"2023-03-25","acq_time":"240","year_be":2566,"season_be":2566,"dataset_year_be":2566,"province":"กำแพงเพชร","Province":"กำแพงเพชร","__province":"กำแพงเพชร","district":"ลานกระบือ","Amphoe":"ลานกระบือ","__district":"ลานกระบือ","subdistrict":"ลานกระบือ","Tambon":"ลานกระบือ","__subdistrict":"ลานกระบือ","village":"บ้านโป่งเป้า","BaanN":"บ้านโป่งเป้า","__village":"บ้านโป่งเป้า","land_type":"พื้นที่เกษตร","LandType":"พื้นที่เกษตร","plant_type":"อ้อย","PlantType":"อ้อย","crop_type":"อ้อย","crop_type_raw":"อ้อย","__crop":"อ้อย","__plant_type":"อ้อย","confidence":"nominal","source":"NASA FIRMS VIIRS","source_file":"HOTSPOT Viirs 1 ม.ค - 31 พ.ค 66 (รวม).xlsx","filter_rule":"Province=กำแพงเพชร; LandType=พื้นที่เกษตร; PlantType in allowed list; hierarchy uses Province→Amphoe→Tambon→BaanN from source table","latitude":16.61287,"longitude":99.87516,"month":3,"day":25,"responsibility_code":"5","landuse_code":"A203","utm_zone":"47","utm_e":"593347.055","utm_n":"1836933.426"},"geometry":{"type":"Point","coordinates":[99.87516,16.61287]}},{"type":"Feature","properties":{"hs_id":"VI1202303270612urgrfzvxcx","hsID":"VI1202303270612urgrfzvxcx","acq_date":"2023-03-27","Date":"2023-03-27","acq_time":"1312","year_be":2566,"season_be":2566,"dataset_year_be":2566,"province":"กำแพงเพชร","Province":"กำแพงเพชร","__province":"กำแพงเพชร","district":"ขาณุวรลักษบุรี","Amphoe":"ขาณุวรลักษบุรี","__district":"ขาณุวรลักษบุรี","subdistrict":"บ่อถ้ำ","Tambon":"บ่อถ้ำ","__subdistrict":"บ่อถ้ำ","village":"บ้านเปาะสวอง","BaanN":"บ้านเปาะสวอง","__village":"บ้านเปาะสวอง","land_type":"พื้นที่เกษตร","LandType":"พื้นที่เกษตร","plant_type":"เกษตรอื่น ๆ","PlantType":"เกษตรอื่น ๆ","crop_type":"เกษตรอื่น ๆ","crop_type_raw":"เกษตรอื่น ๆ","__crop":"เกษตรอื่น ๆ","__plant_type":"เกษตรอื่น ๆ","confidence":"low","source":"NASA FIRMS VIIRS","source_file":"HOTSPOT Viirs 1 ม.ค - 31 พ.ค 66 (รวม).xlsx","filter_rule":"Province=กำแพงเพชร; LandType=พื้นที่เกษตร; PlantType in allowed list; hierarchy uses Province→Amphoe→Tambon→BaanN from source table","latitude":15.94878,"longitude":99.74937,"month":3,"day":27,"responsibility_code":"5","landuse_code":"A999","utm_zone":"47","utm_e":"580198.622","utm_n":"1763413.834"},"geometry":{"type":"Point","coordinates":[99.74937,15.94878]}},{"type":"Feature","properties":{"hs_id":"VI1202303270612urgrzzfpzz","hsID":"VI1202303270612urgrzzfpzz","acq_date":"2023-03-27","Date":"2023-03-27","acq_time":"1312","year_be":2566,"season_be":2566,"dataset_year_be":2566,"province":"กำแพงเพชร","Province":"กำแพงเพชร","__province":"กำแพงเพชร","district":"คลองขลุง","Amphoe":"คลองขลุง","__district":"คลองขลุง","subdistrict":"คลองขลุง","Tambon":"คลองขลุง","__subdistrict":"คลองขลุง","village":"บ้านหนองเต่างับ, บ้านหนองเต่าท","BaanN":"บ้านหนองเต่างับ, บ้านหนองเต่าท","__village":"บ้านหนองเต่างับ, บ้านหนองเต่าท","land_type":"พื้นที่เกษตร","LandType":"พื้นที่เกษตร","plant_type":"นาข้าว","PlantType":"นาข้าว","crop_type":"นาข้าว","crop_type_raw":"นาข้าว","__crop":"นาข้าว","__plant_type":"นาข้าว","confidence":"nominal","source":"NASA FIRMS VIIRS","source_file":"HOTSPOT Viirs 1 ม.ค - 31 พ.ค 66 (รวม).xlsx","filter_rule":"Province=กำแพงเพชร; LandType=พื้นที่เกษตร; PlantType in allowed list; hierarchy uses Province→Amphoe→Tambon→BaanN from source table","latitude":16.16397,"longitude":99.66501,"month":3,"day":27,"responsibility_code":"5","landuse_code":"A101","utm_zone":"47","utm_e":"571093.508","utm_n":"1787187.822"},"geometry":{"type":"Point","coordinates":[99.66501,16.16397]}},{"type":"Feature","properties":{"hs_id":"VI1202303261904urgrzzuxcp","hsID":"VI1202303261904urgrzzuxcp","acq_date":"2023-03-27","Date":"2023-03-27","acq_time":"204","year_be":2566,"season_be":2566,"dataset_year_be":2566,"province":"กำแพงเพชร","Province":"กำแพงเพชร","__province":"กำแพงเพชร","district":"คลองขลุง","Amphoe":"คลองขลุง","__district":"คลองขลุง","subdistrict":"แม่ลาด","Tambon":"แม่ลาด","__subdistrict":"แม่ลาด","village":"บ้านแม่ลาดใหญ่","BaanN":"บ้านแม่ลาดใหญ่","__village":"บ้านแม่ลาดใหญ่","land_type":"พื้นที่เกษตร","LandType":"พื้นที่เกษตร","plant_type":"นาข้าว","PlantType":"นาข้าว","crop_type":"นาข้าว","crop_type_raw":"นาข้าว","__crop":"นาข้าว","__plant_type":"นาข้าว","confidence":"nominal","source":"NASA FIRMS VIIRS","source_file":"HOTSPOT Viirs 1 ม.ค - 31 พ.ค 66 (รวม).xlsx","filter_rule":"Province=กำแพงเพชร; LandType=พื้นที่เกษตร; PlantType in allowed list; hierarchy uses Province→Amphoe→Tambon→BaanN from source table","latitude":16.16712,"longitude":99.76414,"month":3,"day":27,"responsibility_code":"5","landuse_code":"A101","utm_zone":"47","utm_e":"581690.298","utm_n":"1787573.087"},"geometry":{"type":"Point","coordinates":[99.76414,16.16712]}},{"type":"Feature","properties":{"hs_id":"VI1202303270612urgxcrvzgx","hsID":"VI1202303270612urgxcrvzgx","acq_date":"2023-03-27","Date":"2023-03-27","acq_time":"1312","year_be":2566,"season_be":2566,"dataset_year_be":2566,"province":"กำแพงเพชร","Province":"กำแพงเพชร","__province":"กำแพงเพชร","district":"คลองขลุง","Amphoe":"คลองขลุง","__district":"คลองขลุง","subdistrict":"คลองขลุง","Tambon":"คลองขลุง","__subdistrict":"คลองขลุง","village":"บ้านเกาะหมู","BaanN":"บ้านเกาะหมู","__village":"บ้านเกาะหมู","land_type":"พื้นที่เกษตร","LandType":"พื้นที่เกษตร","plant_type":"เกษตรอื่น ๆ","PlantType":"เกษตรอื่น ๆ","crop_type":"เกษตรอื่น ๆ","crop_type_raw":"เกษตรอื่น ๆ","__crop":"เกษตรอื่น ๆ","__plant_type":"เกษตรอื่น ๆ","confidence":"nominal","source":"NASA FIRMS VIIRS","source_file":"HOTSPOT Viirs 1 ม.ค - 31 พ.ค 66 (รวม).xlsx","filter_rule":"Province=กำแพงเพชร; LandType=พื้นที่เกษตร; PlantType in allowed list; hierarchy uses Province→Amphoe→Tambon→BaanN from source table","latitude":16.23486,"longitude":99.70573,"month":3,"day":27,"responsibility_code":"5","landuse_code":"A999","utm_zone":"47","utm_e":"575419.949","utm_n":"1795044.428"},"geometry":{"type":"Point","coordinates":[99.70573,16.23486]}},{"type":"Feature","properties":{"hs_id":"VI1202303270612urgxvxbrzz","hsID":"VI1202303270612urgxvxbrzz","acq_date":"2023-03-27","Date":"2023-03-27","acq_time":"1312","year_be":2566,"season_be":2566,"dataset_year_be":2566,"province":"กำแพงเพชร","Province":"กำแพงเพชร","__province":"กำแพงเพชร","district":"เมืองกำแพงเพชร","Amphoe":"เมืองกำแพงเพชร","__district":"เมืองกำแพงเพชร","subdistrict":"เทพนคร","Tambon":"เทพนคร","__subdistrict":"เทพนคร","village":"บ้านวังทองหลาง","BaanN":"บ้านวังทองหลาง","__village":"บ้านวังทองหลาง","land_type":"พื้นที่เกษตร","LandType":"พื้นที่เกษตร","plant_type":"นาข้าว","PlantType":"นาข้าว","crop_type":"นาข้าว","crop_type_raw":"นาข้าว","__crop":"นาข้าว","__plant_type":"นาข้าว","confidence":"nominal","source":"NASA FIRMS VIIRS","source_file":"HOTSPOT Viirs 1 ม.ค - 31 พ.ค 66 (รวม).xlsx","filter_rule":"Province=กำแพงเพชร; LandType=พื้นที่เกษตร; PlantType in allowed list; hierarchy uses Province→Amphoe→Tambon→BaanN from source table","latitude":16.41426,"longitude":99.57747,"month":3,"day":27,"responsibility_code":"5","landuse_code":"A101","utm_zone":"47","utm_e":"561656.399","utm_n":"1814847.199"},"geometry":{"type":"Point","coordinates":[99.57747,16.41426]}},{"type":"Feature","properties":{"hs_id":"VI1202303270612urgxvxbxuz","hsID":"VI1202303270612urgxvxbxuz","acq_date":"2023-03-27","Date":"2023-03-27","acq_time":"1312","year_be":2566,"season_be":2566,"dataset_year_be":2566,"province":"กำแพงเพชร","Province":"กำแพงเพชร","__province":"กำแพงเพชร","district":"เมืองกำแพงเพชร","Amphoe":"เมืองกำแพงเพชร","__district":"เมืองกำแพงเพชร","subdistrict":"เทพนคร","Tambon":"เทพนคร","__subdistrict":"เทพนคร","village":"บ้านวังทองหลาง","BaanN":"บ้านวังทองหลาง","__village":"บ้านวังทองหลาง","land_type":"พื้นที่เกษตร","LandType":"พื้นที่เกษตร","plant_type":"นาข้าว","PlantType":"นาข้าว","crop_type":"นาข้าว","crop_type_raw":"นาข้าว","__crop":"นาข้าว","__plant_type":"นาข้าว","confidence":"nominal","source":"NASA FIRMS VIIRS","source_file":"HOTSPOT Viirs 1 ม.ค - 31 พ.ค 66 (รวม).xlsx","filter_rule":"Province=กำแพงเพชร; LandType=พื้นที่เกษตร; PlantType in allowed list; hierarchy uses Province→Amphoe→Tambon→BaanN from source table","latitude":16.41447,"longitude":99.57648,"month":3,"day":27,"responsibility_code":"5","landuse_code":"A101","utm_zone":"47","utm_e":"561550.628","utm_n":"1814870.129"},"geometry":{"type":"Point","coordinates":[99.57648,16.41447]}},{"type":"Feature","properties":{"hs_id":"VI1202303270612urgxvxcpzx","hsID":"VI1202303270612urgxvxcpzx","acq_date":"2023-03-27","Date":"2023-03-27","acq_time":"1312","year_be":2566,"season_be":2566,"dataset_year_be":2566,"province":"กำแพงเพชร","Province":"กำแพงเพชร","__province":"กำแพงเพชร","district":"เมืองกำแพงเพชร","Amphoe":"เมืองกำแพงเพชร","__district":"เมืองกำแพงเพชร","subdistrict":"เทพนคร","Tambon":"เทพนคร","__subdistrict":"เทพนคร","village":"บ้านวังทองหลาง","BaanN":"บ้านวังทองหลาง","__village":"บ้านวังทองหลาง","land_type":"พื้นที่เกษตร","LandType":"พื้นที่เกษตร","plant_type":"นาข้าว","PlantType":"นาข้าว","crop_type":"นาข้าว","crop_type_raw":"นาข้าว","__crop":"นาข้าว","__plant_type":"นาข้าว","confidence":"nominal","source":"NASA FIRMS VIIRS","source_file":"HOTSPOT Viirs 1 ม.ค - 31 พ.ค 66 (รวม).xlsx","filter_rule":"Province=กำแพงเพชร; LandType=พื้นที่เกษตร; PlantType in allowed list; hierarchy uses Province→Amphoe→Tambon→BaanN from source table","latitude":16.41527,"longitude":99.58086,"month":3,"day":27,"responsibility_code":"5","landuse_code":"A101","utm_zone":"47","utm_e":"562018.04","utm_n":"1814959.963"},"geometry":{"type":"Point","coordinates":[99.58086,16.41527]}},{"type":"Feature","properties":{"hs_id":"VI1202303271843urgrupvxfx","hsID":"VI1202303271843urgrupvxfx","acq_date":"2023-03-28","Date":"2023-03-28","acq_time":"143","year_be":2566,"season_be":2566,"dataset_year_be":2566,"province":"กำแพงเพชร","Province":"กำแพงเพชร","__province":"กำแพงเพชร","district":"ขาณุวรลักษบุรี","Amphoe":"ขาณุวรลักษบุรี","__district":"ขาณุวรลักษบุรี","subdistrict":"สลกบาตร","Tambon":"สลกบาตร","__subdistrict":"สลกบาตร","village":"บ้านหนองตะคล้อ (สลกบาตร)","BaanN":"บ้านหนองตะคล้อ (สลกบาตร)","__village":"บ้านหนองตะคล้อ (สลกบาตร)","land_type":"พื้นที่เกษตร","LandType":"พื้นที่เกษตร","plant_type":"เกษตรอื่น ๆ","PlantType":"เกษตรอื่น ๆ","crop_type":"เกษตรอื่น ๆ","crop_type_raw":"เกษตรอื่น ๆ","__crop":"เกษตรอื่น ๆ","__plant_type":"เกษตรอื่น ๆ","confidence":"nominal","source":"NASA FIRMS VIIRS","source_file":"HOTSPOT Viirs 1 ม.ค - 31 พ.ค 66 (รวม).xlsx","filter_rule":"Province=กำแพงเพชร; LandType=พื้นที่เกษตร; PlantType in allowed list; hierarchy uses Province→Amphoe→Tambon→BaanN from source table","latitude":16.00376,"longitude":99.79408,"month":3,"day":28,"responsibility_code":"5","landuse_code":"A999","utm_zone":"47","utm_e":"584960.6","utm_n":"1769513.612"},"geometry":{"type":"Point","coordinates":[99.79408,16.00376]}},{"type":"Feature","properties":{"hs_id":"VI1202303290716urgrgzcpyx","hsID":"VI1202303290716urgrgzcpyx","acq_date":"2023-03-29","Date":"2023-03-29","acq_time":"1416","year_be":2566,"season_be":2566,"dataset_year_be":2566,"province":"กำแพงเพชร","Province":"กำแพงเพชร","__province":"กำแพงเพชร","district":"ขาณุวรลักษบุรี","Amphoe":"ขาณุวรลักษบุรี","__district":"ขาณุวรลักษบุรี","subdistrict":"สลกบาตร","Tambon":"สลกบาตร","__subdistrict":"สลกบาตร","village":"บ้านโนนตะคร้อ","BaanN":"บ้านโนนตะคร้อ","__village":"บ้านโนนตะคร้อ","land_type":"พื้นที่เกษตร","LandType":"พื้นที่เกษตร","plant_type":"นาข้าว","PlantType":"นาข้าว","crop_type":"นาข้าว","crop_type_raw":"นาข้าว","__crop":"นาข้าว","__plant_type":"นาข้าว","confidence":"nominal","source":"NASA FIRMS VIIRS","source_file":"HOTSPOT Viirs 1 ม.ค - 31 พ.ค 66 (รวม).xlsx","filter_rule":"Province=กำแพงเพชร; LandType=พื้นที่เกษตร; PlantType in allowed list; hierarchy uses Province→Amphoe→Tambon→BaanN from source table","latitude":15.98677,"longitude":99.77042,"month":3,"day":29,"responsibility_code":"5","landuse_code":"A101","utm_zone":"47","utm_e":"582435.99","utm_n":"1767624.599"},"geometry":{"type":"Point","coordinates":[99.77042,15.98677]}},{"type":"Feature","properties":{"hs_id":"VI1202303290716urgrvrbzvp","hsID":"VI1202303290716urgrvrbzvp","acq_date":"2023-03-29","Date":"2023-03-29","acq_time":"1416","year_be":2566,"season_be":2566,"dataset_year_be":2566,"province":"กำแพงเพชร","Province":"กำแพงเพชร","__province":"กำแพงเพชร","district":"ขาณุวรลักษบุรี","Amphoe":"ขาณุวรลักษบุรี","__district":"ขาณุวรลักษบุรี","subdistrict":"ดอนแตง","Tambon":"ดอนแตง","__subdistrict":"ดอนแตง","village":"บ้านใหม่","BaanN":"บ้านใหม่","__village":"บ้านใหม่","land_type":"พื้นที่เกษตร","LandType":"พื้นที่เกษตร","plant_type":"นาข้าว","PlantType":"นาข้าว","crop_type":"นาข้าว","crop_type_raw":"นาข้าว","__crop":"นาข้าว","__plant_type":"นาข้าว","confidence":"nominal","source":"NASA FIRMS VIIRS","source_file":"HOTSPOT Viirs 1 ม.ค - 31 พ.ค 66 (รวม).xlsx","filter_rule":"Province=กำแพงเพชร; LandType=พื้นที่เกษตร; PlantType in allowed list; hierarchy uses Province→Amphoe→Tambon→BaanN from source table","latitude":16.05227,"longitude":99.79387,"month":3,"day":29,"responsibility_code":"5","landuse_code":"A101","utm_zone":"47","utm_e":"584917.6","utm_n":"1774879.885"},"geometry":{"type":"Point","coordinates":[99.79387,16.05227]}},{"type":"Feature","properties":{"hs_id":"VI1202303290716urgxfxyrgz","hsID":"VI1202303290716urgxfxyrgz","acq_date":"2023-03-29","Date":"2023-03-29","acq_time":"1416","year_be":2566,"season_be":2566,"dataset_year_be":2566,"province":"กำแพงเพชร","Province":"กำแพงเพชร","__province":"กำแพงเพชร","district":"คลองขลุง","Amphoe":"คลองขลุง","__district":"คลองขลุง","subdistrict":"หัวถนน","Tambon":"หัวถนน","__subdistrict":"หัวถนน","village":"บ้านโนนดุม","BaanN":"บ้านโนนดุม","__village":"บ้านโนนดุม","land_type":"พื้นที่เกษตร","LandType":"พื้นที่เกษตร","plant_type":"อ้อย","PlantType":"อ้อย","crop_type":"อ้อย","crop_type_raw":"อ้อย","__crop":"อ้อย","__plant_type":"อ้อย","confidence":"nominal","source":"NASA FIRMS VIIRS","source_file":"HOTSPOT Viirs 1 ม.ค - 31 พ.ค 66 (รวม).xlsx","filter_rule":"Province=กำแพงเพชร; LandType=พื้นที่เกษตร; PlantType in allowed list; hierarchy uses Province→Amphoe→Tambon→BaanN from source table","latitude":16.29049,"longitude":99.64014,"month":3,"day":29,"responsibility_code":"5","landuse_code":"A203","utm_zone":"47","utm_e":"568390.962","utm_n":"1801175.368"},"geometry":{"type":"Point","coordinates":[99.64014,16.29049]}},{"type":"Feature","properties":{"hs_id":"VI1202303290716urgxfzbpzz","hsID":"VI1202303290716urgxfzbpzz","acq_date":"2023-03-29","Date":"2023-03-29","acq_time":"1416","year_be":2566,"season_be":2566,"dataset_year_be":2566,"province":"กำแพงเพชร","Province":"กำแพงเพชร","__province":"กำแพงเพชร","district":"คลองขลุง","Amphoe":"คลองขลุง","__district":"คลองขลุง","subdistrict":"หัวถนน","Tambon":"หัวถนน","__subdistrict":"หัวถนน","village":"บ้านสระแก้ว","BaanN":"บ้านสระแก้ว","__village":"บ้านสระแก้ว","land_type":"พื้นที่เกษตร","LandType":"พื้นที่เกษตร","plant_type":"นาข้าว","PlantType":"นาข้าว","crop_type":"นาข้าว","crop_type_raw":"นาข้าว","__crop":"นาข้าว","__plant_type":"นาข้าว","confidence":"nominal","source":"NASA FIRMS VIIRS","source_file":"HOTSPOT Viirs 1 ม.ค - 31 พ.ค 66 (รวม).xlsx","filter_rule":"Province=กำแพงเพชร; LandType=พื้นที่เกษตร; PlantType in allowed list; hierarchy uses Province→Amphoe→Tambon→BaanN from source table","latitude":16.29306,"longitude":99.64146,"month":3,"day":29,"responsibility_code":"5","landuse_code":"A101","utm_zone":"47","utm_e":"568531.1","utm_n":"1801460.112"},"geometry":{"type":"Point","coordinates":[99.64146,16.29306]}},{"type":"Feature","properties":{"hs_id":"VI1202303310637urgrzruryz","hsID":"VI1202303310637urgrzruryz","acq_date":"2023-03-31","Date":"2023-03-31","acq_time":"1337","year_be":2566,"season_be":2566,"dataset_year_be":2566,"province":"กำแพงเพชร","Province":"กำแพงเพชร","__province":"กำแพงเพชร","district":"คลองขลุง","Amphoe":"คลองขลุง","__district":"คลองขลุง","subdistrict":"คลองขลุง","Tambon":"คลองขลุง","__subdistrict":"คลองขลุง","village":"บ้านเกาะกลาง","BaanN":"บ้านเกาะกลาง","__village":"บ้านเกาะกลาง","land_type":"พื้นที่เกษตร","LandType":"พื้นที่เกษตร","plant_type":"นาข้าว","PlantType":"นาข้าว","crop_type":"นาข้าว","crop_type_raw":"นาข้าว","__crop":"นาข้าว","__plant_type":"นาข้าว","confidence":"low","source":"NASA FIRMS VIIRS","source_file":"HOTSPOT Viirs 1 ม.ค - 31 พ.ค 66 (รวม).xlsx","filter_rule":"Province=กำแพงเพชร; LandType=พื้นที่เกษตร; PlantType in allowed list; hierarchy uses Province→Amphoe→Tambon→BaanN from source table","latitude":16.14505,"longitude":99.73188,"month":3,"day":31,"responsibility_code":"5","landuse_code":"A101","utm_zone":"47","utm_e":"578250.061","utm_n":"1785119.084"},"geometry":{"type":"Point","coordinates":[99.73188,16.14505]}},{"type":"Feature","properties":{"hs_id":"VI1202303310637urgxbrzrzr","hsID":"VI1202303310637urgxbrzrzr","acq_date":"2023-03-31","Date":"2023-03-31","acq_time":"1337","year_be":2566,"season_be":2566,"dataset_year_be":2566,"province":"กำแพงเพชร","Province":"กำแพงเพชร","__province":"กำแพงเพชร","district":"คลองขลุง","Amphoe":"คลองขลุง","__district":"คลองขลุง","subdistrict":"คลองขลุง","Tambon":"คลองขลุง","__subdistrict":"คลองขลุง","village":"บ้านหนองช่องแมว","BaanN":"บ้านหนองช่องแมว","__village":"บ้านหนองช่องแมว","land_type":"พื้นที่เกษตร","LandType":"พื้นที่เกษตร","plant_type":"นาข้าว","PlantType":"นาข้าว","crop_type":"นาข้าว","crop_type_raw":"นาข้าว","__crop":"นาข้าว","__plant_type":"นาข้าว","confidence":"low","source":"NASA FIRMS VIIRS","source_file":"HOTSPOT Viirs 1 ม.ค - 31 พ.ค 66 (รวม).xlsx","filter_rule":"Province=กำแพงเพชร; LandType=พื้นที่เกษตร; PlantType in allowed list; hierarchy uses Province→Amphoe→Tambon→BaanN from source table","latitude":16.19313,"longitude":99.69097,"month":3,"day":31,"responsibility_code":"5","landuse_code":"A101","utm_zone":"47","utm_e":"573858.058","utm_n":"1790422.735"},"geometry":{"type":"Point","coordinates":[99.69097,16.19313]}},{"type":"Feature","properties":{"hs_id":"VI1202303310637urgxfzbrgr","hsID":"VI1202303310637urgxfzbrgr","acq_date":"2023-03-31","Date":"2023-03-31","acq_time":"1337","year_be":2566,"season_be":2566,"dataset_year_be":2566,"province":"กำแพงเพชร","Province":"กำแพงเพชร","__province":"กำแพงเพชร","district":"ทรายทองวัฒนา","Amphoe":"ทรายทองวัฒนา","__district":"ทรายทองวัฒนา","subdistrict":"ทุ่งทราย","Tambon":"ทุ่งทราย","__subdistrict":"ทุ่งทราย","village":"บ้านหนองนกชุมใต้","BaanN":"บ้านหนองนกชุมใต้","__village":"บ้านหนองนกชุมใต้","land_type":"พื้นที่เกษตร","LandType":"พื้นที่เกษตร","plant_type":"นาข้าว","PlantType":"นาข้าว","crop_type":"นาข้าว","crop_type_raw":"นาข้าว","__crop":"นาข้าว","__plant_type":"นาข้าว","confidence":"nominal","source":"NASA FIRMS VIIRS","source_file":"HOTSPOT Viirs 1 ม.ค - 31 พ.ค 66 (รวม).xlsx","filter_rule":"Province=กำแพงเพชร; LandType=พื้นที่เกษตร; PlantType in allowed list; hierarchy uses Province→Amphoe→Tambon→BaanN from source table","latitude":16.29321,"longitude":99.79173,"month":3,"day":31,"responsibility_code":"5","landuse_code":"A101","utm_zone":"47","utm_e":"584586.084","utm_n":"1801533.043"},"geometry":{"type":"Point","coordinates":[99.79173,16.29321]}},{"type":"Feature","properties":{"hs_id":"VI1202304010620urgrfpgpbr","hsID":"VI1202304010620urgrfpgpbr","acq_date":"2023-04-01","Date":"2023-04-01","acq_time":"1320","year_be":2566,"season_be":2566,"dataset_year_be":2566,"province":"กำแพงเพชร","Province":"กำแพงเพชร","__province":"กำแพงเพชร","district":"ขาณุวรลักษบุรี","Amphoe":"ขาณุวรลักษบุรี","__district":"ขาณุวรลักษบุรี","subdistrict":"ปางมะค่า","Tambon":"ปางมะค่า","__subdistrict":"ปางมะค่า","village":"บ้านศรีไพศาล","BaanN":"บ้านศรีไพศาล","__village":"บ้านศรีไพศาล","land_type":"พื้นที่เกษตร","LandType":"พื้นที่เกษตร","plant_type":"นาข้าว","PlantType":"นาข้าว","crop_type":"นาข้าว","crop_type_raw":"นาข้าว","__crop":"นาข้าว","__plant_type":"นาข้าว","confidence":"nominal","source":"NASA FIRMS VIIRS","source_file":"HOTSPOT Viirs 1 ม.ค - 31 พ.ค 66 (รวม).xlsx","filter_rule":"Province=กำแพงเพชร; LandType=พื้นที่เกษตร; PlantType in allowed list; hierarchy uses Province→Amphoe→Tambon→BaanN from source table","latitude":15.91234,"longitude":99.55437,"month":4,"day":1,"responsibility_code":"5","landuse_code":"A101","utm_zone":"47","utm_e":"559339.501","utm_n":"1759317.662"},"geometry":{"type":"Point","coordinates":[99.55437,15.91234]}},{"type":"Feature","properties":{"hs_id":"VI1202303311910urgrvxczcz","hsID":"VI1202303311910urgrvxczcz","acq_date":"2023-04-01","Date":"2023-04-01","acq_time":"210","year_be":2566,"season_be":2566,"dataset_year_be":2566,"province":"กำแพงเพชร","Province":"กำแพงเพชร","__province":"กำแพงเพชร","district":"ขาณุวรลักษบุรี","Amphoe":"ขาณุวรลักษบุรี","__district":"ขาณุวรลักษบุรี","subdistrict":"ป่าพุทรา","Tambon":"ป่าพุทรา","__subdistrict":"ป่าพุทรา","village":"บ้านตลาดคาซ่าน","BaanN":"บ้านตลาดคาซ่าน","__village":"บ้านตลาดคาซ่าน","land_type":"พื้นที่เกษตร","LandType":"พื้นที่เกษตร","plant_type":"นาข้าว","PlantType":"นาข้าว","crop_type":"นาข้าว","crop_type_raw":"นาข้าว","__crop":"นาข้าว","__plant_type":"นาข้าว","confidence":"nominal","source":"NASA FIRMS VIIRS","source_file":"HOTSPOT Viirs 1 ม.ค - 31 พ.ค 66 (รวม).xlsx","filter_rule":"Province=กำแพงเพชร; LandType=พื้นที่เกษตร; PlantType in allowed list; hierarchy uses Province→Amphoe→Tambon→BaanN from source table","latitude":16.0645,"longitude":99.88016,"month":4,"day":1,"responsibility_code":"5","landuse_code":"A101","utm_zone":"47","utm_e":"594142.589","utm_n":"1776270.133"},"geometry":{"type":"Point","coordinates":[99.88016,16.0645]}},{"type":"Feature","properties":{"hs_id":"VI1202304010620urgxbrzzyp","hsID":"VI1202304010620urgxbrzzyp","acq_date":"2023-04-01","Date":"2023-04-01","acq_time":"1320","year_be":2566,"season_be":2566,"dataset_year_be":2566,"province":"กำแพงเพชร","Province":"กำแพงเพชร","__province":"กำแพงเพชร","district":"คลองขลุง","Amphoe":"คลองขลุง","__district":"คลองขลุง","subdistrict":"แม่ลาด","Tambon":"แม่ลาด","__subdistrict":"แม่ลาด","village":"บ้านยางกระทิง","BaanN":"บ้านยางกระทิง","__village":"บ้านยางกระทิง","land_type":"พื้นที่เกษตร","LandType":"พื้นที่เกษตร","plant_type":"อ้อย","PlantType":"อ้อย","crop_type":"อ้อย","crop_type_raw":"อ้อย","__crop":"อ้อย","__plant_type":"อ้อย","confidence":"nominal","source":"NASA FIRMS VIIRS","source_file":"HOTSPOT Viirs 1 ม.ค - 31 พ.ค 66 (รวม).xlsx","filter_rule":"Province=กำแพงเพชร; LandType=พื้นที่เกษตร; PlantType in allowed list; hierarchy uses Province→Amphoe→Tambon→BaanN from source table","latitude":16.19377,"longitude":99.74478,"month":4,"day":1,"responsibility_code":"5","landuse_code":"A203","utm_zone":"47","utm_e":"579609.839","utm_n":"1790513.634"},"geometry":{"type":"Point","coordinates":[99.74478,16.19377]}},{"type":"Feature","properties":{"hs_id":"VI1202304010620urgxbxbryz","hsID":"VI1202304010620urgxbxbryz","acq_date":"2023-04-01","Date":"2023-04-01","acq_time":"1320","year_be":2566,"season_be":2566,"dataset_year_be":2566,"province":"กำแพงเพชร","Province":"กำแพงเพชร","__province":"กำแพงเพชร","district":"คลองขลุง","Amphoe":"คลองขลุง","__district":"คลองขลุง","subdistrict":"แม่ลาด","Tambon":"แม่ลาด","__subdistrict":"แม่ลาด","village":"บ้านยางกระทิง","BaanN":"บ้านยางกระทิง","__village":"บ้านยางกระทิง","land_type":"พื้นที่เกษตร","LandType":"พื้นที่เกษตร","plant_type":"นาข้าว","PlantType":"นาข้าว","crop_type":"นาข้าว","crop_type_raw":"นาข้าว","__crop":"นาข้าว","__plant_type":"นาข้าว","confidence":"low","source":"NASA FIRMS VIIRS","source_file":"HOTSPOT Viirs 1 ม.ค - 31 พ.ค 66 (รวม).xlsx","filter_rule":"Province=กำแพงเพชร; LandType=พื้นที่เกษตร; PlantType in allowed list; hierarchy uses Province→Amphoe→Tambon→BaanN from source table","latitude":16.19449,"longitude":99.74205,"month":4,"day":1,"responsibility_code":"5","landuse_code":"A101","utm_zone":"47","utm_e":"579317.726","utm_n":"1790592.227"},"geometry":{"type":"Point","coordinates":[99.74205,16.19449]}},{"type":"Feature","properties":{"hs_id":"VI1202304010620urgxcruxcz","hsID":"VI1202304010620urgxcruxcz","acq_date":"2023-04-01","Date":"2023-04-01","acq_time":"1320","year_be":2566,"season_be":2566,"dataset_year_be":2566,"province":"กำแพงเพชร","Province":"กำแพงเพชร","__province":"กำแพงเพชร","district":"คลองขลุง","Amphoe":"คลองขลุง","__district":"คลองขลุง","subdistrict":"วังไทร","Tambon":"วังไทร","__subdistrict":"วังไทร","village":"บ้านใหม่","BaanN":"บ้านใหม่","__village":"บ้านใหม่","land_type":"พื้นที่เกษตร","LandType":"พื้นที่เกษตร","plant_type":"นาข้าว","PlantType":"นาข้าว","crop_type":"นาข้าว","crop_type_raw":"นาข้าว","__crop":"นาข้าว","__plant_type":"นาข้าว","confidence":"low","source":"NASA FIRMS VIIRS","source_file":"HOTSPOT Viirs 1 ม.ค - 31 พ.ค 66 (รวม).xlsx","filter_rule":"Province=กำแพงเพชร; LandType=พื้นที่เกษตร; PlantType in allowed list; hierarchy uses Province→Amphoe→Tambon→BaanN from source table","latitude":16.23307,"longitude":99.64591,"month":4,"day":1,"responsibility_code":"5","landuse_code":"A101","utm_zone":"47","utm_e":"569027.489","utm_n":"1794825.33"},"geometry":{"type":"Point","coordinates":[99.64591,16.23307]}},{"type":"Feature","properties":{"hs_id":"VI1202304020559urgrfzgzup","hsID":"VI1202304020559urgrfzgzup","acq_date":"2023-04-02","Date":"2023-04-02","acq_time":"1259","year_be":2566,"season_be":2566,"dataset_year_be":2566,"province":"กำแพงเพชร","Province":"กำแพงเพชร","__province":"กำแพงเพชร","district":"ขาณุวรลักษบุรี","Amphoe":"ขาณุวรลักษบุรี","__district":"ขาณุวรลักษบุรี","subdistrict":"บ่อถ้ำ","Tambon":"บ่อถ้ำ","__subdistrict":"บ่อถ้ำ","village":"บ้านดงดำ, บ้านดงคำน้อย","BaanN":"บ้านดงดำ, บ้านดงคำน้อย","__village":"บ้านดงดำ, บ้านดงคำน้อย","land_type":"พื้นที่เกษตร","LandType":"พื้นที่เกษตร","plant_type":"นาข้าว","PlantType":"นาข้าว","crop_type":"นาข้าว","crop_type_raw":"นาข้าว","__crop":"นาข้าว","__plant_type":"นาข้าว","confidence":"nominal","source":"NASA FIRMS VIIRS","source_file":"HOTSPOT Viirs 1 ม.ค - 31 พ.ค 66 (รวม).xlsx","filter_rule":"Province=กำแพงเพชร; LandType=พื้นที่เกษตร; PlantType in allowed list; hierarchy uses Province→Amphoe→Tambon→BaanN from source table","latitude":15.94649,"longitude":99.79896,"month":4,"day":2,"responsibility_code":"5","landuse_code":"A101","utm_zone":"47","utm_e":"585507.068","utm_n":"1763180.214"},"geometry":{"type":"Point","coordinates":[99.79896,15.94649]}},{"type":"Feature","properties":{"hs_id":"VI1202304020559urgrzpuzfp","hsID":"VI1202304020559urgrzpuzfp","acq_date":"2023-04-02","Date":"2023-04-02","acq_time":"1259","year_be":2566,"season_be":2566,"dataset_year_be":2566,"province":"กำแพงเพชร","Province":"กำแพงเพชร","__province":"กำแพงเพชร","district":"คลองขลุง","Amphoe":"คลองขลุง","__district":"คลองขลุง","subdistrict":"แม่ลาด","Tambon":"แม่ลาด","__subdistrict":"แม่ลาด","village":"บ้านเกาะกลาง","BaanN":"บ้านเกาะกลาง","__village":"บ้านเกาะกลาง","land_type":"พื้นที่เกษตร","LandType":"พื้นที่เกษตร","plant_type":"นาข้าว","PlantType":"นาข้าว","crop_type":"นาข้าว","crop_type_raw":"นาข้าว","__crop":"นาข้าว","__plant_type":"นาข้าว","confidence":"nominal","source":"NASA FIRMS VIIRS","source_file":"HOTSPOT Viirs 1 ม.ค - 31 พ.ค 66 (รวม).xlsx","filter_rule":"Province=กำแพงเพชร; LandType=พื้นที่เกษตร; PlantType in allowed list; hierarchy uses Province→Amphoe→Tambon→BaanN from source table","latitude":16.13454,"longitude":99.74052,"month":4,"day":2,"responsibility_code":"5","landuse_code":"A101","utm_zone":"47","utm_e":"579178.041","utm_n":"1783959.729"},"geometry":{"type":"Point","coordinates":[99.74052,16.13454]}},{"type":"Feature","properties":{"hs_id":"VI1202304020559urgxyxypcr","hsID":"VI1202304020559urgxyxypcr","acq_date":"2023-04-02","Date":"2023-04-02","acq_time":"1259","year_be":2566,"season_be":2566,"dataset_year_be":2566,"province":"กำแพงเพชร","Province":"กำแพงเพชร","__province":"กำแพงเพชร","district":"ไทรงาม","Amphoe":"ไทรงาม","__district":"ไทรงาม","subdistrict":"หนองคล้า","Tambon":"หนองคล้า","__subdistrict":"หนองคล้า","village":"บ้านแม่บัว","BaanN":"บ้านแม่บัว","__village":"บ้านแม่บัว","land_type":"พื้นที่เกษตร","LandType":"พื้นที่เกษตร","plant_type":"นาข้าว","PlantType":"นาข้าว","crop_type":"นาข้าว","crop_type_raw":"นาข้าว","__crop":"นาข้าว","__plant_type":"นาข้าว","confidence":"nominal","source":"NASA FIRMS VIIRS","source_file":"HOTSPOT Viirs 1 ม.ค - 31 พ.ค 66 (รวม).xlsx","filter_rule":"Province=กำแพงเพชร; LandType=พื้นที่เกษตร; PlantType in allowed list; hierarchy uses Province→Amphoe→Tambon→BaanN from source table","latitude":16.46582,"longitude":99.77359,"month":4,"day":2,"responsibility_code":"5","landuse_code":"A101","utm_zone":"47","utm_e":"582575.25","utm_n":"1820620.925"},"geometry":{"type":"Point","coordinates":[99.77359,16.46582]}},{"type":"Feature","properties":{"hs_id":"VI1202304030722urgrfzuxyr","hsID":"VI1202304030722urgrfzuxyr","acq_date":"2023-04-03","Date":"2023-04-03","acq_time":"1422","year_be":2566,"season_be":2566,"dataset_year_be":2566,"province":"กำแพงเพชร","Province":"กำแพงเพชร","__province":"กำแพงเพชร","district":"ขาณุวรลักษบุรี","Amphoe":"ขาณุวรลักษบุรี","__district":"ขาณุวรลักษบุรี","subdistrict":"บ่อถ้ำ","Tambon":"บ่อถ้ำ","__subdistrict":"บ่อถ้ำ","village":"บ้านดงดำ, บ้านดงคำน้อย","BaanN":"บ้านดงดำ, บ้านดงคำน้อย","__village":"บ้านดงดำ, บ้านดงคำน้อย","land_type":"พื้นที่เกษตร","LandType":"พื้นที่เกษตร","plant_type":"นาข้าว","PlantType":"นาข้าว","crop_type":"นาข้าว","crop_type_raw":"นาข้าว","__crop":"นาข้าว","__plant_type":"นาข้าว","confidence":"nominal","source":"NASA FIRMS VIIRS","source_file":"HOTSPOT Viirs 1 ม.ค - 31 พ.ค 66 (รวม).xlsx","filter_rule":"Province=กำแพงเพชร; LandType=พื้นที่เกษตร; PlantType in allowed list; hierarchy uses Province→Amphoe→Tambon→BaanN from source table","latitude":15.94762,"longitude":99.78692,"month":4,"day":3,"responsibility_code":"5","landuse_code":"A101","utm_zone":"47","utm_e":"584217.97","utm_n":"1763300.317"},"geometry":{"type":"Point","coordinates":[99.78692,15.94762]}},{"type":"Feature","properties":{"hs_id":"VI1202304030722urgrfzzrcz","hsID":"VI1202304030722urgrfzzrcz","acq_date":"2023-04-03","Date":"2023-04-03","acq_time":"1422","year_be":2566,"season_be":2566,"dataset_year_be":2566,"province":"กำแพงเพชร","Province":"กำแพงเพชร","__province":"กำแพงเพชร","district":"ขาณุวรลักษบุรี","Amphoe":"ขาณุวรลักษบุรี","__district":"ขาณุวรลักษบุรี","subdistrict":"บ่อถ้ำ","Tambon":"บ่อถ้ำ","__subdistrict":"บ่อถ้ำ","village":"บ้านดงดำ, บ้านดงคำน้อย","BaanN":"บ้านดงดำ, บ้านดงคำน้อย","__village":"บ้านดงดำ, บ้านดงคำน้อย","land_type":"พื้นที่เกษตร","LandType":"พื้นที่เกษตร","plant_type":"นาข้าว","PlantType":"นาข้าว","crop_type":"นาข้าว","crop_type_raw":"นาข้าว","__crop":"นาข้าว","__plant_type":"นาข้าว","confidence":"nominal","source":"NASA FIRMS VIIRS","source_file":"HOTSPOT Viirs 1 ม.ค - 31 พ.ค 66 (รวม).xlsx","filter_rule":"Province=กำแพงเพชร; LandType=พื้นที่เกษตร; PlantType in allowed list; hierarchy uses Province→Amphoe→Tambon→BaanN from source table","latitude":15.9512,"longitude":99.78676,"month":4,"day":3,"responsibility_code":"5","landuse_code":"A101","utm_zone":"47","utm_e":"584199.351","utm_n":"1763696.282"},"geometry":{"type":"Point","coordinates":[99.78676,15.9512]}},{"type":"Feature","properties":{"hs_id":"VI1202304040703urgxvxvpfr","hsID":"VI1202304040703urgxvxvpfr","acq_date":"2023-04-04","Date":"2023-04-04","acq_time":"1403","year_be":2566,"season_be":2566,"dataset_year_be":2566,"province":"กำแพงเพชร","Province":"กำแพงเพชร","__province":"กำแพงเพชร","district":"เมืองกำแพงเพชร","Amphoe":"เมืองกำแพงเพชร","__district":"เมืองกำแพงเพชร","subdistrict":"เทพนคร","Tambon":"เทพนคร","__subdistrict":"เทพนคร","village":"บ้านไทรย้อย","BaanN":"บ้านไทรย้อย","__village":"บ้านไทรย้อย","land_type":"พื้นที่เกษตร","LandType":"พื้นที่เกษตร","plant_type":"นาข้าว","PlantType":"นาข้าว","crop_type":"นาข้าว","crop_type_raw":"นาข้าว","__crop":"นาข้าว","__plant_type":"นาข้าว","confidence":"nominal","source":"NASA FIRMS VIIRS","source_file":"HOTSPOT Viirs 1 ม.ค - 31 พ.ค 66 (รวม).xlsx","filter_rule":"Province=กำแพงเพชร; LandType=พื้นที่เกษตร; PlantType in allowed list; hierarchy uses Province→Amphoe→Tambon→BaanN from source table","latitude":16.42054,"longitude":99.60633,"month":4,"day":4,"responsibility_code":"5","landuse_code":"A101","utm_zone":"47","utm_e":"564735.795","utm_n":"1815550.914"},"geometry":{"type":"Point","coordinates":[99.60633,16.42054]}},{"type":"Feature","properties":{"hs_id":"VI1202304040703urgzgzzxfp","hsID":"VI1202304040703urgzgzzxfp","acq_date":"2023-04-04","Date":"2023-04-04","acq_time":"1403","year_be":2566,"season_be":2566,"dataset_year_be":2566,"province":"กำแพงเพชร","Province":"กำแพงเพชร","__province":"กำแพงเพชร","district":"พรานกระต่าย","Amphoe":"พรานกระต่าย","__district":"พรานกระต่าย","subdistrict":"วังตะแบก","Tambon":"วังตะแบก","__subdistrict":"วังตะแบก","village":"บ้านวังตะแบก","BaanN":"บ้านวังตะแบก","__village":"บ้านวังตะแบก","land_type":"พื้นที่เกษตร","LandType":"พื้นที่เกษตร","plant_type":"นาข้าว","PlantType":"นาข้าว","crop_type":"นาข้าว","crop_type_raw":"นาข้าว","__crop":"นาข้าว","__plant_type":"นาข้าว","confidence":"nominal","source":"NASA FIRMS VIIRS","source_file":"HOTSPOT Viirs 1 ม.ค - 31 พ.ค 66 (รวม).xlsx","filter_rule":"Province=กำแพงเพชร; LandType=พื้นที่เกษตร; PlantType in allowed list; hierarchy uses Province→Amphoe→Tambon→BaanN from source table","latitude":16.69862,"longitude":99.65121,"month":4,"day":4,"responsibility_code":"5","landuse_code":"A101","utm_zone":"47","utm_e":"569427.991","utm_n":"1846328.739"},"geometry":{"type":"Point","coordinates":[99.65121,16.69862]}},{"type":"Feature","properties":{"hs_id":"VI1202304050644urgrgrcrfz","hsID":"VI1202304050644urgrgrcrfz","acq_date":"2023-04-05","Date":"2023-04-05","acq_time":"1344","year_be":2566,"season_be":2566,"dataset_year_be":2566,"province":"กำแพงเพชร","Province":"กำแพงเพชร","__province":"กำแพงเพชร","district":"ขาณุวรลักษบุรี","Amphoe":"ขาณุวรลักษบุรี","__district":"ขาณุวรลักษบุรี","subdistrict":"วังชะพลู","Tambon":"วังชะพลู","__subdistrict":"วังชะพลู","village":"บ้านเปาะสวอง","BaanN":"บ้านเปาะสวอง","__village":"บ้านเปาะสวอง","land_type":"พื้นที่เกษตร","LandType":"พื้นที่เกษตร","plant_type":"นาข้าว","PlantType":"นาข้าว","crop_type":"นาข้าว","crop_type_raw":"นาข้าว","__crop":"นาข้าว","__plant_type":"นาข้าว","confidence":"nominal","source":"NASA FIRMS VIIRS","source_file":"HOTSPOT Viirs 1 ม.ค - 31 พ.ค 66 (รวม).xlsx","filter_rule":"Province=กำแพงเพชร; LandType=พื้นที่เกษตร; PlantType in allowed list; hierarchy uses Province→Amphoe→Tambon→BaanN from source table","latitude":15.96497,"longitude":99.73318,"month":4,"day":5,"responsibility_code":"5","landuse_code":"A101","utm_zone":"47","utm_e":"578459.563","utm_n":"1765198.639"},"geometry":{"type":"Point","coordinates":[99.73318,15.96497]}},{"type":"Feature","properties":{"hs_id":"VI1202304050644urgrvxurgr","hsID":"VI1202304050644urgrvxurgr","acq_date":"2023-04-05","Date":"2023-04-05","acq_time":"1344","year_be":2566,"season_be":2566,"dataset_year_be":2566,"province":"กำแพงเพชร","Province":"กำแพงเพชร","__province":"กำแพงเพชร","district":"ขาณุวรลักษบุรี","Amphoe":"ขาณุวรลักษบุรี","__district":"ขาณุวรลักษบุรี","subdistrict":"ป่าพุทรา","Tambon":"ป่าพุทรา","__subdistrict":"ป่าพุทรา","village":"บ้านวังพลับ","BaanN":"บ้านวังพลับ","__village":"บ้านวังพลับ","land_type":"พื้นที่เกษตร","LandType":"พื้นที่เกษตร","plant_type":"นาข้าว","PlantType":"นาข้าว","crop_type":"นาข้าว","crop_type_raw":"นาข้าว","__crop":"นาข้าว","__plant_type":"นาข้าว","confidence":"low","source":"NASA FIRMS VIIRS","source_file":"HOTSPOT Viirs 1 ม.ค - 31 พ.ค 66 (รวม).xlsx","filter_rule":"Province=กำแพงเพชร; LandType=พื้นที่เกษตร; PlantType in allowed list; hierarchy uses Province→Amphoe→Tambon→BaanN from source table","latitude":16.06799,"longitude":99.89359,"month":4,"day":5,"responsibility_code":"5","landuse_code":"A101","utm_zone":"47","utm_e":"595577.505","utm_n":"1776662.374"},"geometry":{"type":"Point","coordinates":[99.89359,16.06799]}},{"type":"Feature","properties":{"hs_id":"VI1202304050644urgxbrvpzx","hsID":"VI1202304050644urgxbrvpzx","acq_date":"2023-04-05","Date":"2023-04-05","acq_time":"1344","year_be":2566,"season_be":2566,"dataset_year_be":2566,"province":"กำแพงเพชร","Province":"กำแพงเพชร","__province":"กำแพงเพชร","district":"คลองขลุง","Amphoe":"คลองขลุง","__district":"คลองขลุง","subdistrict":"วังไทร","Tambon":"วังไทร","__subdistrict":"วังไทร","village":"บ้านคงอ้ายง้าว","BaanN":"บ้านคงอ้ายง้าว","__village":"บ้านคงอ้ายง้าว","land_type":"พื้นที่เกษตร","LandType":"พื้นที่เกษตร","plant_type":"เกษตรอื่น ๆ","PlantType":"เกษตรอื่น ๆ","crop_type":"เกษตรอื่น ๆ","crop_type_raw":"เกษตรอื่น ๆ","__crop":"เกษตรอื่น ๆ","__plant_type":"เกษตรอื่น ๆ","confidence":"low","source":"NASA FIRMS VIIRS","source_file":"HOTSPOT Viirs 1 ม.ค - 31 พ.ค 66 (รวม).xlsx","filter_rule":"Province=กำแพงเพชร; LandType=พื้นที่เกษตร; PlantType in allowed list; hierarchy uses Province→Amphoe→Tambon→BaanN from source table","latitude":16.19006,"longitude":99.62947,"month":4,"day":5,"responsibility_code":"5","landuse_code":"A999","utm_zone":"47","utm_e":"567285.103","utm_n":"1790061.999"},"geometry":{"type":"Point","coordinates":[99.62947,16.19006]}},{"type":"Feature","properties":{"hs_id":"VI1202304050644urgxbrzrcx","hsID":"VI1202304050644urgxbrzrcx","acq_date":"2023-04-05","Date":"2023-04-05","acq_time":"1344","year_be":2566,"season_be":2566,"dataset_year_be":2566,"province":"กำแพงเพชร","Province":"กำแพงเพชร","__province":"กำแพงเพชร","district":"คลองขลุง","Amphoe":"คลองขลุง","__district":"คลองขลุง","subdistrict":"วังไทร","Tambon":"วังไทร","__subdistrict":"วังไทร","village":"บ้านวังไทร 1","BaanN":"บ้านวังไทร 1","__village":"บ้านวังไทร 1","land_type":"พื้นที่เกษตร","LandType":"พื้นที่เกษตร","plant_type":"นาข้าว","PlantType":"นาข้าว","crop_type":"นาข้าว","crop_type_raw":"นาข้าว","__crop":"นาข้าว","__plant_type":"นาข้าว","confidence":"low","source":"NASA FIRMS VIIRS","source_file":"HOTSPOT Viirs 1 ม.ค - 31 พ.ค 66 (รวม).xlsx","filter_rule":"Province=กำแพงเพชร; LandType=พื้นที่เกษตร; PlantType in allowed list; hierarchy uses Province→Amphoe→Tambon→BaanN from source table","latitude":16.19289,"longitude":99.62522,"month":4,"day":5,"responsibility_code":"5","landuse_code":"A101","utm_zone":"47","utm_e":"566829.845","utm_n":"1790373.672"},"geometry":{"type":"Point","coordinates":[99.62522,16.19289]}},{"type":"Feature","properties":{"hs_id":"VI1202304050644urgxfpuxbp","hsID":"VI1202304050644urgxfpuxbp","acq_date":"2023-04-05","Date":"2023-04-05","acq_time":"1344","year_be":2566,"season_be":2566,"dataset_year_be":2566,"province":"กำแพงเพชร","Province":"กำแพงเพชร","__province":"กำแพงเพชร","district":"คลองขลุง","Amphoe":"คลองขลุง","__district":"คลองขลุง","subdistrict":"หัวถนน","Tambon":"หัวถนน","__subdistrict":"หัวถนน","village":"บ้านโนนทัน","BaanN":"บ้านโนนทัน","__village":"บ้านโนนทัน","land_type":"พื้นที่เกษตร","LandType":"พื้นที่เกษตร","plant_type":"นาข้าว","PlantType":"นาข้าว","crop_type":"นาข้าว","crop_type_raw":"นาข้าว","__crop":"นาข้าว","__plant_type":"นาข้าว","confidence":"low","source":"NASA FIRMS VIIRS","source_file":"HOTSPOT Viirs 1 ม.ค - 31 พ.ค 66 (รวม).xlsx","filter_rule":"Province=กำแพงเพชร; LandType=พื้นที่เกษตร; PlantType in allowed list; hierarchy uses Province→Amphoe→Tambon→BaanN from source table","latitude":16.26595,"longitude":99.64777,"month":4,"day":5,"responsibility_code":"5","landuse_code":"A101","utm_zone":"47","utm_e":"569214.765","utm_n":"1798463.242"},"geometry":{"type":"Point","coordinates":[99.64777,16.26595]}},{"type":"Feature","properties":{"hs_id":"VI1202304050644urgxvrbpyx","hsID":"VI1202304050644urgxvrbpyx","acq_date":"2023-04-05","Date":"2023-04-05","acq_time":"1344","year_be":2566,"season_be":2566,"dataset_year_be":2566,"province":"กำแพงเพชร","Province":"กำแพงเพชร","__province":"กำแพงเพชร","district":"เมืองกำแพงเพชร","Amphoe":"เมืองกำแพงเพชร","__district":"เมืองกำแพงเพชร","subdistrict":"เทพนคร","Tambon":"เทพนคร","__subdistrict":"เทพนคร","village":"บ้านหนองสามมุก","BaanN":"บ้านหนองสามมุก","__village":"บ้านหนองสามมุก","land_type":"พื้นที่เกษตร","LandType":"พื้นที่เกษตร","plant_type":"นาข้าว","PlantType":"นาข้าว","crop_type":"นาข้าว","crop_type_raw":"นาข้าว","__crop":"นาข้าว","__plant_type":"นาข้าว","confidence":"nominal","source":"NASA FIRMS VIIRS","source_file":"HOTSPOT Viirs 1 ม.ค - 31 พ.ค 66 (รวม).xlsx","filter_rule":"Province=กำแพงเพชร; LandType=พื้นที่เกษตร; PlantType in allowed list; hierarchy uses Province→Amphoe→Tambon→BaanN from source table","latitude":16.40287,"longitude":99.60722,"month":4,"day":5,"responsibility_code":"5","landuse_code":"A101","utm_zone":"47","utm_e":"564836.674","utm_n":"1813596.473"},"geometry":{"type":"Point","coordinates":[99.60722,16.40287]}},{"type":"Feature","properties":{"hs_id":"VI1202304050644urgxyxypbp","hsID":"VI1202304050644urgxyxypbp","acq_date":"2023-04-05","Date":"2023-04-05","acq_time":"1344","year_be":2566,"season_be":2566,"dataset_year_be":2566,"province":"กำแพงเพชร","Province":"กำแพงเพชร","__province":"กำแพงเพชร","district":"ไทรงาม","Amphoe":"ไทรงาม","__district":"ไทรงาม","subdistrict":"หนองคล้า","Tambon":"หนองคล้า","__subdistrict":"หนองคล้า","village":"บ้านแม่บัว","BaanN":"บ้านแม่บัว","__village":"บ้านแม่บัว","land_type":"พื้นที่เกษตร","LandType":"พื้นที่เกษตร","plant_type":"นาข้าว","PlantType":"นาข้าว","crop_type":"นาข้าว","crop_type_raw":"นาข้าว","__crop":"นาข้าว","__plant_type":"นาข้าว","confidence":"nominal","source":"NASA FIRMS VIIRS","source_file":"HOTSPOT Viirs 1 ม.ค - 31 พ.ค 66 (รวม).xlsx","filter_rule":"Province=กำแพงเพชร; LandType=พื้นที่เกษตร; PlantType in allowed list; hierarchy uses Province→Amphoe→Tambon→BaanN from source table","latitude":16.46576,"longitude":99.77778,"month":4,"day":5,"responsibility_code":"5","landuse_code":"A101","utm_zone":"47","utm_e":"583022.552","utm_n":"1820616.004"},"geometry":{"type":"Point","coordinates":[99.77778,16.46576]}},{"type":"Feature","properties":{"hs_id":"VI1202304050644urgzupvzur","hsID":"VI1202304050644urgzupvzur","acq_date":"2023-04-05","Date":"2023-04-05","acq_time":"1344","year_be":2566,"season_be":2566,"dataset_year_be":2566,"province":"กำแพงเพชร","Province":"กำแพงเพชร","__province":"กำแพงเพชร","district":"ลานกระบือ","Amphoe":"ลานกระบือ","__district":"ลานกระบือ","subdistrict":"บึงทับแรต","Tambon":"บึงทับแรต","__subdistrict":"บึงทับแรต","village":"บ้านทุ่งโพธิ์เงิน","BaanN":"บ้านทุ่งโพธิ์เงิน","__village":"บ้านทุ่งโพธิ์เงิน","land_type":"พื้นที่เกษตร","LandType":"พื้นที่เกษตร","plant_type":"นาข้าว","PlantType":"นาข้าว","crop_type":"นาข้าว","crop_type_raw":"นาข้าว","__crop":"นาข้าว","__plant_type":"นาข้าว","confidence":"low","source":"NASA FIRMS VIIRS","source_file":"HOTSPOT Viirs 1 ม.ค - 31 พ.ค 66 (รวม).xlsx","filter_rule":"Province=กำแพงเพชร; LandType=พื้นที่เกษตร; PlantType in allowed list; hierarchy uses Province→Amphoe→Tambon→BaanN from source table","latitude":16.7073,"longitude":99.83305,"month":4,"day":5,"responsibility_code":"5","landuse_code":"A101","utm_zone":"47","utm_e":"588811.66","utm_n":"1847361.182"},"geometry":{"type":"Point","coordinates":[99.83305,16.7073]}},{"type":"Feature","properties":{"hs_id":"VI1202304050644urgzvrbxgr","hsID":"VI1202304050644urgzvrbxgr","acq_date":"2023-04-05","Date":"2023-04-05","acq_time":"1344","year_be":2566,"season_be":2566,"dataset_year_be":2566,"province":"กำแพงเพชร","Province":"กำแพงเพชร","__province":"กำแพงเพชร","district":"พรานกระต่าย","Amphoe":"พรานกระต่าย","__district":"พรานกระต่าย","subdistrict":"ท่าไม้","Tambon":"ท่าไม้","__subdistrict":"ท่าไม้","village":"บ้านสมอโคน","BaanN":"บ้านสมอโคน","__village":"บ้านสมอโคน","land_type":"พื้นที่เกษตร","LandType":"พื้นที่เกษตร","plant_type":"นาข้าว","PlantType":"นาข้าว","crop_type":"นาข้าว","crop_type_raw":"นาข้าว","__crop":"นาข้าว","__plant_type":"นาข้าว","confidence":"low","source":"NASA FIRMS VIIRS","source_file":"HOTSPOT Viirs 1 ม.ค - 31 พ.ค 66 (รวม).xlsx","filter_rule":"Province=กำแพงเพชร; LandType=พื้นที่เกษตร; PlantType in allowed list; hierarchy uses Province→Amphoe→Tambon→BaanN from source table","latitude":16.75498,"longitude":99.44515,"month":4,"day":5,"responsibility_code":"5","landuse_code":"A101","utm_zone":"47","utm_e":"547444.747","utm_n":"1852503.158"},"geometry":{"type":"Point","coordinates":[99.44515,16.75498]}},{"type":"Feature","properties":{"hs_id":"VI1202304050644urgzvrcpbp","hsID":"VI1202304050644urgzvrcpbp","acq_date":"2023-04-05","Date":"2023-04-05","acq_time":"1344","year_be":2566,"season_be":2566,"dataset_year_be":2566,"province":"กำแพงเพชร","Province":"กำแพงเพชร","__province":"กำแพงเพชร","district":"พรานกระต่าย","Amphoe":"พรานกระต่าย","__district":"พรานกระต่าย","subdistrict":"ท่าไม้","Tambon":"ท่าไม้","__subdistrict":"ท่าไม้","village":"บ้านขุนแผนพัฒนา","BaanN":"บ้านขุนแผนพัฒนา","__village":"บ้านขุนแผนพัฒนา","land_type":"พื้นที่เกษตร","LandType":"พื้นที่เกษตร","plant_type":"เกษตรอื่น ๆ","PlantType":"เกษตรอื่น ๆ","crop_type":"เกษตรอื่น ๆ","crop_type_raw":"เกษตรอื่น ๆ","__crop":"เกษตรอื่น ๆ","__plant_type":"เกษตรอื่น ๆ","confidence":"nominal","source":"NASA FIRMS VIIRS","source_file":"HOTSPOT Viirs 1 ม.ค - 31 พ.ค 66 (รวม).xlsx","filter_rule":"Province=กำแพงเพชร; LandType=พื้นที่เกษตร; PlantType in allowed list; hierarchy uses Province→Amphoe→Tambon→BaanN from source table","latitude":16.75553,"longitude":99.44887,"month":4,"day":5,"responsibility_code":"5","landuse_code":"A999","utm_zone":"47","utm_e":"547841.099","utm_n":"1852564.893"},"geometry":{"type":"Point","coordinates":[99.44887,16.75553]}},{"type":"Feature","properties":{"hs_id":"VI1202304050644urgzvxyxgr","hsID":"VI1202304050644urgzvxyxgr","acq_date":"2023-04-05","Date":"2023-04-05","acq_time":"1344","year_be":2566,"season_be":2566,"dataset_year_be":2566,"province":"กำแพงเพชร","Province":"กำแพงเพชร","__province":"กำแพงเพชร","district":"พรานกระต่าย","Amphoe":"พรานกระต่าย","__district":"พรานกระต่าย","subdistrict":"ท่าไม้","Tambon":"ท่าไม้","__subdistrict":"ท่าไม้","village":"บ้านสมอโคน","BaanN":"บ้านสมอโคน","__village":"บ้านสมอโคน","land_type":"พื้นที่เกษตร","LandType":"พื้นที่เกษตร","plant_type":"เกษตรอื่น ๆ","PlantType":"เกษตรอื่น ๆ","crop_type":"เกษตรอื่น ๆ","crop_type_raw":"เกษตรอื่น ๆ","__crop":"เกษตรอื่น ๆ","__plant_type":"เกษตรอื่น ๆ","confidence":"low","source":"NASA FIRMS VIIRS","source_file":"HOTSPOT Viirs 1 ม.ค - 31 พ.ค 66 (รวม).xlsx","filter_rule":"Province=กำแพงเพชร; LandType=พื้นที่เกษตร; PlantType in allowed list; hierarchy uses Province→Amphoe→Tambon→BaanN from source table","latitude":16.77421,"longitude":99.44956,"month":4,"day":5,"responsibility_code":"5","landuse_code":"A999","utm_zone":"47","utm_e":"547909.964","utm_n":"1854631.54"},"geometry":{"type":"Point","coordinates":[99.44956,16.77421]}},{"type":"Feature","properties":{"hs_id":"VI1202304060627urgxbrfxvx","hsID":"VI1202304060627urgxbrfxvx","acq_date":"2023-04-06","Date":"2023-04-06","acq_time":"1327","year_be":2566,"season_be":2566,"dataset_year_be":2566,"province":"กำแพงเพชร","Province":"กำแพงเพชร","__province":"กำแพงเพชร","district":"คลองขลุง","Amphoe":"คลองขลุง","__district":"คลองขลุง","subdistrict":"วังแขม","Tambon":"วังแขม","__subdistrict":"วังแขม","village":"บ้านวังแขมเหนือ","BaanN":"บ้านวังแขมเหนือ","__village":"บ้านวังแขมเหนือ","land_type":"พื้นที่เกษตร","LandType":"พื้นที่เกษตร","plant_type":"นาข้าว","PlantType":"นาข้าว","crop_type":"นาข้าว","crop_type_raw":"นาข้าว","__crop":"นาข้าว","__plant_type":"นาข้าว","confidence":"low","source":"NASA FIRMS VIIRS","source_file":"HOTSPOT Viirs 1 ม.ค - 31 พ.ค 66 (รวม).xlsx","filter_rule":"Province=กำแพงเพชร; LandType=พื้นที่เกษตร; PlantType in allowed list; hierarchy uses Province→Amphoe→Tambon→BaanN from source table","latitude":16.18654,"longitude":99.78852,"month":4,"day":6,"responsibility_code":"5","landuse_code":"A101","utm_zone":"47","utm_e":"584288.539","utm_n":"1789731.262"},"geometry":{"type":"Point","coordinates":[99.78852,16.18654]}},{"type":"Feature","properties":{"hs_id":"VI1202304061858urgxyrzrgp","hsID":"VI1202304061858urgxyrzrgp","acq_date":"2023-04-07","Date":"2023-04-07","acq_time":"158","year_be":2566,"season_be":2566,"dataset_year_be":2566,"province":"กำแพงเพชร","Province":"กำแพงเพชร","__province":"กำแพงเพชร","district":"เมืองกำแพงเพชร","Amphoe":"เมืองกำแพงเพชร","__district":"เมืองกำแพงเพชร","subdistrict":"นิคมทุ่งโพธิ์ทะเล","Tambon":"นิคมทุ่งโพธิ์ทะเล","__subdistrict":"นิคมทุ่งโพธิ์ทะเล","village":"บ้านสระสิงห์โต","BaanN":"บ้านสระสิงห์โต","__village":"บ้านสระสิงห์โต","land_type":"พื้นที่เกษตร","LandType":"พื้นที่เกษตร","plant_type":"นาข้าว","PlantType":"นาข้าว","crop_type":"นาข้าว","crop_type_raw":"นาข้าว","__crop":"นาข้าว","__plant_type":"นาข้าว","confidence":"nominal","source":"NASA FIRMS VIIRS","source_file":"HOTSPOT Viirs 1 ม.ค - 31 พ.ค 66 (รวม).xlsx","filter_rule":"Province=กำแพงเพชร; LandType=พื้นที่เกษตร; PlantType in allowed list; hierarchy uses Province→Amphoe→Tambon→BaanN from source table","latitude":16.45662,"longitude":99.66413,"month":4,"day":7,"responsibility_code":"5","landuse_code":"A101","utm_zone":"47","utm_e":"570894.035","utm_n":"1819561.616"},"geometry":{"type":"Point","coordinates":[99.66413,16.45662]}},{"type":"Feature","properties":{"hs_id":"VI1202304080729urgxcrgxuz","hsID":"VI1202304080729urgxcrgxuz","acq_date":"2023-04-08","Date":"2023-04-08","acq_time":"1429","year_be":2566,"season_be":2566,"dataset_year_be":2566,"province":"กำแพงเพชร","Province":"กำแพงเพชร","__province":"กำแพงเพชร","district":"คลองขลุง","Amphoe":"คลองขลุง","__district":"คลองขลุง","subdistrict":"วังยาง","Tambon":"วังยาง","__subdistrict":"วังยาง","village":"บ้านหนองนกกระทุง","BaanN":"บ้านหนองนกกระทุง","__village":"บ้านหนองนกกระทุง","land_type":"พื้นที่เกษตร","LandType":"พื้นที่เกษตร","plant_type":"นาข้าว","PlantType":"นาข้าว","crop_type":"นาข้าว","crop_type_raw":"นาข้าว","__crop":"นาข้าว","__plant_type":"นาข้าว","confidence":"high","source":"NASA FIRMS VIIRS","source_file":"HOTSPOT Viirs 1 ม.ค - 31 พ.ค 66 (รวม).xlsx","filter_rule":"Province=กำแพงเพชร; LandType=พื้นที่เกษตร; PlantType in allowed list; hierarchy uses Province→Amphoe→Tambon→BaanN from source table","latitude":16.23182,"longitude":99.81339,"month":4,"day":8,"responsibility_code":"5","landuse_code":"A101","utm_zone":"47","utm_e":"586927.305","utm_n":"1794750.771"},"geometry":{"type":"Point","coordinates":[99.81339,16.23182]}},{"type":"Feature","properties":{"hs_id":"VI1202304080729urgxyzyxcr","hsID":"VI1202304080729urgxyzyxcr","acq_date":"2023-04-08","Date":"2023-04-08","acq_time":"1429","year_be":2566,"season_be":2566,"dataset_year_be":2566,"province":"กำแพงเพชร","Province":"กำแพงเพชร","__province":"กำแพงเพชร","district":"เมืองกำแพงเพชร","Amphoe":"เมืองกำแพงเพชร","__district":"เมืองกำแพงเพชร","subdistrict":"นิคมทุ่งโพธิ์ทะเล","Tambon":"นิคมทุ่งโพธิ์ทะเล","__subdistrict":"นิคมทุ่งโพธิ์ทะเล","village":"บ้านวังอ้อ","BaanN":"บ้านวังอ้อ","__village":"บ้านวังอ้อ","land_type":"พื้นที่เกษตร","LandType":"พื้นที่เกษตร","plant_type":"นาข้าว","PlantType":"นาข้าว","crop_type":"นาข้าว","crop_type_raw":"นาข้าว","__crop":"นาข้าว","__plant_type":"นาข้าว","confidence":"nominal","source":"NASA FIRMS VIIRS","source_file":"HOTSPOT Viirs 1 ม.ค - 31 พ.ค 66 (รวม).xlsx","filter_rule":"Province=กำแพงเพชร; LandType=พื้นที่เกษตร; PlantType in allowed list; hierarchy uses Province→Amphoe→Tambon→BaanN from source table","latitude":16.47749,"longitude":99.72436,"month":4,"day":8,"responsibility_code":"5","landuse_code":"A101","utm_zone":"47","utm_e":"577315.424","utm_n":"1821892.468"},"geometry":{"type":"Point","coordinates":[99.72436,16.47749]}},{"type":"Feature","properties":{"hs_id":"VI1202304080729urgxyzzxfp","hsID":"VI1202304080729urgxyzzxfp","acq_date":"2023-04-08","Date":"2023-04-08","acq_time":"1429","year_be":2566,"season_be":2566,"dataset_year_be":2566,"province":"กำแพงเพชร","Province":"กำแพงเพชร","__province":"กำแพงเพชร","district":"เมืองกำแพงเพชร","Amphoe":"เมืองกำแพงเพชร","__district":"เมืองกำแพงเพชร","subdistrict":"นิคมทุ่งโพธิ์ทะเล","Tambon":"นิคมทุ่งโพธิ์ทะเล","__subdistrict":"นิคมทุ่งโพธิ์ทะเล","village":"บ้านวังอ้อ","BaanN":"บ้านวังอ้อ","__village":"บ้านวังอ้อ","land_type":"พื้นที่เกษตร","LandType":"พื้นที่เกษตร","plant_type":"นาข้าว","PlantType":"นาข้าว","crop_type":"นาข้าว","crop_type_raw":"นาข้าว","__crop":"นาข้าว","__plant_type":"นาข้าว","confidence":"nominal","source":"NASA FIRMS VIIRS","source_file":"HOTSPOT Viirs 1 ม.ค - 31 พ.ค 66 (รวม).xlsx","filter_rule":"Province=กำแพงเพชร; LandType=พื้นที่เกษตร; PlantType in allowed list; hierarchy uses Province→Amphoe→Tambon→BaanN from source table","latitude":16.4789,"longitude":99.722,"month":4,"day":8,"responsibility_code":"5","landuse_code":"A101","utm_zone":"47","utm_e":"577062.958","utm_n":"1822047.55"},"geometry":{"type":"Point","coordinates":[99.722,16.4789]}},{"type":"Feature","properties":{"hs_id":"VI1202304090709urgxzxcxcz","hsID":"VI1202304090709urgxzxcxcz","acq_date":"2023-04-09","Date":"2023-04-09","acq_time":"1409","year_be":2566,"season_be":2566,"dataset_year_be":2566,"province":"กำแพงเพชร","Province":"กำแพงเพชร","__province":"กำแพงเพชร","district":"เมืองกำแพงเพชร","Amphoe":"เมืองกำแพงเพชร","__district":"เมืองกำแพงเพชร","subdistrict":"นิคมทุ่งโพธิ์ทะเล","Tambon":"นิคมทุ่งโพธิ์ทะเล","__subdistrict":"นิคมทุ่งโพธิ์ทะเล","village":"บ้านหนองบัวทอง","BaanN":"บ้านหนองบัวทอง","__village":"บ้านหนองบัวทอง","land_type":"พื้นที่เกษตร","LandType":"พื้นที่เกษตร","plant_type":"นาข้าว","PlantType":"นาข้าว","crop_type":"นาข้าว","crop_type_raw":"นาข้าว","__crop":"นาข้าว","__plant_type":"นาข้าว","confidence":"nominal","source":"NASA FIRMS VIIRS","source_file":"HOTSPOT Viirs 1 ม.ค - 31 พ.ค 66 (รวม).xlsx","filter_rule":"Province=กำแพงเพชร; LandType=พื้นที่เกษตร; PlantType in allowed list; hierarchy uses Province→Amphoe→Tambon→BaanN from source table","latitude":16.5036,"longitude":99.74142,"month":4,"day":9,"responsibility_code":"5","landuse_code":"A101","utm_zone":"47","utm_e":"579125.818","utm_n":"1824787.555"},"geometry":{"type":"Point","coordinates":[99.74142,16.5036]}},{"type":"Feature","properties":{"hs_id":"VI1202304090709urgxzxgrzx","hsID":"VI1202304090709urgxzxgrzx","acq_date":"2023-04-09","Date":"2023-04-09","acq_time":"1409","year_be":2566,"season_be":2566,"dataset_year_be":2566,"province":"กำแพงเพชร","Province":"กำแพงเพชร","__province":"กำแพงเพชร","district":"เมืองกำแพงเพชร","Amphoe":"เมืองกำแพงเพชร","__district":"เมืองกำแพงเพชร","subdistrict":"นิคมทุ่งโพธิ์ทะเล","Tambon":"นิคมทุ่งโพธิ์ทะเล","__subdistrict":"นิคมทุ่งโพธิ์ทะเล","village":"บ้านแปดอ้อม","BaanN":"บ้านแปดอ้อม","__village":"บ้านแปดอ้อม","land_type":"พื้นที่เกษตร","LandType":"พื้นที่เกษตร","plant_type":"นาข้าว","PlantType":"นาข้าว","crop_type":"นาข้าว","crop_type_raw":"นาข้าว","__crop":"นาข้าว","__plant_type":"นาข้าว","confidence":"nominal","source":"NASA FIRMS VIIRS","source_file":"HOTSPOT Viirs 1 ม.ค - 31 พ.ค 66 (รวม).xlsx","filter_rule":"Province=กำแพงเพชร; LandType=พื้นที่เกษตร; PlantType in allowed list; hierarchy uses Province→Amphoe→Tambon→BaanN from source table","latitude":16.50625,"longitude":99.73857,"month":4,"day":9,"responsibility_code":"5","landuse_code":"A101","utm_zone":"47","utm_e":"578820.572","utm_n":"1825079.602"},"geometry":{"type":"Point","coordinates":[99.73857,16.50625]}},{"type":"Feature","properties":{"hs_id":"VI1202304090709urgzcxcxbr","hsID":"VI1202304090709urgzcxcxbr","acq_date":"2023-04-09","Date":"2023-04-09","acq_time":"1409","year_be":2566,"season_be":2566,"dataset_year_be":2566,"province":"กำแพงเพชร","Province":"กำแพงเพชร","__province":"กำแพงเพชร","district":"ลานกระบือ","Amphoe":"ลานกระบือ","__district":"ลานกระบือ","subdistrict":"โนนพลวง","Tambon":"โนนพลวง","__subdistrict":"โนนพลวง","village":"บ้านวังยาง","BaanN":"บ้านวังยาง","__village":"บ้านวังยาง","land_type":"พื้นที่เกษตร","LandType":"พื้นที่เกษตร","plant_type":"นาข้าว","PlantType":"นาข้าว","crop_type":"นาข้าว","crop_type_raw":"นาข้าว","__crop":"นาข้าว","__plant_type":"นาข้าว","confidence":"nominal","source":"NASA FIRMS VIIRS","source_file":"HOTSPOT Viirs 1 ม.ค - 31 พ.ค 66 (รวม).xlsx","filter_rule":"Province=กำแพงเพชร; LandType=พื้นที่เกษตร; PlantType in allowed list; hierarchy uses Province→Amphoe→Tambon→BaanN from source table","latitude":16.59143,"longitude":99.87611,"month":4,"day":9,"responsibility_code":"5","landuse_code":"A101","utm_zone":"47","utm_e":"593458.756","utm_n":"1834561.927"},"geometry":{"type":"Point","coordinates":[99.87611,16.59143]}},{"type":"Feature","properties":{"hs_id":"VI1202304090709urgzczcpyz","hsID":"VI1202304090709urgzczcpyz","acq_date":"2023-04-09","Date":"2023-04-09","acq_time":"1409","year_be":2566,"season_be":2566,"dataset_year_be":2566,"province":"กำแพงเพชร","Province":"กำแพงเพชร","__province":"กำแพงเพชร","district":"ลานกระบือ","Amphoe":"ลานกระบือ","__district":"ลานกระบือ","subdistrict":"หนองหลวง","Tambon":"หนองหลวง","__subdistrict":"หนองหลวง","village":"บ้านลำมะโกรก","BaanN":"บ้านลำมะโกรก","__village":"บ้านลำมะโกรก","land_type":"พื้นที่เกษตร","LandType":"พื้นที่เกษตร","plant_type":"นาข้าว","PlantType":"นาข้าว","crop_type":"นาข้าว","crop_type_raw":"นาข้าว","__crop":"นาข้าว","__plant_type":"นาข้าว","confidence":"nominal","source":"NASA FIRMS VIIRS","source_file":"HOTSPOT Viirs 1 ม.ค - 31 พ.ค 66 (รวม).xlsx","filter_rule":"Province=กำแพงเพชร; LandType=พื้นที่เกษตร; PlantType in allowed list; hierarchy uses Province→Amphoe→Tambon→BaanN from source table","latitude":16.60201,"longitude":99.75514,"month":4,"day":9,"responsibility_code":"5","landuse_code":"A101","utm_zone":"47","utm_e":"580549.233","utm_n":"1835679.919"},"geometry":{"type":"Point","coordinates":[99.75514,16.60201]}},{"type":"Feature","properties":{"hs_id":"VI1202304100650urgrfzcpup","hsID":"VI1202304100650urgrfzcpup","acq_date":"2023-04-10","Date":"2023-04-10","acq_time":"1350","year_be":2566,"season_be":2566,"dataset_year_be":2566,"province":"กำแพงเพชร","Province":"กำแพงเพชร","__province":"กำแพงเพชร","district":"ขาณุวรลักษบุรี","Amphoe":"ขาณุวรลักษบุรี","__district":"ขาณุวรลักษบุรี","subdistrict":"บ่อถ้ำ","Tambon":"บ่อถ้ำ","__subdistrict":"บ่อถ้ำ","village":"บ้านโป่งสังข์","BaanN":"บ้านโป่งสังข์","__village":"บ้านโป่งสังข์","land_type":"พื้นที่เกษตร","LandType":"พื้นที่เกษตร","plant_type":"นาข้าว","PlantType":"นาข้าว","crop_type":"นาข้าว","crop_type_raw":"นาข้าว","__crop":"นาข้าว","__plant_type":"นาข้าว","confidence":"nominal","source":"NASA FIRMS VIIRS","source_file":"HOTSPOT Viirs 1 ม.ค - 31 พ.ค 66 (รวม).xlsx","filter_rule":"Province=กำแพงเพชร; LandType=พื้นที่เกษตร; PlantType in allowed list; hierarchy uses Province→Amphoe→Tambon→BaanN from source table","latitude":15.94271,"longitude":99.76627,"month":4,"day":10,"responsibility_code":"5","landuse_code":"A101","utm_zone":"47","utm_e":"582009.842","utm_n":"1762748.93"},"geometry":{"type":"Point","coordinates":[99.76627,15.94271]}},{"type":"Feature","properties":{"hs_id":"VI1202304100650urgrfzcxcx","hsID":"VI1202304100650urgrfzcxcx","acq_date":"2023-04-10","Date":"2023-04-10","acq_time":"1350","year_be":2566,"season_be":2566,"dataset_year_be":2566,"province":"กำแพงเพชร","Province":"กำแพงเพชร","__province":"กำแพงเพชร","district":"ขาณุวรลักษบุรี","Amphoe":"ขาณุวรลักษบุรี","__district":"ขาณุวรลักษบุรี","subdistrict":"บ่อถ้ำ","Tambon":"บ่อถ้ำ","__subdistrict":"บ่อถ้ำ","village":"บ้านโป่งสังข์","BaanN":"บ้านโป่งสังข์","__village":"บ้านโป่งสังข์","land_type":"พื้นที่เกษตร","LandType":"พื้นที่เกษตร","plant_type":"นาข้าว","PlantType":"นาข้าว","crop_type":"นาข้าว","crop_type_raw":"นาข้าว","__crop":"นาข้าว","__plant_type":"นาข้าว","confidence":"nominal","source":"NASA FIRMS VIIRS","source_file":"HOTSPOT Viirs 1 ม.ค - 31 พ.ค 66 (รวม).xlsx","filter_rule":"Province=กำแพงเพชร; LandType=พื้นที่เกษตร; PlantType in allowed list; hierarchy uses Province→Amphoe→Tambon→BaanN from source table","latitude":15.94329,"longitude":99.77052,"month":4,"day":10,"responsibility_code":"5","landuse_code":"A101","utm_zone":"47","utm_e":"582464.483","utm_n":"1762814.767"},"geometry":{"type":"Point","coordinates":[99.77052,15.94329]}},{"type":"Feature","properties":{"hs_id":"VI1202304100650urgxbxbpgp","hsID":"VI1202304100650urgxbxbpgp","acq_date":"2023-04-10","Date":"2023-04-10","acq_time":"1350","year_be":2566,"season_be":2566,"dataset_year_be":2566,"province":"กำแพงเพชร","Province":"กำแพงเพชร","__province":"กำแพงเพชร","district":"คลองขลุง","Amphoe":"คลองขลุง","__district":"คลองขลุง","subdistrict":"แม่ลาด","Tambon":"แม่ลาด","__subdistrict":"แม่ลาด","village":"บ้านใหม่สุขสมบูรณ์","BaanN":"บ้านใหม่สุขสมบูรณ์","__village":"บ้านใหม่สุขสมบูรณ์","land_type":"พื้นที่เกษตร","LandType":"พื้นที่เกษตร","plant_type":"นาข้าว","PlantType":"นาข้าว","crop_type":"นาข้าว","crop_type_raw":"นาข้าว","__crop":"นาข้าว","__plant_type":"นาข้าว","confidence":"nominal","source":"NASA FIRMS VIIRS","source_file":"HOTSPOT Viirs 1 ม.ค - 31 พ.ค 66 (รวม).xlsx","filter_rule":"Province=กำแพงเพชร; LandType=พื้นที่เกษตร; PlantType in allowed list; hierarchy uses Province→Amphoe→Tambon→BaanN from source table","latitude":16.19398,"longitude":99.76176,"month":4,"day":10,"responsibility_code":"5","landuse_code":"A101","utm_zone":"47","utm_e":"581424.842","utm_n":"1790543.521"},"geometry":{"type":"Point","coordinates":[99.76176,16.19398]}},{"type":"Feature","properties":{"hs_id":"VI1202304100650urgxbxfzvr","hsID":"VI1202304100650urgxbxfzvr","acq_date":"2023-04-10","Date":"2023-04-10","acq_time":"1350","year_be":2566,"season_be":2566,"dataset_year_be":2566,"province":"กำแพงเพชร","Province":"กำแพงเพชร","__province":"กำแพงเพชร","district":"บึงสามัคคี","Amphoe":"บึงสามัคคี","__district":"บึงสามัคคี","subdistrict":"เทพนิมิต","Tambon":"เทพนิมิต","__subdistrict":"เทพนิมิต","village":"บ้านโพธิ์เอน","BaanN":"บ้านโพธิ์เอน","__village":"บ้านโพธิ์เอน","land_type":"พื้นที่เกษตร","LandType":"พื้นที่เกษตร","plant_type":"อ้อย","PlantType":"อ้อย","crop_type":"อ้อย","crop_type_raw":"อ้อย","__crop":"อ้อย","__plant_type":"อ้อย","confidence":"nominal","source":"NASA FIRMS VIIRS","source_file":"HOTSPOT Viirs 1 ม.ค - 31 พ.ค 66 (รวม).xlsx","filter_rule":"Province=กำแพงเพชร; LandType=พื้นที่เกษตร; PlantType in allowed list; hierarchy uses Province→Amphoe→Tambon→BaanN from source table","latitude":16.19785,"longitude":99.92374,"month":4,"day":10,"responsibility_code":"5","landuse_code":"A203","utm_zone":"47","utm_e":"598738.189","utm_n":"1791042.688"},"geometry":{"type":"Point","coordinates":[99.92374,16.19785]}},{"type":"Feature","properties":{"hs_id":"VI1202304100650urgxcpzpzx","hsID":"VI1202304100650urgxcpzpzx","acq_date":"2023-04-10","Date":"2023-04-10","acq_time":"1350","year_be":2566,"season_be":2566,"dataset_year_be":2566,"province":"กำแพงเพชร","Province":"กำแพงเพชร","__province":"กำแพงเพชร","district":"คลองขลุง","Amphoe":"คลองขลุง","__district":"คลองขลุง","subdistrict":"วังยาง","Tambon":"วังยาง","__subdistrict":"วังยาง","village":"บ้านแม่น้ำกงจีน","BaanN":"บ้านแม่น้ำกงจีน","__village":"บ้านแม่น้ำกงจีน","land_type":"พื้นที่เกษตร","LandType":"พื้นที่เกษตร","plant_type":"นาข้าว","PlantType":"นาข้าว","crop_type":"นาข้าว","crop_type_raw":"นาข้าว","__crop":"นาข้าว","__plant_type":"นาข้าว","confidence":"nominal","source":"NASA FIRMS VIIRS","source_file":"HOTSPOT Viirs 1 ม.ค - 31 พ.ค 66 (รวม).xlsx","filter_rule":"Province=กำแพงเพชร; LandType=พื้นที่เกษตร; PlantType in allowed list; hierarchy uses Province→Amphoe→Tambon→BaanN from source table","latitude":16.22576,"longitude":99.80515,"month":4,"day":10,"responsibility_code":"5","landuse_code":"A101","utm_zone":"47","utm_e":"586049.277","utm_n":"1794076.9"},"geometry":{"type":"Point","coordinates":[99.80515,16.22576]}},{"type":"Feature","properties":{"hs_id":"VI1202304100650urgxcrgpux","hsID":"VI1202304100650urgxcrgpux","acq_date":"2023-04-10","Date":"2023-04-10","acq_time":"1350","year_be":2566,"season_be":2566,"dataset_year_be":2566,"province":"กำแพงเพชร","Province":"กำแพงเพชร","__province":"กำแพงเพชร","district":"บึงสามัคคี","Amphoe":"บึงสามัคคี","__district":"บึงสามัคคี","subdistrict":"วังชะโอน","Tambon":"วังชะโอน","__subdistrict":"วังชะโอน","village":"บ้านคลองกะทังแอะ","BaanN":"บ้านคลองกะทังแอะ","__village":"บ้านคลองกะทังแอะ","land_type":"พื้นที่เกษตร","LandType":"พื้นที่เกษตร","plant_type":"นาข้าว","PlantType":"นาข้าว","crop_type":"นาข้าว","crop_type_raw":"นาข้าว","__crop":"นาข้าว","__plant_type":"นาข้าว","confidence":"nominal","source":"NASA FIRMS VIIRS","source_file":"HOTSPOT Viirs 1 ม.ค - 31 พ.ค 66 (รวม).xlsx","filter_rule":"Province=กำแพงเพชร; LandType=พื้นที่เกษตร; PlantType in allowed list; hierarchy uses Province→Amphoe→Tambon→BaanN from source table","latitude":16.23113,"longitude":99.89675,"month":4,"day":10,"responsibility_code":"5","landuse_code":"A101","utm_zone":"47","utm_e":"595836.944","utm_n":"1794711.606"},"geometry":{"type":"Point","coordinates":[99.89675,16.23113]}},{"type":"Feature","properties":{"hs_id":"VI1202304100650urgxcryxvz","hsID":"VI1202304100650urgxcryxvz","acq_date":"2023-04-10","Date":"2023-04-10","acq_time":"1350","year_be":2566,"season_be":2566,"dataset_year_be":2566,"province":"กำแพงเพชร","Province":"กำแพงเพชร","__province":"กำแพงเพชร","district":"คลองขลุง","Amphoe":"คลองขลุง","__district":"คลองขลุง","subdistrict":"วังแขม","Tambon":"วังแขม","__subdistrict":"วังแขม","village":"บ้านหนองนกกระทุง","BaanN":"บ้านหนองนกกระทุง","__village":"บ้านหนองนกกระทุง","land_type":"พื้นที่เกษตร","LandType":"พื้นที่เกษตร","plant_type":"นาข้าว","PlantType":"นาข้าว","crop_type":"นาข้าว","crop_type_raw":"นาข้าว","__crop":"นาข้าว","__plant_type":"นาข้าว","confidence":"low","source":"NASA FIRMS VIIRS","source_file":"HOTSPOT Viirs 1 ม.ค - 31 พ.ค 66 (รวม).xlsx","filter_rule":"Province=กำแพงเพชร; LandType=พื้นที่เกษตร; PlantType in allowed list; hierarchy uses Province→Amphoe→Tambon→BaanN from source table","latitude":16.23598,"longitude":99.82558,"month":4,"day":10,"responsibility_code":"5","landuse_code":"A101","utm_zone":"47","utm_e":"588228.278","utm_n":"1795216.187"},"geometry":{"type":"Point","coordinates":[99.82558,16.23598]}},{"type":"Feature","properties":{"hs_id":"VI1202304100650urgxuzyrvr","hsID":"VI1202304100650urgxuzyrvr","acq_date":"2023-04-10","Date":"2023-04-10","acq_time":"1350","year_be":2566,"season_be":2566,"dataset_year_be":2566,"province":"กำแพงเพชร","Province":"กำแพงเพชร","__province":"กำแพงเพชร","district":"เมืองกำแพงเพชร","Amphoe":"เมืองกำแพงเพชร","__district":"เมืองกำแพงเพชร","subdistrict":"เทพนคร","Tambon":"เทพนคร","__subdistrict":"เทพนคร","village":"บ้านเทพนคร","BaanN":"บ้านเทพนคร","__village":"บ้านเทพนคร","land_type":"พื้นที่เกษตร","LandType":"พื้นที่เกษตร","plant_type":"นาข้าว","PlantType":"นาข้าว","crop_type":"นาข้าว","crop_type_raw":"นาข้าว","__crop":"นาข้าว","__plant_type":"นาข้าว","confidence":"nominal","source":"NASA FIRMS VIIRS","source_file":"HOTSPOT Viirs 1 ม.ค - 31 พ.ค 66 (รวม).xlsx","filter_rule":"Province=กำแพงเพชร; LandType=พื้นที่เกษตร; PlantType in allowed list; hierarchy uses Province→Amphoe→Tambon→BaanN from source table","latitude":16.38943,"longitude":99.56951,"month":4,"day":10,"responsibility_code":"5","landuse_code":"A101","utm_zone":"47","utm_e":"560814.197","utm_n":"1812098.02"},"geometry":{"type":"Point","coordinates":[99.56951,16.38943]}},{"type":"Feature","properties":{"hs_id":"VI1202304100650urgxvpcpbx","hsID":"VI1202304100650urgxvpcpbx","acq_date":"2023-04-10","Date":"2023-04-10","acq_time":"1350","year_be":2566,"season_be":2566,"dataset_year_be":2566,"province":"กำแพงเพชร","Province":"กำแพงเพชร","__province":"กำแพงเพชร","district":"เมืองกำแพงเพชร","Amphoe":"เมืองกำแพงเพชร","__district":"เมืองกำแพงเพชร","subdistrict":"เทพนคร","Tambon":"เทพนคร","__subdistrict":"เทพนคร","village":"บ้านเทพนคร","BaanN":"บ้านเทพนคร","__village":"บ้านเทพนคร","land_type":"พื้นที่เกษตร","LandType":"พื้นที่เกษตร","plant_type":"นาข้าว","PlantType":"นาข้าว","crop_type":"นาข้าว","crop_type_raw":"นาข้าว","__crop":"นาข้าว","__plant_type":"นาข้าว","confidence":"nominal","source":"NASA FIRMS VIIRS","source_file":"HOTSPOT Viirs 1 ม.ค - 31 พ.ค 66 (รวม).xlsx","filter_rule":"Province=กำแพงเพชร; LandType=พื้นที่เกษตร; PlantType in allowed list; hierarchy uses Province→Amphoe→Tambon→BaanN from source table","latitude":16.393,"longitude":99.56898,"month":4,"day":10,"responsibility_code":"5","landuse_code":"A101","utm_zone":"47","utm_e":"560756.493","utm_n":"1812492.786"},"geometry":{"type":"Point","coordinates":[99.56898,16.393]}},{"type":"Feature","properties":{"hs_id":"VI1202304100650urgzczzrfz","hsID":"VI1202304100650urgzczzrfz","acq_date":"2023-04-10","Date":"2023-04-10","acq_time":"1350","year_be":2566,"season_be":2566,"dataset_year_be":2566,"province":"กำแพงเพชร","Province":"กำแพงเพชร","__province":"กำแพงเพชร","district":"พรานกระต่าย","Amphoe":"พรานกระต่าย","__district":"พรานกระต่าย","subdistrict":"เขาคีริส","Tambon":"เขาคีริส","__subdistrict":"เขาคีริส","village":"บ้านดอนขมิ้น","BaanN":"บ้านดอนขมิ้น","__village":"บ้านดอนขมิ้น","land_type":"พื้นที่เกษตร","LandType":"พื้นที่เกษตร","plant_type":"เกษตรอื่น ๆ","PlantType":"เกษตรอื่น ๆ","crop_type":"เกษตรอื่น ๆ","crop_type_raw":"เกษตรอื่น ๆ","__crop":"เกษตรอื่น ๆ","__plant_type":"เกษตรอื่น ๆ","confidence":"nominal","source":"NASA FIRMS VIIRS","source_file":"HOTSPOT Viirs 1 ม.ค - 31 พ.ค 66 (รวม).xlsx","filter_rule":"Province=กำแพงเพชร; LandType=พื้นที่เกษตร; PlantType in allowed list; hierarchy uses Province→Amphoe→Tambon→BaanN from source table","latitude":16.61042,"longitude":99.63014,"month":4,"day":10,"responsibility_code":"5","landuse_code":"A999","utm_zone":"47","utm_e":"567212.317","utm_n":"1836564.228"},"geometry":{"type":"Point","coordinates":[99.63014,16.61042]}},{"type":"Feature","properties":{"hs_id":"VI1202304110631urgxvzyxgr","hsID":"VI1202304110631urgxvzyxgr","acq_date":"2023-04-11","Date":"2023-04-11","acq_time":"1331","year_be":2566,"season_be":2566,"dataset_year_be":2566,"province":"กำแพงเพชร","Province":"กำแพงเพชร","__province":"กำแพงเพชร","district":"เมืองกำแพงเพชร","Amphoe":"เมืองกำแพงเพชร","__district":"เมืองกำแพงเพชร","subdistrict":"เทพนคร","Tambon":"เทพนคร","__subdistrict":"เทพนคร","village":"บ้านสุกรพันธ์","BaanN":"บ้านสุกรพันธ์","__village":"บ้านสุกรพันธ์","land_type":"พื้นที่เกษตร","LandType":"พื้นที่เกษตร","plant_type":"นาข้าว","PlantType":"นาข้าว","crop_type":"นาข้าว","crop_type_raw":"นาข้าว","__crop":"นาข้าว","__plant_type":"นาข้าว","confidence":"low","source":"NASA FIRMS VIIRS","source_file":"HOTSPOT Viirs 1 ม.ค - 31 พ.ค 66 (รวม).xlsx","filter_rule":"Province=กำแพงเพชร; LandType=พื้นที่เกษตร; PlantType in allowed list; hierarchy uses Province→Amphoe→Tambon→BaanN from source table","latitude":16.43363,"longitude":99.64487,"month":4,"day":11,"responsibility_code":"5","landuse_code":"A101","utm_zone":"47","utm_e":"568846.113","utm_n":"1817011.694"},"geometry":{"type":"Point","coordinates":[99.64487,16.43363]}},{"type":"Feature","properties":{"hs_id":"VI1202304110631urgxypcpfr","hsID":"VI1202304110631urgxypcpfr","acq_date":"2023-04-11","Date":"2023-04-11","acq_time":"1331","year_be":2566,"season_be":2566,"dataset_year_be":2566,"province":"กำแพงเพชร","Province":"กำแพงเพชร","__province":"กำแพงเพชร","district":"เมืองกำแพงเพชร","Amphoe":"เมืองกำแพงเพชร","__district":"เมืองกำแพงเพชร","subdistrict":"เทพนคร","Tambon":"เทพนคร","__subdistrict":"เทพนคร","village":"บ้านสระสิงห์โต","BaanN":"บ้านสระสิงห์โต","__village":"บ้านสระสิงห์โต","land_type":"พื้นที่เกษตร","LandType":"พื้นที่เกษตร","plant_type":"นาข้าว","PlantType":"นาข้าว","crop_type":"นาข้าว","crop_type_raw":"นาข้าว","__crop":"นาข้าว","__plant_type":"นาข้าว","confidence":"low","source":"NASA FIRMS VIIRS","source_file":"HOTSPOT Viirs 1 ม.ค - 31 พ.ค 66 (รวม).xlsx","filter_rule":"Province=กำแพงเพชร; LandType=พื้นที่เกษตร; PlantType in allowed list; hierarchy uses Province→Amphoe→Tambon→BaanN from source table","latitude":16.43702,"longitude":99.64429,"month":4,"day":11,"responsibility_code":"5","landuse_code":"A101","utm_zone":"47","utm_e":"568782.997","utm_n":"1817386.515"},"geometry":{"type":"Point","coordinates":[99.64429,16.43702]}},{"type":"Feature","properties":{"hs_id":"VI1202304110631urgxzzyxcr","hsID":"VI1202304110631urgxzzyxcr","acq_date":"2023-04-11","Date":"2023-04-11","acq_time":"1331","year_be":2566,"season_be":2566,"dataset_year_be":2566,"province":"กำแพงเพชร","Province":"กำแพงเพชร","__province":"กำแพงเพชร","district":"เมืองกำแพงเพชร","Amphoe":"เมืองกำแพงเพชร","__district":"เมืองกำแพงเพชร","subdistrict":"นิคมทุ่งโพธิ์ทะเล","Tambon":"นิคมทุ่งโพธิ์ทะเล","__subdistrict":"นิคมทุ่งโพธิ์ทะเล","village":"บ้านหนองทอง","BaanN":"บ้านหนองทอง","__village":"บ้านหนองทอง","land_type":"พื้นที่เกษตร","LandType":"พื้นที่เกษตร","plant_type":"นาข้าว","PlantType":"นาข้าว","crop_type":"นาข้าว","crop_type_raw":"นาข้าว","__crop":"นาข้าว","__plant_type":"นาข้าว","confidence":"nominal","source":"NASA FIRMS VIIRS","source_file":"HOTSPOT Viirs 1 ม.ค - 31 พ.ค 66 (รวม).xlsx","filter_rule":"Province=กำแพงเพชร; LandType=พื้นที่เกษตร; PlantType in allowed list; hierarchy uses Province→Amphoe→Tambon→BaanN from source table","latitude":16.52144,"longitude":99.68772,"month":4,"day":11,"responsibility_code":"5","landuse_code":"A101","utm_zone":"47","utm_e":"573387.872","utm_n":"1826740.826"},"geometry":{"type":"Point","coordinates":[99.68772,16.52144]}},{"type":"Feature","properties":{"hs_id":"VI1202304101921urgzfxzxfx","hsID":"VI1202304101921urgzfxzxfx","acq_date":"2023-04-11","Date":"2023-04-11","acq_time":"221","year_be":2566,"season_be":2566,"dataset_year_be":2566,"province":"กำแพงเพชร","Province":"กำแพงเพชร","__province":"กำแพงเพชร","district":"ลานกระบือ","Amphoe":"ลานกระบือ","__district":"ลานกระบือ","subdistrict":"ลานกระบือ","Tambon":"ลานกระบือ","__subdistrict":"ลานกระบือ","village":"บ้านเด่นพระ","BaanN":"บ้านเด่นพระ","__village":"บ้านเด่นพระ","land_type":"พื้นที่เกษตร","LandType":"พื้นที่เกษตร","plant_type":"อ้อย","PlantType":"อ้อย","crop_type":"อ้อย","crop_type_raw":"อ้อย","__crop":"อ้อย","__plant_type":"อ้อย","confidence":"nominal","source":"NASA FIRMS VIIRS","source_file":"HOTSPOT Viirs 1 ม.ค - 31 พ.ค 66 (รวม).xlsx","filter_rule":"Province=กำแพงเพชร; LandType=พื้นที่เกษตร; PlantType in allowed list; hierarchy uses Province→Amphoe→Tambon→BaanN from source table","latitude":16.64371,"longitude":99.85056,"month":4,"day":11,"responsibility_code":"5","landuse_code":"A203","utm_zone":"47","utm_e":"590708.49","utm_n":"1840333.995"},"geometry":{"type":"Point","coordinates":[99.85056,16.64371]}},{"type":"Feature","properties":{"hs_id":"VI1202304101921urgzfzbpbz","hsID":"VI1202304101921urgzfzbpbz","acq_date":"2023-04-11","Date":"2023-04-11","acq_time":"221","year_be":2566,"season_be":2566,"dataset_year_be":2566,"province":"กำแพงเพชร","Province":"กำแพงเพชร","__province":"กำแพงเพชร","district":"ลานกระบือ","Amphoe":"ลานกระบือ","__district":"ลานกระบือ","subdistrict":"ลานกระบือ","Tambon":"ลานกระบือ","__subdistrict":"ลานกระบือ","village":"บ้านเด่นพระ","BaanN":"บ้านเด่นพระ","__village":"บ้านเด่นพระ","land_type":"พื้นที่เกษตร","LandType":"พื้นที่เกษตร","plant_type":"อ้อย","PlantType":"อ้อย","crop_type":"อ้อย","crop_type_raw":"อ้อย","__crop":"อ้อย","__plant_type":"อ้อย","confidence":"nominal","source":"NASA FIRMS VIIRS","source_file":"HOTSPOT Viirs 1 ม.ค - 31 พ.ค 66 (รวม).xlsx","filter_rule":"Province=กำแพงเพชร; LandType=พื้นที่เกษตร; PlantType in allowed list; hierarchy uses Province→Amphoe→Tambon→BaanN from source table","latitude":16.64432,"longitude":99.85233,"month":4,"day":11,"responsibility_code":"5","landuse_code":"A203","utm_zone":"47","utm_e":"590896.977","utm_n":"1840402.284"},"geometry":{"type":"Point","coordinates":[99.85233,16.64432]}},{"type":"Feature","properties":{"hs_id":"VI1202304120614urgrfpcryp","hsID":"VI1202304120614urgrfpcryp","acq_date":"2023-04-12","Date":"2023-04-12","acq_time":"1314","year_be":2566,"season_be":2566,"dataset_year_be":2566,"province":"กำแพงเพชร","Province":"กำแพงเพชร","__province":"กำแพงเพชร","district":"ขาณุวรลักษบุรี","Amphoe":"ขาณุวรลักษบุรี","__district":"ขาณุวรลักษบุรี","subdistrict":"ปางมะค่า","Tambon":"ปางมะค่า","__subdistrict":"ปางมะค่า","village":"บ้านโป่งแต้","BaanN":"บ้านโป่งแต้","__village":"บ้านโป่งแต้","land_type":"พื้นที่เกษตร","LandType":"พื้นที่เกษตร","plant_type":"นาข้าว","PlantType":"นาข้าว","crop_type":"นาข้าว","crop_type_raw":"นาข้าว","__crop":"นาข้าว","__plant_type":"นาข้าว","confidence":"low","source":"NASA FIRMS VIIRS","source_file":"HOTSPOT Viirs 1 ม.ค - 31 พ.ค 66 (รวม).xlsx","filter_rule":"Province=กำแพงเพชร; LandType=พื้นที่เกษตร; PlantType in allowed list; hierarchy uses Province→Amphoe→Tambon→BaanN from source table","latitude":15.91018,"longitude":99.57037,"month":4,"day":12,"responsibility_code":"5","landuse_code":"A101","utm_zone":"47","utm_e":"561052.833","utm_n":"1759083.336"},"geometry":{"type":"Point","coordinates":[99.57037,15.91018]}},{"type":"Feature","properties":{"hs_id":"VI1202304120614urgrzpvxvz","hsID":"VI1202304120614urgrzpvxvz","acq_date":"2023-04-12","Date":"2023-04-12","acq_time":"1314","year_be":2566,"season_be":2566,"dataset_year_be":2566,"province":"กำแพงเพชร","Province":"กำแพงเพชร","__province":"กำแพงเพชร","district":"ขาณุวรลักษบุรี","Amphoe":"ขาณุวรลักษบุรี","__district":"ขาณุวรลักษบุรี","subdistrict":"ยางสูง","Tambon":"ยางสูง","__subdistrict":"ยางสูง","village":"บ้านไร่ใหม่","BaanN":"บ้านไร่ใหม่","__village":"บ้านไร่ใหม่","land_type":"พื้นที่เกษตร","LandType":"พื้นที่เกษตร","plant_type":"นาข้าว","PlantType":"นาข้าว","crop_type":"นาข้าว","crop_type_raw":"นาข้าว","__crop":"นาข้าว","__plant_type":"นาข้าว","confidence":"low","source":"NASA FIRMS VIIRS","source_file":"HOTSPOT Viirs 1 ม.ค - 31 พ.ค 66 (รวม).xlsx","filter_rule":"Province=กำแพงเพชร; LandType=พื้นที่เกษตร; PlantType in allowed list; hierarchy uses Province→Amphoe→Tambon→BaanN from source table","latitude":16.13573,"longitude":99.83846,"month":4,"day":12,"responsibility_code":"5","landuse_code":"A101","utm_zone":"47","utm_e":"589650.067","utm_n":"1784131.478"},"geometry":{"type":"Point","coordinates":[99.83846,16.13573]}},{"type":"Feature","properties":{"hs_id":"VI1202304120614urgxgzfpbx","hsID":"VI1202304120614urgxgzfpbx","acq_date":"2023-04-12","Date":"2023-04-12","acq_time":"1314","year_be":2566,"season_be":2566,"dataset_year_be":2566,"province":"กำแพงเพชร","Province":"กำแพงเพชร","__province":"กำแพงเพชร","district":"เมืองกำแพงเพชร","Amphoe":"เมืองกำแพงเพชร","__district":"เมืองกำแพงเพชร","subdistrict":"ธำมรงค์","Tambon":"ธำมรงค์","__subdistrict":"ธำมรงค์","village":"บ้านเกาะธำมรงค์","BaanN":"บ้านเกาะธำมรงค์","__village":"บ้านเกาะธำมรงค์","land_type":"พื้นที่เกษตร","LandType":"พื้นที่เกษตร","plant_type":"อ้อย","PlantType":"อ้อย","crop_type":"อ้อย","crop_type_raw":"อ้อย","__crop":"อ้อย","__plant_type":"อ้อย","confidence":"low","source":"NASA FIRMS VIIRS","source_file":"HOTSPOT Viirs 1 ม.ค - 31 พ.ค 66 (รวม).xlsx","filter_rule":"Province=กำแพงเพชร; LandType=พื้นที่เกษตร; PlantType in allowed list; hierarchy uses Province→Amphoe→Tambon→BaanN from source table","latitude":16.33944,"longitude":99.64517,"month":4,"day":12,"responsibility_code":"5","landuse_code":"A203","utm_zone":"47","utm_e":"568911.244","utm_n":"1806592.086"},"geometry":{"type":"Point","coordinates":[99.64517,16.33944]}},{"type":"Feature","properties":{"hs_id":"VI1202304120614urgxgzfrvx","hsID":"VI1202304120614urgxgzfrvx","acq_date":"2023-04-12","Date":"2023-04-12","acq_time":"1314","year_be":2566,"season_be":2566,"dataset_year_be":2566,"province":"กำแพงเพชร","Province":"กำแพงเพชร","__province":"กำแพงเพชร","district":"เมืองกำแพงเพชร","Amphoe":"เมืองกำแพงเพชร","__district":"เมืองกำแพงเพชร","subdistrict":"ธำมรงค์","Tambon":"ธำมรงค์","__subdistrict":"ธำมรงค์","village":"บ้านเกาะธำมรงค์","BaanN":"บ้านเกาะธำมรงค์","__village":"บ้านเกาะธำมรงค์","land_type":"พื้นที่เกษตร","LandType":"พื้นที่เกษตร","plant_type":"นาข้าว","PlantType":"นาข้าว","crop_type":"นาข้าว","crop_type_raw":"นาข้าว","__crop":"นาข้าว","__plant_type":"นาข้าว","confidence":"low","source":"NASA FIRMS VIIRS","source_file":"HOTSPOT Viirs 1 ม.ค - 31 พ.ค 66 (รวม).xlsx","filter_rule":"Province=กำแพงเพชร; LandType=พื้นที่เกษตร; PlantType in allowed list; hierarchy uses Province→Amphoe→Tambon→BaanN from source table","latitude":16.34,"longitude":99.64609,"month":4,"day":12,"responsibility_code":"5","landuse_code":"A101","utm_zone":"47","utm_e":"569009.317","utm_n":"1806654.347"},"geometry":{"type":"Point","coordinates":[99.64609,16.34]}},{"type":"Feature","properties":{"hs_id":"VI1202304130553urgruzyrbx","hsID":"VI1202304130553urgruzyrbx","acq_date":"2023-04-13","Date":"2023-04-13","acq_time":"1253","year_be":2566,"season_be":2566,"dataset_year_be":2566,"province":"กำแพงเพชร","Province":"กำแพงเพชร","__province":"กำแพงเพชร","district":"ขาณุวรลักษบุรี","Amphoe":"ขาณุวรลักษบุรี","__district":"ขาณุวรลักษบุรี","subdistrict":"แสนตอ","Tambon":"แสนตอ","__subdistrict":"แสนตอ","village":"บ้านสระตาพรม","BaanN":"บ้านสระตาพรม","__village":"บ้านสระตาพรม","land_type":"พื้นที่เกษตร","LandType":"พื้นที่เกษตร","plant_type":"นาข้าว","PlantType":"นาข้าว","crop_type":"นาข้าว","crop_type_raw":"นาข้าว","__crop":"นาข้าว","__plant_type":"นาข้าว","confidence":"nominal","source":"NASA FIRMS VIIRS","source_file":"HOTSPOT Viirs 1 ม.ค - 31 พ.ค 66 (รวม).xlsx","filter_rule":"Province=กำแพงเพชร; LandType=พื้นที่เกษตร; PlantType in allowed list; hierarchy uses Province→Amphoe→Tambon→BaanN from source table","latitude":16.03766,"longitude":99.8015,"month":4,"day":13,"responsibility_code":"5","landuse_code":"A101","utm_zone":"47","utm_e":"585740.049","utm_n":"1773266.809"},"geometry":{"type":"Point","coordinates":[99.8015,16.03766]}},{"type":"Feature","properties":{"hs_id":"VI1202304121843urgrvxcrcr","hsID":"VI1202304121843urgrvxcrcr","acq_date":"2023-04-13","Date":"2023-04-13","acq_time":"143","year_be":2566,"season_be":2566,"dataset_year_be":2566,"province":"กำแพงเพชร","Province":"กำแพงเพชร","__province":"กำแพงเพชร","district":"ขาณุวรลักษบุรี","Amphoe":"ขาณุวรลักษบุรี","__district":"ขาณุวรลักษบุรี","subdistrict":"ดอนแตง","Tambon":"ดอนแตง","__subdistrict":"ดอนแตง","village":"บ้านมาบกระทุ่ม","BaanN":"บ้านมาบกระทุ่ม","__village":"บ้านมาบกระทุ่ม","land_type":"พื้นที่เกษตร","LandType":"พื้นที่เกษตร","plant_type":"นาข้าว","PlantType":"นาข้าว","crop_type":"นาข้าว","crop_type_raw":"นาข้าว","__crop":"นาข้าว","__plant_type":"นาข้าว","confidence":"nominal","source":"NASA FIRMS VIIRS","source_file":"HOTSPOT Viirs 1 ม.ค - 31 พ.ค 66 (รวม).xlsx","filter_rule":"Province=กำแพงเพชร; LandType=พื้นที่เกษตร; PlantType in allowed list; hierarchy uses Province→Amphoe→Tambon→BaanN from source table","latitude":16.06379,"longitude":99.78646,"month":4,"day":13,"responsibility_code":"5","landuse_code":"A101","utm_zone":"47","utm_e":"584120.095","utm_n":"1776151.25"},"geometry":{"type":"Point","coordinates":[99.78646,16.06379]}},{"type":"Feature","properties":{"hs_id":"VI1202304130553urgxbxczuz","hsID":"VI1202304130553urgxbxczuz","acq_date":"2023-04-13","Date":"2023-04-13","acq_time":"1253","year_be":2566,"season_be":2566,"dataset_year_be":2566,"province":"กำแพงเพชร","Province":"กำแพงเพชร","__province":"กำแพงเพชร","district":"คลองขลุง","Amphoe":"คลองขลุง","__district":"คลองขลุง","subdistrict":"วังแขม","Tambon":"วังแขม","__subdistrict":"วังแขม","village":"บ้านบ่อทอง","BaanN":"บ้านบ่อทอง","__village":"บ้านบ่อทอง","land_type":"พื้นที่เกษตร","LandType":"พื้นที่เกษตร","plant_type":"นาข้าว","PlantType":"นาข้าว","crop_type":"นาข้าว","crop_type_raw":"นาข้าว","__crop":"นาข้าว","__plant_type":"นาข้าว","confidence":"nominal","source":"NASA FIRMS VIIRS","source_file":"HOTSPOT Viirs 1 ม.ค - 31 พ.ค 66 (รวม).xlsx","filter_rule":"Province=กำแพงเพชร; LandType=พื้นที่เกษตร; PlantType in allowed list; hierarchy uses Province→Amphoe→Tambon→BaanN from source table","latitude":16.19646,"longitude":99.84991,"month":4,"day":13,"responsibility_code":"5","landuse_code":"A101","utm_zone":"47","utm_e":"590846.654","utm_n":"1790854.838"},"geometry":{"type":"Point","coordinates":[99.84991,16.19646]}},{"type":"Feature","properties":{"hs_id":"VI1202304130553urgxbxgrzr","hsID":"VI1202304130553urgxbxgrzr","acq_date":"2023-04-13","Date":"2023-04-13","acq_time":"1253","year_be":2566,"season_be":2566,"dataset_year_be":2566,"province":"กำแพงเพชร","Province":"กำแพงเพชร","__province":"กำแพงเพชร","district":"คลองขลุง","Amphoe":"คลองขลุง","__district":"คลองขลุง","subdistrict":"วังแขม","Tambon":"วังแขม","__subdistrict":"วังแขม","village":"บ้านบ่อทอง","BaanN":"บ้านบ่อทอง","__village":"บ้านบ่อทอง","land_type":"พื้นที่เกษตร","LandType":"พื้นที่เกษตร","plant_type":"เกษตรอื่น ๆ","PlantType":"เกษตรอื่น ๆ","crop_type":"เกษตรอื่น ๆ","crop_type_raw":"เกษตรอื่น ๆ","__crop":"เกษตรอื่น ๆ","__plant_type":"เกษตรอื่น ๆ","confidence":"nominal","source":"NASA FIRMS VIIRS","source_file":"HOTSPOT Viirs 1 ม.ค - 31 พ.ค 66 (รวม).xlsx","filter_rule":"Province=กำแพงเพชร; LandType=พื้นที่เกษตร; PlantType in allowed list; hierarchy uses Province→Amphoe→Tambon→BaanN from source table","latitude":16.19863,"longitude":99.84909,"month":4,"day":13,"responsibility_code":"5","landuse_code":"A999","utm_zone":"47","utm_e":"590758.006","utm_n":"1791094.536"},"geometry":{"type":"Point","coordinates":[99.84909,16.19863]}},{"type":"Feature","properties":{"hs_id":"VI1202304140716urgruxyrzz","hsID":"VI1202304140716urgruxyrzz","acq_date":"2023-04-14","Date":"2023-04-14","acq_time":"1416","year_be":2566,"season_be":2566,"dataset_year_be":2566,"province":"กำแพงเพชร","Province":"กำแพงเพชร","__province":"กำแพงเพชร","district":"ขาณุวรลักษบุรี","Amphoe":"ขาณุวรลักษบุรี","__district":"ขาณุวรลักษบุรี","subdistrict":"วังชะพลู","Tambon":"วังชะพลู","__subdistrict":"วังชะพลู","village":"บ้านวังตาช่วย","BaanN":"บ้านวังตาช่วย","__village":"บ้านวังตาช่วย","land_type":"พื้นที่เกษตร","LandType":"พื้นที่เกษตร","plant_type":"เกษตรอื่น ๆ","PlantType":"เกษตรอื่น ๆ","crop_type":"เกษตรอื่น ๆ","crop_type_raw":"เกษตรอื่น ๆ","__crop":"เกษตรอื่น ๆ","__plant_type":"เกษตรอื่น ๆ","confidence":"high","source":"NASA FIRMS VIIRS","source_file":"HOTSPOT Viirs 1 ม.ค - 31 พ.ค 66 (รวม).xlsx","filter_rule":"Province=กำแพงเพชร; LandType=พื้นที่เกษตร; PlantType in allowed list; hierarchy uses Province→Amphoe→Tambon→BaanN from source table","latitude":16.02699,"longitude":99.66885,"month":4,"day":14,"responsibility_code":"5","landuse_code":"A999","utm_zone":"47","utm_e":"571553.085","utm_n":"1772036.174"},"geometry":{"type":"Point","coordinates":[99.66885,16.02699]}},{"type":"Feature","properties":{"hs_id":"VI1202304140716urgxgrczcx","hsID":"VI1202304140716urgxgrczcx","acq_date":"2023-04-14","Date":"2023-04-14","acq_time":"1416","year_be":2566,"season_be":2566,"dataset_year_be":2566,"province":"กำแพงเพชร","Province":"กำแพงเพชร","__province":"กำแพงเพชร","district":"เมืองกำแพงเพชร","Amphoe":"เมืองกำแพงเพชร","__district":"เมืองกำแพงเพชร","subdistrict":"ไตรตรึงษ์","Tambon":"ไตรตรึงษ์","__subdistrict":"ไตรตรึงษ์","village":"บ้านทุ่งเฉลียว","BaanN":"บ้านทุ่งเฉลียว","__village":"บ้านทุ่งเฉลียว","land_type":"พื้นที่เกษตร","LandType":"พื้นที่เกษตร","plant_type":"นาข้าว","PlantType":"นาข้าว","crop_type":"นาข้าว","crop_type_raw":"นาข้าว","__crop":"นาข้าว","__plant_type":"นาข้าว","confidence":"high","source":"NASA FIRMS VIIRS","source_file":"HOTSPOT Viirs 1 ม.ค - 31 พ.ค 66 (รวม).xlsx","filter_rule":"Province=กำแพงเพชร; LandType=พื้นที่เกษตร; PlantType in allowed list; hierarchy uses Province→Amphoe→Tambon→BaanN from source table","latitude":16.31717,"longitude":99.55453,"month":4,"day":14,"responsibility_code":"5","landuse_code":"A101","utm_zone":"47","utm_e":"559236.323","utm_n":"1804100.012"},"geometry":{"type":"Point","coordinates":[99.55453,16.31717]}},{"type":"Feature","properties":{"hs_id":"VI1202304131826urgxupcrzp","hsID":"VI1202304131826urgxupcrzp","acq_date":"2023-04-14","Date":"2023-04-14","acq_time":"126","year_be":2566,"season_be":2566,"dataset_year_be":2566,"province":"กำแพงเพชร","Province":"กำแพงเพชร","__province":"กำแพงเพชร","district":"เมืองกำแพงเพชร","Amphoe":"เมืองกำแพงเพชร","__district":"เมืองกำแพงเพชร","subdistrict":"ธำมรงค์","Tambon":"ธำมรงค์","__subdistrict":"ธำมรงค์","village":"บ้านคลองสีนวลเหนือ","BaanN":"บ้านคลองสีนวลเหนือ","__village":"บ้านคลองสีนวลเหนือ","land_type":"พื้นที่เกษตร","LandType":"พื้นที่เกษตร","plant_type":"อ้อย","PlantType":"อ้อย","crop_type":"อ้อย","crop_type_raw":"อ้อย","__crop":"อ้อย","__plant_type":"อ้อย","confidence":"nominal","source":"NASA FIRMS VIIRS","source_file":"HOTSPOT Viirs 1 ม.ค - 31 พ.ค 66 (รวม).xlsx","filter_rule":"Province=กำแพงเพชร; LandType=พื้นที่เกษตร; PlantType in allowed list; hierarchy uses Province→Amphoe→Tambon→BaanN from source table","latitude":16.34968,"longitude":99.60778,"month":4,"day":14,"responsibility_code":"5","landuse_code":"A203","utm_zone":"47","utm_e":"564914.069","utm_n":"1807712.582"},"geometry":{"type":"Point","coordinates":[99.60778,16.34968]}},{"type":"Feature","properties":{"hs_id":"VI1202304140716urgxvzvxfx","hsID":"VI1202304140716urgxvzvxfx","acq_date":"2023-04-14","Date":"2023-04-14","acq_time":"1416","year_be":2566,"season_be":2566,"dataset_year_be":2566,"province":"กำแพงเพชร","Province":"กำแพงเพชร","__province":"กำแพงเพชร","district":"เมืองกำแพงเพชร","Amphoe":"เมืองกำแพงเพชร","__district":"เมืองกำแพงเพชร","subdistrict":"เทพนคร","Tambon":"เทพนคร","__subdistrict":"เทพนคร","village":"บ้านบ่อตาโพธิ์","BaanN":"บ้านบ่อตาโพธิ์","__village":"บ้านบ่อตาโพธิ์","land_type":"พื้นที่เกษตร","LandType":"พื้นที่เกษตร","plant_type":"อ้อย","PlantType":"อ้อย","crop_type":"อ้อย","crop_type_raw":"อ้อย","__crop":"อ้อย","__plant_type":"อ้อย","confidence":"nominal","source":"NASA FIRMS VIIRS","source_file":"HOTSPOT Viirs 1 ม.ค - 31 พ.ค 66 (รวม).xlsx","filter_rule":"Province=กำแพงเพชร; LandType=พื้นที่เกษตร; PlantType in allowed list; hierarchy uses Province→Amphoe→Tambon→BaanN from source table","latitude":16.43223,"longitude":99.63761,"month":4,"day":14,"responsibility_code":"5","landuse_code":"A203","utm_zone":"47","utm_e":"568071.498","utm_n":"1816854.365"},"geometry":{"type":"Point","coordinates":[99.63761,16.43223]}},{"type":"Feature","properties":{"hs_id":"VI1202304140716urgxzxfrcr","hsID":"VI1202304140716urgxzxfrcr","acq_date":"2023-04-14","Date":"2023-04-14","acq_time":"1416","year_be":2566,"season_be":2566,"dataset_year_be":2566,"province":"กำแพงเพชร","Province":"กำแพงเพชร","__province":"กำแพงเพชร","district":"เมืองกำแพงเพชร","Amphoe":"เมืองกำแพงเพชร","__district":"เมืองกำแพงเพชร","subdistrict":"นิคมทุ่งโพธิ์ทะเล","Tambon":"นิคมทุ่งโพธิ์ทะเล","__subdistrict":"นิคมทุ่งโพธิ์ทะเล","village":"บ้านแปดอ้อม","BaanN":"บ้านแปดอ้อม","__village":"บ้านแปดอ้อม","land_type":"พื้นที่เกษตร","LandType":"พื้นที่เกษตร","plant_type":"นาข้าว","PlantType":"นาข้าว","crop_type":"นาข้าว","crop_type_raw":"นาข้าว","__crop":"นาข้าว","__plant_type":"นาข้าว","confidence":"nominal","source":"NASA FIRMS VIIRS","source_file":"HOTSPOT Viirs 1 ม.ค - 31 พ.ค 66 (รวม).xlsx","filter_rule":"Province=กำแพงเพชร; LandType=พื้นที่เกษตร; PlantType in allowed list; hierarchy uses Province→Amphoe→Tambon→BaanN from source table","latitude":16.50461,"longitude":99.72787,"month":4,"day":14,"responsibility_code":"5","landuse_code":"A101","utm_zone":"47","utm_e":"577679.265","utm_n":"1824894.021"},"geometry":{"type":"Point","coordinates":[99.72787,16.50461]}},{"type":"Feature","properties":{"hs_id":"VI1202304140716urgzgrfpfp","hsID":"VI1202304140716urgzgrfpfp","acq_date":"2023-04-14","Date":"2023-04-14","acq_time":"1416","year_be":2566,"season_be":2566,"dataset_year_be":2566,"province":"กำแพงเพชร","Province":"กำแพงเพชร","__province":"กำแพงเพชร","district":"พรานกระต่าย","Amphoe":"พรานกระต่าย","__district":"พรานกระต่าย","subdistrict":"คุยบ้านโอง","Tambon":"คุยบ้านโอง","__subdistrict":"คุยบ้านโอง","village":"บ้านคุยป้อม","BaanN":"บ้านคุยป้อม","__village":"บ้านคุยป้อม","land_type":"พื้นที่เกษตร","LandType":"พื้นที่เกษตร","plant_type":"นาข้าว","PlantType":"นาข้าว","crop_type":"นาข้าว","crop_type_raw":"นาข้าว","__crop":"นาข้าว","__plant_type":"นาข้าว","confidence":"low","source":"NASA FIRMS VIIRS","source_file":"HOTSPOT Viirs 1 ม.ค - 31 พ.ค 66 (รวม).xlsx","filter_rule":"Province=กำแพงเพชร; LandType=พื้นที่เกษตร; PlantType in allowed list; hierarchy uses Province→Amphoe→Tambon→BaanN from source table","latitude":16.6691,"longitude":99.66502,"month":4,"day":14,"responsibility_code":"5","landuse_code":"A101","utm_zone":"47","utm_e":"570911.266","utm_n":"1843067.865"},"geometry":{"type":"Point","coordinates":[99.66502,16.6691]}},{"type":"Feature","properties":{"hs_id":"VI1202304150657urgxzxyrbx","hsID":"VI1202304150657urgxzxyrbx","acq_date":"2023-04-15","Date":"2023-04-15","acq_time":"1357","year_be":2566,"season_be":2566,"dataset_year_be":2566,"province":"กำแพงเพชร","Province":"กำแพงเพชร","__province":"กำแพงเพชร","district":"เมืองกำแพงเพชร","Amphoe":"เมืองกำแพงเพชร","__district":"เมืองกำแพงเพชร","subdistrict":"ทรงธรรม","Tambon":"ทรงธรรม","__subdistrict":"ทรงธรรม","village":"บ้านสหกรณ์","BaanN":"บ้านสหกรณ์","__village":"บ้านสหกรณ์","land_type":"พื้นที่เกษตร","LandType":"พื้นที่เกษตร","plant_type":"นาข้าว","PlantType":"นาข้าว","crop_type":"นาข้าว","crop_type_raw":"นาข้าว","__crop":"นาข้าว","__plant_type":"นาข้าว","confidence":"low","source":"NASA FIRMS VIIRS","source_file":"HOTSPOT Viirs 1 ม.ค - 31 พ.ค 66 (รวม).xlsx","filter_rule":"Province=กำแพงเพชร; LandType=พื้นที่เกษตร; PlantType in allowed list; hierarchy uses Province→Amphoe→Tambon→BaanN from source table","latitude":16.51007,"longitude":99.463,"month":4,"day":15,"responsibility_code":"5","landuse_code":"A101","utm_zone":"47","utm_e":"549409.928","utm_n":"1825414.56"},"geometry":{"type":"Point","coordinates":[99.463,16.51007]}},{"type":"Feature","properties":{"hs_id":"VI1202304170620urgxcrcrgp","hsID":"VI1202304170620urgxcrcrgp","acq_date":"2023-04-17","Date":"2023-04-17","acq_time":"1320","year_be":2566,"season_be":2566,"dataset_year_be":2566,"province":"กำแพงเพชร","Province":"กำแพงเพชร","__province":"กำแพงเพชร","district":"คลองขลุง","Amphoe":"คลองขลุง","__district":"คลองขลุง","subdistrict":"วังไทร","Tambon":"วังไทร","__subdistrict":"วังไทร","village":"บ้านหนองแห้ว","BaanN":"บ้านหนองแห้ว","__village":"บ้านหนองแห้ว","land_type":"พื้นที่เกษตร","LandType":"พื้นที่เกษตร","plant_type":"นาข้าว","PlantType":"นาข้าว","crop_type":"นาข้าว","crop_type_raw":"นาข้าว","__crop":"นาข้าว","__plant_type":"นาข้าว","confidence":"low","source":"NASA FIRMS VIIRS","source_file":"HOTSPOT Viirs 1 ม.ค - 31 พ.ค 66 (รวม).xlsx","filter_rule":"Province=กำแพงเพชร; LandType=พื้นที่เกษตร; PlantType in allowed list; hierarchy uses Province→Amphoe→Tambon→BaanN from source table","latitude":16.22866,"longitude":99.65841,"month":4,"day":17,"responsibility_code":"5","landuse_code":"A101","utm_zone":"47","utm_e":"570364.963","utm_n":"1794341.733"},"geometry":{"type":"Point","coordinates":[99.65841,16.22866]}},{"type":"Feature","properties":{"hs_id":"VI1202304170620urgxcrfpcp","hsID":"VI1202304170620urgxcrfpcp","acq_date":"2023-04-17","Date":"2023-04-17","acq_time":"1320","year_be":2566,"season_be":2566,"dataset_year_be":2566,"province":"กำแพงเพชร","Province":"กำแพงเพชร","__province":"กำแพงเพชร","district":"คลองขลุง","Amphoe":"คลองขลุง","__district":"คลองขลุง","subdistrict":"วังไทร","Tambon":"วังไทร","__subdistrict":"วังไทร","village":"บ้านหนองแห้ว","BaanN":"บ้านหนองแห้ว","__village":"บ้านหนองแห้ว","land_type":"พื้นที่เกษตร","LandType":"พื้นที่เกษตร","plant_type":"นาข้าว","PlantType":"นาข้าว","crop_type":"นาข้าว","crop_type_raw":"นาข้าว","__crop":"นาข้าว","__plant_type":"นาข้าว","confidence":"low","source":"NASA FIRMS VIIRS","source_file":"HOTSPOT Viirs 1 ม.ค - 31 พ.ค 66 (รวม).xlsx","filter_rule":"Province=กำแพงเพชร; LandType=พื้นที่เกษตร; PlantType in allowed list; hierarchy uses Province→Amphoe→Tambon→BaanN from source table","latitude":16.2296,"longitude":99.66365,"month":4,"day":17,"responsibility_code":"5","landuse_code":"A101","utm_zone":"47","utm_e":"570924.652","utm_n":"1794447.525"},"geometry":{"type":"Point","coordinates":[99.66365,16.2296]}},{"type":"Feature","properties":{"hs_id":"VI1202304170620urgxgrfzzr","hsID":"VI1202304170620urgxgrfzzr","acq_date":"2023-04-17","Date":"2023-04-17","acq_time":"1320","year_be":2566,"season_be":2566,"dataset_year_be":2566,"province":"กำแพงเพชร","Province":"กำแพงเพชร","__province":"กำแพงเพชร","district":"เมืองกำแพงเพชร","Amphoe":"เมืองกำแพงเพชร","__district":"เมืองกำแพงเพชร","subdistrict":"ธำมรงค์","Tambon":"ธำมรงค์","__subdistrict":"ธำมรงค์","village":"บ้านสระแก้ว","BaanN":"บ้านสระแก้ว","__village":"บ้านสระแก้ว","land_type":"พื้นที่เกษตร","LandType":"พื้นที่เกษตร","plant_type":"นาข้าว","PlantType":"นาข้าว","crop_type":"นาข้าว","crop_type_raw":"นาข้าว","__crop":"นาข้าว","__plant_type":"นาข้าว","confidence":"nominal","source":"NASA FIRMS VIIRS","source_file":"HOTSPOT Viirs 1 ม.ค - 31 พ.ค 66 (รวม).xlsx","filter_rule":"Province=กำแพงเพชร; LandType=พื้นที่เกษตร; PlantType in allowed list; hierarchy uses Province→Amphoe→Tambon→BaanN from source table","latitude":16.31879,"longitude":99.64438,"month":4,"day":17,"responsibility_code":"5","landuse_code":"A101","utm_zone":"47","utm_e":"568834.084","utm_n":"1804307.438"},"geometry":{"type":"Point","coordinates":[99.64438,16.31879]}},{"type":"Feature","properties":{"hs_id":"VI1202304170620urgxgrgrvr","hsID":"VI1202304170620urgxgrgrvr","acq_date":"2023-04-17","Date":"2023-04-17","acq_time":"1320","year_be":2566,"season_be":2566,"dataset_year_be":2566,"province":"กำแพงเพชร","Province":"กำแพงเพชร","__province":"กำแพงเพชร","district":"เมืองกำแพงเพชร","Amphoe":"เมืองกำแพงเพชร","__district":"เมืองกำแพงเพชร","subdistrict":"ธำมรงค์","Tambon":"ธำมรงค์","__subdistrict":"ธำมรงค์","village":"บ้านสระแก้ว","BaanN":"บ้านสระแก้ว","__village":"บ้านสระแก้ว","land_type":"พื้นที่เกษตร","LandType":"พื้นที่เกษตร","plant_type":"อ้อย","PlantType":"อ้อย","crop_type":"อ้อย","crop_type_raw":"อ้อย","__crop":"อ้อย","__plant_type":"อ้อย","confidence":"nominal","source":"NASA FIRMS VIIRS","source_file":"HOTSPOT Viirs 1 ม.ค - 31 พ.ค 66 (รวม).xlsx","filter_rule":"Province=กำแพงเพชร; LandType=พื้นที่เกษตร; PlantType in allowed list; hierarchy uses Province→Amphoe→Tambon→BaanN from source table","latitude":16.31939,"longitude":99.64138,"month":4,"day":17,"responsibility_code":"5","landuse_code":"A203","utm_zone":"47","utm_e":"568513.397","utm_n":"1804372.801"},"geometry":{"type":"Point","coordinates":[99.64138,16.31939]}},{"type":"Feature","properties":{"hs_id":"VI1202304170620urgxgrvzgp","hsID":"VI1202304170620urgxgrvzgp","acq_date":"2023-04-17","Date":"2023-04-17","acq_time":"1320","year_be":2566,"season_be":2566,"dataset_year_be":2566,"province":"กำแพงเพชร","Province":"กำแพงเพชร","__province":"กำแพงเพชร","district":"เมืองกำแพงเพชร","Amphoe":"เมืองกำแพงเพชร","__district":"เมืองกำแพงเพชร","subdistrict":"ธำมรงค์","Tambon":"ธำมรงค์","__subdistrict":"ธำมรงค์","village":"บ้านสระแก้ว","BaanN":"บ้านสระแก้ว","__village":"บ้านสระแก้ว","land_type":"พื้นที่เกษตร","LandType":"พื้นที่เกษตร","plant_type":"อ้อย","PlantType":"อ้อย","crop_type":"อ้อย","crop_type_raw":"อ้อย","__crop":"อ้อย","__plant_type":"อ้อย","confidence":"low","source":"NASA FIRMS VIIRS","source_file":"HOTSPOT Viirs 1 ม.ค - 31 พ.ค 66 (รวม).xlsx","filter_rule":"Province=กำแพงเพชร; LandType=พื้นที่เกษตร; PlantType in allowed list; hierarchy uses Province→Amphoe→Tambon→BaanN from source table","latitude":16.32273,"longitude":99.64365,"month":4,"day":17,"responsibility_code":"5","landuse_code":"A203","utm_zone":"47","utm_e":"568754.725","utm_n":"1804743.049"},"geometry":{"type":"Point","coordinates":[99.64365,16.32273]}},{"type":"Feature","properties":{"hs_id":"VI1202304170620urgxvpfpur","hsID":"VI1202304170620urgxvpfpur","acq_date":"2023-04-17","Date":"2023-04-17","acq_time":"1320","year_be":2566,"season_be":2566,"dataset_year_be":2566,"province":"กำแพงเพชร","Province":"กำแพงเพชร","__province":"กำแพงเพชร","district":"เมืองกำแพงเพชร","Amphoe":"เมืองกำแพงเพชร","__district":"เมืองกำแพงเพชร","subdistrict":"เทพนคร","Tambon":"เทพนคร","__subdistrict":"เทพนคร","village":"บ้านเทพนคร","BaanN":"บ้านเทพนคร","__village":"บ้านเทพนคร","land_type":"พื้นที่เกษตร","LandType":"พื้นที่เกษตร","plant_type":"นาข้าว","PlantType":"นาข้าว","crop_type":"นาข้าว","crop_type_raw":"นาข้าว","__crop":"นาข้าว","__plant_type":"นาข้าว","confidence":"nominal","source":"NASA FIRMS VIIRS","source_file":"HOTSPOT Viirs 1 ม.ค - 31 พ.ค 66 (รวม).xlsx","filter_rule":"Province=กำแพงเพชร; LandType=พื้นที่เกษตร; PlantType in allowed list; hierarchy uses Province→Amphoe→Tambon→BaanN from source table","latitude":16.39454,"longitude":99.56488,"month":4,"day":17,"responsibility_code":"5","landuse_code":"A101","utm_zone":"47","utm_e":"560318.204","utm_n":"1812661.923"},"geometry":{"type":"Point","coordinates":[99.56488,16.39454]}},{"type":"Feature","properties":{"hs_id":"VI1202304170620urgxvpgrgx","hsID":"VI1202304170620urgxvpgrgx","acq_date":"2023-04-17","Date":"2023-04-17","acq_time":"1320","year_be":2566,"season_be":2566,"dataset_year_be":2566,"province":"กำแพงเพชร","Province":"กำแพงเพชร","__province":"กำแพงเพชร","district":"เมืองกำแพงเพชร","Amphoe":"เมืองกำแพงเพชร","__district":"เมืองกำแพงเพชร","subdistrict":"เทพนคร","Tambon":"เทพนคร","__subdistrict":"เทพนคร","village":"บ้านเทพนคร","BaanN":"บ้านเทพนคร","__village":"บ้านเทพนคร","land_type":"พื้นที่เกษตร","LandType":"พื้นที่เกษตร","plant_type":"นาข้าว","PlantType":"นาข้าว","crop_type":"นาข้าว","crop_type_raw":"นาข้าว","__crop":"นาข้าว","__plant_type":"นาข้าว","confidence":"nominal","source":"NASA FIRMS VIIRS","source_file":"HOTSPOT Viirs 1 ม.ค - 31 พ.ค 66 (รวม).xlsx","filter_rule":"Province=กำแพงเพชร; LandType=พื้นที่เกษตร; PlantType in allowed list; hierarchy uses Province→Amphoe→Tambon→BaanN from source table","latitude":16.39622,"longitude":99.56284,"month":4,"day":17,"responsibility_code":"5","landuse_code":"A101","utm_zone":"47","utm_e":"560099.85","utm_n":"1812847.165"},"geometry":{"type":"Point","coordinates":[99.56284,16.39622]}},{"type":"Feature","properties":{"hs_id":"VI1202304170620urgxvpvpbx","hsID":"VI1202304170620urgxvpvpbx","acq_date":"2023-04-17","Date":"2023-04-17","acq_time":"1320","year_be":2566,"season_be":2566,"dataset_year_be":2566,"province":"กำแพงเพชร","Province":"กำแพงเพชร","__province":"กำแพงเพชร","district":"เมืองกำแพงเพชร","Amphoe":"เมืองกำแพงเพชร","__district":"เมืองกำแพงเพชร","subdistrict":"เทพนคร","Tambon":"เทพนคร","__subdistrict":"เทพนคร","village":"บ้านเทพนคร","BaanN":"บ้านเทพนคร","__village":"บ้านเทพนคร","land_type":"พื้นที่เกษตร","LandType":"พื้นที่เกษตร","plant_type":"นาข้าว","PlantType":"นาข้าว","crop_type":"นาข้าว","crop_type_raw":"นาข้าว","__crop":"นาข้าว","__plant_type":"นาข้าว","confidence":"low","source":"NASA FIRMS VIIRS","source_file":"HOTSPOT Viirs 1 ม.ค - 31 พ.ค 66 (รวม).xlsx","filter_rule":"Province=กำแพงเพชร; LandType=พื้นที่เกษตร; PlantType in allowed list; hierarchy uses Province→Amphoe→Tambon→BaanN from source table","latitude":16.3985,"longitude":99.56414,"month":4,"day":17,"responsibility_code":"5","landuse_code":"A101","utm_zone":"47","utm_e":"560237.966","utm_n":"1813099.771"},"geometry":{"type":"Point","coordinates":[99.56414,16.3985]}},{"type":"Feature","properties":{"hs_id":"VI1202304170620urgxypfzbp","hsID":"VI1202304170620urgxypfzbp","acq_date":"2023-04-17","Date":"2023-04-17","acq_time":"1320","year_be":2566,"season_be":2566,"dataset_year_be":2566,"province":"กำแพงเพชร","Province":"กำแพงเพชร","__province":"กำแพงเพชร","district":"เมืองกำแพงเพชร","Amphoe":"เมืองกำแพงเพชร","__district":"เมืองกำแพงเพชร","subdistrict":"เทพนคร","Tambon":"เทพนคร","__subdistrict":"เทพนคร","village":"","BaanN":"","__village":"","land_type":"พื้นที่เกษตร","LandType":"พื้นที่เกษตร","plant_type":"นาข้าว","PlantType":"นาข้าว","crop_type":"นาข้าว","crop_type_raw":"นาข้าว","__crop":"นาข้าว","__plant_type":"นาข้าว","confidence":"low","source":"NASA FIRMS VIIRS","source_file":"HOTSPOT Viirs 1 ม.ค - 31 พ.ค 66 (รวม).xlsx","filter_rule":"Province=กำแพงเพชร; LandType=พื้นที่เกษตร; PlantType in allowed list; hierarchy uses Province→Amphoe→Tambon→BaanN from source table","latitude":16.43933,"longitude":99.5983,"month":4,"day":17,"responsibility_code":"5","landuse_code":"A101","utm_zone":"47","utm_e":"563872.293","utm_n":"1817626.991"},"geometry":{"type":"Point","coordinates":[99.5983,16.43933]}},{"type":"Feature","properties":{"hs_id":"VI1202304170620urgxyrvxfr","hsID":"VI1202304170620urgxyrvxfr","acq_date":"2023-04-17","Date":"2023-04-17","acq_time":"1320","year_be":2566,"season_be":2566,"dataset_year_be":2566,"province":"กำแพงเพชร","Province":"กำแพงเพชร","__province":"กำแพงเพชร","district":"เมืองกำแพงเพชร","Amphoe":"เมืองกำแพงเพชร","__district":"เมืองกำแพงเพชร","subdistrict":"นิคมทุ่งโพธิ์ทะเล","Tambon":"นิคมทุ่งโพธิ์ทะเล","__subdistrict":"นิคมทุ่งโพธิ์ทะเล","village":"บ้านการะบูน","BaanN":"บ้านการะบูน","__village":"บ้านการะบูน","land_type":"พื้นที่เกษตร","LandType":"พื้นที่เกษตร","plant_type":"นาข้าว","PlantType":"นาข้าว","crop_type":"นาข้าว","crop_type_raw":"นาข้าว","__crop":"นาข้าว","__plant_type":"นาข้าว","confidence":"nominal","source":"NASA FIRMS VIIRS","source_file":"HOTSPOT Viirs 1 ม.ค - 31 พ.ค 66 (รวม).xlsx","filter_rule":"Province=กำแพงเพชร; LandType=พื้นที่เกษตร; PlantType in allowed list; hierarchy uses Province→Amphoe→Tambon→BaanN from source table","latitude":16.45419,"longitude":99.68187,"month":4,"day":17,"responsibility_code":"5","landuse_code":"A101","utm_zone":"47","utm_e":"572788.712","utm_n":"1819299.097"},"geometry":{"type":"Point","coordinates":[99.68187,16.45419]}},{"type":"Feature","properties":{"hs_id":"VI1202304170620urgzfxvrfz","hsID":"VI1202304170620urgzfxvrfz","acq_date":"2023-04-17","Date":"2023-04-17","acq_time":"1320","year_be":2566,"season_be":2566,"dataset_year_be":2566,"province":"กำแพงเพชร","Province":"กำแพงเพชร","__province":"กำแพงเพชร","district":"พรานกระต่าย","Amphoe":"พรานกระต่าย","__district":"พรานกระต่าย","subdistrict":"คุยบ้านโอง","Tambon":"คุยบ้านโอง","__subdistrict":"คุยบ้านโอง","village":"บ้านคุยแขวน","BaanN":"บ้านคุยแขวน","__village":"บ้านคุยแขวน","land_type":"พื้นที่เกษตร","LandType":"พื้นที่เกษตร","plant_type":"นาข้าว","PlantType":"นาข้าว","crop_type":"นาข้าว","crop_type_raw":"นาข้าว","__crop":"นาข้าว","__plant_type":"นาข้าว","confidence":"nominal","source":"NASA FIRMS VIIRS","source_file":"HOTSPOT Viirs 1 ม.ค - 31 พ.ค 66 (รวม).xlsx","filter_rule":"Province=กำแพงเพชร; LandType=พื้นที่เกษตร; PlantType in allowed list; hierarchy uses Province→Amphoe→Tambon→BaanN from source table","latitude":16.64063,"longitude":99.66824,"month":4,"day":17,"responsibility_code":"5","landuse_code":"A101","utm_zone":"47","utm_e":"571265.157","utm_n":"1839919.443"},"geometry":{"type":"Point","coordinates":[99.66824,16.64063]}},{"type":"Feature","properties":{"hs_id":"VI1202304170620urgzfxyrgp","hsID":"VI1202304170620urgzfxyrgp","acq_date":"2023-04-17","Date":"2023-04-17","acq_time":"1320","year_be":2566,"season_be":2566,"dataset_year_be":2566,"province":"กำแพงเพชร","Province":"กำแพงเพชร","__province":"กำแพงเพชร","district":"พรานกระต่าย","Amphoe":"พรานกระต่าย","__district":"พรานกระต่าย","subdistrict":"คุยบ้านโอง","Tambon":"คุยบ้านโอง","__subdistrict":"คุยบ้านโอง","village":"บ้านคุยแขวน","BaanN":"บ้านคุยแขวน","__village":"บ้านคุยแขวน","land_type":"พื้นที่เกษตร","LandType":"พื้นที่เกษตร","plant_type":"นาข้าว","PlantType":"นาข้าว","crop_type":"นาข้าว","crop_type_raw":"นาข้าว","__crop":"นาข้าว","__plant_type":"นาข้าว","confidence":"nominal","source":"NASA FIRMS VIIRS","source_file":"HOTSPOT Viirs 1 ม.ค - 31 พ.ค 66 (รวม).xlsx","filter_rule":"Province=กำแพงเพชร; LandType=พื้นที่เกษตร; PlantType in allowed list; hierarchy uses Province→Amphoe→Tambon→BaanN from source table","latitude":16.64202,"longitude":99.67076,"month":4,"day":17,"responsibility_code":"5","landuse_code":"A101","utm_zone":"47","utm_e":"571533.4","utm_n":"1840074.114"},"geometry":{"type":"Point","coordinates":[99.67076,16.64202]}},{"type":"Feature","properties":{"hs_id":"VI1202304170620urgzvpvzur","hsID":"VI1202304170620urgzvpvzur","acq_date":"2023-04-17","Date":"2023-04-17","acq_time":"1320","year_be":2566,"season_be":2566,"dataset_year_be":2566,"province":"กำแพงเพชร","Province":"กำแพงเพชร","__province":"กำแพงเพชร","district":"พรานกระต่าย","Amphoe":"พรานกระต่าย","__district":"พรานกระต่าย","subdistrict":"ท่าไม้","Tambon":"ท่าไม้","__subdistrict":"ท่าไม้","village":"บ้านขุนแผนพัฒนา","BaanN":"บ้านขุนแผนพัฒนา","__village":"บ้านขุนแผนพัฒนา","land_type":"พื้นที่เกษตร","LandType":"พื้นที่เกษตร","plant_type":"นาข้าว","PlantType":"นาข้าว","crop_type":"นาข้าว","crop_type_raw":"นาข้าว","__crop":"นาข้าว","__plant_type":"นาข้าว","confidence":"nominal","source":"NASA FIRMS VIIRS","source_file":"HOTSPOT Viirs 1 ม.ค - 31 พ.ค 66 (รวม).xlsx","filter_rule":"Province=กำแพงเพชร; LandType=พื้นที่เกษตร; PlantType in allowed list; hierarchy uses Province→Amphoe→Tambon→BaanN from source table","latitude":16.75125,"longitude":99.45002,"month":4,"day":17,"responsibility_code":"5","landuse_code":"A101","utm_zone":"47","utm_e":"547964.741","utm_n":"1852091.695"},"geometry":{"type":"Point","coordinates":[99.45002,16.75125]}},{"type":"Feature","properties":{"hs_id":"VI1202304170620urgzvpyxfx","hsID":"VI1202304170620urgzvpyxfx","acq_date":"2023-04-17","Date":"2023-04-17","acq_time":"1320","year_be":2566,"season_be":2566,"dataset_year_be":2566,"province":"กำแพงเพชร","Province":"กำแพงเพชร","__province":"กำแพงเพชร","district":"พรานกระต่าย","Amphoe":"พรานกระต่าย","__district":"พรานกระต่าย","subdistrict":"ท่าไม้","Tambon":"ท่าไม้","__subdistrict":"ท่าไม้","village":"บ้านขุนแผนพัฒนา","BaanN":"บ้านขุนแผนพัฒนา","__village":"บ้านขุนแผนพัฒนา","land_type":"พื้นที่เกษตร","LandType":"พื้นที่เกษตร","plant_type":"เกษตรอื่น ๆ","PlantType":"เกษตรอื่น ๆ","crop_type":"เกษตรอื่น ๆ","crop_type_raw":"เกษตรอื่น ๆ","__crop":"เกษตรอื่น ๆ","__plant_type":"เกษตรอื่น ๆ","confidence":"low","source":"NASA FIRMS VIIRS","source_file":"HOTSPOT Viirs 1 ม.ค - 31 พ.ค 66 (รวม).xlsx","filter_rule":"Province=กำแพงเพชร; LandType=พื้นที่เกษตร; PlantType in allowed list; hierarchy uses Province→Amphoe→Tambon→BaanN from source table","latitude":16.7522,"longitude":99.45534,"month":4,"day":17,"responsibility_code":"5","landuse_code":"A999","utm_zone":"47","utm_e":"548531.535","utm_n":"1852198.08"},"geometry":{"type":"Point","coordinates":[99.45534,16.7522]}},{"type":"Feature","properties":{"hs_id":"VI1202304180559urgrvpfrup","hsID":"VI1202304180559urgrvpfrup","acq_date":"2023-04-18","Date":"2023-04-18","acq_time":"1259","year_be":2566,"season_be":2566,"dataset_year_be":2566,"province":"กำแพงเพชร","Province":"กำแพงเพชร","__province":"กำแพงเพชร","district":"ขาณุวรลักษบุรี","Amphoe":"ขาณุวรลักษบุรี","__district":"ขาณุวรลักษบุรี","subdistrict":"แสนตอ","Tambon":"แสนตอ","__subdistrict":"แสนตอ","village":"บ้านหนองเหมือดเหนือ","BaanN":"บ้านหนองเหมือดเหนือ","__village":"บ้านหนองเหมือดเหนือ","land_type":"พื้นที่เกษตร","LandType":"พื้นที่เกษตร","plant_type":"นาข้าว","PlantType":"นาข้าว","crop_type":"นาข้าว","crop_type_raw":"นาข้าว","__crop":"นาข้าว","__plant_type":"นาข้าว","confidence":"nominal","source":"NASA FIRMS VIIRS","source_file":"HOTSPOT Viirs 1 ม.ค - 31 พ.ค 66 (รวม).xlsx","filter_rule":"Province=กำแพงเพชร; LandType=พื้นที่เกษตร; PlantType in allowed list; hierarchy uses Province→Amphoe→Tambon→BaanN from source table","latitude":16.04331,"longitude":99.8298,"month":4,"day":18,"responsibility_code":"5","landuse_code":"A101","utm_zone":"47","utm_e":"588765.103","utm_n":"1773903.747"},"geometry":{"type":"Point","coordinates":[99.8298,16.04331]}},{"type":"Feature","properties":{"hs_id":"VI1202304180559urgryzcrgp","hsID":"VI1202304180559urgryzcrgp","acq_date":"2023-04-18","Date":"2023-04-18","acq_time":"1259","year_be":2566,"season_be":2566,"dataset_year_be":2566,"province":"กำแพงเพชร","Province":"กำแพงเพชร","__province":"กำแพงเพชร","district":"ขาณุวรลักษบุรี","Amphoe":"ขาณุวรลักษบุรี","__district":"ขาณุวรลักษบุรี","subdistrict":"โค้งไผ่","Tambon":"โค้งไผ่","__subdistrict":"โค้งไผ่","village":"บ้านหนองงูเห่า","BaanN":"บ้านหนองงูเห่า","__village":"บ้านหนองงูเห่า","land_type":"พื้นที่เกษตร","LandType":"พื้นที่เกษตร","plant_type":"อ้อย","PlantType":"อ้อย","crop_type":"อ้อย","crop_type_raw":"อ้อย","__crop":"อ้อย","__plant_type":"อ้อย","confidence":"nominal","source":"NASA FIRMS VIIRS","source_file":"HOTSPOT Viirs 1 ม.ค - 31 พ.ค 66 (รวม).xlsx","filter_rule":"Province=กำแพงเพชร; LandType=พื้นที่เกษตร; PlantType in allowed list; hierarchy uses Province→Amphoe→Tambon→BaanN from source table","latitude":16.11879,"longitude":99.69662,"month":4,"day":18,"responsibility_code":"5","landuse_code":"A203","utm_zone":"47","utm_e":"574489.837","utm_n":"1782201.061"},"geometry":{"type":"Point","coordinates":[99.69662,16.11879]}},{"type":"Feature","properties":{"hs_id":"VI1202304180559urgxgrvzgz","hsID":"VI1202304180559urgxgrvzgz","acq_date":"2023-04-18","Date":"2023-04-18","acq_time":"1259","year_be":2566,"season_be":2566,"dataset_year_be":2566,"province":"กำแพงเพชร","Province":"กำแพงเพชร","__province":"กำแพงเพชร","district":"เมืองกำแพงเพชร","Amphoe":"เมืองกำแพงเพชร","__district":"เมืองกำแพงเพชร","subdistrict":"ไตรตรึงษ์","Tambon":"ไตรตรึงษ์","__subdistrict":"ไตรตรึงษ์","village":"บ้านตาเปีย","BaanN":"บ้านตาเปีย","__village":"บ้านตาเปีย","land_type":"พื้นที่เกษตร","LandType":"พื้นที่เกษตร","plant_type":"นาข้าว","PlantType":"นาข้าว","crop_type":"นาข้าว","crop_type_raw":"นาข้าว","__crop":"นาข้าว","__plant_type":"นาข้าว","confidence":"low","source":"NASA FIRMS VIIRS","source_file":"HOTSPOT Viirs 1 ม.ค - 31 พ.ค 66 (รวม).xlsx","filter_rule":"Province=กำแพงเพชร; LandType=พื้นที่เกษตร; PlantType in allowed list; hierarchy uses Province→Amphoe→Tambon→BaanN from source table","latitude":16.32276,"longitude":99.57944,"month":4,"day":18,"responsibility_code":"5","landuse_code":"A101","utm_zone":"47","utm_e":"561895.591","utm_n":"1804725.791"},"geometry":{"type":"Point","coordinates":[99.57944,16.32276]}},{"type":"Feature","properties":{"hs_id":"VI1202304180559urgxvrfzgr","hsID":"VI1202304180559urgxvrfzgr","acq_date":"2023-04-18","Date":"2023-04-18","acq_time":"1259","year_be":2566,"season_be":2566,"dataset_year_be":2566,"province":"กำแพงเพชร","Province":"กำแพงเพชร","__province":"กำแพงเพชร","district":"เมืองกำแพงเพชร","Amphoe":"เมืองกำแพงเพชร","__district":"เมืองกำแพงเพชร","subdistrict":"เทพนคร","Tambon":"เทพนคร","__subdistrict":"เทพนคร","village":"บ้านหนองสามมุก","BaanN":"บ้านหนองสามมุก","__village":"บ้านหนองสามมุก","land_type":"พื้นที่เกษตร","LandType":"พื้นที่เกษตร","plant_type":"นาข้าว","PlantType":"นาข้าว","crop_type":"นาข้าว","crop_type_raw":"นาข้าว","__crop":"นาข้าว","__plant_type":"นาข้าว","confidence":"low","source":"NASA FIRMS VIIRS","source_file":"HOTSPOT Viirs 1 ม.ค - 31 พ.ค 66 (รวม).xlsx","filter_rule":"Province=กำแพงเพชร; LandType=พื้นที่เกษตร; PlantType in allowed list; hierarchy uses Province→Amphoe→Tambon→BaanN from source table","latitude":16.40651,"longitude":99.62329,"month":4,"day":18,"responsibility_code":"5","landuse_code":"A101","utm_zone":"47","utm_e":"566551.387","utm_n":"1814004.348"},"geometry":{"type":"Point","coordinates":[99.62329,16.40651]}},{"type":"Feature","properties":{"hs_id":"VI1202304180559urgxypgzcp","hsID":"VI1202304180559urgxypgzcp","acq_date":"2023-04-18","Date":"2023-04-18","acq_time":"1259","year_be":2566,"season_be":2566,"dataset_year_be":2566,"province":"กำแพงเพชร","Province":"กำแพงเพชร","__province":"กำแพงเพชร","district":"เมืองกำแพงเพชร","Amphoe":"เมืองกำแพงเพชร","__district":"เมืองกำแพงเพชร","subdistrict":"เทพนคร","Tambon":"เทพนคร","__subdistrict":"เทพนคร","village":"บ้านทุ่งทอง","BaanN":"บ้านทุ่งทอง","__village":"บ้านทุ่งทอง","land_type":"พื้นที่เกษตร","LandType":"พื้นที่เกษตร","plant_type":"อ้อย","PlantType":"อ้อย","crop_type":"อ้อย","crop_type_raw":"อ้อย","__crop":"อ้อย","__plant_type":"อ้อย","confidence":"nominal","source":"NASA FIRMS VIIRS","source_file":"HOTSPOT Viirs 1 ม.ค - 31 พ.ค 66 (รวม).xlsx","filter_rule":"Province=กำแพงเพชร; LandType=พื้นที่เกษตร; PlantType in allowed list; hierarchy uses Province→Amphoe→Tambon→BaanN from source table","latitude":16.44074,"longitude":99.57192,"month":4,"day":18,"responsibility_code":"5","landuse_code":"A203","utm_zone":"47","utm_e":"561055.54","utm_n":"1817774.831"},"geometry":{"type":"Point","coordinates":[99.57192,16.44074]}},{"type":"Feature","properties":{"hs_id":"VI1202304180559urgxypzpvr","hsID":"VI1202304180559urgxypzpvr","acq_date":"2023-04-18","Date":"2023-04-18","acq_time":"1259","year_be":2566,"season_be":2566,"dataset_year_be":2566,"province":"กำแพงเพชร","Province":"กำแพงเพชร","__province":"กำแพงเพชร","district":"เมืองกำแพงเพชร","Amphoe":"เมืองกำแพงเพชร","__district":"เมืองกำแพงเพชร","subdistrict":"เทพนคร","Tambon":"เทพนคร","__subdistrict":"เทพนคร","village":"บ้านทุ่งทอง","BaanN":"บ้านทุ่งทอง","__village":"บ้านทุ่งทอง","land_type":"พื้นที่เกษตร","LandType":"พื้นที่เกษตร","plant_type":"อ้อย","PlantType":"อ้อย","crop_type":"อ้อย","crop_type_raw":"อ้อย","__crop":"อ้อย","__plant_type":"อ้อย","confidence":"high","source":"NASA FIRMS VIIRS","source_file":"HOTSPOT Viirs 1 ม.ค - 31 พ.ค 66 (รวม).xlsx","filter_rule":"Province=กำแพงเพชร; LandType=พื้นที่เกษตร; PlantType in allowed list; hierarchy uses Province→Amphoe→Tambon→BaanN from source table","latitude":16.44539,"longitude":99.56727,"month":4,"day":18,"responsibility_code":"5","landuse_code":"A203","utm_zone":"47","utm_e":"560557.672","utm_n":"1818287.834"},"geometry":{"type":"Point","coordinates":[99.56727,16.44539]}},{"type":"Feature","properties":{"hs_id":"VI1202304180559urgzcpfpbp","hsID":"VI1202304180559urgzcpfpbp","acq_date":"2023-04-18","Date":"2023-04-18","acq_time":"1259","year_be":2566,"season_be":2566,"dataset_year_be":2566,"province":"กำแพงเพชร","Province":"กำแพงเพชร","__province":"กำแพงเพชร","district":"โกสัมพีนคร","Amphoe":"โกสัมพีนคร","__district":"โกสัมพีนคร","subdistrict":"ลานดอกไม้ตก","Tambon":"ลานดอกไม้ตก","__subdistrict":"ลานดอกไม้ตก","village":"บ้านไร่เหนือ","BaanN":"บ้านไร่เหนือ","__village":"บ้านไร่เหนือ","land_type":"พื้นที่เกษตร","LandType":"พื้นที่เกษตร","plant_type":"นาข้าว","PlantType":"นาข้าว","crop_type":"นาข้าว","crop_type_raw":"นาข้าว","__crop":"นาข้าว","__plant_type":"นาข้าว","confidence":"high","source":"NASA FIRMS VIIRS","source_file":"HOTSPOT Viirs 1 ม.ค - 31 พ.ค 66 (รวม).xlsx","filter_rule":"Province=กำแพงเพชร; LandType=พื้นที่เกษตร; PlantType in allowed list; hierarchy uses Province→Amphoe→Tambon→BaanN from source table","latitude":16.57013,"longitude":99.45792,"month":4,"day":18,"responsibility_code":"5","landuse_code":"A101","utm_zone":"47","utm_e":"548852.679","utm_n":"1832057.342"},"geometry":{"type":"Point","coordinates":[99.45792,16.57013]}},{"type":"Feature","properties":{"hs_id":"VI1202304180559urgzcpfzzr","hsID":"VI1202304180559urgzcpfzzr","acq_date":"2023-04-18","Date":"2023-04-18","acq_time":"1259","year_be":2566,"season_be":2566,"dataset_year_be":2566,"province":"กำแพงเพชร","Province":"กำแพงเพชร","__province":"กำแพงเพชร","district":"โกสัมพีนคร","Amphoe":"โกสัมพีนคร","__district":"โกสัมพีนคร","subdistrict":"ลานดอกไม้ตก","Tambon":"ลานดอกไม้ตก","__subdistrict":"ลานดอกไม้ตก","village":"บ้านไร่เหนือ","BaanN":"บ้านไร่เหนือ","__village":"บ้านไร่เหนือ","land_type":"พื้นที่เกษตร","LandType":"พื้นที่เกษตร","plant_type":"อ้อย","PlantType":"อ้อย","crop_type":"อ้อย","crop_type_raw":"อ้อย","__crop":"อ้อย","__plant_type":"อ้อย","confidence":"high","source":"NASA FIRMS VIIRS","source_file":"HOTSPOT Viirs 1 ม.ค - 31 พ.ค 66 (รวม).xlsx","filter_rule":"Province=กำแพงเพชร; LandType=พื้นที่เกษตร; PlantType in allowed list; hierarchy uses Province→Amphoe→Tambon→BaanN from source table","latitude":16.57148,"longitude":99.45684,"month":4,"day":18,"responsibility_code":"5","landuse_code":"A203","utm_zone":"47","utm_e":"548737.118","utm_n":"1832206.421"},"geometry":{"type":"Point","coordinates":[99.45684,16.57148]}},{"type":"Feature","properties":{"hs_id":"VI1202304190542urgrupgzuz","hsID":"VI1202304190542urgrupgzuz","acq_date":"2023-04-19","Date":"2023-04-19","acq_time":"1242","year_be":2566,"season_be":2566,"dataset_year_be":2566,"province":"กำแพงเพชร","Province":"กำแพงเพชร","__province":"กำแพงเพชร","district":"ขาณุวรลักษบุรี","Amphoe":"ขาณุวรลักษบุรี","__district":"ขาณุวรลักษบุรี","subdistrict":"สลกบาตร","Tambon":"สลกบาตร","__subdistrict":"สลกบาตร","village":"บ้านหนองเหมือด","BaanN":"บ้านหนองเหมือด","__village":"บ้านหนองเหมือด","land_type":"พื้นที่เกษตร","LandType":"พื้นที่เกษตร","plant_type":"นาข้าว","PlantType":"นาข้าว","crop_type":"นาข้าว","crop_type_raw":"นาข้าว","__crop":"นาข้าว","__plant_type":"นาข้าว","confidence":"nominal","source":"NASA FIRMS VIIRS","source_file":"HOTSPOT Viirs 1 ม.ค - 31 พ.ค 66 (รวม).xlsx","filter_rule":"Province=กำแพงเพชร; LandType=พื้นที่เกษตร; PlantType in allowed list; hierarchy uses Province→Amphoe→Tambon→BaanN from source table","latitude":16.00145,"longitude":99.82767,"month":4,"day":19,"responsibility_code":"5","landuse_code":"A101","utm_zone":"47","utm_e":"588555.705","utm_n":"1769272.094"},"geometry":{"type":"Point","coordinates":[99.82767,16.00145]}},{"type":"Feature","properties":{"hs_id":"VI1202304190722urgryxgzfz","hsID":"VI1202304190722urgryxgzfz","acq_date":"2023-04-19","Date":"2023-04-19","acq_time":"1422","year_be":2566,"season_be":2566,"dataset_year_be":2566,"province":"กำแพงเพชร","Province":"กำแพงเพชร","__province":"กำแพงเพชร","district":"ขาณุวรลักษบุรี","Amphoe":"ขาณุวรลักษบุรี","__district":"ขาณุวรลักษบุรี","subdistrict":"โค้งไผ่","Tambon":"โค้งไผ่","__subdistrict":"โค้งไผ่","village":"บ้านโพธิ์ศรี 3","BaanN":"บ้านโพธิ์ศรี 3","__village":"บ้านโพธิ์ศรี 3","land_type":"พื้นที่เกษตร","LandType":"พื้นที่เกษตร","plant_type":"นาข้าว","PlantType":"นาข้าว","crop_type":"นาข้าว","crop_type_raw":"นาข้าว","__crop":"นาข้าว","__plant_type":"นาข้าว","confidence":"nominal","source":"NASA FIRMS VIIRS","source_file":"HOTSPOT Viirs 1 ม.ค - 31 พ.ค 66 (รวม).xlsx","filter_rule":"Province=กำแพงเพชร; LandType=พื้นที่เกษตร; PlantType in allowed list; hierarchy uses Province→Amphoe→Tambon→BaanN from source table","latitude":16.11123,"longitude":99.66262,"month":4,"day":19,"responsibility_code":"5","landuse_code":"A101","utm_zone":"47","utm_e":"570856.747","utm_n":"1781352.786"},"geometry":{"type":"Point","coordinates":[99.66262,16.11123]}},{"type":"Feature","properties":{"hs_id":"VI1202304190722urgryxupvr","hsID":"VI1202304190722urgryxupvr","acq_date":"2023-04-19","Date":"2023-04-19","acq_time":"1422","year_be":2566,"season_be":2566,"dataset_year_be":2566,"province":"กำแพงเพชร","Province":"กำแพงเพชร","__province":"กำแพงเพชร","district":"ขาณุวรลักษบุรี","Amphoe":"ขาณุวรลักษบุรี","__district":"ขาณุวรลักษบุรี","subdistrict":"โค้งไผ่","Tambon":"โค้งไผ่","__subdistrict":"โค้งไผ่","village":"บ้านโพธิ์ศรี 3","BaanN":"บ้านโพธิ์ศรี 3","__village":"บ้านโพธิ์ศรี 3","land_type":"พื้นที่เกษตร","LandType":"พื้นที่เกษตร","plant_type":"นาข้าว","PlantType":"นาข้าว","crop_type":"นาข้าว","crop_type_raw":"นาข้าว","__crop":"นาข้าว","__plant_type":"นาข้าว","confidence":"nominal","source":"NASA FIRMS VIIRS","source_file":"HOTSPOT Viirs 1 ม.ค - 31 พ.ค 66 (รวม).xlsx","filter_rule":"Province=กำแพงเพชร; LandType=พื้นที่เกษตร; PlantType in allowed list; hierarchy uses Province→Amphoe→Tambon→BaanN from source table","latitude":16.11168,"longitude":99.66705,"month":4,"day":19,"responsibility_code":"5","landuse_code":"A101","utm_zone":"47","utm_e":"571330.323","utm_n":"1781404.091"},"geometry":{"type":"Point","coordinates":[99.66705,16.11168]}},{"type":"Feature","properties":{"hs_id":"VI1202304190722urgrzzfpgz","hsID":"VI1202304190722urgrzzfpgz","acq_date":"2023-04-19","Date":"2023-04-19","acq_time":"1422","year_be":2566,"season_be":2566,"dataset_year_be":2566,"province":"กำแพงเพชร","Province":"กำแพงเพชร","__province":"กำแพงเพชร","district":"บึงสามัคคี","Amphoe":"บึงสามัคคี","__district":"บึงสามัคคี","subdistrict":"ระหาน","Tambon":"ระหาน","__subdistrict":"ระหาน","village":"บ้านพงษ์ทองคำ","BaanN":"บ้านพงษ์ทองคำ","__village":"บ้านพงษ์ทองคำ","land_type":"พื้นที่เกษตร","LandType":"พื้นที่เกษตร","plant_type":"นาข้าว","PlantType":"นาข้าว","crop_type":"นาข้าว","crop_type_raw":"นาข้าว","__crop":"นาข้าว","__plant_type":"นาข้าว","confidence":"nominal","source":"NASA FIRMS VIIRS","source_file":"HOTSPOT Viirs 1 ม.ค - 31 พ.ค 66 (รวม).xlsx","filter_rule":"Province=กำแพงเพชร; LandType=พื้นที่เกษตร; PlantType in allowed list; hierarchy uses Province→Amphoe→Tambon→BaanN from source table","latitude":16.1638,"longitude":99.94035,"month":4,"day":19,"responsibility_code":"5","landuse_code":"A101","utm_zone":"47","utm_e":"600530.989","utm_n":"1787283.83"},"geometry":{"type":"Point","coordinates":[99.94035,16.1638]}},{"type":"Feature","properties":{"hs_id":"VI1202304190542urgxcpypgz","hsID":"VI1202304190542urgxcpypgz","acq_date":"2023-04-19","Date":"2023-04-19","acq_time":"1242","year_be":2566,"season_be":2566,"dataset_year_be":2566,"province":"กำแพงเพชร","Province":"กำแพงเพชร","__province":"กำแพงเพชร","district":"บึงสามัคคี","Amphoe":"บึงสามัคคี","__district":"บึงสามัคคี","subdistrict":"วังชะโอน","Tambon":"วังชะโอน","__subdistrict":"วังชะโอน","village":"บ้านทุ่งผึ้ง, บ้านวังผึ้ง","BaanN":"บ้านทุ่งผึ้ง, บ้านวังผึ้ง","__village":"บ้านทุ่งผึ้ง, บ้านวังผึ้ง","land_type":"พื้นที่เกษตร","LandType":"พื้นที่เกษตร","plant_type":"นาข้าว","PlantType":"นาข้าว","crop_type":"นาข้าว","crop_type_raw":"นาข้าว","__crop":"นาข้าว","__plant_type":"นาข้าว","confidence":"nominal","source":"NASA FIRMS VIIRS","source_file":"HOTSPOT Viirs 1 ม.ค - 31 พ.ค 66 (รวม).xlsx","filter_rule":"Province=กำแพงเพชร; LandType=พื้นที่เกษตร; PlantType in allowed list; hierarchy uses Province→Amphoe→Tambon→BaanN from source table","latitude":16.22423,"longitude":99.95856,"month":4,"day":19,"responsibility_code":"5","landuse_code":"A101","utm_zone":"47","utm_e":"602446.742","utm_n":"1793978.159"},"geometry":{"type":"Point","coordinates":[99.95856,16.22423]}},{"type":"Feature","properties":{"hs_id":"VI1202304190542urgxcpzxbx","hsID":"VI1202304190542urgxcpzxbx","acq_date":"2023-04-19","Date":"2023-04-19","acq_time":"1242","year_be":2566,"season_be":2566,"dataset_year_be":2566,"province":"กำแพงเพชร","Province":"กำแพงเพชร","__province":"กำแพงเพชร","district":"บึงสามัคคี","Amphoe":"บึงสามัคคี","__district":"บึงสามัคคี","subdistrict":"วังชะโอน","Tambon":"วังชะโอน","__subdistrict":"วังชะโอน","village":"บ้านทุ่งผึ้ง, บ้านวังผึ้ง","BaanN":"บ้านทุ่งผึ้ง, บ้านวังผึ้ง","__village":"บ้านทุ่งผึ้ง, บ้านวังผึ้ง","land_type":"พื้นที่เกษตร","LandType":"พื้นที่เกษตร","plant_type":"นาข้าว","PlantType":"นาข้าว","crop_type":"นาข้าว","crop_type_raw":"นาข้าว","__crop":"นาข้าว","__plant_type":"นาข้าว","confidence":"nominal","source":"NASA FIRMS VIIRS","source_file":"HOTSPOT Viirs 1 ม.ค - 31 พ.ค 66 (รวม).xlsx","filter_rule":"Province=กำแพงเพชร; LandType=พื้นที่เกษตร; PlantType in allowed list; hierarchy uses Province→Amphoe→Tambon→BaanN from source table","latitude":16.22615,"longitude":99.95974,"month":4,"day":19,"responsibility_code":"5","landuse_code":"A101","utm_zone":"47","utm_e":"602571.872","utm_n":"1794191.158"},"geometry":{"type":"Point","coordinates":[99.95974,16.22615]}},{"type":"Feature","properties":{"hs_id":"VI1202304190722urgxgruxgz","hsID":"VI1202304190722urgxgruxgz","acq_date":"2023-04-19","Date":"2023-04-19","acq_time":"1422","year_be":2566,"season_be":2566,"dataset_year_be":2566,"province":"กำแพงเพชร","Province":"กำแพงเพชร","__province":"กำแพงเพชร","district":"คลองขลุง","Amphoe":"คลองขลุง","__district":"คลองขลุง","subdistrict":"วังบัว","Tambon":"วังบัว","__subdistrict":"วังบัว","village":"บ้านสามง่าม","BaanN":"บ้านสามง่าม","__village":"บ้านสามง่าม","land_type":"พื้นที่เกษตร","LandType":"พื้นที่เกษตร","plant_type":"นาข้าว","PlantType":"นาข้าว","crop_type":"นาข้าว","crop_type_raw":"นาข้าว","__crop":"นาข้าว","__plant_type":"นาข้าว","confidence":"nominal","source":"NASA FIRMS VIIRS","source_file":"HOTSPOT Viirs 1 ม.ค - 31 พ.ค 66 (รวม).xlsx","filter_rule":"Province=กำแพงเพชร; LandType=พื้นที่เกษตร; PlantType in allowed list; hierarchy uses Province→Amphoe→Tambon→BaanN from source table","latitude":16.32104,"longitude":99.71324,"month":4,"day":19,"responsibility_code":"5","landuse_code":"A101","utm_zone":"47","utm_e":"576189.296","utm_n":"1804580.833"},"geometry":{"type":"Point","coordinates":[99.71324,16.32104]}},{"type":"Feature","properties":{"hs_id":"VI1202304190722urgxvxuzvz","hsID":"VI1202304190722urgxvxuzvz","acq_date":"2023-04-19","Date":"2023-04-19","acq_time":"1422","year_be":2566,"season_be":2566,"dataset_year_be":2566,"province":"กำแพงเพชร","Province":"กำแพงเพชร","__province":"กำแพงเพชร","district":"เมืองกำแพงเพชร","Amphoe":"เมืองกำแพงเพชร","__district":"เมืองกำแพงเพชร","subdistrict":"เทพนคร","Tambon":"เทพนคร","__subdistrict":"เทพนคร","village":"บ้านสุกรพันธ์","BaanN":"บ้านสุกรพันธ์","__village":"บ้านสุกรพันธ์","land_type":"พื้นที่เกษตร","LandType":"พื้นที่เกษตร","plant_type":"นาข้าว","PlantType":"นาข้าว","crop_type":"นาข้าว","crop_type_raw":"นาข้าว","__crop":"นาข้าว","__plant_type":"นาข้าว","confidence":"nominal","source":"NASA FIRMS VIIRS","source_file":"HOTSPOT Viirs 1 ม.ค - 31 พ.ค 66 (รวม).xlsx","filter_rule":"Province=กำแพงเพชร; LandType=พื้นที่เกษตร; PlantType in allowed list; hierarchy uses Province→Amphoe→Tambon→BaanN from source table","latitude":16.42035,"longitude":99.65538,"month":4,"day":19,"responsibility_code":"5","landuse_code":"A101","utm_zone":"47","utm_e":"569972.951","utm_n":"1815546.196"},"geometry":{"type":"Point","coordinates":[99.65538,16.42035]}},{"type":"Feature","properties":{"hs_id":"VI1202304190722urgxypfpbz","hsID":"VI1202304190722urgxypfpbz","acq_date":"2023-04-19","Date":"2023-04-19","acq_time":"1422","year_be":2566,"season_be":2566,"dataset_year_be":2566,"province":"กำแพงเพชร","Province":"กำแพงเพชร","__province":"กำแพงเพชร","district":"เมืองกำแพงเพชร","Amphoe":"เมืองกำแพงเพชร","__district":"เมืองกำแพงเพชร","subdistrict":"ท่าขุนราม","Tambon":"ท่าขุนราม","__subdistrict":"ท่าขุนราม","village":"บ้านสันติสุข","BaanN":"บ้านสันติสุข","__village":"บ้านสันติสุข","land_type":"พื้นที่เกษตร","LandType":"พื้นที่เกษตร","plant_type":"นาข้าว","PlantType":"นาข้าว","crop_type":"นาข้าว","crop_type_raw":"นาข้าว","__crop":"นาข้าว","__plant_type":"นาข้าว","confidence":"nominal","source":"NASA FIRMS VIIRS","source_file":"HOTSPOT Viirs 1 ม.ค - 31 พ.ค 66 (รวม).xlsx","filter_rule":"Province=กำแพงเพชร; LandType=พื้นที่เกษตร; PlantType in allowed list; hierarchy uses Province→Amphoe→Tambon→BaanN from source table","latitude":16.43833,"longitude":99.48001,"month":4,"day":19,"responsibility_code":"5","landuse_code":"A101","utm_zone":"47","utm_e":"551244.072","utm_n":"1817482.737"},"geometry":{"type":"Point","coordinates":[99.48001,16.43833]}},{"type":"Feature","properties":{"hs_id":"VI1202304190722urgxypuzvz","hsID":"VI1202304190722urgxypuzvz","acq_date":"2023-04-19","Date":"2023-04-19","acq_time":"1422","year_be":2566,"season_be":2566,"dataset_year_be":2566,"province":"กำแพงเพชร","Province":"กำแพงเพชร","__province":"กำแพงเพชร","district":"เมืองกำแพงเพชร","Amphoe":"เมืองกำแพงเพชร","__district":"เมืองกำแพงเพชร","subdistrict":"เทพนคร","Tambon":"เทพนคร","__subdistrict":"เทพนคร","village":"บ้านเนินสำราญ","BaanN":"บ้านเนินสำราญ","__village":"บ้านเนินสำราญ","land_type":"พื้นที่เกษตร","LandType":"พื้นที่เกษตร","plant_type":"นาข้าว","PlantType":"นาข้าว","crop_type":"นาข้าว","crop_type_raw":"นาข้าว","__crop":"นาข้าว","__plant_type":"นาข้าว","confidence":"nominal","source":"NASA FIRMS VIIRS","source_file":"HOTSPOT Viirs 1 ม.ค - 31 พ.ค 66 (รวม).xlsx","filter_rule":"Province=กำแพงเพชร; LandType=พื้นที่เกษตร; PlantType in allowed list; hierarchy uses Province→Amphoe→Tambon→BaanN from source table","latitude":16.44232,"longitude":99.63506,"month":4,"day":19,"responsibility_code":"5","landuse_code":"A101","utm_zone":"47","utm_e":"567795.749","utm_n":"1817969.713"},"geometry":{"type":"Point","coordinates":[99.63506,16.44232]}},{"type":"Feature","properties":{"hs_id":"VI1202304190722urgxyrvrbp","hsID":"VI1202304190722urgxyrvrbp","acq_date":"2023-04-19","Date":"2023-04-19","acq_time":"1422","year_be":2566,"season_be":2566,"dataset_year_be":2566,"province":"กำแพงเพชร","Province":"กำแพงเพชร","__province":"กำแพงเพชร","district":"เมืองกำแพงเพชร","Amphoe":"เมืองกำแพงเพชร","__district":"เมืองกำแพงเพชร","subdistrict":"นิคมทุ่งโพธิ์ทะเล","Tambon":"นิคมทุ่งโพธิ์ทะเล","__subdistrict":"นิคมทุ่งโพธิ์ทะเล","village":"บ้านการะบูน","BaanN":"บ้านการะบูน","__village":"บ้านการะบูน","land_type":"พื้นที่เกษตร","LandType":"พื้นที่เกษตร","plant_type":"นาข้าว","PlantType":"นาข้าว","crop_type":"นาข้าว","crop_type_raw":"นาข้าว","__crop":"นาข้าว","__plant_type":"นาข้าว","confidence":"nominal","source":"NASA FIRMS VIIRS","source_file":"HOTSPOT Viirs 1 ม.ค - 31 พ.ค 66 (รวม).xlsx","filter_rule":"Province=กำแพงเพชร; LandType=พื้นที่เกษตร; PlantType in allowed list; hierarchy uses Province→Amphoe→Tambon→BaanN from source table","latitude":16.45375,"longitude":99.68806,"month":4,"day":19,"responsibility_code":"5","landuse_code":"A101","utm_zone":"47","utm_e":"573449.679","utm_n":"1819252.659"},"geometry":{"type":"Point","coordinates":[99.68806,16.45375]}},{"type":"Feature","properties":{"hs_id":"VI1202304190722urgxzzbxyx","hsID":"VI1202304190722urgxzzbxyx","acq_date":"2023-04-19","Date":"2023-04-19","acq_time":"1422","year_be":2566,"season_be":2566,"dataset_year_be":2566,"province":"กำแพงเพชร","Province":"กำแพงเพชร","__province":"กำแพงเพชร","district":"เมืองกำแพงเพชร","Amphoe":"เมืองกำแพงเพชร","__district":"เมืองกำแพงเพชร","subdistrict":"นิคมทุ่งโพธิ์ทะเล","Tambon":"นิคมทุ่งโพธิ์ทะเล","__subdistrict":"นิคมทุ่งโพธิ์ทะเล","village":"บ้านแปดอ้อม","BaanN":"บ้านแปดอ้อม","__village":"บ้านแปดอ้อม","land_type":"พื้นที่เกษตร","LandType":"พื้นที่เกษตร","plant_type":"นาข้าว","PlantType":"นาข้าว","crop_type":"นาข้าว","crop_type_raw":"นาข้าว","__crop":"นาข้าว","__plant_type":"นาข้าว","confidence":"nominal","source":"NASA FIRMS VIIRS","source_file":"HOTSPOT Viirs 1 ม.ค - 31 พ.ค 66 (รวม).xlsx","filter_rule":"Province=กำแพงเพชร; LandType=พื้นที่เกษตร; PlantType in allowed list; hierarchy uses Province→Amphoe→Tambon→BaanN from source table","latitude":16.51342,"longitude":99.71014,"month":4,"day":19,"responsibility_code":"5","landuse_code":"A101","utm_zone":"47","utm_e":"575783.58","utm_n":"1825861.898"},"geometry":{"type":"Point","coordinates":[99.71014,16.51342]}},{"type":"Feature","properties":{"hs_id":"VI1202304190722urgzfzvzuz","hsID":"VI1202304190722urgzfzvzuz","acq_date":"2023-04-19","Date":"2023-04-19","acq_time":"1422","year_be":2566,"season_be":2566,"dataset_year_be":2566,"province":"กำแพงเพชร","Province":"กำแพงเพชร","__province":"กำแพงเพชร","district":"พรานกระต่าย","Amphoe":"พรานกระต่าย","__district":"พรานกระต่าย","subdistrict":"คุยบ้านโอง","Tambon":"คุยบ้านโอง","__subdistrict":"คุยบ้านโอง","village":"บ้านไร่ปรือ","BaanN":"บ้านไร่ปรือ","__village":"บ้านไร่ปรือ","land_type":"พื้นที่เกษตร","LandType":"พื้นที่เกษตร","plant_type":"นาข้าว","PlantType":"นาข้าว","crop_type":"นาข้าว","crop_type_raw":"นาข้าว","__crop":"นาข้าว","__plant_type":"นาข้าว","confidence":"nominal","source":"NASA FIRMS VIIRS","source_file":"HOTSPOT Viirs 1 ม.ค - 31 พ.ค 66 (รวม).xlsx","filter_rule":"Province=กำแพงเพชร; LandType=พื้นที่เกษตร; PlantType in allowed list; hierarchy uses Province→Amphoe→Tambon→BaanN from source table","latitude":16.65239,"longitude":99.68659,"month":4,"day":19,"responsibility_code":"5","landuse_code":"A101","utm_zone":"47","utm_e":"573217.724","utm_n":"1841227.053"},"geometry":{"type":"Point","coordinates":[99.68659,16.65239]}},{"type":"Feature","properties":{"hs_id":"VI1202304200703urgryrbpyp","hsID":"VI1202304200703urgryrbpyp","acq_date":"2023-04-20","Date":"2023-04-20","acq_time":"1403","year_be":2566,"season_be":2566,"dataset_year_be":2566,"province":"กำแพงเพชร","Province":"กำแพงเพชร","__province":"กำแพงเพชร","district":"ขาณุวรลักษบุรี","Amphoe":"ขาณุวรลักษบุรี","__district":"ขาณุวรลักษบุรี","subdistrict":"ยางสูง","Tambon":"ยางสูง","__subdistrict":"ยางสูง","village":"บ้านวังวน, บ้านคลองวน","BaanN":"บ้านวังวน, บ้านคลองวน","__village":"บ้านวังวน, บ้านคลองวน","land_type":"พื้นที่เกษตร","LandType":"พื้นที่เกษตร","plant_type":"นาข้าว","PlantType":"นาข้าว","crop_type":"นาข้าว","crop_type_raw":"นาข้าว","__crop":"นาข้าว","__plant_type":"นาข้าว","confidence":"low","source":"NASA FIRMS VIIRS","source_file":"HOTSPOT Viirs 1 ม.ค - 31 พ.ค 66 (รวม).xlsx","filter_rule":"Province=กำแพงเพชร; LandType=พื้นที่เกษตร; PlantType in allowed list; hierarchy uses Province→Amphoe→Tambon→BaanN from source table","latitude":16.09523,"longitude":99.85843,"month":4,"day":20,"responsibility_code":"5","landuse_code":"A101","utm_zone":"47","utm_e":"591804.073","utm_n":"1779659.906"},"geometry":{"type":"Point","coordinates":[99.85843,16.09523]}},{"type":"Feature","properties":{"hs_id":"VI1202304200703urgryzupcp","hsID":"VI1202304200703urgryzupcp","acq_date":"2023-04-20","Date":"2023-04-20","acq_time":"1403","year_be":2566,"season_be":2566,"dataset_year_be":2566,"province":"กำแพงเพชร","Province":"กำแพงเพชร","__province":"กำแพงเพชร","district":"ขาณุวรลักษบุรี","Amphoe":"ขาณุวรลักษบุรี","__district":"ขาณุวรลักษบุรี","subdistrict":"เกาะตาล","Tambon":"เกาะตาล","__subdistrict":"เกาะตาล","village":"บ้านท่าพระ","BaanN":"บ้านท่าพระ","__village":"บ้านท่าพระ","land_type":"พื้นที่เกษตร","LandType":"พื้นที่เกษตร","plant_type":"นาข้าว","PlantType":"นาข้าว","crop_type":"นาข้าว","crop_type_raw":"นาข้าว","__crop":"นาข้าว","__plant_type":"นาข้าว","confidence":"nominal","source":"NASA FIRMS VIIRS","source_file":"HOTSPOT Viirs 1 ม.ค - 31 พ.ค 66 (รวม).xlsx","filter_rule":"Province=กำแพงเพชร; LandType=พื้นที่เกษตร; PlantType in allowed list; hierarchy uses Province→Amphoe→Tambon→BaanN from source table","latitude":16.12249,"longitude":99.7539,"month":4,"day":20,"responsibility_code":"5","landuse_code":"A101","utm_zone":"47","utm_e":"580613.603","utm_n":"1782631.896"},"geometry":{"type":"Point","coordinates":[99.7539,16.12249]}},{"type":"Feature","properties":{"hs_id":"VI1202304200703urgxczvxzx","hsID":"VI1202304200703urgxczvxzx","acq_date":"2023-04-20","Date":"2023-04-20","acq_time":"1403","year_be":2566,"season_be":2566,"dataset_year_be":2566,"province":"กำแพงเพชร","Province":"กำแพงเพชร","__province":"กำแพงเพชร","district":"ทรายทองวัฒนา","Amphoe":"ทรายทองวัฒนา","__district":"ทรายทองวัฒนา","subdistrict":"ถาวรวัฒนา","Tambon":"ถาวรวัฒนา","__subdistrict":"ถาวรวัฒนา","village":"บ้านน้อย","BaanN":"บ้านน้อย","__village":"บ้านน้อย","land_type":"พื้นที่เกษตร","LandType":"พื้นที่เกษตร","plant_type":"นาข้าว","PlantType":"นาข้าว","crop_type":"นาข้าว","crop_type_raw":"นาข้าว","__crop":"นาข้าว","__plant_type":"นาข้าว","confidence":"nominal","source":"NASA FIRMS VIIRS","source_file":"HOTSPOT Viirs 1 ม.ค - 31 พ.ค 66 (รวม).xlsx","filter_rule":"Province=กำแพงเพชร; LandType=พื้นที่เกษตร; PlantType in allowed list; hierarchy uses Province→Amphoe→Tambon→BaanN from source table","latitude":16.25666,"longitude":99.90606,"month":4,"day":20,"responsibility_code":"5","landuse_code":"A101","utm_zone":"47","utm_e":"596819.493","utm_n":"1797540.333"},"geometry":{"type":"Point","coordinates":[99.90606,16.25666]}},{"type":"Feature","properties":{"hs_id":"VI1202304200703urgxfrzxbr","hsID":"VI1202304200703urgxfrzxbr","acq_date":"2023-04-20","Date":"2023-04-20","acq_time":"1403","year_be":2566,"season_be":2566,"dataset_year_be":2566,"province":"กำแพงเพชร","Province":"กำแพงเพชร","__province":"กำแพงเพชร","district":"คลองขลุง","Amphoe":"คลองขลุง","__district":"คลองขลุง","subdistrict":"วังบัว","Tambon":"วังบัว","__subdistrict":"วังบัว","village":"บ้านละหาน","BaanN":"บ้านละหาน","__village":"บ้านละหาน","land_type":"พื้นที่เกษตร","LandType":"พื้นที่เกษตร","plant_type":"นาข้าว","PlantType":"นาข้าว","crop_type":"นาข้าว","crop_type_raw":"นาข้าว","__crop":"นาข้าว","__plant_type":"นาข้าว","confidence":"nominal","source":"NASA FIRMS VIIRS","source_file":"HOTSPOT Viirs 1 ม.ค - 31 พ.ค 66 (รวม).xlsx","filter_rule":"Province=กำแพงเพชร; LandType=พื้นที่เกษตร; PlantType in allowed list; hierarchy uses Province→Amphoe→Tambon→BaanN from source table","latitude":16.28107,"longitude":99.70871,"month":4,"day":20,"responsibility_code":"5","landuse_code":"A101","utm_zone":"47","utm_e":"575720.726","utm_n":"1800157.475"},"geometry":{"type":"Point","coordinates":[99.70871,16.28107]}},{"type":"Feature","properties":{"hs_id":"VI1202304200703urgxupgxgx","hsID":"VI1202304200703urgxupgxgx","acq_date":"2023-04-20","Date":"2023-04-20","acq_time":"1403","year_be":2566,"season_be":2566,"dataset_year_be":2566,"province":"กำแพงเพชร","Province":"กำแพงเพชร","__province":"กำแพงเพชร","district":"เมืองกำแพงเพชร","Amphoe":"เมืองกำแพงเพชร","__district":"เมืองกำแพงเพชร","subdistrict":"คณฑี","Tambon":"คณฑี","__subdistrict":"คณฑี","village":"บ้านโคนใต้","BaanN":"บ้านโคนใต้","__village":"บ้านโคนใต้","land_type":"พื้นที่เกษตร","LandType":"พื้นที่เกษตร","plant_type":"นาข้าว","PlantType":"นาข้าว","crop_type":"นาข้าว","crop_type_raw":"นาข้าว","__crop":"นาข้าว","__plant_type":"นาข้าว","confidence":"nominal","source":"NASA FIRMS VIIRS","source_file":"HOTSPOT Viirs 1 ม.ค - 31 พ.ค 66 (รวม).xlsx","filter_rule":"Province=กำแพงเพชร; LandType=พื้นที่เกษตร; PlantType in allowed list; hierarchy uses Province→Amphoe→Tambon→BaanN from source table","latitude":16.35262,"longitude":99.66984,"month":4,"day":20,"responsibility_code":"5","landuse_code":"A101","utm_zone":"47","utm_e":"571541.574","utm_n":"1808058.623"},"geometry":{"type":"Point","coordinates":[99.66984,16.35262]}},{"type":"Feature","properties":{"hs_id":"VI1202304200703urgxupvzup","hsID":"VI1202304200703urgxupvzup","acq_date":"2023-04-20","Date":"2023-04-20","acq_time":"1403","year_be":2566,"season_be":2566,"dataset_year_be":2566,"province":"กำแพงเพชร","Province":"กำแพงเพชร","__province":"กำแพงเพชร","district":"เมืองกำแพงเพชร","Amphoe":"เมืองกำแพงเพชร","__district":"เมืองกำแพงเพชร","subdistrict":"อ่างทอง","Tambon":"อ่างทอง","__subdistrict":"อ่างทอง","village":"บ้านบ่อกลางดง","BaanN":"บ้านบ่อกลางดง","__village":"บ้านบ่อกลางดง","land_type":"พื้นที่เกษตร","LandType":"พื้นที่เกษตร","plant_type":"เกษตรอื่น ๆ","PlantType":"เกษตรอื่น ๆ","crop_type":"เกษตรอื่น ๆ","crop_type_raw":"เกษตรอื่น ๆ","__crop":"เกษตรอื่น ๆ","__plant_type":"เกษตรอื่น ๆ","confidence":"nominal","source":"NASA FIRMS VIIRS","source_file":"HOTSPOT Viirs 1 ม.ค - 31 พ.ค 66 (รวม).xlsx","filter_rule":"Province=กำแพงเพชร; LandType=พื้นที่เกษตร; PlantType in allowed list; hierarchy uses Province→Amphoe→Tambon→BaanN from source table","latitude":16.35573,"longitude":99.51913,"month":4,"day":20,"responsibility_code":"5","landuse_code":"A999","utm_zone":"47","utm_e":"555443.842","utm_n":"1808355.632"},"geometry":{"type":"Point","coordinates":[99.51913,16.35573]}},{"type":"Feature","properties":{"hs_id":"VI1202304200703urgxurcpbp","hsID":"VI1202304200703urgxurcpbp","acq_date":"2023-04-20","Date":"2023-04-20","acq_time":"1403","year_be":2566,"season_be":2566,"dataset_year_be":2566,"province":"กำแพงเพชร","Province":"กำแพงเพชร","__province":"กำแพงเพชร","district":"เมืองกำแพงเพชร","Amphoe":"เมืองกำแพงเพชร","__district":"เมืองกำแพงเพชร","subdistrict":"อ่างทอง","Tambon":"อ่างทอง","__subdistrict":"อ่างทอง","village":"บ้านบ่อกลางดง","BaanN":"บ้านบ่อกลางดง","__village":"บ้านบ่อกลางดง","land_type":"พื้นที่เกษตร","LandType":"พื้นที่เกษตร","plant_type":"เกษตรอื่น ๆ","PlantType":"เกษตรอื่น ๆ","crop_type":"เกษตรอื่น ๆ","crop_type_raw":"เกษตรอื่น ๆ","__crop":"เกษตรอื่น ๆ","__plant_type":"เกษตรอื่น ๆ","confidence":"nominal","source":"NASA FIRMS VIIRS","source_file":"HOTSPOT Viirs 1 ม.ค - 31 พ.ค 66 (รวม).xlsx","filter_rule":"Province=กำแพงเพชร; LandType=พื้นที่เกษตร; PlantType in allowed list; hierarchy uses Province→Amphoe→Tambon→BaanN from source table","latitude":16.36002,"longitude":99.5186,"month":4,"day":20,"responsibility_code":"5","landuse_code":"A999","utm_zone":"47","utm_e":"555386.026","utm_n":"1808830.056"},"geometry":{"type":"Point","coordinates":[99.5186,16.36002]}},{"type":"Feature","properties":{"hs_id":"VI1202304200703urgzczcxyp","hsID":"VI1202304200703urgzczcxyp","acq_date":"2023-04-20","Date":"2023-04-20","acq_time":"1403","year_be":2566,"season_be":2566,"dataset_year_be":2566,"province":"กำแพงเพชร","Province":"กำแพงเพชร","__province":"กำแพงเพชร","district":"พรานกระต่าย","Amphoe":"พรานกระต่าย","__district":"พรานกระต่าย","subdistrict":"เขาคีริส","Tambon":"เขาคีริส","__subdistrict":"เขาคีริส","village":"บ้านทุ่งยาว","BaanN":"บ้านทุ่งยาว","__village":"บ้านทุ่งยาว","land_type":"พื้นที่เกษตร","LandType":"พื้นที่เกษตร","plant_type":"นาข้าว","PlantType":"นาข้าว","crop_type":"นาข้าว","crop_type_raw":"นาข้าว","__crop":"นาข้าว","__plant_type":"นาข้าว","confidence":"nominal","source":"NASA FIRMS VIIRS","source_file":"HOTSPOT Viirs 1 ม.ค - 31 พ.ค 66 (รวม).xlsx","filter_rule":"Province=กำแพงเพชร; LandType=พื้นที่เกษตร; PlantType in allowed list; hierarchy uses Province→Amphoe→Tambon→BaanN from source table","latitude":16.60266,"longitude":99.67368,"month":4,"day":20,"responsibility_code":"5","landuse_code":"A101","utm_zone":"47","utm_e":"571859.463","utm_n":"1835720.867"},"geometry":{"type":"Point","coordinates":[99.67368,16.60266]}},{"type":"Feature","properties":{"hs_id":"VI1202304200703urgzfzvpzp","hsID":"VI1202304200703urgzfzvpzp","acq_date":"2023-04-20","Date":"2023-04-20","acq_time":"1403","year_be":2566,"season_be":2566,"dataset_year_be":2566,"province":"กำแพงเพชร","Province":"กำแพงเพชร","__province":"กำแพงเพชร","district":"พรานกระต่าย","Amphoe":"พรานกระต่าย","__district":"พรานกระต่าย","subdistrict":"พรานกระต่าย","Tambon":"พรานกระต่าย","__subdistrict":"พรานกระต่าย","village":"บ้านหนองราง","BaanN":"บ้านหนองราง","__village":"บ้านหนองราง","land_type":"พื้นที่เกษตร","LandType":"พื้นที่เกษตร","plant_type":"เกษตรอื่น ๆ","PlantType":"เกษตรอื่น ๆ","crop_type":"เกษตรอื่น ๆ","crop_type_raw":"เกษตรอื่น ๆ","__crop":"เกษตรอื่น ๆ","__plant_type":"เกษตรอื่น ๆ","confidence":"low","source":"NASA FIRMS VIIRS","source_file":"HOTSPOT Viirs 1 ม.ค - 31 พ.ค 66 (รวม).xlsx","filter_rule":"Province=กำแพงเพชร; LandType=พื้นที่เกษตร; PlantType in allowed list; hierarchy uses Province→Amphoe→Tambon→BaanN from source table","latitude":16.65146,"longitude":99.56019,"month":4,"day":20,"responsibility_code":"5","landuse_code":"A999","utm_zone":"47","utm_e":"559738.357","utm_n":"1841082.141"},"geometry":{"type":"Point","coordinates":[99.56019,16.65146]}},{"type":"Feature","properties":{"hs_id":"VI1202304200703urgzfzvxgr","hsID":"VI1202304200703urgzfzvxgr","acq_date":"2023-04-20","Date":"2023-04-20","acq_time":"1403","year_be":2566,"season_be":2566,"dataset_year_be":2566,"province":"กำแพงเพชร","Province":"กำแพงเพชร","__province":"กำแพงเพชร","district":"พรานกระต่าย","Amphoe":"พรานกระต่าย","__district":"พรานกระต่าย","subdistrict":"พรานกระต่าย","Tambon":"พรานกระต่าย","__subdistrict":"พรานกระต่าย","village":"บ้านหนองราง","BaanN":"บ้านหนองราง","__village":"บ้านหนองราง","land_type":"พื้นที่เกษตร","LandType":"พื้นที่เกษตร","plant_type":"เกษตรอื่น ๆ","PlantType":"เกษตรอื่น ๆ","crop_type":"เกษตรอื่น ๆ","crop_type_raw":"เกษตรอื่น ๆ","__crop":"เกษตรอื่น ๆ","__plant_type":"เกษตรอื่น ๆ","confidence":"low","source":"NASA FIRMS VIIRS","source_file":"HOTSPOT Viirs 1 ม.ค - 31 พ.ค 66 (รวม).xlsx","filter_rule":"Province=กำแพงเพชร; LandType=พื้นที่เกษตร; PlantType in allowed list; hierarchy uses Province→Amphoe→Tambon→BaanN from source table","latitude":16.65198,"longitude":99.56445,"month":4,"day":20,"responsibility_code":"5","landuse_code":"A999","utm_zone":"47","utm_e":"560192.491","utm_n":"1841140.944"},"geometry":{"type":"Point","coordinates":[99.56445,16.65198]}},{"type":"Feature","properties":{"hs_id":"VI1202304210644urgrgpyxbx","hsID":"VI1202304210644urgrgpyxbx","acq_date":"2023-04-21","Date":"2023-04-21","acq_time":"1344","year_be":2566,"season_be":2566,"dataset_year_be":2566,"province":"กำแพงเพชร","Province":"กำแพงเพชร","__province":"กำแพงเพชร","district":"ขาณุวรลักษบุรี","Amphoe":"ขาณุวรลักษบุรี","__district":"ขาณุวรลักษบุรี","subdistrict":"บ่อถ้ำ","Tambon":"บ่อถ้ำ","__subdistrict":"บ่อถ้ำ","village":"บ้านมะม่วงงาม","BaanN":"บ้านมะม่วงงาม","__village":"บ้านมะม่วงงาม","land_type":"พื้นที่เกษตร","LandType":"พื้นที่เกษตร","plant_type":"นาข้าว","PlantType":"นาข้าว","crop_type":"นาข้าว","crop_type_raw":"นาข้าว","__crop":"นาข้าว","__plant_type":"นาข้าว","confidence":"low","source":"NASA FIRMS VIIRS","source_file":"HOTSPOT Viirs 1 ม.ค - 31 พ.ค 66 (รวม).xlsx","filter_rule":"Province=กำแพงเพชร; LandType=พื้นที่เกษตร; PlantType in allowed list; hierarchy uses Province→Amphoe→Tambon→BaanN from source table","latitude":15.9611,"longitude":99.79243,"month":4,"day":21,"responsibility_code":"5","landuse_code":"A101","utm_zone":"47","utm_e":"584802.026","utm_n":"1764793.749"},"geometry":{"type":"Point","coordinates":[99.79243,15.9611]}},{"type":"Feature","properties":{"hs_id":"VI1202304210644urgxbrvxzz","hsID":"VI1202304210644urgxbrvxzz","acq_date":"2023-04-21","Date":"2023-04-21","acq_time":"1344","year_be":2566,"season_be":2566,"dataset_year_be":2566,"province":"กำแพงเพชร","Province":"กำแพงเพชร","__province":"กำแพงเพชร","district":"คลองขลุง","Amphoe":"คลองขลุง","__district":"คลองขลุง","subdistrict":"วังแขม","Tambon":"วังแขม","__subdistrict":"วังแขม","village":"บ้านคลองยาง","BaanN":"บ้านคลองยาง","__village":"บ้านคลองยาง","land_type":"พื้นที่เกษตร","LandType":"พื้นที่เกษตร","plant_type":"นาข้าว","PlantType":"นาข้าว","crop_type":"นาข้าว","crop_type_raw":"นาข้าว","__crop":"นาข้าว","__plant_type":"นาข้าว","confidence":"nominal","source":"NASA FIRMS VIIRS","source_file":"HOTSPOT Viirs 1 ม.ค - 31 พ.ค 66 (รวม).xlsx","filter_rule":"Province=กำแพงเพชร; LandType=พื้นที่เกษตร; PlantType in allowed list; hierarchy uses Province→Amphoe→Tambon→BaanN from source table","latitude":16.19075,"longitude":99.79098,"month":4,"day":21,"responsibility_code":"5","landuse_code":"A101","utm_zone":"47","utm_e":"584549.721","utm_n":"1790198.005"},"geometry":{"type":"Point","coordinates":[99.79098,16.19075]}},{"type":"Feature","properties":{"hs_id":"VI1202304210644urgxbrypcr","hsID":"VI1202304210644urgxbrypcr","acq_date":"2023-04-21","Date":"2023-04-21","acq_time":"1344","year_be":2566,"season_be":2566,"dataset_year_be":2566,"province":"กำแพงเพชร","Province":"กำแพงเพชร","__province":"กำแพงเพชร","district":"คลองขลุง","Amphoe":"คลองขลุง","__district":"คลองขลุง","subdistrict":"วังแขม","Tambon":"วังแขม","__subdistrict":"วังแขม","village":"บ้านนาไร่เดียว","BaanN":"บ้านนาไร่เดียว","__village":"บ้านนาไร่เดียว","land_type":"พื้นที่เกษตร","LandType":"พื้นที่เกษตร","plant_type":"นาข้าว","PlantType":"นาข้าว","crop_type":"นาข้าว","crop_type_raw":"นาข้าว","__crop":"นาข้าว","__plant_type":"นาข้าว","confidence":"nominal","source":"NASA FIRMS VIIRS","source_file":"HOTSPOT Viirs 1 ม.ค - 31 พ.ค 66 (รวม).xlsx","filter_rule":"Province=กำแพงเพชร; LandType=พื้นที่เกษตร; PlantType in allowed list; hierarchy uses Province→Amphoe→Tambon→BaanN from source table","latitude":16.19116,"longitude":99.81776,"month":4,"day":21,"responsibility_code":"5","landuse_code":"A101","utm_zone":"47","utm_e":"587412.28","utm_n":"1790254.569"},"geometry":{"type":"Point","coordinates":[99.81776,16.19116]}},{"type":"Feature","properties":{"hs_id":"VI1202304210644urgxbzfpcp","hsID":"VI1202304210644urgxbzfpcp","acq_date":"2023-04-21","Date":"2023-04-21","acq_time":"1344","year_be":2566,"season_be":2566,"dataset_year_be":2566,"province":"กำแพงเพชร","Province":"กำแพงเพชร","__province":"กำแพงเพชร","district":"บึงสามัคคี","Amphoe":"บึงสามัคคี","__district":"บึงสามัคคี","subdistrict":"วังชะโอน","Tambon":"วังชะโอน","__subdistrict":"วังชะโอน","village":"บ้านชัยมงคล","BaanN":"บ้านชัยมงคล","__village":"บ้านชัยมงคล","land_type":"พื้นที่เกษตร","LandType":"พื้นที่เกษตร","plant_type":"นาข้าว","PlantType":"นาข้าว","crop_type":"นาข้าว","crop_type_raw":"นาข้าว","__crop":"นาข้าว","__plant_type":"นาข้าว","confidence":"low","source":"NASA FIRMS VIIRS","source_file":"HOTSPOT Viirs 1 ม.ค - 31 พ.ค 66 (รวม).xlsx","filter_rule":"Province=กำแพงเพชร; LandType=พื้นที่เกษตร; PlantType in allowed list; hierarchy uses Province→Amphoe→Tambon→BaanN from source table","latitude":16.20763,"longitude":100.00443,"month":4,"day":21,"responsibility_code":"5","landuse_code":"A101","utm_zone":"47","utm_e":"607358.538","utm_n":"1792165.15"},"geometry":{"type":"Point","coordinates":[100.00443,16.20763]}},{"type":"Feature","properties":{"hs_id":"VI1202304210644urgxzpfpzr","hsID":"VI1202304210644urgxzpfpzr","acq_date":"2023-04-21","Date":"2023-04-21","acq_time":"1344","year_be":2566,"season_be":2566,"dataset_year_be":2566,"province":"กำแพงเพชร","Province":"กำแพงเพชร","__province":"กำแพงเพชร","district":"เมืองกำแพงเพชร","Amphoe":"เมืองกำแพงเพชร","__district":"เมืองกำแพงเพชร","subdistrict":"นิคมทุ่งโพธิ์ทะเล","Tambon":"นิคมทุ่งโพธิ์ทะเล","__subdistrict":"นิคมทุ่งโพธิ์ทะเล","village":"บ้านหนองซึ่งพัฒนา","BaanN":"บ้านหนองซึ่งพัฒนา","__village":"บ้านหนองซึ่งพัฒนา","land_type":"พื้นที่เกษตร","LandType":"พื้นที่เกษตร","plant_type":"นาข้าว","PlantType":"นาข้าว","crop_type":"นาข้าว","crop_type_raw":"นาข้าว","__crop":"นาข้าว","__plant_type":"นาข้าว","confidence":"nominal","source":"NASA FIRMS VIIRS","source_file":"HOTSPOT Viirs 1 ม.ค - 31 พ.ค 66 (รวม).xlsx","filter_rule":"Province=กำแพงเพชร; LandType=พื้นที่เกษตร; PlantType in allowed list; hierarchy uses Province→Amphoe→Tambon→BaanN from source table","latitude":16.48255,"longitude":99.73448,"month":4,"day":21,"responsibility_code":"5","landuse_code":"A101","utm_zone":"47","utm_e":"578393.608","utm_n":"1822456.142"},"geometry":{"type":"Point","coordinates":[99.73448,16.48255]}},{"type":"Feature","properties":{"hs_id":"VI1202304210644urgxzxyrgr","hsID":"VI1202304210644urgxzxyrgr","acq_date":"2023-04-21","Date":"2023-04-21","acq_time":"1344","year_be":2566,"season_be":2566,"dataset_year_be":2566,"province":"กำแพงเพชร","Province":"กำแพงเพชร","__province":"กำแพงเพชร","district":"เมืองกำแพงเพชร","Amphoe":"เมืองกำแพงเพชร","__district":"เมืองกำแพงเพชร","subdistrict":"นิคมทุ่งโพธิ์ทะเล","Tambon":"นิคมทุ่งโพธิ์ทะเล","__subdistrict":"นิคมทุ่งโพธิ์ทะเล","village":"บ้านแปดอ้อม","BaanN":"บ้านแปดอ้อม","__village":"บ้านแปดอ้อม","land_type":"พื้นที่เกษตร","LandType":"พื้นที่เกษตร","plant_type":"นาข้าว","PlantType":"นาข้าว","crop_type":"นาข้าว","crop_type_raw":"นาข้าว","__crop":"นาข้าว","__plant_type":"นาข้าว","confidence":"nominal","source":"NASA FIRMS VIIRS","source_file":"HOTSPOT Viirs 1 ม.ค - 31 พ.ค 66 (รวม).xlsx","filter_rule":"Province=กำแพงเพชร; LandType=พื้นที่เกษตร; PlantType in allowed list; hierarchy uses Province→Amphoe→Tambon→BaanN from source table","latitude":16.51019,"longitude":99.73408,"month":4,"day":21,"responsibility_code":"5","landuse_code":"A101","utm_zone":"47","utm_e":"578339.788","utm_n":"1825513.724"},"geometry":{"type":"Point","coordinates":[99.73408,16.51019]}},{"type":"Feature","properties":{"hs_id":"VI1202304210644urgzcpyxbp","hsID":"VI1202304210644urgzcpyxbp","acq_date":"2023-04-21","Date":"2023-04-21","acq_time":"1344","year_be":2566,"season_be":2566,"dataset_year_be":2566,"province":"กำแพงเพชร","Province":"กำแพงเพชร","__province":"กำแพงเพชร","district":"ลานกระบือ","Amphoe":"ลานกระบือ","__district":"ลานกระบือ","subdistrict":"ประชาสุขสันต์","Tambon":"ประชาสุขสันต์","__subdistrict":"ประชาสุขสันต์","village":"บ้านลานตาบัว","BaanN":"บ้านลานตาบัว","__village":"บ้านลานตาบัว","land_type":"พื้นที่เกษตร","LandType":"พื้นที่เกษตร","plant_type":"นาข้าว","PlantType":"นาข้าว","crop_type":"นาข้าว","crop_type_raw":"นาข้าว","__crop":"นาข้าว","__plant_type":"นาข้าว","confidence":"low","source":"NASA FIRMS VIIRS","source_file":"HOTSPOT Viirs 1 ม.ค - 31 พ.ค 66 (รวม).xlsx","filter_rule":"Province=กำแพงเพชร; LandType=พื้นที่เกษตร; PlantType in allowed list; hierarchy uses Province→Amphoe→Tambon→BaanN from source table","latitude":16.57631,"longitude":100.00282,"month":4,"day":21,"responsibility_code":"5","landuse_code":"A101","utm_zone":"47","utm_e":"606984.951","utm_n":"1832952.426"},"geometry":{"type":"Point","coordinates":[100.00282,16.57631]}},{"type":"Feature","properties":{"hs_id":"VI1202304210644urgzczvpzp","hsID":"VI1202304210644urgzczvpzp","acq_date":"2023-04-21","Date":"2023-04-21","acq_time":"1344","year_be":2566,"season_be":2566,"dataset_year_be":2566,"province":"กำแพงเพชร","Province":"กำแพงเพชร","__province":"กำแพงเพชร","district":"พรานกระต่าย","Amphoe":"พรานกระต่าย","__district":"พรานกระต่าย","subdistrict":"เขาคีริส","Tambon":"เขาคีริส","__subdistrict":"เขาคีริส","village":"บ้านดอนขมิ้น","BaanN":"บ้านดอนขมิ้น","__village":"บ้านดอนขมิ้น","land_type":"พื้นที่เกษตร","LandType":"พื้นที่เกษตร","plant_type":"นาข้าว","PlantType":"นาข้าว","crop_type":"นาข้าว","crop_type_raw":"นาข้าว","__crop":"นาข้าว","__plant_type":"นาข้าว","confidence":"nominal","source":"NASA FIRMS VIIRS","source_file":"HOTSPOT Viirs 1 ม.ค - 31 พ.ค 66 (รวม).xlsx","filter_rule":"Province=กำแพงเพชร; LandType=พื้นที่เกษตร; PlantType in allowed list; hierarchy uses Province→Amphoe→Tambon→BaanN from source table","latitude":16.60751,"longitude":99.63813,"month":4,"day":21,"responsibility_code":"5","landuse_code":"A101","utm_zone":"47","utm_e":"568065.605","utm_n":"1836245.001"},"geometry":{"type":"Point","coordinates":[99.63813,16.60751]}},{"type":"Feature","properties":{"hs_id":"VI1202304210644urgzfxuzzp","hsID":"VI1202304210644urgzfxuzzp","acq_date":"2023-04-21","Date":"2023-04-21","acq_time":"1344","year_be":2566,"season_be":2566,"dataset_year_be":2566,"province":"กำแพงเพชร","Province":"กำแพงเพชร","__province":"กำแพงเพชร","district":"ลานกระบือ","Amphoe":"ลานกระบือ","__district":"ลานกระบือ","subdistrict":"หนองหลวง","Tambon":"หนองหลวง","__subdistrict":"หนองหลวง","village":"บ้านหนองสระ","BaanN":"บ้านหนองสระ","__village":"บ้านหนองสระ","land_type":"พื้นที่เกษตร","LandType":"พื้นที่เกษตร","plant_type":"นาข้าว","PlantType":"นาข้าว","crop_type":"นาข้าว","crop_type_raw":"นาข้าว","__crop":"นาข้าว","__plant_type":"นาข้าว","confidence":"nominal","source":"NASA FIRMS VIIRS","source_file":"HOTSPOT Viirs 1 ม.ค - 31 พ.ค 66 (รวม).xlsx","filter_rule":"Province=กำแพงเพชร; LandType=พื้นที่เกษตร; PlantType in allowed list; hierarchy uses Province→Amphoe→Tambon→BaanN from source table","latitude":16.64013,"longitude":99.76764,"month":4,"day":21,"responsibility_code":"5","landuse_code":"A101","utm_zone":"47","utm_e":"581866.486","utm_n":"1839902.17"},"geometry":{"type":"Point","coordinates":[99.76764,16.64013]}},{"type":"Feature","properties":{"hs_id":"VI1202304220627urgxgpyrvp","hsID":"VI1202304220627urgxgpyrvp","acq_date":"2023-04-22","Date":"2023-04-22","acq_time":"1327","year_be":2566,"season_be":2566,"dataset_year_be":2566,"province":"กำแพงเพชร","Province":"กำแพงเพชร","__province":"กำแพงเพชร","district":"ทรายทองวัฒนา","Amphoe":"ทรายทองวัฒนา","__district":"ทรายทองวัฒนา","subdistrict":"ทุ่งทราย","Tambon":"ทุ่งทราย","__subdistrict":"ทุ่งทราย","village":"บ้านไทรย้อย","BaanN":"บ้านไทรย้อย","__village":"บ้านไทรย้อย","land_type":"พื้นที่เกษตร","LandType":"พื้นที่เกษตร","plant_type":"นาข้าว","PlantType":"นาข้าว","crop_type":"นาข้าว","crop_type_raw":"นาข้าว","__crop":"นาข้าว","__plant_type":"นาข้าว","confidence":"low","source":"NASA FIRMS VIIRS","source_file":"HOTSPOT Viirs 1 ม.ค - 31 พ.ค 66 (รวม).xlsx","filter_rule":"Province=กำแพงเพชร; LandType=พื้นที่เกษตร; PlantType in allowed list; hierarchy uses Province→Amphoe→Tambon→BaanN from source table","latitude":16.31251,"longitude":99.80724,"month":4,"day":22,"responsibility_code":"5","landuse_code":"A101","utm_zone":"47","utm_e":"586234.774","utm_n":"1803674.63"},"geometry":{"type":"Point","coordinates":[99.80724,16.31251]}},{"type":"Feature","properties":{"hs_id":"VI1202304211915urgxvzczcr","hsID":"VI1202304211915urgxvzczcr","acq_date":"2023-04-22","Date":"2023-04-22","acq_time":"215","year_be":2566,"season_be":2566,"dataset_year_be":2566,"province":"กำแพงเพชร","Province":"กำแพงเพชร","__province":"กำแพงเพชร","district":"เมืองกำแพงเพชร","Amphoe":"เมืองกำแพงเพชร","__district":"เมืองกำแพงเพชร","subdistrict":"คลองแม่ลาย","Tambon":"คลองแม่ลาย","__subdistrict":"คลองแม่ลาย","village":"บ้านสันติสุข","BaanN":"บ้านสันติสุข","__village":"บ้านสันติสุข","land_type":"พื้นที่เกษตร","LandType":"พื้นที่เกษตร","plant_type":"เกษตรอื่น ๆ","PlantType":"เกษตรอื่น ๆ","crop_type":"เกษตรอื่น ๆ","crop_type_raw":"เกษตรอื่น ๆ","__crop":"เกษตรอื่น ๆ","__plant_type":"เกษตรอื่น ๆ","confidence":"nominal","source":"NASA FIRMS VIIRS","source_file":"HOTSPOT Viirs 1 ม.ค - 31 พ.ค 66 (รวม).xlsx","filter_rule":"Province=กำแพงเพชร; LandType=พื้นที่เกษตร; PlantType in allowed list; hierarchy uses Province→Amphoe→Tambon→BaanN from source table","latitude":16.42702,"longitude":99.47725,"month":4,"day":22,"responsibility_code":"5","landuse_code":"A999","utm_zone":"47","utm_e":"550952.367","utm_n":"1816230.904"},"geometry":{"type":"Point","coordinates":[99.47725,16.42702]}},{"type":"Feature","properties":{"hs_id":"VI1202304230605urgrvpzrcz","hsID":"VI1202304230605urgrvpzrcz","acq_date":"2023-04-23","Date":"2023-04-23","acq_time":"1305","year_be":2566,"season_be":2566,"dataset_year_be":2566,"province":"กำแพงเพชร","Province":"กำแพงเพชร","__province":"กำแพงเพชร","district":"ขาณุวรลักษบุรี","Amphoe":"ขาณุวรลักษบุรี","__district":"ขาณุวรลักษบุรี","subdistrict":"แสนตอ","Tambon":"แสนตอ","__subdistrict":"แสนตอ","village":"บ้านโนนม่วง, บ้านโนนบ้าน","BaanN":"บ้านโนนม่วง, บ้านโนนบ้าน","__village":"บ้านโนนม่วง, บ้านโนนบ้าน","land_type":"พื้นที่เกษตร","LandType":"พื้นที่เกษตร","plant_type":"นาข้าว","PlantType":"นาข้าว","crop_type":"นาข้าว","crop_type_raw":"นาข้าว","__crop":"นาข้าว","__plant_type":"นาข้าว","confidence":"nominal","source":"NASA FIRMS VIIRS","source_file":"HOTSPOT Viirs 1 ม.ค - 31 พ.ค 66 (รวม).xlsx","filter_rule":"Province=กำแพงเพชร; LandType=พื้นที่เกษตร; PlantType in allowed list; hierarchy uses Province→Amphoe→Tambon→BaanN from source table","latitude":16.05008,"longitude":99.83286,"month":4,"day":23,"responsibility_code":"5","landuse_code":"A101","utm_zone":"47","utm_e":"589089.447","utm_n":"1774653.99"},"geometry":{"type":"Point","coordinates":[99.83286,16.05008]}},{"type":"Feature","properties":{"hs_id":"VI1202304230605urgrvrbpfz","hsID":"VI1202304230605urgrvrbpfz","acq_date":"2023-04-23","Date":"2023-04-23","acq_time":"1305","year_be":2566,"season_be":2566,"dataset_year_be":2566,"province":"กำแพงเพชร","Province":"กำแพงเพชร","__province":"กำแพงเพชร","district":"ขาณุวรลักษบุรี","Amphoe":"ขาณุวรลักษบุรี","__district":"ขาณุวรลักษบุรี","subdistrict":"แสนตอ","Tambon":"แสนตอ","__subdistrict":"แสนตอ","village":"บ้านแสนตอ","BaanN":"บ้านแสนตอ","__village":"บ้านแสนตอ","land_type":"พื้นที่เกษตร","LandType":"พื้นที่เกษตร","plant_type":"นาข้าว","PlantType":"นาข้าว","crop_type":"นาข้าว","crop_type_raw":"นาข้าว","__crop":"นาข้าว","__plant_type":"นาข้าว","confidence":"nominal","source":"NASA FIRMS VIIRS","source_file":"HOTSPOT Viirs 1 ม.ค - 31 พ.ค 66 (รวม).xlsx","filter_rule":"Province=กำแพงเพชร; LandType=พื้นที่เกษตร; PlantType in allowed list; hierarchy uses Province→Amphoe→Tambon→BaanN from source table","latitude":16.05115,"longitude":99.83829,"month":4,"day":23,"responsibility_code":"5","landuse_code":"A101","utm_zone":"47","utm_e":"589669.84","utm_n":"1774774.701"},"geometry":{"type":"Point","coordinates":[99.83829,16.05115]}},{"type":"Feature","properties":{"hs_id":"VI1202304230605urgrvrbxfx","hsID":"VI1202304230605urgrvrbxfx","acq_date":"2023-04-23","Date":"2023-04-23","acq_time":"1305","year_be":2566,"season_be":2566,"dataset_year_be":2566,"province":"กำแพงเพชร","Province":"กำแพงเพชร","__province":"กำแพงเพชร","district":"ขาณุวรลักษบุรี","Amphoe":"ขาณุวรลักษบุรี","__district":"ขาณุวรลักษบุรี","subdistrict":"แสนตอ","Tambon":"แสนตอ","__subdistrict":"แสนตอ","village":"บ้านโนนม่วง, บ้านโนนบ้าน","BaanN":"บ้านโนนม่วง, บ้านโนนบ้าน","__village":"บ้านโนนม่วง, บ้านโนนบ้าน","land_type":"พื้นที่เกษตร","LandType":"พื้นที่เกษตร","plant_type":"นาข้าว","PlantType":"นาข้าว","crop_type":"นาข้าว","crop_type_raw":"นาข้าว","__crop":"นาข้าว","__plant_type":"นาข้าว","confidence":"nominal","source":"NASA FIRMS VIIRS","source_file":"HOTSPOT Viirs 1 ม.ค - 31 พ.ค 66 (รวม).xlsx","filter_rule":"Province=กำแพงเพชร; LandType=พื้นที่เกษตร; PlantType in allowed list; hierarchy uses Province→Amphoe→Tambon→BaanN from source table","latitude":16.05183,"longitude":99.83531,"month":4,"day":23,"responsibility_code":"5","landuse_code":"A101","utm_zone":"47","utm_e":"589350.754","utm_n":"1774848.639"},"geometry":{"type":"Point","coordinates":[99.83531,16.05183]}},{"type":"Feature","properties":{"hs_id":"VI1202304230605urgxgryryx","hsID":"VI1202304230605urgxgryryx","acq_date":"2023-04-23","Date":"2023-04-23","acq_time":"1305","year_be":2566,"season_be":2566,"dataset_year_be":2566,"province":"กำแพงเพชร","Province":"กำแพงเพชร","__province":"กำแพงเพชร","district":"เมืองกำแพงเพชร","Amphoe":"เมืองกำแพงเพชร","__district":"เมืองกำแพงเพชร","subdistrict":"ไตรตรึงษ์","Tambon":"ไตรตรึงษ์","__subdistrict":"ไตรตรึงษ์","village":"บ้านตาเปีย","BaanN":"บ้านตาเปีย","__village":"บ้านตาเปีย","land_type":"พื้นที่เกษตร","LandType":"พื้นที่เกษตร","plant_type":"นาข้าว","PlantType":"นาข้าว","crop_type":"นาข้าว","crop_type_raw":"นาข้าว","__crop":"นาข้าว","__plant_type":"นาข้าว","confidence":"low","source":"NASA FIRMS VIIRS","source_file":"HOTSPOT Viirs 1 ม.ค - 31 พ.ค 66 (รวม).xlsx","filter_rule":"Province=กำแพงเพชร; LandType=พื้นที่เกษตร; PlantType in allowed list; hierarchy uses Province→Amphoe→Tambon→BaanN from source table","latitude":16.32356,"longitude":99.57895,"month":4,"day":23,"responsibility_code":"5","landuse_code":"A101","utm_zone":"47","utm_e":"561842.997","utm_n":"1804814.14"},"geometry":{"type":"Point","coordinates":[99.57895,16.32356]}},{"type":"Feature","properties":{"hs_id":"VI1202304230605urgxgxgxgr","hsID":"VI1202304230605urgxgxgxgr","acq_date":"2023-04-23","Date":"2023-04-23","acq_time":"1305","year_be":2566,"season_be":2566,"dataset_year_be":2566,"province":"กำแพงเพชร","Province":"กำแพงเพชร","__province":"กำแพงเพชร","district":"คลองขลุง","Amphoe":"คลองขลุง","__district":"คลองขลุง","subdistrict":"วังบัว","Tambon":"วังบัว","__subdistrict":"วังบัว","village":"บ้านโกรกน้ำซึม","BaanN":"บ้านโกรกน้ำซึม","__village":"บ้านโกรกน้ำซึม","land_type":"พื้นที่เกษตร","LandType":"พื้นที่เกษตร","plant_type":"นาข้าว","PlantType":"นาข้าว","crop_type":"นาข้าว","crop_type_raw":"นาข้าว","__crop":"นาข้าว","__plant_type":"นาข้าว","confidence":"nominal","source":"NASA FIRMS VIIRS","source_file":"HOTSPOT Viirs 1 ม.ค - 31 พ.ค 66 (รวม).xlsx","filter_rule":"Province=กำแพงเพชร; LandType=พื้นที่เกษตร; PlantType in allowed list; hierarchy uses Province→Amphoe→Tambon→BaanN from source table","latitude":16.33064,"longitude":99.72112,"month":4,"day":23,"responsibility_code":"5","landuse_code":"A101","utm_zone":"47","utm_e":"577027.329","utm_n":"1805645.796"},"geometry":{"type":"Point","coordinates":[99.72112,16.33064]}},{"type":"Feature","properties":{"hs_id":"VI1202304221858urgxgzcxup","hsID":"VI1202304221858urgxgzcxup","acq_date":"2023-04-23","Date":"2023-04-23","acq_time":"158","year_be":2566,"season_be":2566,"dataset_year_be":2566,"province":"กำแพงเพชร","Province":"กำแพงเพชร","__province":"กำแพงเพชร","district":"เมืองกำแพงเพชร","Amphoe":"เมืองกำแพงเพชร","__district":"เมืองกำแพงเพชร","subdistrict":"ไตรตรึงษ์","Tambon":"ไตรตรึงษ์","__subdistrict":"ไตรตรึงษ์","village":"บ้านทุ่งเฉลียว","BaanN":"บ้านทุ่งเฉลียว","__village":"บ้านทุ่งเฉลียว","land_type":"พื้นที่เกษตร","LandType":"พื้นที่เกษตร","plant_type":"อ้อย","PlantType":"อ้อย","crop_type":"อ้อย","crop_type_raw":"อ้อย","__crop":"อ้อย","__plant_type":"อ้อย","confidence":"nominal","source":"NASA FIRMS VIIRS","source_file":"HOTSPOT Viirs 1 ม.ค - 31 พ.ค 66 (รวม).xlsx","filter_rule":"Province=กำแพงเพชร; LandType=พื้นที่เกษตร; PlantType in allowed list; hierarchy uses Province→Amphoe→Tambon→BaanN from source table","latitude":16.33891,"longitude":99.57018,"month":4,"day":23,"responsibility_code":"5","landuse_code":"A203","utm_zone":"47","utm_e":"560901.414","utm_n":"1806509.555"},"geometry":{"type":"Point","coordinates":[99.57018,16.33891]}},{"type":"Feature","properties":{"hs_id":"VI1202304230605urgxgzzpcx","hsID":"VI1202304230605urgxgzzpcx","acq_date":"2023-04-23","Date":"2023-04-23","acq_time":"1305","year_be":2566,"season_be":2566,"dataset_year_be":2566,"province":"กำแพงเพชร","Province":"กำแพงเพชร","__province":"กำแพงเพชร","district":"เมืองกำแพงเพชร","Amphoe":"เมืองกำแพงเพชร","__district":"เมืองกำแพงเพชร","subdistrict":"คณฑี","Tambon":"คณฑี","__subdistrict":"คณฑี","village":"บ้านเกาะธำมรงค์","BaanN":"บ้านเกาะธำมรงค์","__village":"บ้านเกาะธำมรงค์","land_type":"พื้นที่เกษตร","LandType":"พื้นที่เกษตร","plant_type":"นาข้าว","PlantType":"นาข้าว","crop_type":"นาข้าว","crop_type_raw":"นาข้าว","__crop":"นาข้าว","__plant_type":"นาข้าว","confidence":"nominal","source":"NASA FIRMS VIIRS","source_file":"HOTSPOT Viirs 1 ม.ค - 31 พ.ค 66 (รวม).xlsx","filter_rule":"Province=กำแพงเพชร; LandType=พื้นที่เกษตร; PlantType in allowed list; hierarchy uses Province→Amphoe→Tambon→BaanN from source table","latitude":16.34635,"longitude":99.67228,"month":4,"day":23,"responsibility_code":"5","landuse_code":"A101","utm_zone":"47","utm_e":"571804.476","utm_n":"1807365.867"},"geometry":{"type":"Point","coordinates":[99.67228,16.34635]}},{"type":"Feature","properties":{"hs_id":"VI1202304230605urgxupfpbr","hsID":"VI1202304230605urgxupfpbr","acq_date":"2023-04-23","Date":"2023-04-23","acq_time":"1305","year_be":2566,"season_be":2566,"dataset_year_be":2566,"province":"กำแพงเพชร","Province":"กำแพงเพชร","__province":"กำแพงเพชร","district":"เมืองกำแพงเพชร","Amphoe":"เมืองกำแพงเพชร","__district":"เมืองกำแพงเพชร","subdistrict":"คณฑี","Tambon":"คณฑี","__subdistrict":"คณฑี","village":"บ้านเกาะธำมรงค์","BaanN":"บ้านเกาะธำมรงค์","__village":"บ้านเกาะธำมรงค์","land_type":"พื้นที่เกษตร","LandType":"พื้นที่เกษตร","plant_type":"นาข้าว","PlantType":"นาข้าว","crop_type":"นาข้าว","crop_type_raw":"นาข้าว","__crop":"นาข้าว","__plant_type":"นาข้าว","confidence":"nominal","source":"NASA FIRMS VIIRS","source_file":"HOTSPOT Viirs 1 ม.ค - 31 พ.ค 66 (รวม).xlsx","filter_rule":"Province=กำแพงเพชร; LandType=พื้นที่เกษตร; PlantType in allowed list; hierarchy uses Province→Amphoe→Tambon→BaanN from source table","latitude":16.35042,"longitude":99.67473,"month":4,"day":23,"responsibility_code":"5","landuse_code":"A101","utm_zone":"47","utm_e":"572064.672","utm_n":"1807816.975"},"geometry":{"type":"Point","coordinates":[99.67473,16.35042]}},{"type":"Feature","properties":{"hs_id":"VI1202304230605urgxuxfzbz","hsID":"VI1202304230605urgxuxfzbz","acq_date":"2023-04-23","Date":"2023-04-23","acq_time":"1305","year_be":2566,"season_be":2566,"dataset_year_be":2566,"province":"กำแพงเพชร","Province":"กำแพงเพชร","__province":"กำแพงเพชร","district":"เมืองกำแพงเพชร","Amphoe":"เมืองกำแพงเพชร","__district":"เมืองกำแพงเพชร","subdistrict":"คณฑี","Tambon":"คณฑี","__subdistrict":"คณฑี","village":"บ้านโพธิ์อำนวย","BaanN":"บ้านโพธิ์อำนวย","__village":"บ้านโพธิ์อำนวย","land_type":"พื้นที่เกษตร","LandType":"พื้นที่เกษตร","plant_type":"นาข้าว","PlantType":"นาข้าว","crop_type":"นาข้าว","crop_type_raw":"นาข้าว","__crop":"นาข้าว","__plant_type":"นาข้าว","confidence":"nominal","source":"NASA FIRMS VIIRS","source_file":"HOTSPOT Viirs 1 ม.ค - 31 พ.ค 66 (รวม).xlsx","filter_rule":"Province=กำแพงเพชร; LandType=พื้นที่เกษตร; PlantType in allowed list; hierarchy uses Province→Amphoe→Tambon→BaanN from source table","latitude":16.37344,"longitude":99.66434,"month":4,"day":23,"responsibility_code":"5","landuse_code":"A101","utm_zone":"47","utm_e":"570946.605","utm_n":"1810359.899"},"geometry":{"type":"Point","coordinates":[99.66434,16.37344]}},{"type":"Feature","properties":{"hs_id":"VI1202304230605urgxuxgxcx","hsID":"VI1202304230605urgxuxgxcx","acq_date":"2023-04-23","Date":"2023-04-23","acq_time":"1305","year_be":2566,"season_be":2566,"dataset_year_be":2566,"province":"กำแพงเพชร","Province":"กำแพงเพชร","__province":"กำแพงเพชร","district":"เมืองกำแพงเพชร","Amphoe":"เมืองกำแพงเพชร","__district":"เมืองกำแพงเพชร","subdistrict":"คณฑี","Tambon":"คณฑี","__subdistrict":"คณฑี","village":"บ้านโพธิ์อำนวย","BaanN":"บ้านโพธิ์อำนวย","__village":"บ้านโพธิ์อำนวย","land_type":"พื้นที่เกษตร","LandType":"พื้นที่เกษตร","plant_type":"นาข้าว","PlantType":"นาข้าว","crop_type":"นาข้าว","crop_type_raw":"นาข้าว","__crop":"นาข้าว","__plant_type":"นาข้าว","confidence":"low","source":"NASA FIRMS VIIRS","source_file":"HOTSPOT Viirs 1 ม.ค - 31 พ.ค 66 (รวม).xlsx","filter_rule":"Province=กำแพงเพชร; LandType=พื้นที่เกษตร; PlantType in allowed list; hierarchy uses Province→Amphoe→Tambon→BaanN from source table","latitude":16.37451,"longitude":99.66982,"month":4,"day":23,"responsibility_code":"5","landuse_code":"A101","utm_zone":"47","utm_e":"571531.461","utm_n":"1810480.189"},"geometry":{"type":"Point","coordinates":[99.66982,16.37451]}},{"type":"Feature","properties":{"hs_id":"VI1202304230605urgzbpgzzp","hsID":"VI1202304230605urgzbpgzzp","acq_date":"2023-04-23","Date":"2023-04-23","acq_time":"1305","year_be":2566,"season_be":2566,"dataset_year_be":2566,"province":"กำแพงเพชร","Province":"กำแพงเพชร","__province":"กำแพงเพชร","district":"เมืองกำแพงเพชร","Amphoe":"เมืองกำแพงเพชร","__district":"เมืองกำแพงเพชร","subdistrict":"สระแก้ว","Tambon":"สระแก้ว","__subdistrict":"สระแก้ว","village":"บ้านทรัพย์ไพรวัลย์","BaanN":"บ้านทรัพย์ไพรวัลย์","__village":"บ้านทรัพย์ไพรวัลย์","land_type":"พื้นที่เกษตร","LandType":"พื้นที่เกษตร","plant_type":"นาข้าว","PlantType":"นาข้าว","crop_type":"นาข้าว","crop_type_raw":"นาข้าว","__crop":"นาข้าว","__plant_type":"นาข้าว","confidence":"nominal","source":"NASA FIRMS VIIRS","source_file":"HOTSPOT Viirs 1 ม.ค - 31 พ.ค 66 (รวม).xlsx","filter_rule":"Province=กำแพงเพชร; LandType=พื้นที่เกษตร; PlantType in allowed list; hierarchy uses Province→Amphoe→Tambon→BaanN from source table","latitude":16.52889,"longitude":99.57244,"month":4,"day":23,"responsibility_code":"5","landuse_code":"A101","utm_zone":"47","utm_e":"561083.408","utm_n":"1827526.505"},"geometry":{"type":"Point","coordinates":[99.57244,16.52889]}},{"type":"Feature","properties":{"hs_id":"VI1202304240548urgxfxcpbr","hsID":"VI1202304240548urgxfxcpbr","acq_date":"2023-04-24","Date":"2023-04-24","acq_time":"1248","year_be":2566,"season_be":2566,"dataset_year_be":2566,"province":"กำแพงเพชร","Province":"กำแพงเพชร","__province":"กำแพงเพชร","district":"คลองขลุง","Amphoe":"คลองขลุง","__district":"คลองขลุง","subdistrict":"วังบัว","Tambon":"วังบัว","__subdistrict":"วังบัว","village":"บ้านละหาน","BaanN":"บ้านละหาน","__village":"บ้านละหาน","land_type":"พื้นที่เกษตร","LandType":"พื้นที่เกษตร","plant_type":"นาข้าว","PlantType":"นาข้าว","crop_type":"นาข้าว","crop_type_raw":"นาข้าว","__crop":"นาข้าว","__plant_type":"นาข้าว","confidence":"nominal","source":"NASA FIRMS VIIRS","source_file":"HOTSPOT Viirs 1 ม.ค - 31 พ.ค 66 (รวม).xlsx","filter_rule":"Province=กำแพงเพชร; LandType=พื้นที่เกษตร; PlantType in allowed list; hierarchy uses Province→Amphoe→Tambon→BaanN from source table","latitude":16.28313,"longitude":99.71422,"month":4,"day":24,"responsibility_code":"5","landuse_code":"A101","utm_zone":"47","utm_e":"576308.661","utm_n":"1800387.411"},"geometry":{"type":"Point","coordinates":[99.71422,16.28313]}},{"type":"Feature","properties":{"hs_id":"VI1202304240548urgxfxcpzz","hsID":"VI1202304240548urgxfxcpzz","acq_date":"2023-04-24","Date":"2023-04-24","acq_time":"1248","year_be":2566,"season_be":2566,"dataset_year_be":2566,"province":"กำแพงเพชร","Province":"กำแพงเพชร","__province":"กำแพงเพชร","district":"คลองขลุง","Amphoe":"คลองขลุง","__district":"คลองขลุง","subdistrict":"วังบัว","Tambon":"วังบัว","__subdistrict":"วังบัว","village":"บ้านละหาน","BaanN":"บ้านละหาน","__village":"บ้านละหาน","land_type":"พื้นที่เกษตร","LandType":"พื้นที่เกษตร","plant_type":"นาข้าว","PlantType":"นาข้าว","crop_type":"นาข้าว","crop_type_raw":"นาข้าว","__crop":"นาข้าว","__plant_type":"นาข้าว","confidence":"nominal","source":"NASA FIRMS VIIRS","source_file":"HOTSPOT Viirs 1 ม.ค - 31 พ.ค 66 (รวม).xlsx","filter_rule":"Province=กำแพงเพชร; LandType=พื้นที่เกษตร; PlantType in allowed list; hierarchy uses Province→Amphoe→Tambon→BaanN from source table","latitude":16.28345,"longitude":99.71147,"month":4,"day":24,"responsibility_code":"5","landuse_code":"A101","utm_zone":"47","utm_e":"576014.709","utm_n":"1800421.786"},"geometry":{"type":"Point","coordinates":[99.71147,16.28345]}},{"type":"Feature","properties":{"hs_id":"VI1202304250709urgrurfzcr","hsID":"VI1202304250709urgrurfzcr","acq_date":"2023-04-25","Date":"2023-04-25","acq_time":"1409","year_be":2566,"season_be":2566,"dataset_year_be":2566,"province":"กำแพงเพชร","Province":"กำแพงเพชร","__province":"กำแพงเพชร","district":"ขาณุวรลักษบุรี","Amphoe":"ขาณุวรลักษบุรี","__district":"ขาณุวรลักษบุรี","subdistrict":"แสนตอ","Tambon":"แสนตอ","__subdistrict":"แสนตอ","village":"บ้านหนองเหมือด","BaanN":"บ้านหนองเหมือด","__village":"บ้านหนองเหมือด","land_type":"พื้นที่เกษตร","LandType":"พื้นที่เกษตร","plant_type":"นาข้าว","PlantType":"นาข้าว","crop_type":"นาข้าว","crop_type_raw":"นาข้าว","__crop":"นาข้าว","__plant_type":"นาข้าว","confidence":"low","source":"NASA FIRMS VIIRS","source_file":"HOTSPOT Viirs 1 ม.ค - 31 พ.ค 66 (รวม).xlsx","filter_rule":"Province=กำแพงเพชร; LandType=พื้นที่เกษตร; PlantType in allowed list; hierarchy uses Province→Amphoe→Tambon→BaanN from source table","latitude":16.01092,"longitude":99.83475,"month":4,"day":25,"responsibility_code":"5","landuse_code":"A101","utm_zone":"47","utm_e":"589309.059","utm_n":"1770322.738"},"geometry":{"type":"Point","coordinates":[99.83475,16.01092]}},{"type":"Feature","properties":{"hs_id":"VI1202304250709urgxgrbryz","hsID":"VI1202304250709urgxgrbryz","acq_date":"2023-04-25","Date":"2023-04-25","acq_time":"1409","year_be":2566,"season_be":2566,"dataset_year_be":2566,"province":"กำแพงเพชร","Province":"กำแพงเพชร","__province":"กำแพงเพชร","district":"เมืองกำแพงเพชร","Amphoe":"เมืองกำแพงเพชร","__district":"เมืองกำแพงเพชร","subdistrict":"ไตรตรึงษ์","Tambon":"ไตรตรึงษ์","__subdistrict":"ไตรตรึงษ์","village":"บ้านโนนโก","BaanN":"บ้านโนนโก","__village":"บ้านโนนโก","land_type":"พื้นที่เกษตร","LandType":"พื้นที่เกษตร","plant_type":"นาข้าว","PlantType":"นาข้าว","crop_type":"นาข้าว","crop_type_raw":"นาข้าว","__crop":"นาข้าว","__plant_type":"นาข้าว","confidence":"nominal","source":"NASA FIRMS VIIRS","source_file":"HOTSPOT Viirs 1 ม.ค - 31 พ.ค 66 (รวม).xlsx","filter_rule":"Province=กำแพงเพชร; LandType=พื้นที่เกษตร; PlantType in allowed list; hierarchy uses Province→Amphoe→Tambon→BaanN from source table","latitude":16.31534,"longitude":99.53817,"month":4,"day":25,"responsibility_code":"5","landuse_code":"A101","utm_zone":"47","utm_e":"557489.195","utm_n":"1803892.892"},"geometry":{"type":"Point","coordinates":[99.53817,16.31534]}},{"type":"Feature","properties":{"hs_id":"VI1202304251940urgxvxurcp","hsID":"VI1202304251940urgxvxurcp","acq_date":"2023-04-26","Date":"2023-04-26","acq_time":"240","year_be":2566,"season_be":2566,"dataset_year_be":2566,"province":"กำแพงเพชร","Province":"กำแพงเพชร","__province":"กำแพงเพชร","district":"ไทรงาม","Amphoe":"ไทรงาม","__district":"ไทรงาม","subdistrict":"หนองทอง","Tambon":"หนองทอง","__subdistrict":"หนองทอง","village":"บ้านเนินกรอย","BaanN":"บ้านเนินกรอย","__village":"บ้านเนินกรอย","land_type":"พื้นที่เกษตร","LandType":"พื้นที่เกษตร","plant_type":"นาข้าว","PlantType":"นาข้าว","crop_type":"นาข้าว","crop_type_raw":"นาข้าว","__crop":"นาข้าว","__plant_type":"นาข้าว","confidence":"nominal","source":"NASA FIRMS VIIRS","source_file":"HOTSPOT Viirs 1 ม.ค - 31 พ.ค 66 (รวม).xlsx","filter_rule":"Province=กำแพงเพชร; LandType=พื้นที่เกษตร; PlantType in allowed list; hierarchy uses Province→Amphoe→Tambon→BaanN from source table","latitude":16.41946,"longitude":99.75723,"month":4,"day":26,"responsibility_code":"5","landuse_code":"A101","utm_zone":"47","utm_e":"580848.036","utm_n":"1815485.635"},"geometry":{"type":"Point","coordinates":[99.75723,16.41946]}},{"type":"Feature","properties":{"hs_id":"VI1202304270631urgrurzxvx","hsID":"VI1202304270631urgrurzxvx","acq_date":"2023-04-27","Date":"2023-04-27","acq_time":"1331","year_be":2566,"season_be":2566,"dataset_year_be":2566,"province":"กำแพงเพชร","Province":"กำแพงเพชร","__province":"กำแพงเพชร","district":"ขาณุวรลักษบุรี","Amphoe":"ขาณุวรลักษบุรี","__district":"ขาณุวรลักษบุรี","subdistrict":"ดอนแตง","Tambon":"ดอนแตง","__subdistrict":"ดอนแตง","village":"บ้านสระตาพรม","BaanN":"บ้านสระตาพรม","__village":"บ้านสระตาพรม","land_type":"พื้นที่เกษตร","LandType":"พื้นที่เกษตร","plant_type":"นาข้าว","PlantType":"นาข้าว","crop_type":"นาข้าว","crop_type_raw":"นาข้าว","__crop":"นาข้าว","__plant_type":"นาข้าว","confidence":"nominal","source":"NASA FIRMS VIIRS","source_file":"HOTSPOT Viirs 1 ม.ค - 31 พ.ค 66 (รวม).xlsx","filter_rule":"Province=กำแพงเพชร; LandType=พื้นที่เกษตร; PlantType in allowed list; hierarchy uses Province→Amphoe→Tambon→BaanN from source table","latitude":16.01762,"longitude":99.77523,"month":4,"day":27,"responsibility_code":"5","landuse_code":"A101","utm_zone":"47","utm_e":"582937.963","utm_n":"1771039.233"},"geometry":{"type":"Point","coordinates":[99.77523,16.01762]}},{"type":"Feature","properties":{"hs_id":"VI1202304270631urgrzxbrfp","hsID":"VI1202304270631urgrzxbrfp","acq_date":"2023-04-27","Date":"2023-04-27","acq_time":"1331","year_be":2566,"season_be":2566,"dataset_year_be":2566,"province":"กำแพงเพชร","Province":"กำแพงเพชร","__province":"กำแพงเพชร","district":"บึงสามัคคี","Amphoe":"บึงสามัคคี","__district":"บึงสามัคคี","subdistrict":"ระหาน","Tambon":"ระหาน","__subdistrict":"ระหาน","village":"บ้านหนองจิก","BaanN":"บ้านหนองจิก","__village":"บ้านหนองจิก","land_type":"พื้นที่เกษตร","LandType":"พื้นที่เกษตร","plant_type":"นาข้าว","PlantType":"นาข้าว","crop_type":"นาข้าว","crop_type_raw":"นาข้าว","__crop":"นาข้าว","__plant_type":"นาข้าว","confidence":"nominal","source":"NASA FIRMS VIIRS","source_file":"HOTSPOT Viirs 1 ม.ค - 31 พ.ค 66 (รวม).xlsx","filter_rule":"Province=กำแพงเพชร; LandType=พื้นที่เกษตร; PlantType in allowed list; hierarchy uses Province→Amphoe→Tambon→BaanN from source table","latitude":16.15034,"longitude":99.92947,"month":4,"day":27,"responsibility_code":"5","landuse_code":"A101","utm_zone":"47","utm_e":"599374.465","utm_n":"1785789.487"},"geometry":{"type":"Point","coordinates":[99.92947,16.15034]}},{"type":"Feature","properties":{"hs_id":"VI1202304270631urgxfzvxfx","hsID":"VI1202304270631urgxfzvxfx","acq_date":"2023-04-27","Date":"2023-04-27","acq_time":"1331","year_be":2566,"season_be":2566,"dataset_year_be":2566,"province":"กำแพงเพชร","Province":"กำแพงเพชร","__province":"กำแพงเพชร","district":"คลองขลุง","Amphoe":"คลองขลุง","__district":"คลองขลุง","subdistrict":"วังบัว","Tambon":"วังบัว","__subdistrict":"วังบัว","village":"บ้านวังบัว","BaanN":"บ้านวังบัว","__village":"บ้านวังบัว","land_type":"พื้นที่เกษตร","LandType":"พื้นที่เกษตร","plant_type":"นาข้าว","PlantType":"นาข้าว","crop_type":"นาข้าว","crop_type_raw":"นาข้าว","__crop":"นาข้าว","__plant_type":"นาข้าว","confidence":"nominal","source":"NASA FIRMS VIIRS","source_file":"HOTSPOT Viirs 1 ม.ค - 31 พ.ค 66 (รวม).xlsx","filter_rule":"Province=กำแพงเพชร; LandType=พื้นที่เกษตร; PlantType in allowed list; hierarchy uses Province→Amphoe→Tambon→BaanN from source table","latitude":16.30039,"longitude":99.70771,"month":4,"day":27,"responsibility_code":"5","landuse_code":"A101","utm_zone":"47","utm_e":"575606.473","utm_n":"1802294.372"},"geometry":{"type":"Point","coordinates":[99.70771,16.30039]}},{"type":"Feature","properties":{"hs_id":"VI1202304270631urgxyxvxyp","hsID":"VI1202304270631urgxyxvxyp","acq_date":"2023-04-27","Date":"2023-04-27","acq_time":"1331","year_be":2566,"season_be":2566,"dataset_year_be":2566,"province":"กำแพงเพชร","Province":"กำแพงเพชร","__province":"กำแพงเพชร","district":"เมืองกำแพงเพชร","Amphoe":"เมืองกำแพงเพชร","__district":"เมืองกำแพงเพชร","subdistrict":"นิคมทุ่งโพธิ์ทะเล","Tambon":"นิคมทุ่งโพธิ์ทะเล","__subdistrict":"นิคมทุ่งโพธิ์ทะเล","village":"บ้านวังเพชรพัฒนา","BaanN":"บ้านวังเพชรพัฒนา","__village":"บ้านวังเพชรพัฒนา","land_type":"พื้นที่เกษตร","LandType":"พื้นที่เกษตร","plant_type":"นาข้าว","PlantType":"นาข้าว","crop_type":"นาข้าว","crop_type_raw":"นาข้าว","__crop":"นาข้าว","__plant_type":"นาข้าว","confidence":"nominal","source":"NASA FIRMS VIIRS","source_file":"HOTSPOT Viirs 1 ม.ค - 31 พ.ค 66 (รวม).xlsx","filter_rule":"Province=กำแพงเพชร; LandType=พื้นที่เกษตร; PlantType in allowed list; hierarchy uses Province→Amphoe→Tambon→BaanN from source table","latitude":16.46534,"longitude":99.73362,"month":4,"day":27,"responsibility_code":"5","landuse_code":"A101","utm_zone":"47","utm_e":"578308.726","utm_n":"1820551.917"},"geometry":{"type":"Point","coordinates":[99.73362,16.46534]}},{"type":"Feature","properties":{"hs_id":"VI1202304280612urgrvrvrzz","hsID":"VI1202304280612urgrvrvrzz","acq_date":"2023-04-28","Date":"2023-04-28","acq_time":"1312","year_be":2566,"season_be":2566,"dataset_year_be":2566,"province":"กำแพงเพชร","Province":"กำแพงเพชร","__province":"กำแพงเพชร","district":"ขาณุวรลักษบุรี","Amphoe":"ขาณุวรลักษบุรี","__district":"ขาณุวรลักษบุรี","subdistrict":"ดอนแตง","Tambon":"ดอนแตง","__subdistrict":"ดอนแตง","village":"บ้านมาบกระทุ่ม","BaanN":"บ้านมาบกระทุ่ม","__village":"บ้านมาบกระทุ่ม","land_type":"พื้นที่เกษตร","LandType":"พื้นที่เกษตร","plant_type":"นาข้าว","PlantType":"นาข้าว","crop_type":"นาข้าว","crop_type_raw":"นาข้าว","__crop":"นาข้าว","__plant_type":"นาข้าว","confidence":"nominal","source":"NASA FIRMS VIIRS","source_file":"HOTSPOT Viirs 1 ม.ค - 31 พ.ค 66 (รวม).xlsx","filter_rule":"Province=กำแพงเพชร; LandType=พื้นที่เกษตร; PlantType in allowed list; hierarchy uses Province→Amphoe→Tambon→BaanN from source table","latitude":16.05857,"longitude":99.78693,"month":4,"day":28,"responsibility_code":"5","landuse_code":"A101","utm_zone":"47","utm_e":"584172.564","utm_n":"1775573.984"},"geometry":{"type":"Point","coordinates":[99.78693,16.05857]}},{"type":"Feature","properties":{"hs_id":"VI1202304280612urgrvzzzyr","hsID":"VI1202304280612urgrvzzzyr","acq_date":"2023-04-28","Date":"2023-04-28","acq_time":"1312","year_be":2566,"season_be":2566,"dataset_year_be":2566,"province":"กำแพงเพชร","Province":"กำแพงเพชร","__province":"กำแพงเพชร","district":"ขาณุวรลักษบุรี","Amphoe":"ขาณุวรลักษบุรี","__district":"ขาณุวรลักษบุรี","subdistrict":"แสนตอ","Tambon":"แสนตอ","__subdistrict":"แสนตอ","village":"บ้านโนนม่วง, บ้านโนนบ้าน","BaanN":"บ้านโนนม่วง, บ้านโนนบ้าน","__village":"บ้านโนนม่วง, บ้านโนนบ้าน","land_type":"พื้นที่เกษตร","LandType":"พื้นที่เกษตร","plant_type":"นาข้าว","PlantType":"นาข้าว","crop_type":"นาข้าว","crop_type_raw":"นาข้าว","__crop":"นาข้าว","__plant_type":"นาข้าว","confidence":"nominal","source":"NASA FIRMS VIIRS","source_file":"HOTSPOT Viirs 1 ม.ค - 31 พ.ค 66 (รวม).xlsx","filter_rule":"Province=กำแพงเพชร; LandType=พื้นที่เกษตร; PlantType in allowed list; hierarchy uses Province→Amphoe→Tambon→BaanN from source table","latitude":16.08391,"longitude":99.82661,"month":4,"day":28,"responsibility_code":"5","landuse_code":"A101","utm_zone":"47","utm_e":"588405.913","utm_n":"1778393.754"},"geometry":{"type":"Point","coordinates":[99.82661,16.08391]}},{"type":"Feature","properties":{"hs_id":"VI1202304280612urgrypgzcr","hsID":"VI1202304280612urgrypgzcr","acq_date":"2023-04-28","Date":"2023-04-28","acq_time":"1312","year_be":2566,"season_be":2566,"dataset_year_be":2566,"province":"กำแพงเพชร","Province":"กำแพงเพชร","__province":"กำแพงเพชร","district":"ขาณุวรลักษบุรี","Amphoe":"ขาณุวรลักษบุรี","__district":"ขาณุวรลักษบุรี","subdistrict":"โค้งไผ่","Tambon":"โค้งไผ่","__subdistrict":"โค้งไผ่","village":"บ้านหนองโมก","BaanN":"บ้านหนองโมก","__village":"บ้านหนองโมก","land_type":"พื้นที่เกษตร","LandType":"พื้นที่เกษตร","plant_type":"นาข้าว","PlantType":"นาข้าว","crop_type":"นาข้าว","crop_type_raw":"นาข้าว","__crop":"นาข้าว","__plant_type":"นาข้าว","confidence":"nominal","source":"NASA FIRMS VIIRS","source_file":"HOTSPOT Viirs 1 ม.ค - 31 พ.ค 66 (รวม).xlsx","filter_rule":"Province=กำแพงเพชร; LandType=พื้นที่เกษตร; PlantType in allowed list; hierarchy uses Province→Amphoe→Tambon→BaanN from source table","latitude":16.08919,"longitude":99.70897,"month":4,"day":28,"responsibility_code":"5","landuse_code":"A101","utm_zone":"47","utm_e":"575821.723","utm_n":"1778931.127"},"geometry":{"type":"Point","coordinates":[99.70897,16.08919]}},{"type":"Feature","properties":{"hs_id":"VI1202304280612urgryzfzup","hsID":"VI1202304280612urgryzfzup","acq_date":"2023-04-28","Date":"2023-04-28","acq_time":"1312","year_be":2566,"season_be":2566,"dataset_year_be":2566,"province":"กำแพงเพชร","Province":"กำแพงเพชร","__province":"กำแพงเพชร","district":"ขาณุวรลักษบุรี","Amphoe":"ขาณุวรลักษบุรี","__district":"ขาณุวรลักษบุรี","subdistrict":"โค้งไผ่","Tambon":"โค้งไผ่","__subdistrict":"โค้งไผ่","village":"บ้านหนองงูเห่า","BaanN":"บ้านหนองงูเห่า","__village":"บ้านหนองงูเห่า","land_type":"พื้นที่เกษตร","LandType":"พื้นที่เกษตร","plant_type":"อ้อย","PlantType":"อ้อย","crop_type":"อ้อย","crop_type_raw":"อ้อย","__crop":"อ้อย","__plant_type":"อ้อย","confidence":"low","source":"NASA FIRMS VIIRS","source_file":"HOTSPOT Viirs 1 ม.ค - 31 พ.ค 66 (รวม).xlsx","filter_rule":"Province=กำแพงเพชร; LandType=พื้นที่เกษตร; PlantType in allowed list; hierarchy uses Province→Amphoe→Tambon→BaanN from source table","latitude":16.1209,"longitude":99.68465,"month":4,"day":28,"responsibility_code":"5","landuse_code":"A203","utm_zone":"47","utm_e":"573209.053","utm_n":"1782430.191"},"geometry":{"type":"Point","coordinates":[99.68465,16.1209]}},{"type":"Feature","properties":{"hs_id":"VI1202304280612urgrzrvxvx","hsID":"VI1202304280612urgrzrvxvx","acq_date":"2023-04-28","Date":"2023-04-28","acq_time":"1312","year_be":2566,"season_be":2566,"dataset_year_be":2566,"province":"กำแพงเพชร","Province":"กำแพงเพชร","__province":"กำแพงเพชร","district":"บึงสามัคคี","Amphoe":"บึงสามัคคี","__district":"บึงสามัคคี","subdistrict":"เทพนิมิต","Tambon":"เทพนิมิต","__subdistrict":"เทพนิมิต","village":"บ้านป่าสัก","BaanN":"บ้านป่าสัก","__village":"บ้านป่าสัก","land_type":"พื้นที่เกษตร","LandType":"พื้นที่เกษตร","plant_type":"นาข้าว","PlantType":"นาข้าว","crop_type":"นาข้าว","crop_type_raw":"นาข้าว","__crop":"นาข้าว","__plant_type":"นาข้าว","confidence":"low","source":"NASA FIRMS VIIRS","source_file":"HOTSPOT Viirs 1 ม.ค - 31 พ.ค 66 (รวม).xlsx","filter_rule":"Province=กำแพงเพชร; LandType=พื้นที่เกษตร; PlantType in allowed list; hierarchy uses Province→Amphoe→Tambon→BaanN from source table","latitude":16.14671,"longitude":99.87643,"month":4,"day":28,"responsibility_code":"5","landuse_code":"A101","utm_zone":"47","utm_e":"593705.004","utm_n":"1785363.049"},"geometry":{"type":"Point","coordinates":[99.87643,16.14671]}},{"type":"Feature","properties":{"hs_id":"VI1202304280612urgxbrvzuz","hsID":"VI1202304280612urgxbrvzuz","acq_date":"2023-04-28","Date":"2023-04-28","acq_time":"1312","year_be":2566,"season_be":2566,"dataset_year_be":2566,"province":"กำแพงเพชร","Province":"กำแพงเพชร","__province":"กำแพงเพชร","district":"คลองขลุง","Amphoe":"คลองขลุง","__district":"คลองขลุง","subdistrict":"วังไทร","Tambon":"วังไทร","__subdistrict":"วังไทร","village":"บ้านวังไทร 1","BaanN":"บ้านวังไทร 1","__village":"บ้านวังไทร 1","land_type":"พื้นที่เกษตร","LandType":"พื้นที่เกษตร","plant_type":"เกษตรอื่น ๆ","PlantType":"เกษตรอื่น ๆ","crop_type":"เกษตรอื่น ๆ","crop_type_raw":"เกษตรอื่น ๆ","__crop":"เกษตรอื่น ๆ","__plant_type":"เกษตรอื่น ๆ","confidence":"nominal","source":"NASA FIRMS VIIRS","source_file":"HOTSPOT Viirs 1 ม.ค - 31 พ.ค 66 (รวม).xlsx","filter_rule":"Province=กำแพงเพชร; LandType=พื้นที่เกษตร; PlantType in allowed list; hierarchy uses Province→Amphoe→Tambon→BaanN from source table","latitude":16.19097,"longitude":99.62194,"month":4,"day":28,"responsibility_code":"5","landuse_code":"A999","utm_zone":"47","utm_e":"566479.877","utm_n":"1790160.214"},"geometry":{"type":"Point","coordinates":[99.62194,16.19097]}},{"type":"Feature","properties":{"hs_id":"VI1202304280612urgxfrurfr","hsID":"VI1202304280612urgxfrurfr","acq_date":"2023-04-28","Date":"2023-04-28","acq_time":"1312","year_be":2566,"season_be":2566,"dataset_year_be":2566,"province":"กำแพงเพชร","Province":"กำแพงเพชร","__province":"กำแพงเพชร","district":"คลองขลุง","Amphoe":"คลองขลุง","__district":"คลองขลุง","subdistrict":"ท่ามะเขือ","Tambon":"ท่ามะเขือ","__subdistrict":"ท่ามะเขือ","village":"บ้านวังน้ำแดง","BaanN":"บ้านวังน้ำแดง","__village":"บ้านวังน้ำแดง","land_type":"พื้นที่เกษตร","LandType":"พื้นที่เกษตร","plant_type":"เกษตรอื่น ๆ","PlantType":"เกษตรอื่น ๆ","crop_type":"เกษตรอื่น ๆ","crop_type_raw":"เกษตรอื่น ๆ","__crop":"เกษตรอื่น ๆ","__plant_type":"เกษตรอื่น ๆ","confidence":"nominal","source":"NASA FIRMS VIIRS","source_file":"HOTSPOT Viirs 1 ม.ค - 31 พ.ค 66 (รวม).xlsx","filter_rule":"Province=กำแพงเพชร; LandType=พื้นที่เกษตร; PlantType in allowed list; hierarchy uses Province→Amphoe→Tambon→BaanN from source table","latitude":16.27669,"longitude":99.76958,"month":4,"day":28,"responsibility_code":"5","landuse_code":"A999","utm_zone":"47","utm_e":"582226.405","utm_n":"1799696.458"},"geometry":{"type":"Point","coordinates":[99.76958,16.27669]}},{"type":"Feature","properties":{"hs_id":"VI1202304280612urgzbzyxgr","hsID":"VI1202304280612urgzbzyxgr","acq_date":"2023-04-28","Date":"2023-04-28","acq_time":"1312","year_be":2566,"season_be":2566,"dataset_year_be":2566,"province":"กำแพงเพชร","Province":"กำแพงเพชร","__province":"กำแพงเพชร","district":"พรานกระต่าย","Amphoe":"พรานกระต่าย","__district":"พรานกระต่าย","subdistrict":"เขาคีริส","Tambon":"เขาคีริส","__subdistrict":"เขาคีริส","village":"บ้านคุยขยัน","BaanN":"บ้านคุยขยัน","__village":"บ้านคุยขยัน","land_type":"พื้นที่เกษตร","LandType":"พื้นที่เกษตร","plant_type":"นาข้าว","PlantType":"นาข้าว","crop_type":"นาข้าว","crop_type_raw":"นาข้าว","__crop":"นาข้าว","__plant_type":"นาข้าว","confidence":"nominal","source":"NASA FIRMS VIIRS","source_file":"HOTSPOT Viirs 1 ม.ค - 31 พ.ค 66 (รวม).xlsx","filter_rule":"Province=กำแพงเพชร; LandType=พื้นที่เกษตร; PlantType in allowed list; hierarchy uses Province→Amphoe→Tambon→BaanN from source table","latitude":16.56547,"longitude":99.62514,"month":4,"day":28,"responsibility_code":"5","landuse_code":"A101","utm_zone":"47","utm_e":"566694.477","utm_n":"1831589.914"},"geometry":{"type":"Point","coordinates":[99.62514,16.56547]}},{"type":"Feature","properties":{"hs_id":"VI1202304280612urgzbzzpvz","hsID":"VI1202304280612urgzbzzpvz","acq_date":"2023-04-28","Date":"2023-04-28","acq_time":"1312","year_be":2566,"season_be":2566,"dataset_year_be":2566,"province":"กำแพงเพชร","Province":"กำแพงเพชร","__province":"กำแพงเพชร","district":"พรานกระต่าย","Amphoe":"พรานกระต่าย","__district":"พรานกระต่าย","subdistrict":"เขาคีริส","Tambon":"เขาคีริส","__subdistrict":"เขาคีริส","village":"บ้านคุยขยัน","BaanN":"บ้านคุยขยัน","__village":"บ้านคุยขยัน","land_type":"พื้นที่เกษตร","LandType":"พื้นที่เกษตร","plant_type":"นาข้าว","PlantType":"นาข้าว","crop_type":"นาข้าว","crop_type_raw":"นาข้าว","__crop":"นาข้าว","__plant_type":"นาข้าว","confidence":"nominal","source":"NASA FIRMS VIIRS","source_file":"HOTSPOT Viirs 1 ม.ค - 31 พ.ค 66 (รวม).xlsx","filter_rule":"Province=กำแพงเพชร; LandType=พื้นที่เกษตร; PlantType in allowed list; hierarchy uses Province→Amphoe→Tambon→BaanN from source table","latitude":16.56626,"longitude":99.626,"month":4,"day":28,"responsibility_code":"5","landuse_code":"A101","utm_zone":"47","utm_e":"566785.958","utm_n":"1831677.594"},"geometry":{"type":"Point","coordinates":[99.626,16.56626]}},{"type":"Feature","properties":{"hs_id":"VI1202304280612urgzfpfrfr","hsID":"VI1202304280612urgzfpfrfr","acq_date":"2023-04-28","Date":"2023-04-28","acq_time":"1312","year_be":2566,"season_be":2566,"dataset_year_be":2566,"province":"กำแพงเพชร","Province":"กำแพงเพชร","__province":"กำแพงเพชร","district":"พรานกระต่าย","Amphoe":"พรานกระต่าย","__district":"พรานกระต่าย","subdistrict":"เขาคีริส","Tambon":"เขาคีริส","__subdistrict":"เขาคีริส","village":"บ้านดอนขมิ้น","BaanN":"บ้านดอนขมิ้น","__village":"บ้านดอนขมิ้น","land_type":"พื้นที่เกษตร","LandType":"พื้นที่เกษตร","plant_type":"นาข้าว","PlantType":"นาข้าว","crop_type":"นาข้าว","crop_type_raw":"นาข้าว","__crop":"นาข้าว","__plant_type":"นาข้าว","confidence":"nominal","source":"NASA FIRMS VIIRS","source_file":"HOTSPOT Viirs 1 ม.ค - 31 พ.ค 66 (รวม).xlsx","filter_rule":"Province=กำแพงเพชร; LandType=พื้นที่เกษตร; PlantType in allowed list; hierarchy uses Province→Amphoe→Tambon→BaanN from source table","latitude":16.61452,"longitude":99.64345,"month":4,"day":28,"responsibility_code":"5","landuse_code":"A101","utm_zone":"47","utm_e":"568630.589","utm_n":"1837022.309"},"geometry":{"type":"Point","coordinates":[99.64345,16.61452]}},{"type":"Feature","properties":{"hs_id":"VI1202304280612urgzfrbxur","hsID":"VI1202304280612urgzfrbxur","acq_date":"2023-04-28","Date":"2023-04-28","acq_time":"1312","year_be":2566,"season_be":2566,"dataset_year_be":2566,"province":"กำแพงเพชร","Province":"กำแพงเพชร","__province":"กำแพงเพชร","district":"พรานกระต่าย","Amphoe":"พรานกระต่าย","__district":"พรานกระต่าย","subdistrict":"เขาคีริส","Tambon":"เขาคีริส","__subdistrict":"เขาคีริส","village":"บ้านดอนขมิ้น","BaanN":"บ้านดอนขมิ้น","__village":"บ้านดอนขมิ้น","land_type":"พื้นที่เกษตร","LandType":"พื้นที่เกษตร","plant_type":"นาข้าว","PlantType":"นาข้าว","crop_type":"นาข้าว","crop_type_raw":"นาข้าว","__crop":"นาข้าว","__plant_type":"นาข้าว","confidence":"nominal","source":"NASA FIRMS VIIRS","source_file":"HOTSPOT Viirs 1 ม.ค - 31 พ.ค 66 (รวม).xlsx","filter_rule":"Province=กำแพงเพชร; LandType=พื้นที่เกษตร; PlantType in allowed list; hierarchy uses Province→Amphoe→Tambon→BaanN from source table","latitude":16.62319,"longitude":99.64173,"month":4,"day":28,"responsibility_code":"5","landuse_code":"A101","utm_zone":"47","utm_e":"568444.054","utm_n":"1837980.854"},"geometry":{"type":"Point","coordinates":[99.64173,16.62319]}},{"type":"Feature","properties":{"hs_id":"VI1202304290553urgrgpcrgr","hsID":"VI1202304290553urgrgpcrgr","acq_date":"2023-04-29","Date":"2023-04-29","acq_time":"1253","year_be":2566,"season_be":2566,"dataset_year_be":2566,"province":"กำแพงเพชร","Province":"กำแพงเพชร","__province":"กำแพงเพชร","district":"ขาณุวรลักษบุรี","Amphoe":"ขาณุวรลักษบุรี","__district":"ขาณุวรลักษบุรี","subdistrict":"สลกบาตร","Tambon":"สลกบาตร","__subdistrict":"สลกบาตร","village":"บ้านกระทุ่มโทน","BaanN":"บ้านกระทุ่มโทน","__village":"บ้านกระทุ่มโทน","land_type":"พื้นที่เกษตร","LandType":"พื้นที่เกษตร","plant_type":"นาข้าว","PlantType":"นาข้าว","crop_type":"นาข้าว","crop_type_raw":"นาข้าว","__crop":"นาข้าว","__plant_type":"นาข้าว","confidence":"nominal","source":"NASA FIRMS VIIRS","source_file":"HOTSPOT Viirs 1 ม.ค - 31 พ.ค 66 (รวม).xlsx","filter_rule":"Province=กำแพงเพชร; LandType=พื้นที่เกษตร; PlantType in allowed list; hierarchy uses Province→Amphoe→Tambon→BaanN from source table","latitude":15.95401,"longitude":99.82437,"month":4,"day":29,"responsibility_code":"5","landuse_code":"A101","utm_zone":"47","utm_e":"588223.39","utm_n":"1764022.689"},"geometry":{"type":"Point","coordinates":[99.82437,15.95401]}},{"type":"Feature","properties":{"hs_id":"VI1202304281843urgrzzcrvp","hsID":"VI1202304281843urgrzzcrvp","acq_date":"2023-04-29","Date":"2023-04-29","acq_time":"143","year_be":2566,"season_be":2566,"dataset_year_be":2566,"province":"กำแพงเพชร","Province":"กำแพงเพชร","__province":"กำแพงเพชร","district":"บึงสามัคคี","Amphoe":"บึงสามัคคี","__district":"บึงสามัคคี","subdistrict":"ระหาน","Tambon":"ระหาน","__subdistrict":"ระหาน","village":"บ้านพงษ์ทองคำ","BaanN":"บ้านพงษ์ทองคำ","__village":"บ้านพงษ์ทองคำ","land_type":"พื้นที่เกษตร","LandType":"พื้นที่เกษตร","plant_type":"นาข้าว","PlantType":"นาข้าว","crop_type":"นาข้าว","crop_type_raw":"นาข้าว","__crop":"นาข้าว","__plant_type":"นาข้าว","confidence":"nominal","source":"NASA FIRMS VIIRS","source_file":"HOTSPOT Viirs 1 ม.ค - 31 พ.ค 66 (รวม).xlsx","filter_rule":"Province=กำแพงเพชร; LandType=พื้นที่เกษตร; PlantType in allowed list; hierarchy uses Province→Amphoe→Tambon→BaanN from source table","latitude":16.16282,"longitude":99.94521,"month":4,"day":29,"responsibility_code":"5","landuse_code":"A101","utm_zone":"47","utm_e":"601051.101","utm_n":"1787177.794"},"geometry":{"type":"Point","coordinates":[99.94521,16.16282]}},{"type":"Feature","properties":{"hs_id":"VI1202304290553urgxvzgrzp","hsID":"VI1202304290553urgxvzgrzp","acq_date":"2023-04-29","Date":"2023-04-29","acq_time":"1253","year_be":2566,"season_be":2566,"dataset_year_be":2566,"province":"กำแพงเพชร","Province":"กำแพงเพชร","__province":"กำแพงเพชร","district":"เมืองกำแพงเพชร","Amphoe":"เมืองกำแพงเพชร","__district":"เมืองกำแพงเพชร","subdistrict":"เทพนคร","Tambon":"เทพนคร","__subdistrict":"เทพนคร","village":"บ้านการะบูน","BaanN":"บ้านการะบูน","__village":"บ้านการะบูน","land_type":"พื้นที่เกษตร","LandType":"พื้นที่เกษตร","plant_type":"นาข้าว","PlantType":"นาข้าว","crop_type":"นาข้าว","crop_type_raw":"นาข้าว","__crop":"นาข้าว","__plant_type":"นาข้าว","confidence":"nominal","source":"NASA FIRMS VIIRS","source_file":"HOTSPOT Viirs 1 ม.ค - 31 พ.ค 66 (รวม).xlsx","filter_rule":"Province=กำแพงเพชร; LandType=พื้นที่เกษตร; PlantType in allowed list; hierarchy uses Province→Amphoe→Tambon→BaanN from source table","latitude":16.42933,"longitude":99.68399,"month":4,"day":29,"responsibility_code":"5","landuse_code":"A101","utm_zone":"47","utm_e":"573024.321","utm_n":"1816549.707"},"geometry":{"type":"Point","coordinates":[99.68399,16.42933]}},{"type":"Feature","properties":{"hs_id":"VI1202304290553urgzfpyxyr","hsID":"VI1202304290553urgzfpyxyr","acq_date":"2023-04-29","Date":"2023-04-29","acq_time":"1253","year_be":2566,"season_be":2566,"dataset_year_be":2566,"province":"กำแพงเพชร","Province":"กำแพงเพชร","__province":"กำแพงเพชร","district":"พรานกระต่าย","Amphoe":"พรานกระต่าย","__district":"พรานกระต่าย","subdistrict":"คุยบ้านโอง","Tambon":"คุยบ้านโอง","__subdistrict":"คุยบ้านโอง","village":"บ้านคุยตาแข","BaanN":"บ้านคุยตาแข","__village":"บ้านคุยตาแข","land_type":"พื้นที่เกษตร","LandType":"พื้นที่เกษตร","plant_type":"นาข้าว","PlantType":"นาข้าว","crop_type":"นาข้าว","crop_type_raw":"นาข้าว","__crop":"นาข้าว","__plant_type":"นาข้าว","confidence":"nominal","source":"NASA FIRMS VIIRS","source_file":"HOTSPOT Viirs 1 ม.ค - 31 พ.ค 66 (รวม).xlsx","filter_rule":"Province=กำแพงเพชร; LandType=พื้นที่เกษตร; PlantType in allowed list; hierarchy uses Province→Amphoe→Tambon→BaanN from source table","latitude":16.62053,"longitude":99.65447,"month":4,"day":29,"responsibility_code":"5","landuse_code":"A101","utm_zone":"47","utm_e":"569803.856","utm_n":"1837690.984"},"geometry":{"type":"Point","coordinates":[99.65447,16.62053]}},{"type":"Feature","properties":{"hs_id":"VI1202304300716urgzurfpzx","hsID":"VI1202304300716urgzurfpzx","acq_date":"2023-04-30","Date":"2023-04-30","acq_time":"1416","year_be":2566,"season_be":2566,"dataset_year_be":2566,"province":"กำแพงเพชร","Province":"กำแพงเพชร","__province":"กำแพงเพชร","district":"พรานกระต่าย","Amphoe":"พรานกระต่าย","__district":"พรานกระต่าย","subdistrict":"วังตะแบก","Tambon":"วังตะแบก","__subdistrict":"วังตะแบก","village":"บ้านหนองแขม","BaanN":"บ้านหนองแขม","__village":"บ้านหนองแขม","land_type":"พื้นที่เกษตร","LandType":"พื้นที่เกษตร","plant_type":"นาข้าว","PlantType":"นาข้าว","crop_type":"นาข้าว","crop_type_raw":"นาข้าว","__crop":"นาข้าว","__plant_type":"นาข้าว","confidence":"nominal","source":"NASA FIRMS VIIRS","source_file":"HOTSPOT Viirs 1 ม.ค - 31 พ.ค 66 (รวม).xlsx","filter_rule":"Province=กำแพงเพชร; LandType=พื้นที่เกษตร; PlantType in allowed list; hierarchy uses Province→Amphoe→Tambon→BaanN from source table","latitude":16.71328,"longitude":99.6988,"month":4,"day":30,"responsibility_code":"5","landuse_code":"A101","utm_zone":"47","utm_e":"574496.262","utm_n":"1847967.733"},"geometry":{"type":"Point","coordinates":[99.6988,16.71328]}},{"type":"Feature","properties":{"hs_id":"VI1202304300716urgzuxzxzz","hsID":"VI1202304300716urgzuxzxzz","acq_date":"2023-04-30","Date":"2023-04-30","acq_time":"1416","year_be":2566,"season_be":2566,"dataset_year_be":2566,"province":"กำแพงเพชร","Province":"กำแพงเพชร","__province":"กำแพงเพชร","district":"พรานกระต่าย","Amphoe":"พรานกระต่าย","__district":"พรานกระต่าย","subdistrict":"วังตะแบก","Tambon":"วังตะแบก","__subdistrict":"วังตะแบก","village":"บ้านคุยประดู่","BaanN":"บ้านคุยประดู่","__village":"บ้านคุยประดู่","land_type":"พื้นที่เกษตร","LandType":"พื้นที่เกษตร","plant_type":"นาข้าว","PlantType":"นาข้าว","crop_type":"นาข้าว","crop_type_raw":"นาข้าว","__crop":"นาข้าว","__plant_type":"นาข้าว","confidence":"high","source":"NASA FIRMS VIIRS","source_file":"HOTSPOT Viirs 1 ม.ค - 31 พ.ค 66 (รวม).xlsx","filter_rule":"Province=กำแพงเพชร; LandType=พื้นที่เกษตร; PlantType in allowed list; hierarchy uses Province→Amphoe→Tambon→BaanN from source table","latitude":16.73183,"longitude":99.66819,"month":4,"day":30,"responsibility_code":"5","landuse_code":"A101","utm_zone":"47","utm_e":"571226.039","utm_n":"1850008.693"},"geometry":{"type":"Point","coordinates":[99.66819,16.73183]}},{"type":"Feature","properties":{"hs_id":"VI1202305010657urgrzpcpzz","hsID":"VI1202305010657urgrzpcpzz","acq_date":"2023-05-01","Date":"2023-05-01","acq_time":"1357","year_be":2566,"season_be":2566,"dataset_year_be":2566,"province":"กำแพงเพชร","Province":"กำแพงเพชร","__province":"กำแพงเพชร","district":"ขาณุวรลักษบุรี","Amphoe":"ขาณุวรลักษบุรี","__district":"ขาณุวรลักษบุรี","subdistrict":"เกาะตาล","Tambon":"เกาะตาล","__subdistrict":"เกาะตาล","village":"บ้านห้วยน้อย","BaanN":"บ้านห้วยน้อย","__village":"บ้านห้วยน้อย","land_type":"พื้นที่เกษตร","LandType":"พื้นที่เกษตร","plant_type":"นาข้าว","PlantType":"นาข้าว","crop_type":"นาข้าว","crop_type_raw":"นาข้าว","__crop":"นาข้าว","__plant_type":"นาข้าว","confidence":"nominal","source":"NASA FIRMS VIIRS","source_file":"HOTSPOT Viirs 1 ม.ค - 31 พ.ค 66 (รวม).xlsx","filter_rule":"Province=กำแพงเพชร; LandType=พื้นที่เกษตร; PlantType in allowed list; hierarchy uses Province→Amphoe→Tambon→BaanN from source table","latitude":16.12964,"longitude":99.77196,"month":5,"day":1,"responsibility_code":"5","landuse_code":"A101","utm_zone":"47","utm_e":"582541.874","utm_n":"1783430.001"},"geometry":{"type":"Point","coordinates":[99.77196,16.12964]}},{"type":"Feature","properties":{"hs_id":"VI1202305010657urgxfpvxvr","hsID":"VI1202305010657urgxfpvxvr","acq_date":"2023-05-01","Date":"2023-05-01","acq_time":"1357","year_be":2566,"season_be":2566,"dataset_year_be":2566,"province":"กำแพงเพชร","Province":"กำแพงเพชร","__province":"กำแพงเพชร","district":"คลองขลุง","Amphoe":"คลองขลุง","__district":"คลองขลุง","subdistrict":"วังยาง","Tambon":"วังยาง","__subdistrict":"วังยาง","village":"บ้านวังตะล่อม","BaanN":"บ้านวังตะล่อม","__village":"บ้านวังตะล่อม","land_type":"พื้นที่เกษตร","LandType":"พื้นที่เกษตร","plant_type":"นาข้าว","PlantType":"นาข้าว","crop_type":"นาข้าว","crop_type_raw":"นาข้าว","__crop":"นาข้าว","__plant_type":"นาข้าว","confidence":"nominal","source":"NASA FIRMS VIIRS","source_file":"HOTSPOT Viirs 1 ม.ค - 31 พ.ค 66 (รวม).xlsx","filter_rule":"Province=กำแพงเพชร; LandType=พื้นที่เกษตร; PlantType in allowed list; hierarchy uses Province→Amphoe→Tambon→BaanN from source table","latitude":16.26755,"longitude":99.79549,"month":5,"day":1,"responsibility_code":"5","landuse_code":"A101","utm_zone":"47","utm_e":"584998.863","utm_n":"1798695.932"},"geometry":{"type":"Point","coordinates":[99.79549,16.26755]}},{"type":"Feature","properties":{"hs_id":"VI1202305010657urgxfpvzbp","hsID":"VI1202305010657urgxfpvzbp","acq_date":"2023-05-01","Date":"2023-05-01","acq_time":"1357","year_be":2566,"season_be":2566,"dataset_year_be":2566,"province":"กำแพงเพชร","Province":"กำแพงเพชร","__province":"กำแพงเพชร","district":"คลองขลุง","Amphoe":"คลองขลุง","__district":"คลองขลุง","subdistrict":"วังยาง","Tambon":"วังยาง","__subdistrict":"วังยาง","village":"บ้านวังตะล่อม","BaanN":"บ้านวังตะล่อม","__village":"บ้านวังตะล่อม","land_type":"พื้นที่เกษตร","LandType":"พื้นที่เกษตร","plant_type":"นาข้าว","PlantType":"นาข้าว","crop_type":"นาข้าว","crop_type_raw":"นาข้าว","__crop":"นาข้าว","__plant_type":"นาข้าว","confidence":"nominal","source":"NASA FIRMS VIIRS","source_file":"HOTSPOT Viirs 1 ม.ค - 31 พ.ค 66 (รวม).xlsx","filter_rule":"Province=กำแพงเพชร; LandType=พื้นที่เกษตร; PlantType in allowed list; hierarchy uses Province→Amphoe→Tambon→BaanN from source table","latitude":16.26767,"longitude":99.79286,"month":5,"day":1,"responsibility_code":"5","landuse_code":"A101","utm_zone":"47","utm_e":"584717.778","utm_n":"1798708.116"},"geometry":{"type":"Point","coordinates":[99.79286,16.26767]}},{"type":"Feature","properties":{"hs_id":"VI1202305010657urgzuxfpfz","hsID":"VI1202305010657urgzuxfpfz","acq_date":"2023-05-01","Date":"2023-05-01","acq_time":"1357","year_be":2566,"season_be":2566,"dataset_year_be":2566,"province":"กำแพงเพชร","Province":"กำแพงเพชร","__province":"กำแพงเพชร","district":"พรานกระต่าย","Amphoe":"พรานกระต่าย","__district":"พรานกระต่าย","subdistrict":"ห้วยยั้ง","Tambon":"ห้วยยั้ง","__subdistrict":"ห้วยยั้ง","village":"บ้านแคทอง","BaanN":"บ้านแคทอง","__village":"บ้านแคทอง","land_type":"พื้นที่เกษตร","LandType":"พื้นที่เกษตร","plant_type":"นาข้าว","PlantType":"นาข้าว","crop_type":"นาข้าว","crop_type_raw":"นาข้าว","__crop":"นาข้าว","__plant_type":"นาข้าว","confidence":"nominal","source":"NASA FIRMS VIIRS","source_file":"HOTSPOT Viirs 1 ม.ค - 31 พ.ค 66 (รวม).xlsx","filter_rule":"Province=กำแพงเพชร; LandType=พื้นที่เกษตร; PlantType in allowed list; hierarchy uses Province→Amphoe→Tambon→BaanN from source table","latitude":16.72406,"longitude":99.63298,"month":5,"day":1,"responsibility_code":"5","landuse_code":"A101","utm_zone":"47","utm_e":"567475.413","utm_n":"1849136.845"},"geometry":{"type":"Point","coordinates":[99.63298,16.72406]}},{"type":"Feature","properties":{"hs_id":"VI1202305020637urgrfrvzbp","hsID":"VI1202305020637urgrfrvzbp","acq_date":"2023-05-02","Date":"2023-05-02","acq_time":"1337","year_be":2566,"season_be":2566,"dataset_year_be":2566,"province":"กำแพงเพชร","Province":"กำแพงเพชร","__province":"กำแพงเพชร","district":"ขาณุวรลักษบุรี","Amphoe":"ขาณุวรลักษบุรี","__district":"ขาณุวรลักษบุรี","subdistrict":"ปางมะค่า","Tambon":"ปางมะค่า","__subdistrict":"ปางมะค่า","village":"บ้านหนองชุมแสง","BaanN":"บ้านหนองชุมแสง","__village":"บ้านหนองชุมแสง","land_type":"พื้นที่เกษตร","LandType":"พื้นที่เกษตร","plant_type":"ข้าวโพดและไร่หมุนเวียน","PlantType":"ข้าวโพดและไร่หมุนเวียน","crop_type":"ข้าวโพดและไร่หมุนเวียน","crop_type_raw":"ข้าวโพดและไร่หมุนเวียน","__crop":"ข้าวโพดและไร่หมุนเวียน","__plant_type":"ข้าวโพดและไร่หมุนเวียน","confidence":"nominal","source":"NASA FIRMS VIIRS","source_file":"HOTSPOT Viirs 1 ม.ค - 31 พ.ค 66 (รวม).xlsx","filter_rule":"Province=กำแพงเพชร; LandType=พื้นที่เกษตร; PlantType in allowed list; hierarchy uses Province→Amphoe→Tambon→BaanN from source table","latitude":15.92709,"longitude":99.51867,"month":5,"day":2,"responsibility_code":"5","landuse_code":"A202","utm_zone":"47","utm_e":"555514.046","utm_n":"1760939.459"},"geometry":{"type":"Point","coordinates":[99.51867,15.92709]}},{"type":"Feature","properties":{"hs_id":"VI1202305020637urgrzrfzyx","hsID":"VI1202305020637urgrzrfzyx","acq_date":"2023-05-02","Date":"2023-05-02","acq_time":"1337","year_be":2566,"season_be":2566,"dataset_year_be":2566,"province":"กำแพงเพชร","Province":"กำแพงเพชร","__province":"กำแพงเพชร","district":"คลองขลุง","Amphoe":"คลองขลุง","__district":"คลองขลุง","subdistrict":"คลองขลุง","Tambon":"คลองขลุง","__subdistrict":"คลองขลุง","village":"บ้านคลองน้ำเย็นเหนือ","BaanN":"บ้านคลองน้ำเย็นเหนือ","__village":"บ้านคลองน้ำเย็นเหนือ","land_type":"พื้นที่เกษตร","LandType":"พื้นที่เกษตร","plant_type":"นาข้าว","PlantType":"นาข้าว","crop_type":"นาข้าว","crop_type_raw":"นาข้าว","__crop":"นาข้าว","__plant_type":"นาข้าว","confidence":"nominal","source":"NASA FIRMS VIIRS","source_file":"HOTSPOT Viirs 1 ม.ค - 31 พ.ค 66 (รวม).xlsx","filter_rule":"Province=กำแพงเพชร; LandType=พื้นที่เกษตร; PlantType in allowed list; hierarchy uses Province→Amphoe→Tambon→BaanN from source table","latitude":16.14298,"longitude":99.71413,"month":5,"day":2,"responsibility_code":"5","landuse_code":"A101","utm_zone":"47","utm_e":"576353.002","utm_n":"1784883.434"},"geometry":{"type":"Point","coordinates":[99.71413,16.14298]}},{"type":"Feature","properties":{"hs_id":"VI1202305020637urgrzrypcx","hsID":"VI1202305020637urgrzrypcx","acq_date":"2023-05-02","Date":"2023-05-02","acq_time":"1337","year_be":2566,"season_be":2566,"dataset_year_be":2566,"province":"กำแพงเพชร","Province":"กำแพงเพชร","__province":"กำแพงเพชร","district":"บึงสามัคคี","Amphoe":"บึงสามัคคี","__district":"บึงสามัคคี","subdistrict":"ระหาน","Tambon":"ระหาน","__subdistrict":"ระหาน","village":"บ้านกระบวยทองใต้","BaanN":"บ้านกระบวยทองใต้","__village":"บ้านกระบวยทองใต้","land_type":"พื้นที่เกษตร","LandType":"พื้นที่เกษตร","plant_type":"นาข้าว","PlantType":"นาข้าว","crop_type":"นาข้าว","crop_type_raw":"นาข้าว","__crop":"นาข้าว","__plant_type":"นาข้าว","confidence":"nominal","source":"NASA FIRMS VIIRS","source_file":"HOTSPOT Viirs 1 ม.ค - 31 พ.ค 66 (รวม).xlsx","filter_rule":"Province=กำแพงเพชร; LandType=พื้นที่เกษตร; PlantType in allowed list; hierarchy uses Province→Amphoe→Tambon→BaanN from source table","latitude":16.14723,"longitude":99.96643,"month":5,"day":2,"responsibility_code":"5","landuse_code":"A101","utm_zone":"47","utm_e":"603327.978","utm_n":"1785463.618"},"geometry":{"type":"Point","coordinates":[99.96643,16.14723]}},{"type":"Feature","properties":{"hs_id":"VI1202305020637urgxbrzrgx","hsID":"VI1202305020637urgxbrzrgx","acq_date":"2023-05-02","Date":"2023-05-02","acq_time":"1337","year_be":2566,"season_be":2566,"dataset_year_be":2566,"province":"กำแพงเพชร","Province":"กำแพงเพชร","__province":"กำแพงเพชร","district":"บึงสามัคคี","Amphoe":"บึงสามัคคี","__district":"บึงสามัคคี","subdistrict":"เทพนิมิต","Tambon":"เทพนิมิต","__subdistrict":"เทพนิมิต","village":"บ้านโพธิ์เอน","BaanN":"บ้านโพธิ์เอน","__village":"บ้านโพธิ์เอน","land_type":"พื้นที่เกษตร","LandType":"พื้นที่เกษตร","plant_type":"นาข้าว","PlantType":"นาข้าว","crop_type":"นาข้าว","crop_type_raw":"นาข้าว","__crop":"นาข้าว","__plant_type":"นาข้าว","confidence":"low","source":"NASA FIRMS VIIRS","source_file":"HOTSPOT Viirs 1 ม.ค - 31 พ.ค 66 (รวม).xlsx","filter_rule":"Province=กำแพงเพชร; LandType=พื้นที่เกษตร; PlantType in allowed list; hierarchy uses Province→Amphoe→Tambon→BaanN from source table","latitude":16.19297,"longitude":99.91096,"month":5,"day":2,"responsibility_code":"5","landuse_code":"A101","utm_zone":"47","utm_e":"597374.436","utm_n":"1790496.72"},"geometry":{"type":"Point","coordinates":[99.91096,16.19297]}},{"type":"Feature","properties":{"hs_id":"VI1202305020637urgxbxyxzz","hsID":"VI1202305020637urgxbxyxzz","acq_date":"2023-05-02","Date":"2023-05-02","acq_time":"1337","year_be":2566,"season_be":2566,"dataset_year_be":2566,"province":"กำแพงเพชร","Province":"กำแพงเพชร","__province":"กำแพงเพชร","district":"คลองขลุง","Amphoe":"คลองขลุง","__district":"คลองขลุง","subdistrict":"วังแขม","Tambon":"วังแขม","__subdistrict":"วังแขม","village":"บ้านบ่อทอง","BaanN":"บ้านบ่อทอง","__village":"บ้านบ่อทอง","land_type":"พื้นที่เกษตร","LandType":"พื้นที่เกษตร","plant_type":"นาข้าว","PlantType":"นาข้าว","crop_type":"นาข้าว","crop_type_raw":"นาข้าว","__crop":"นาข้าว","__plant_type":"นาข้าว","confidence":"nominal","source":"NASA FIRMS VIIRS","source_file":"HOTSPOT Viirs 1 ม.ค - 31 พ.ค 66 (รวม).xlsx","filter_rule":"Province=กำแพงเพชร; LandType=พื้นที่เกษตร; PlantType in allowed list; hierarchy uses Province→Amphoe→Tambon→BaanN from source table","latitude":16.20311,"longitude":99.84332,"month":5,"day":2,"responsibility_code":"5","landuse_code":"A101","utm_zone":"47","utm_e":"590139.186","utm_n":"1791587.602"},"geometry":{"type":"Point","coordinates":[99.84332,16.20311]}},{"type":"Feature","properties":{"hs_id":"VI1202305020637urgxcxzrzr","hsID":"VI1202305020637urgxcxzrzr","acq_date":"2023-05-02","Date":"2023-05-02","acq_time":"1337","year_be":2566,"season_be":2566,"dataset_year_be":2566,"province":"กำแพงเพชร","Province":"กำแพงเพชร","__province":"กำแพงเพชร","district":"คลองขลุง","Amphoe":"คลองขลุง","__district":"คลองขลุง","subdistrict":"ท่ามะเขือ","Tambon":"ท่ามะเขือ","__subdistrict":"ท่ามะเขือ","village":"บ้านดงประดา","BaanN":"บ้านดงประดา","__village":"บ้านดงประดา","land_type":"พื้นที่เกษตร","LandType":"พื้นที่เกษตร","plant_type":"นาข้าว","PlantType":"นาข้าว","crop_type":"นาข้าว","crop_type_raw":"นาข้าว","__crop":"นาข้าว","__plant_type":"นาข้าว","confidence":"nominal","source":"NASA FIRMS VIIRS","source_file":"HOTSPOT Viirs 1 ม.ค - 31 พ.ค 66 (รวม).xlsx","filter_rule":"Province=กำแพงเพชร; LandType=พื้นที่เกษตร; PlantType in allowed list; hierarchy uses Province→Amphoe→Tambon→BaanN from source table","latitude":16.24807,"longitude":99.73698,"month":5,"day":2,"responsibility_code":"5","landuse_code":"A101","utm_zone":"47","utm_e":"578754.47","utm_n":"1796517.536"},"geometry":{"type":"Point","coordinates":[99.73698,16.24807]}},{"type":"Feature","properties":{"hs_id":"VI1202305020637urgxfzbxvp","hsID":"VI1202305020637urgxfzbxvp","acq_date":"2023-05-02","Date":"2023-05-02","acq_time":"1337","year_be":2566,"season_be":2566,"dataset_year_be":2566,"province":"กำแพงเพชร","Province":"กำแพงเพชร","__province":"กำแพงเพชร","district":"ทรายทองวัฒนา","Amphoe":"ทรายทองวัฒนา","__district":"ทรายทองวัฒนา","subdistrict":"ทุ่งทราย","Tambon":"ทุ่งทราย","__subdistrict":"ทุ่งทราย","village":"บ้านทุ่งทราย","BaanN":"บ้านทุ่งทราย","__village":"บ้านทุ่งทราย","land_type":"พื้นที่เกษตร","LandType":"พื้นที่เกษตร","plant_type":"นาข้าว","PlantType":"นาข้าว","crop_type":"นาข้าว","crop_type_raw":"นาข้าว","__crop":"นาข้าว","__plant_type":"นาข้าว","confidence":"nominal","source":"NASA FIRMS VIIRS","source_file":"HOTSPOT Viirs 1 ม.ค - 31 พ.ค 66 (รวม).xlsx","filter_rule":"Province=กำแพงเพชร; LandType=พื้นที่เกษตร; PlantType in allowed list; hierarchy uses Province→Amphoe→Tambon→BaanN from source table","latitude":16.29363,"longitude":99.81766,"month":5,"day":2,"responsibility_code":"5","landuse_code":"A101","utm_zone":"47","utm_e":"587356.339","utm_n":"1801590.424"},"geometry":{"type":"Point","coordinates":[99.81766,16.29363]}},{"type":"Feature","properties":{"hs_id":"VI1202305020637urgxfzzpzp","hsID":"VI1202305020637urgxfzzpzp","acq_date":"2023-05-02","Date":"2023-05-02","acq_time":"1337","year_be":2566,"season_be":2566,"dataset_year_be":2566,"province":"กำแพงเพชร","Province":"กำแพงเพชร","__province":"กำแพงเพชร","district":"คลองขลุง","Amphoe":"คลองขลุง","__district":"คลองขลุง","subdistrict":"วังบัว","Tambon":"วังบัว","__subdistrict":"วังบัว","village":"บ้านโนนดู่","BaanN":"บ้านโนนดู่","__village":"บ้านโนนดู่","land_type":"พื้นที่เกษตร","LandType":"พื้นที่เกษตร","plant_type":"นาข้าว","PlantType":"นาข้าว","crop_type":"นาข้าว","crop_type_raw":"นาข้าว","__crop":"นาข้าว","__plant_type":"นาข้าว","confidence":"nominal","source":"NASA FIRMS VIIRS","source_file":"HOTSPOT Viirs 1 ม.ค - 31 พ.ค 66 (รวม).xlsx","filter_rule":"Province=กำแพงเพชร; LandType=พื้นที่เกษตร; PlantType in allowed list; hierarchy uses Province→Amphoe→Tambon→BaanN from source table","latitude":16.30264,"longitude":99.74281,"month":5,"day":2,"responsibility_code":"5","landuse_code":"A101","utm_zone":"47","utm_e":"579355.564","utm_n":"1802556.603"},"geometry":{"type":"Point","coordinates":[99.74281,16.30264]}},{"type":"Feature","properties":{"hs_id":"VI1202305020637urgxzpyxyp","hsID":"VI1202305020637urgxzpyxyp","acq_date":"2023-05-02","Date":"2023-05-02","acq_time":"1337","year_be":2566,"season_be":2566,"dataset_year_be":2566,"province":"กำแพงเพชร","Province":"กำแพงเพชร","__province":"กำแพงเพชร","district":"เมืองกำแพงเพชร","Amphoe":"เมืองกำแพงเพชร","__district":"เมืองกำแพงเพชร","subdistrict":"นครชุม","Tambon":"นครชุม","__subdistrict":"นครชุม","village":"บ้านโนนม่วง","BaanN":"บ้านโนนม่วง","__village":"บ้านโนนม่วง","land_type":"พื้นที่เกษตร","LandType":"พื้นที่เกษตร","plant_type":"นาข้าว","PlantType":"นาข้าว","crop_type":"นาข้าว","crop_type_raw":"นาข้าว","__crop":"นาข้าว","__plant_type":"นาข้าว","confidence":"nominal","source":"NASA FIRMS VIIRS","source_file":"HOTSPOT Viirs 1 ม.ค - 31 พ.ค 66 (รวม).xlsx","filter_rule":"Province=กำแพงเพชร; LandType=พื้นที่เกษตร; PlantType in allowed list; hierarchy uses Province→Amphoe→Tambon→BaanN from source table","latitude":16.48868,"longitude":99.47625,"month":5,"day":2,"responsibility_code":"5","landuse_code":"A101","utm_zone":"47","utm_e":"550829.54","utm_n":"1823051.631"},"geometry":{"type":"Point","coordinates":[99.47625,16.48868]}},{"type":"Feature","properties":{"hs_id":"VI1202305020637urgzcxupzx","hsID":"VI1202305020637urgzcxupzx","acq_date":"2023-05-02","Date":"2023-05-02","acq_time":"1337","year_be":2566,"season_be":2566,"dataset_year_be":2566,"province":"กำแพงเพชร","Province":"กำแพงเพชร","__province":"กำแพงเพชร","district":"พรานกระต่าย","Amphoe":"พรานกระต่าย","__district":"พรานกระต่าย","subdistrict":"เขาคีริส","Tambon":"เขาคีริส","__subdistrict":"เขาคีริส","village":"บ้านทุ่งยาว","BaanN":"บ้านทุ่งยาว","__village":"บ้านทุ่งยาว","land_type":"พื้นที่เกษตร","LandType":"พื้นที่เกษตร","plant_type":"นาข้าว","PlantType":"นาข้าว","crop_type":"นาข้าว","crop_type_raw":"นาข้าว","__crop":"นาข้าว","__plant_type":"นาข้าว","confidence":"nominal","source":"NASA FIRMS VIIRS","source_file":"HOTSPOT Viirs 1 ม.ค - 31 พ.ค 66 (รวม).xlsx","filter_rule":"Province=กำแพงเพชร; LandType=พื้นที่เกษตร; PlantType in allowed list; hierarchy uses Province→Amphoe→Tambon→BaanN from source table","latitude":16.59518,"longitude":99.68636,"month":5,"day":2,"responsibility_code":"5","landuse_code":"A101","utm_zone":"47","utm_e":"573214.887","utm_n":"1834897.962"},"geometry":{"type":"Point","coordinates":[99.68636,16.59518]}},{"type":"Feature","properties":{"hs_id":"VI1202305020637urgzcxuxur","hsID":"VI1202305020637urgzcxuxur","acq_date":"2023-05-02","Date":"2023-05-02","acq_time":"1337","year_be":2566,"season_be":2566,"dataset_year_be":2566,"province":"กำแพงเพชร","Province":"กำแพงเพชร","__province":"กำแพงเพชร","district":"พรานกระต่าย","Amphoe":"พรานกระต่าย","__district":"พรานกระต่าย","subdistrict":"เขาคีริส","Tambon":"เขาคีริส","__subdistrict":"เขาคีริส","village":"บ้านวังแม่พาย","BaanN":"บ้านวังแม่พาย","__village":"บ้านวังแม่พาย","land_type":"พื้นที่เกษตร","LandType":"พื้นที่เกษตร","plant_type":"นาข้าว","PlantType":"นาข้าว","crop_type":"นาข้าว","crop_type_raw":"นาข้าว","__crop":"นาข้าว","__plant_type":"นาข้าว","confidence":"nominal","source":"NASA FIRMS VIIRS","source_file":"HOTSPOT Viirs 1 ม.ค - 31 พ.ค 66 (รวม).xlsx","filter_rule":"Province=กำแพงเพชร; LandType=พื้นที่เกษตร; PlantType in allowed list; hierarchy uses Province→Amphoe→Tambon→BaanN from source table","latitude":16.59572,"longitude":99.68994,"month":5,"day":2,"responsibility_code":"5","landuse_code":"A101","utm_zone":"47","utm_e":"573596.58","utm_n":"1834959.011"},"geometry":{"type":"Point","coordinates":[99.68994,16.59572]}},{"type":"Feature","properties":{"hs_id":"VI1202305020637urgzfrczfz","hsID":"VI1202305020637urgzfrczfz","acq_date":"2023-05-02","Date":"2023-05-02","acq_time":"1337","year_be":2566,"season_be":2566,"dataset_year_be":2566,"province":"กำแพงเพชร","Province":"กำแพงเพชร","__province":"กำแพงเพชร","district":"โกสัมพีนคร","Amphoe":"โกสัมพีนคร","__district":"โกสัมพีนคร","subdistrict":"ลานดอกไม้ตก","Tambon":"ลานดอกไม้ตก","__subdistrict":"ลานดอกไม้ตก","village":"บ้านเกาะรากเสียดใน","BaanN":"บ้านเกาะรากเสียดใน","__village":"บ้านเกาะรากเสียดใน","land_type":"พื้นที่เกษตร","LandType":"พื้นที่เกษตร","plant_type":"นาข้าว","PlantType":"นาข้าว","crop_type":"นาข้าว","crop_type_raw":"นาข้าว","__crop":"นาข้าว","__plant_type":"นาข้าว","confidence":"nominal","source":"NASA FIRMS VIIRS","source_file":"HOTSPOT Viirs 1 ม.ค - 31 พ.ค 66 (รวม).xlsx","filter_rule":"Province=กำแพงเพชร; LandType=พื้นที่เกษตร; PlantType in allowed list; hierarchy uses Province→Amphoe→Tambon→BaanN from source table","latitude":16.62484,"longitude":99.41294,"month":5,"day":2,"responsibility_code":"5","landuse_code":"A101","utm_zone":"47","utm_e":"544041.504","utm_n":"1838099.13"},"geometry":{"type":"Point","coordinates":[99.41294,16.62484]}},{"type":"Feature","properties":{"hs_id":"VI1202305030618urgrfpyxfx","hsID":"VI1202305030618urgrfpyxfx","acq_date":"2023-05-03","Date":"2023-05-03","acq_time":"1318","year_be":2566,"season_be":2566,"dataset_year_be":2566,"province":"กำแพงเพชร","Province":"กำแพงเพชร","__province":"กำแพงเพชร","district":"ขาณุวรลักษบุรี","Amphoe":"ขาณุวรลักษบุรี","__district":"ขาณุวรลักษบุรี","subdistrict":"ปางมะค่า","Tambon":"ปางมะค่า","__subdistrict":"ปางมะค่า","village":"บ้านโป่งแต้","BaanN":"บ้านโป่งแต้","__village":"บ้านโป่งแต้","land_type":"พื้นที่เกษตร","LandType":"พื้นที่เกษตร","plant_type":"เกษตรอื่น ๆ","PlantType":"เกษตรอื่น ๆ","crop_type":"เกษตรอื่น ๆ","crop_type_raw":"เกษตรอื่น ๆ","__crop":"เกษตรอื่น ๆ","__plant_type":"เกษตรอื่น ๆ","confidence":"nominal","source":"NASA FIRMS VIIRS","source_file":"HOTSPOT Viirs 1 ม.ค - 31 พ.ค 66 (รวม).xlsx","filter_rule":"Province=กำแพงเพชร; LandType=พื้นที่เกษตร; PlantType in allowed list; hierarchy uses Province→Amphoe→Tambon→BaanN from source table","latitude":15.91724,"longitude":99.5769,"month":5,"day":3,"responsibility_code":"5","landuse_code":"A999","utm_zone":"47","utm_e":"561749.673","utm_n":"1759866.22"},"geometry":{"type":"Point","coordinates":[99.5769,15.91724]}},{"type":"Feature","properties":{"hs_id":"VI1202305030618urgrfpzxvx","hsID":"VI1202305030618urgrfpzxvx","acq_date":"2023-05-03","Date":"2023-05-03","acq_time":"1318","year_be":2566,"season_be":2566,"dataset_year_be":2566,"province":"กำแพงเพชร","Province":"กำแพงเพชร","__province":"กำแพงเพชร","district":"ขาณุวรลักษบุรี","Amphoe":"ขาณุวรลักษบุรี","__district":"ขาณุวรลักษบุรี","subdistrict":"บ่อถ้ำ","Tambon":"บ่อถ้ำ","__subdistrict":"บ่อถ้ำ","village":"บ้านโป่งแต้","BaanN":"บ้านโป่งแต้","__village":"บ้านโป่งแต้","land_type":"พื้นที่เกษตร","LandType":"พื้นที่เกษตร","plant_type":"นาข้าว","PlantType":"นาข้าว","crop_type":"นาข้าว","crop_type_raw":"นาข้าว","__crop":"นาข้าว","__plant_type":"นาข้าว","confidence":"nominal","source":"NASA FIRMS VIIRS","source_file":"HOTSPOT Viirs 1 ม.ค - 31 พ.ค 66 (รวม).xlsx","filter_rule":"Province=กำแพงเพชร; LandType=พื้นที่เกษตร; PlantType in allowed list; hierarchy uses Province→Amphoe→Tambon→BaanN from source table","latitude":15.91874,"longitude":99.57602,"month":5,"day":3,"responsibility_code":"5","landuse_code":"A101","utm_zone":"47","utm_e":"561655.02","utm_n":"1760031.887"},"geometry":{"type":"Point","coordinates":[99.57602,15.91874]}},{"type":"Feature","properties":{"hs_id":"VI1202305030620urgxupuxcz","hsID":"VI1202305030620urgxupuxcz","acq_date":"2023-05-03","Date":"2023-05-03","acq_time":"1320","year_be":2566,"season_be":2566,"dataset_year_be":2566,"province":"กำแพงเพชร","Province":"กำแพงเพชร","__province":"กำแพงเพชร","district":"เมืองกำแพงเพชร","Amphoe":"เมืองกำแพงเพชร","__district":"เมืองกำแพงเพชร","subdistrict":"คณฑี","Tambon":"คณฑี","__subdistrict":"คณฑี","village":"บ้านโคนใต้","BaanN":"บ้านโคนใต้","__village":"บ้านโคนใต้","land_type":"พื้นที่เกษตร","LandType":"พื้นที่เกษตร","plant_type":"อ้อย","PlantType":"อ้อย","crop_type":"อ้อย","crop_type_raw":"อ้อย","__crop":"อ้อย","__plant_type":"อ้อย","confidence":"nominal","source":"NASA FIRMS VIIRS","source_file":"HOTSPOT Viirs 1 ม.ค - 31 พ.ค 66 (รวม).xlsx","filter_rule":"Province=กำแพงเพชร; LandType=พื้นที่เกษตร; PlantType in allowed list; hierarchy uses Province→Amphoe→Tambon→BaanN from source table","latitude":16.35392,"longitude":99.66184,"month":5,"day":3,"responsibility_code":"5","landuse_code":"A203","utm_zone":"47","utm_e":"570686.642","utm_n":"1808199.639"},"geometry":{"type":"Point","coordinates":[99.66184,16.35392]}},{"type":"Feature","properties":{"hs_id":"VI1202305030620urgxupyrbx","hsID":"VI1202305030620urgxupyrbx","acq_date":"2023-05-03","Date":"2023-05-03","acq_time":"1320","year_be":2566,"season_be":2566,"dataset_year_be":2566,"province":"กำแพงเพชร","Province":"กำแพงเพชร","__province":"กำแพงเพชร","district":"เมืองกำแพงเพชร","Amphoe":"เมืองกำแพงเพชร","__district":"เมืองกำแพงเพชร","subdistrict":"คณฑี","Tambon":"คณฑี","__subdistrict":"คณฑี","village":"บ้านโคนใต้","BaanN":"บ้านโคนใต้","__village":"บ้านโคนใต้","land_type":"พื้นที่เกษตร","LandType":"พื้นที่เกษตร","plant_type":"นาข้าว","PlantType":"นาข้าว","crop_type":"นาข้าว","crop_type_raw":"นาข้าว","__crop":"นาข้าว","__plant_type":"นาข้าว","confidence":"nominal","source":"NASA FIRMS VIIRS","source_file":"HOTSPOT Viirs 1 ม.ค - 31 พ.ค 66 (รวม).xlsx","filter_rule":"Province=กำแพงเพชร; LandType=พื้นที่เกษตร; PlantType in allowed list; hierarchy uses Province→Amphoe→Tambon→BaanN from source table","latitude":16.35627,"longitude":99.65884,"month":5,"day":3,"responsibility_code":"5","landuse_code":"A101","utm_zone":"47","utm_e":"570365.378","utm_n":"1808458.566"},"geometry":{"type":"Point","coordinates":[99.65884,16.35627]}},{"type":"Feature","properties":{"hs_id":"VI1202305030620urgzgrgrzr","hsID":"VI1202305030620urgzgrgrzr","acq_date":"2023-05-03","Date":"2023-05-03","acq_time":"1320","year_be":2566,"season_be":2566,"dataset_year_be":2566,"province":"กำแพงเพชร","Province":"กำแพงเพชร","__province":"กำแพงเพชร","district":"พรานกระต่าย","Amphoe":"พรานกระต่าย","__district":"พรานกระต่าย","subdistrict":"คุยบ้านโอง","Tambon":"คุยบ้านโอง","__subdistrict":"คุยบ้านโอง","village":"บ้านคุยแขวน","BaanN":"บ้านคุยแขวน","__village":"บ้านคุยแขวน","land_type":"พื้นที่เกษตร","LandType":"พื้นที่เกษตร","plant_type":"นาข้าว","PlantType":"นาข้าว","crop_type":"นาข้าว","crop_type_raw":"นาข้าว","__crop":"นาข้าว","__plant_type":"นาข้าว","confidence":"nominal","source":"NASA FIRMS VIIRS","source_file":"HOTSPOT Viirs 1 ม.ค - 31 พ.ค 66 (รวม).xlsx","filter_rule":"Province=กำแพงเพชร; LandType=พื้นที่เกษตร; PlantType in allowed list; hierarchy uses Province→Amphoe→Tambon→BaanN from source table","latitude":16.67104,"longitude":99.63775,"month":5,"day":3,"responsibility_code":"5","landuse_code":"A101","utm_zone":"47","utm_e":"568002.67","utm_n":"1843272.998"},"geometry":{"type":"Point","coordinates":[99.63775,16.67104]}},{"type":"Feature","properties":{"hs_id":"VI1202305030620urgzgryxfp","hsID":"VI1202305030620urgzgryxfp","acq_date":"2023-05-03","Date":"2023-05-03","acq_time":"1320","year_be":2566,"season_be":2566,"dataset_year_be":2566,"province":"กำแพงเพชร","Province":"กำแพงเพชร","__province":"กำแพงเพชร","district":"พรานกระต่าย","Amphoe":"พรานกระต่าย","__district":"พรานกระต่าย","subdistrict":"ถ้ำกระต่ายทอง","Tambon":"ถ้ำกระต่ายทอง","__subdistrict":"ถ้ำกระต่ายทอง","village":"บ้านนาถัง","BaanN":"บ้านนาถัง","__village":"บ้านนาถัง","land_type":"พื้นที่เกษตร","LandType":"พื้นที่เกษตร","plant_type":"เกษตรอื่น ๆ","PlantType":"เกษตรอื่น ๆ","crop_type":"เกษตรอื่น ๆ","crop_type_raw":"เกษตรอื่น ๆ","__crop":"เกษตรอื่น ๆ","__plant_type":"เกษตรอื่น ๆ","confidence":"nominal","source":"NASA FIRMS VIIRS","source_file":"HOTSPOT Viirs 1 ม.ค - 31 พ.ค 66 (รวม).xlsx","filter_rule":"Province=กำแพงเพชร; LandType=พื้นที่เกษตร; PlantType in allowed list; hierarchy uses Province→Amphoe→Tambon→BaanN from source table","latitude":16.67528,"longitude":99.61538,"month":5,"day":3,"responsibility_code":"5","landuse_code":"A999","utm_zone":"47","utm_e":"565615.854","utm_n":"1843734.572"},"geometry":{"type":"Point","coordinates":[99.61538,16.67528]}},{"type":"Feature","properties":{"hs_id":"VI1202305030620urgzgxbzbx","hsID":"VI1202305030620urgzgxbzbx","acq_date":"2023-05-03","Date":"2023-05-03","acq_time":"1320","year_be":2566,"season_be":2566,"dataset_year_be":2566,"province":"กำแพงเพชร","Province":"กำแพงเพชร","__province":"กำแพงเพชร","district":"พรานกระต่าย","Amphoe":"พรานกระต่าย","__district":"พรานกระต่าย","subdistrict":"ถ้ำกระต่ายทอง","Tambon":"ถ้ำกระต่ายทอง","__subdistrict":"ถ้ำกระต่ายทอง","village":"บ้านคุยแขวน","BaanN":"บ้านคุยแขวน","__village":"บ้านคุยแขวน","land_type":"พื้นที่เกษตร","LandType":"พื้นที่เกษตร","plant_type":"นาข้าว","PlantType":"นาข้าว","crop_type":"นาข้าว","crop_type_raw":"นาข้าว","__crop":"นาข้าว","__plant_type":"นาข้าว","confidence":"nominal","source":"NASA FIRMS VIIRS","source_file":"HOTSPOT Viirs 1 ม.ค - 31 พ.ค 66 (รวม).xlsx","filter_rule":"Province=กำแพงเพชร; LandType=พื้นที่เกษตร; PlantType in allowed list; hierarchy uses Province→Amphoe→Tambon→BaanN from source table","latitude":16.6783,"longitude":99.61842,"month":5,"day":3,"responsibility_code":"5","landuse_code":"A101","utm_zone":"47","utm_e":"565938.975","utm_n":"1844069.667"},"geometry":{"type":"Point","coordinates":[99.61842,16.6783]}},{"type":"Feature","properties":{"hs_id":"VI1202305030620urgzgxfpfx","hsID":"VI1202305030620urgzgxfpfx","acq_date":"2023-05-03","Date":"2023-05-03","acq_time":"1320","year_be":2566,"season_be":2566,"dataset_year_be":2566,"province":"กำแพงเพชร","Province":"กำแพงเพชร","__province":"กำแพงเพชร","district":"พรานกระต่าย","Amphoe":"พรานกระต่าย","__district":"พรานกระต่าย","subdistrict":"ถ้ำกระต่ายทอง","Tambon":"ถ้ำกระต่ายทอง","__subdistrict":"ถ้ำกระต่ายทอง","village":"บ้านคุยแขวน","BaanN":"บ้านคุยแขวน","__village":"บ้านคุยแขวน","land_type":"พื้นที่เกษตร","LandType":"พื้นที่เกษตร","plant_type":"เกษตรอื่น ๆ","PlantType":"เกษตรอื่น ๆ","crop_type":"เกษตรอื่น ๆ","crop_type_raw":"เกษตรอื่น ๆ","__crop":"เกษตรอื่น ๆ","__plant_type":"เกษตรอื่น ๆ","confidence":"nominal","source":"NASA FIRMS VIIRS","source_file":"HOTSPOT Viirs 1 ม.ค - 31 พ.ค 66 (รวม).xlsx","filter_rule":"Province=กำแพงเพชร; LandType=พื้นที่เกษตร; PlantType in allowed list; hierarchy uses Province→Amphoe→Tambon→BaanN from source table","latitude":16.68011,"longitude":99.61987,"month":5,"day":3,"responsibility_code":"5","landuse_code":"A999","utm_zone":"47","utm_e":"566092.964","utm_n":"1844270.382"},"geometry":{"type":"Point","coordinates":[99.61987,16.68011]}},{"type":"Feature","properties":{"hs_id":"VI1202305040559urgxzxzzbz","hsID":"VI1202305040559urgxzxzzbz","acq_date":"2023-05-04","Date":"2023-05-04","acq_time":"1259","year_be":2566,"season_be":2566,"dataset_year_be":2566,"province":"กำแพงเพชร","Province":"กำแพงเพชร","__province":"กำแพงเพชร","district":"เมืองกำแพงเพชร","Amphoe":"เมืองกำแพงเพชร","__district":"เมืองกำแพงเพชร","subdistrict":"ทรงธรรม","Tambon":"ทรงธรรม","__subdistrict":"ทรงธรรม","village":"บ้านสหกรณ์","BaanN":"บ้านสหกรณ์","__village":"บ้านสหกรณ์","land_type":"พื้นที่เกษตร","LandType":"พื้นที่เกษตร","plant_type":"เกษตรอื่น ๆ","PlantType":"เกษตรอื่น ๆ","crop_type":"เกษตรอื่น ๆ","crop_type_raw":"เกษตรอื่น ๆ","__crop":"เกษตรอื่น ๆ","__plant_type":"เกษตรอื่น ๆ","confidence":"nominal","source":"NASA FIRMS VIIRS","source_file":"HOTSPOT Viirs 1 ม.ค - 31 พ.ค 66 (รวม).xlsx","filter_rule":"Province=กำแพงเพชร; LandType=พื้นที่เกษตร; PlantType in allowed list; hierarchy uses Province→Amphoe→Tambon→BaanN from source table","latitude":16.51215,"longitude":99.44556,"month":5,"day":4,"responsibility_code":"5","landuse_code":"A999","utm_zone":"47","utm_e":"547548.244","utm_n":"1825640.462"},"geometry":{"type":"Point","coordinates":[99.44556,16.51215]}},{"type":"Feature","properties":{"hs_id":"VI1202305040559urgzczvpzr","hsID":"VI1202305040559urgzczvpzr","acq_date":"2023-05-04","Date":"2023-05-04","acq_time":"1259","year_be":2566,"season_be":2566,"dataset_year_be":2566,"province":"กำแพงเพชร","Province":"กำแพงเพชร","__province":"กำแพงเพชร","district":"พรานกระต่าย","Amphoe":"พรานกระต่าย","__district":"พรานกระต่าย","subdistrict":"เขาคีริส","Tambon":"เขาคีริส","__subdistrict":"เขาคีริส","village":"บ้านดอนขมิ้น","BaanN":"บ้านดอนขมิ้น","__village":"บ้านดอนขมิ้น","land_type":"พื้นที่เกษตร","LandType":"พื้นที่เกษตร","plant_type":"นาข้าว","PlantType":"นาข้าว","crop_type":"นาข้าว","crop_type_raw":"นาข้าว","__crop":"นาข้าว","__plant_type":"นาข้าว","confidence":"nominal","source":"NASA FIRMS VIIRS","source_file":"HOTSPOT Viirs 1 ม.ค - 31 พ.ค 66 (รวม).xlsx","filter_rule":"Province=กำแพงเพชร; LandType=พื้นที่เกษตร; PlantType in allowed list; hierarchy uses Province→Amphoe→Tambon→BaanN from source table","latitude":16.60752,"longitude":99.63308,"month":5,"day":4,"responsibility_code":"5","landuse_code":"A101","utm_zone":"47","utm_e":"567526.929","utm_n":"1836244.4"},"geometry":{"type":"Point","coordinates":[99.63308,16.60752]}},{"type":"Feature","properties":{"hs_id":"VI1202305040559urgzgrypvp","hsID":"VI1202305040559urgzgrypvp","acq_date":"2023-05-04","Date":"2023-05-04","acq_time":"1259","year_be":2566,"season_be":2566,"dataset_year_be":2566,"province":"กำแพงเพชร","Province":"กำแพงเพชร","__province":"กำแพงเพชร","district":"พรานกระต่าย","Amphoe":"พรานกระต่าย","__district":"พรานกระต่าย","subdistrict":"ถ้ำกระต่ายทอง","Tambon":"ถ้ำกระต่ายทอง","__subdistrict":"ถ้ำกระต่ายทอง","village":"บ้านถ้ำกระต่ายทอง","BaanN":"บ้านถ้ำกระต่ายทอง","__village":"บ้านถ้ำกระต่ายทอง","land_type":"พื้นที่เกษตร","LandType":"พื้นที่เกษตร","plant_type":"นาข้าว","PlantType":"นาข้าว","crop_type":"นาข้าว","crop_type_raw":"นาข้าว","__crop":"นาข้าว","__plant_type":"นาข้าว","confidence":"nominal","source":"NASA FIRMS VIIRS","source_file":"HOTSPOT Viirs 1 ม.ค - 31 พ.ค 66 (รวม).xlsx","filter_rule":"Province=กำแพงเพชร; LandType=พื้นที่เกษตร; PlantType in allowed list; hierarchy uses Province→Amphoe→Tambon→BaanN from source table","latitude":16.67472,"longitude":99.60767,"month":5,"day":4,"responsibility_code":"5","landuse_code":"A101","utm_zone":"47","utm_e":"564793.926","utm_n":"1843670.104"},"geometry":{"type":"Point","coordinates":[99.60767,16.67472]}}]}