{"type":"FeatureCollection","name":"hotspot_2569","metadata":{"dataset_year_be":2569,"source_file":"2569-7-20 รวม 67-69 เขต 6.xlsx","filter_rule":"Province=กำแพงเพชร; LandType=พื้นที่เกษตร; PlantType in allowed groups; de-duplicate by hsID","total_features":513,"date_min":"2026-01-02","date_max":"2026-05-12","province":"กำแพงเพชร","land_type":"พื้นที่เกษตร","plant_types":["ข้าวโพดและไร่หมุนเวียน","นาข้าว","พื้นที่ป่า","อื่น ๆ","อ้อย","เกษตรอื่น ๆ"]},"features":[{"type":"Feature","geometry":{"type":"Point","coordinates":[99.62331,16.60895]},"properties":{"hs_id":"VI1202601020641w4yy6zx6pk","hsID":"VI1202601020641w4yy6zx6pk","acq_date":"2026-01-02","Date":"2026-01-02","acq_time":"","year_be":2569,"season_be":2569,"dataset_year_be":2569,"province":"กำแพงเพชร","Province":"กำแพงเพชร","__province":"กำแพงเพชร","district":"พรานกระต่าย","Amphoe":"พรานกระต่าย","__district":"พรานกระต่าย","subdistrict":"เขาคีริส","Tambon":"เขาคีริส","__subdistrict":"เขาคีริส","village":"บ้านดอนขมิ้น","BaanN":"บ้านดอนขมิ้น","__village":"บ้านดอนขมิ้น","land_type":"พื้นที่เกษตร","LandType":"พื้นที่เกษตร","plant_type":"เกษตรอื่น ๆ","PlantType":"เกษตรอื่น ๆ","crop_type":"เกษตรอื่น ๆ","crop_type_raw":"เกษตรอื่น ๆ","__crop":"เกษตรอื่น ๆ","__plant_type":"เกษตรอื่น ๆ","confidence":47,"Q":"47","source":"NASA FIRMS Email Alert - Suomi NPP VIIRS","source_file":"2569-7-20 รวม 67-69 เขต 6.xlsx","filter_rule":"Province=กำแพงเพชร; LandType=พื้นที่เกษตร; PlantType normalized to allowed groups","month":1,"month_key":"2569-01","day_key":"2026-01-02","TambonN":"เขาคีริส","AmphoeN":"พรานกระต่าย","ProvinceN":"กำแพงเพชร","Maps":"http://maps.google.com/maps?q=16.60895,99.62331"}},{"type":"Feature","geometry":{"type":"Point","coordinates":[99.97375,16.16182]},"properties":{"hs_id":"VI1202601020641w4z5fyntmj","hsID":"VI1202601020641w4z5fyntmj","acq_date":"2026-01-02","Date":"2026-01-02","acq_time":"","year_be":2569,"season_be":2569,"dataset_year_be":2569,"province":"กำแพงเพชร","Province":"กำแพงเพชร","__province":"กำแพงเพชร","district":"บึงสามัคคี","Amphoe":"บึงสามัคคี","__district":"บึงสามัคคี","subdistrict":"ระหาน","Tambon":"ระหาน","__subdistrict":"ระหาน","village":"บ้านกระบวยทองใต้","BaanN":"บ้านกระบวยทองใต้","__village":"บ้านกระบวยทองใต้","land_type":"พื้นที่เกษตร","LandType":"พื้นที่เกษตร","plant_type":"เกษตรอื่น ๆ","PlantType":"เกษตรอื่น ๆ","crop_type":"เกษตรอื่น ๆ","crop_type_raw":"เกษตรอื่น ๆ","__crop":"เกษตรอื่น ๆ","__plant_type":"เกษตรอื่น ๆ","confidence":47,"Q":"47","source":"NASA FIRMS Email Alert - Suomi NPP VIIRS","source_file":"2569-7-20 รวม 67-69 เขต 6.xlsx","filter_rule":"Province=กำแพงเพชร; LandType=พื้นที่เกษตร; PlantType normalized to allowed groups","month":1,"month_key":"2569-01","day_key":"2026-01-02","TambonN":"ระหาน","AmphoeN":"บึงสามัคคี","ProvinceN":"กำแพงเพชร","Maps":"http://maps.google.com/maps?q=16.16182,99.97375"}},{"type":"Feature","geometry":{"type":"Point","coordinates":[99.8363,16.23796]},"properties":{"hs_id":"VI1202601060705w4yuru48fr","hsID":"VI1202601060705w4yuru48fr","acq_date":"2026-01-06","Date":"2026-01-06","acq_time":"","year_be":2569,"season_be":2569,"dataset_year_be":2569,"province":"กำแพงเพชร","Province":"กำแพงเพชร","__province":"กำแพงเพชร","district":"คลองขลุง","Amphoe":"คลองขลุง","__district":"คลองขลุง","subdistrict":"วังแขม","Tambon":"วังแขม","__subdistrict":"วังแขม","village":"บ้านทุ่งหันตรา","BaanN":"บ้านทุ่งหันตรา","__village":"บ้านทุ่งหันตรา","land_type":"พื้นที่เกษตร","LandType":"พื้นที่เกษตร","plant_type":"นาข้าว","PlantType":"นาข้าว","crop_type":"นาข้าว","crop_type_raw":"นาข้าว","__crop":"นาข้าว","__plant_type":"นาข้าว","confidence":47,"Q":"47","source":"NASA FIRMS Email Alert - Suomi NPP VIIRS","source_file":"2569-7-20 รวม 67-69 เขต 6.xlsx","filter_rule":"Province=กำแพงเพชร; LandType=พื้นที่เกษตร; PlantType normalized to allowed groups","month":1,"month_key":"2569-01","day_key":"2026-01-06","TambonN":"วังแขม","AmphoeN":"คลองขลุง","ProvinceN":"กำแพงเพชร","Maps":"http://maps.google.com/maps?q=16.23796,99.8363"}},{"type":"Feature","geometry":{"type":"Point","coordinates":[99.63996,16.63281]},"properties":{"hs_id":"VI1202601060705w4yye7gt5k","hsID":"VI1202601060705w4yye7gt5k","acq_date":"2026-01-06","Date":"2026-01-06","acq_time":"","year_be":2569,"season_be":2569,"dataset_year_be":2569,"province":"กำแพงเพชร","Province":"กำแพงเพชร","__province":"กำแพงเพชร","district":"พรานกระต่าย","Amphoe":"พรานกระต่าย","__district":"พรานกระต่าย","subdistrict":"คุยบ้านโอง","Tambon":"คุยบ้านโอง","__subdistrict":"คุยบ้านโอง","village":"บ้านดอนขมิ้น","BaanN":"บ้านดอนขมิ้น","__village":"บ้านดอนขมิ้น","land_type":"พื้นที่เกษตร","LandType":"พื้นที่เกษตร","plant_type":"นาข้าว","PlantType":"นาข้าว","crop_type":"นาข้าว","crop_type_raw":"นาข้าว","__crop":"นาข้าว","__plant_type":"นาข้าว","confidence":47,"Q":"47","source":"NASA FIRMS Email Alert - Suomi NPP VIIRS","source_file":"2569-7-20 รวม 67-69 เขต 6.xlsx","filter_rule":"Province=กำแพงเพชร; LandType=พื้นที่เกษตร; PlantType normalized to allowed groups","month":1,"month_key":"2569-01","day_key":"2026-01-06","TambonN":"เขาคีริส","AmphoeN":"พรานกระต่าย","ProvinceN":"กำแพงเพชร","Maps":"http://maps.google.com/maps?q=16.63281,99.63996"}},{"type":"Feature","geometry":{"type":"Point","coordinates":[99.75116,16.24675]},"properties":{"hs_id":"VI1202601070648w4yumvss4m","hsID":"VI1202601070648w4yumvss4m","acq_date":"2026-01-07","Date":"2026-01-07","acq_time":"","year_be":2569,"season_be":2569,"dataset_year_be":2569,"province":"กำแพงเพชร","Province":"กำแพงเพชร","__province":"กำแพงเพชร","district":"คลองขลุง","Amphoe":"คลองขลุง","__district":"คลองขลุง","subdistrict":"ท่ามะเขือ","Tambon":"ท่ามะเขือ","__subdistrict":"ท่ามะเขือ","village":"บ้านคลองพัฒนา","BaanN":"บ้านคลองพัฒนา","__village":"บ้านคลองพัฒนา","land_type":"พื้นที่เกษตร","LandType":"พื้นที่เกษตร","plant_type":"นาข้าว","PlantType":"นาข้าว","crop_type":"นาข้าว","crop_type_raw":"นาข้าว","__crop":"นาข้าว","__plant_type":"นาข้าว","confidence":47,"Q":"47","source":"NASA FIRMS Email Alert - Suomi NPP VIIRS","source_file":"2569-7-20 รวม 67-69 เขต 6.xlsx","filter_rule":"Province=กำแพงเพชร; LandType=พื้นที่เกษตร; PlantType normalized to allowed groups","month":1,"month_key":"2569-01","day_key":"2026-01-07","TambonN":"ท่ามะเขือ","AmphoeN":"คลองขลุง","ProvinceN":"กำแพงเพชร","Maps":"http://maps.google.com/maps?q=16.24675,99.75116"}},{"type":"Feature","geometry":{"type":"Point","coordinates":[99.94828,16.28587]},"properties":{"hs_id":"VI1202601070648w4zhdku05d","hsID":"VI1202601070648w4zhdku05d","acq_date":"2026-01-07","Date":"2026-01-07","acq_time":"","year_be":2569,"season_be":2569,"dataset_year_be":2569,"province":"กำแพงเพชร","Province":"กำแพงเพชร","__province":"กำแพงเพชร","district":"บึงสามัคคี","Amphoe":"บึงสามัคคี","__district":"บึงสามัคคี","subdistrict":"บึงสามัคคี","Tambon":"บึงสามัคคี","__subdistrict":"บึงสามัคคี","village":"บ้านทรัพย์แวง","BaanN":"บ้านทรัพย์แวง","__village":"บ้านทรัพย์แวง","land_type":"พื้นที่เกษตร","LandType":"พื้นที่เกษตร","plant_type":"อ้อย","PlantType":"อ้อย","crop_type":"อ้อย","crop_type_raw":"อ้อย","__crop":"อ้อย","__plant_type":"อ้อย","confidence":47,"Q":"47","source":"NASA FIRMS Email Alert - Suomi NPP VIIRS","source_file":"2569-7-20 รวม 67-69 เขต 6.xlsx","filter_rule":"Province=กำแพงเพชร; LandType=พื้นที่เกษตร; PlantType normalized to allowed groups","month":1,"month_key":"2569-01","day_key":"2026-01-07","TambonN":"ถาวรวัฒนา","AmphoeN":"ทรายทองวัฒนา","ProvinceN":"กำแพงเพชร","Maps":"http://maps.google.com/maps?q=16.28587,99.94828"}},{"type":"Feature","geometry":{"type":"Point","coordinates":[99.60339,16.14131]},"properties":{"hs_id":"VI1202601080629w4ygfd2vzn","hsID":"VI1202601080629w4ygfd2vzn","acq_date":"2026-01-08","Date":"2026-01-08","acq_time":"","year_be":2569,"season_be":2569,"dataset_year_be":2569,"province":"กำแพงเพชร","Province":"กำแพงเพชร","__province":"กำแพงเพชร","district":"ปางศิลาทอง","Amphoe":"ปางศิลาทอง","__district":"ปางศิลาทอง","subdistrict":"โพธิ์ทอง","Tambon":"โพธิ์ทอง","__subdistrict":"โพธิ์ทอง","village":"บ้านหนองไผ่","BaanN":"บ้านหนองไผ่","__village":"บ้านหนองไผ่","land_type":"พื้นที่เกษตร","LandType":"พื้นที่เกษตร","plant_type":"อ้อย","PlantType":"อ้อย","crop_type":"อ้อย","crop_type_raw":"อ้อย","__crop":"อ้อย","__plant_type":"อ้อย","confidence":47,"Q":"47","source":"NASA FIRMS Email Alert - Suomi NPP VIIRS","source_file":"2569-7-20 รวม 67-69 เขต 6.xlsx","filter_rule":"Province=กำแพงเพชร; LandType=พื้นที่เกษตร; PlantType normalized to allowed groups","month":1,"month_key":"2569-01","day_key":"2026-01-08","TambonN":"โพธิ์ทอง","AmphoeN":"ปางศิลาทอง","ProvinceN":"กำแพงเพชร","Maps":"http://maps.google.com/maps?q=16.14131,99.60339"}},{"type":"Feature","geometry":{"type":"Point","coordinates":[99.78394,16.24877]},"properties":{"hs_id":"VI1202601080629w4yuqturyq","hsID":"VI1202601080629w4yuqturyq","acq_date":"2026-01-08","Date":"2026-01-08","acq_time":"","year_be":2569,"season_be":2569,"dataset_year_be":2569,"province":"กำแพงเพชร","Province":"กำแพงเพชร","__province":"กำแพงเพชร","district":"คลองขลุง","Amphoe":"คลองขลุง","__district":"คลองขลุง","subdistrict":"ท่ามะเขือ","Tambon":"ท่ามะเขือ","__subdistrict":"ท่ามะเขือ","village":"บ้านดงปะคา","BaanN":"บ้านดงปะคา","__village":"บ้านดงปะคา","land_type":"พื้นที่เกษตร","LandType":"พื้นที่เกษตร","plant_type":"นาข้าว","PlantType":"นาข้าว","crop_type":"นาข้าว","crop_type_raw":"นาข้าว","__crop":"นาข้าว","__plant_type":"นาข้าว","confidence":47,"Q":"47","source":"NASA FIRMS Email Alert - Suomi NPP VIIRS","source_file":"2569-7-20 รวม 67-69 เขต 6.xlsx","filter_rule":"Province=กำแพงเพชร; LandType=พื้นที่เกษตร; PlantType normalized to allowed groups","month":1,"month_key":"2569-01","day_key":"2026-01-08","TambonN":"วังยาง","AmphoeN":"คลองขลุง","ProvinceN":"กำแพงเพชร","Maps":"http://maps.google.com/maps?q=16.24877,99.78394"}},{"type":"Feature","geometry":{"type":"Point","coordinates":[99.58702,16.4064]},"properties":{"hs_id":"VI1202601100733w4yv64tn1y","hsID":"VI1202601100733w4yv64tn1y","acq_date":"2026-01-10","Date":"2026-01-10","acq_time":"","year_be":2569,"season_be":2569,"dataset_year_be":2569,"province":"กำแพงเพชร","Province":"กำแพงเพชร","__province":"กำแพงเพชร","district":"เมืองกำแพงเพชร","Amphoe":"เมืองกำแพงเพชร","__district":"เมืองกำแพงเพชร","subdistrict":"เทพนคร","Tambon":"เทพนคร","__subdistrict":"เทพนคร","village":"บ้านวังทองหลาง","BaanN":"บ้านวังทองหลาง","__village":"บ้านวังทองหลาง","land_type":"พื้นที่เกษตร","LandType":"พื้นที่เกษตร","plant_type":"นาข้าว","PlantType":"นาข้าว","crop_type":"นาข้าว","crop_type_raw":"นาข้าว","__crop":"นาข้าว","__plant_type":"นาข้าว","confidence":47,"Q":"47","source":"NASA FIRMS Email Alert - Suomi NPP VIIRS","source_file":"2569-7-20 รวม 67-69 เขต 6.xlsx","filter_rule":"Province=กำแพงเพชร; LandType=พื้นที่เกษตร; PlantType normalized to allowed groups","month":1,"month_key":"2569-01","day_key":"2026-01-10","TambonN":"เทพนคร","AmphoeN":"เมืองกำแพงเพชร","ProvinceN":"กำแพงเพชร","Maps":"http://maps.google.com/maps?q=16.4064,99.58702"}},{"type":"Feature","geometry":{"type":"Point","coordinates":[99.59285,16.40697]},"properties":{"hs_id":"VI1202601100733w4yv66c398","hsID":"VI1202601100733w4yv66c398","acq_date":"2026-01-10","Date":"2026-01-10","acq_time":"","year_be":2569,"season_be":2569,"dataset_year_be":2569,"province":"กำแพงเพชร","Province":"กำแพงเพชร","__province":"กำแพงเพชร","district":"เมืองกำแพงเพชร","Amphoe":"เมืองกำแพงเพชร","__district":"เมืองกำแพงเพชร","subdistrict":"เทพนคร","Tambon":"เทพนคร","__subdistrict":"เทพนคร","village":"บ้านไทรย้อย","BaanN":"บ้านไทรย้อย","__village":"บ้านไทรย้อย","land_type":"พื้นที่เกษตร","LandType":"พื้นที่เกษตร","plant_type":"นาข้าว","PlantType":"นาข้าว","crop_type":"นาข้าว","crop_type_raw":"นาข้าว","__crop":"นาข้าว","__plant_type":"นาข้าว","confidence":47,"Q":"47","source":"NASA FIRMS Email Alert - Suomi NPP VIIRS","source_file":"2569-7-20 รวม 67-69 เขต 6.xlsx","filter_rule":"Province=กำแพงเพชร; LandType=พื้นที่เกษตร; PlantType normalized to allowed groups","month":1,"month_key":"2569-01","day_key":"2026-01-10","TambonN":"เทพนคร","AmphoeN":"เมืองกำแพงเพชร","ProvinceN":"กำแพงเพชร","Maps":"http://maps.google.com/maps?q=16.40697,99.59285"}},{"type":"Feature","geometry":{"type":"Point","coordinates":[99.73661,16.2328]},"properties":{"hs_id":"VI1202601101821w4yume1fzm","hsID":"VI1202601101821w4yume1fzm","acq_date":"2026-01-11","Date":"2026-01-11","acq_time":"","year_be":2569,"season_be":2569,"dataset_year_be":2569,"province":"กำแพงเพชร","Province":"กำแพงเพชร","__province":"กำแพงเพชร","district":"คลองขลุง","Amphoe":"คลองขลุง","__district":"คลองขลุง","subdistrict":"ท่ามะเขือ","Tambon":"ท่ามะเขือ","__subdistrict":"ท่ามะเขือ","village":"บ้านท่ามะเขือ","BaanN":"บ้านท่ามะเขือ","__village":"บ้านท่ามะเขือ","land_type":"พื้นที่เกษตร","LandType":"พื้นที่เกษตร","plant_type":"อ้อย","PlantType":"อ้อย","crop_type":"อ้อย","crop_type_raw":"อ้อย","__crop":"อ้อย","__plant_type":"อ้อย","confidence":47,"Q":"47","source":"NASA FIRMS Email Alert - Suomi NPP VIIRS","source_file":"2569-7-20 รวม 67-69 เขต 6.xlsx","filter_rule":"Province=กำแพงเพชร; LandType=พื้นที่เกษตร; PlantType normalized to allowed groups","month":1,"month_key":"2569-01","day_key":"2026-01-11","TambonN":"ท่ามะเขือ","AmphoeN":"คลองขลุง","ProvinceN":"กำแพงเพชร","Maps":"http://maps.google.com/maps?q=16.2328,99.73661"}},{"type":"Feature","geometry":{"type":"Point","coordinates":[99.54681,16.30411]},"properties":{"hs_id":"VI1202601120654w4yuc0pf2f","hsID":"VI1202601120654w4yuc0pf2f","acq_date":"2026-01-12","Date":"2026-01-12","acq_time":"","year_be":2569,"season_be":2569,"dataset_year_be":2569,"province":"กำแพงเพชร","Province":"กำแพงเพชร","__province":"กำแพงเพชร","district":"เมืองกำแพงเพชร","Amphoe":"เมืองกำแพงเพชร","__district":"เมืองกำแพงเพชร","subdistrict":"ไตรตรึงษ์","Tambon":"ไตรตรึงษ์","__subdistrict":"ไตรตรึงษ์","village":"บ้านไตรตรึงษ์","BaanN":"บ้านไตรตรึงษ์","__village":"บ้านไตรตรึงษ์","land_type":"พื้นที่เกษตร","LandType":"พื้นที่เกษตร","plant_type":"เกษตรอื่น ๆ","PlantType":"เกษตรอื่น ๆ","crop_type":"เกษตรอื่น ๆ","crop_type_raw":"เกษตรอื่น ๆ","__crop":"เกษตรอื่น ๆ","__plant_type":"เกษตรอื่น ๆ","confidence":47,"Q":"47","source":"NASA FIRMS Email Alert - Suomi NPP VIIRS","source_file":"2569-7-20 รวม 67-69 เขต 6.xlsx","filter_rule":"Province=กำแพงเพชร; LandType=พื้นที่เกษตร; PlantType normalized to allowed groups","month":1,"month_key":"2569-01","day_key":"2026-01-12","TambonN":"ไตรตรึงษ์","AmphoeN":"เมืองกำแพงเพชร","ProvinceN":"กำแพงเพชร","Maps":"http://maps.google.com/maps?q=16.30411,99.54681"}},{"type":"Feature","geometry":{"type":"Point","coordinates":[99.72051,16.26999]},"properties":{"hs_id":"VI1202601130635w4yut1y783","hsID":"VI1202601130635w4yut1y783","acq_date":"2026-01-13","Date":"2026-01-13","acq_time":"","year_be":2569,"season_be":2569,"dataset_year_be":2569,"province":"กำแพงเพชร","Province":"กำแพงเพชร","__province":"กำแพงเพชร","district":"คลองขลุง","Amphoe":"คลองขลุง","__district":"คลองขลุง","subdistrict":"ท่ามะเขือ","Tambon":"ท่ามะเขือ","__subdistrict":"ท่ามะเขือ","village":"บ้านละหาน","BaanN":"บ้านละหาน","__village":"บ้านละหาน","land_type":"พื้นที่เกษตร","LandType":"พื้นที่เกษตร","plant_type":"นาข้าว","PlantType":"นาข้าว","crop_type":"นาข้าว","crop_type_raw":"นาข้าว","__crop":"นาข้าว","__plant_type":"นาข้าว","confidence":47,"Q":"47","source":"NASA FIRMS Email Alert - Suomi NPP VIIRS","source_file":"2569-7-20 รวม 67-69 เขต 6.xlsx","filter_rule":"Province=กำแพงเพชร; LandType=พื้นที่เกษตร; PlantType normalized to allowed groups","month":1,"month_key":"2569-01","day_key":"2026-01-13","TambonN":"วังบัว","AmphoeN":"คลองขลุง","ProvinceN":"กำแพงเพชร","Maps":"http://maps.google.com/maps?q=16.26999,99.72051"}},{"type":"Feature","geometry":{"type":"Point","coordinates":[99.57005,16.41093]},"properties":{"hs_id":"VI1202601130635w4yv3g88w7","hsID":"VI1202601130635w4yv3g88w7","acq_date":"2026-01-13","Date":"2026-01-13","acq_time":"","year_be":2569,"season_be":2569,"dataset_year_be":2569,"province":"กำแพงเพชร","Province":"กำแพงเพชร","__province":"กำแพงเพชร","district":"เมืองกำแพงเพชร","Amphoe":"เมืองกำแพงเพชร","__district":"เมืองกำแพงเพชร","subdistrict":"เทพนคร","Tambon":"เทพนคร","__subdistrict":"เทพนคร","village":"บ้านวังทองหลาง","BaanN":"บ้านวังทองหลาง","__village":"บ้านวังทองหลาง","land_type":"พื้นที่เกษตร","LandType":"พื้นที่เกษตร","plant_type":"อ้อย","PlantType":"อ้อย","crop_type":"อ้อย","crop_type_raw":"อ้อย","__crop":"อ้อย","__plant_type":"อ้อย","confidence":47,"Q":"47","source":"NASA FIRMS Email Alert - Suomi NPP VIIRS","source_file":"2569-7-20 รวม 67-69 เขต 6.xlsx","filter_rule":"Province=กำแพงเพชร; LandType=พื้นที่เกษตร; PlantType normalized to allowed groups","month":1,"month_key":"2569-01","day_key":"2026-01-13","TambonN":"เทพนคร","AmphoeN":"เมืองกำแพงเพชร","ProvinceN":"กำแพงเพชร","Maps":"http://maps.google.com/maps?q=16.41093,99.57005"}},{"type":"Feature","geometry":{"type":"Point","coordinates":[99.84343,16.14881]},"properties":{"hs_id":"VI1202601131908w4ygzgzc8s","hsID":"VI1202601131908w4ygzgzc8s","acq_date":"2026-01-14","Date":"2026-01-14","acq_time":"","year_be":2569,"season_be":2569,"dataset_year_be":2569,"province":"กำแพงเพชร","Province":"กำแพงเพชร","__province":"กำแพงเพชร","district":"ขาณุวรลักษบุรี","Amphoe":"ขาณุวรลักษบุรี","__district":"ขาณุวรลักษบุรี","subdistrict":"ยางสูง","Tambon":"ยางสูง","__subdistrict":"ยางสูง","village":"บ้านไร่ใหม่","BaanN":"บ้านไร่ใหม่","__village":"บ้านไร่ใหม่","land_type":"พื้นที่เกษตร","LandType":"พื้นที่เกษตร","plant_type":"เกษตรอื่น ๆ","PlantType":"เกษตรอื่น ๆ","crop_type":"เกษตรอื่น ๆ","crop_type_raw":"เกษตรอื่น ๆ","__crop":"เกษตรอื่น ๆ","__plant_type":"เกษตรอื่น ๆ","confidence":47,"Q":"47","source":"NASA FIRMS Email Alert - Suomi NPP VIIRS","source_file":"2569-7-20 รวม 67-69 เขต 6.xlsx","filter_rule":"Province=กำแพงเพชร; LandType=พื้นที่เกษตร; PlantType normalized to allowed groups","month":1,"month_key":"2569-01","day_key":"2026-01-14","TambonN":"วังแขม","AmphoeN":"คลองขลุง","ProvinceN":"กำแพงเพชร","Maps":"http://maps.google.com/maps?q=16.14881,99.84343"}},{"type":"Feature","geometry":{"type":"Point","coordinates":[99.84718,16.1482]},"properties":{"hs_id":"VI1202601131908w4z5b5dqpf","hsID":"VI1202601131908w4z5b5dqpf","acq_date":"2026-01-14","Date":"2026-01-14","acq_time":"","year_be":2569,"season_be":2569,"dataset_year_be":2569,"province":"กำแพงเพชร","Province":"กำแพงเพชร","__province":"กำแพงเพชร","district":"ขาณุวรลักษบุรี","Amphoe":"ขาณุวรลักษบุรี","__district":"ขาณุวรลักษบุรี","subdistrict":"ยางสูง","Tambon":"ยางสูง","__subdistrict":"ยางสูง","village":"บ้านไร่ใหม่","BaanN":"บ้านไร่ใหม่","__village":"บ้านไร่ใหม่","land_type":"พื้นที่เกษตร","LandType":"พื้นที่เกษตร","plant_type":"อ้อย","PlantType":"อ้อย","crop_type":"อ้อย","crop_type_raw":"อ้อย","__crop":"อ้อย","__plant_type":"อ้อย","confidence":47,"Q":"47","source":"NASA FIRMS Email Alert - Suomi NPP VIIRS","source_file":"2569-7-20 รวม 67-69 เขต 6.xlsx","filter_rule":"Province=กำแพงเพชร; LandType=พื้นที่เกษตร; PlantType normalized to allowed groups","month":1,"month_key":"2569-01","day_key":"2026-01-14","TambonN":"วังแขม","AmphoeN":"คลองขลุง","ProvinceN":"กำแพงเพชร","Maps":"http://maps.google.com/maps?q=16.1482,99.84718"}},{"type":"Feature","geometry":{"type":"Point","coordinates":[99.54929,16.43221]},"properties":{"hs_id":"VI1202601161810w4yv3r3sd9","hsID":"VI1202601161810w4yv3r3sd9","acq_date":"2026-01-17","Date":"2026-01-17","acq_time":"","year_be":2569,"season_be":2569,"dataset_year_be":2569,"province":"กำแพงเพชร","Province":"กำแพงเพชร","__province":"กำแพงเพชร","district":"เมืองกำแพงเพชร","Amphoe":"เมืองกำแพงเพชร","__district":"เมืองกำแพงเพชร","subdistrict":"เทพนคร","Tambon":"เทพนคร","__subdistrict":"เทพนคร","village":"บ้านโขมงหัก","BaanN":"บ้านโขมงหัก","__village":"บ้านโขมงหัก","land_type":"พื้นที่เกษตร","LandType":"พื้นที่เกษตร","plant_type":"อ้อย","PlantType":"อ้อย","crop_type":"อ้อย","crop_type_raw":"อ้อย","__crop":"อ้อย","__plant_type":"อ้อย","confidence":47,"Q":"47","source":"NASA FIRMS Email Alert - Suomi NPP VIIRS","source_file":"2569-7-20 รวม 67-69 เขต 6.xlsx","filter_rule":"Province=กำแพงเพชร; LandType=พื้นที่เกษตร; PlantType normalized to allowed groups","month":1,"month_key":"2569-01","day_key":"2026-01-17","TambonN":"เทพนคร","AmphoeN":"เมืองกำแพงเพชร","ProvinceN":"กำแพงเพชร","Maps":"http://maps.google.com/maps?q=16.43221,99.54929"}},{"type":"Feature","geometry":{"type":"Point","coordinates":[99.54917,16.43451]},"properties":{"hs_id":"VI1202601161810w4yv3rc3zy","hsID":"VI1202601161810w4yv3rc3zy","acq_date":"2026-01-17","Date":"2026-01-17","acq_time":"","year_be":2569,"season_be":2569,"dataset_year_be":2569,"province":"กำแพงเพชร","Province":"กำแพงเพชร","__province":"กำแพงเพชร","district":"เมืองกำแพงเพชร","Amphoe":"เมืองกำแพงเพชร","__district":"เมืองกำแพงเพชร","subdistrict":"เทพนคร","Tambon":"เทพนคร","__subdistrict":"เทพนคร","village":"บ้านโขมงหัก","BaanN":"บ้านโขมงหัก","__village":"บ้านโขมงหัก","land_type":"พื้นที่เกษตร","LandType":"พื้นที่เกษตร","plant_type":"อ้อย","PlantType":"อ้อย","crop_type":"อ้อย","crop_type_raw":"อ้อย","__crop":"อ้อย","__plant_type":"อ้อย","confidence":47,"Q":"47","source":"NASA FIRMS Email Alert - Suomi NPP VIIRS","source_file":"2569-7-20 รวม 67-69 เขต 6.xlsx","filter_rule":"Province=กำแพงเพชร; LandType=พื้นที่เกษตร; PlantType normalized to allowed groups","month":1,"month_key":"2569-01","day_key":"2026-01-17","TambonN":"เทพนคร","AmphoeN":"เมืองกำแพงเพชร","ProvinceN":"กำแพงเพชร","Maps":"http://maps.google.com/maps?q=16.43451,99.54917"}},{"type":"Feature","geometry":{"type":"Point","coordinates":[99.45312,16.49781]},"properties":{"hs_id":"VI1202601170701w4ytz57d9w","hsID":"VI1202601170701w4ytz57d9w","acq_date":"2026-01-17","Date":"2026-01-17","acq_time":"","year_be":2569,"season_be":2569,"dataset_year_be":2569,"province":"กำแพงเพชร","Province":"กำแพงเพชร","__province":"กำแพงเพชร","district":"เมืองกำแพงเพชร","Amphoe":"เมืองกำแพงเพชร","__district":"เมืองกำแพงเพชร","subdistrict":"นครชุม","Tambon":"นครชุม","__subdistrict":"นครชุม","village":"บ้านหวังใหม่","BaanN":"บ้านหวังใหม่","__village":"บ้านหวังใหม่","land_type":"พื้นที่เกษตร","LandType":"พื้นที่เกษตร","plant_type":"นาข้าว","PlantType":"นาข้าว","crop_type":"นาข้าว","crop_type_raw":"นาข้าว","__crop":"นาข้าว","__plant_type":"นาข้าว","confidence":47,"Q":"47","source":"NASA FIRMS Email Alert - Suomi NPP VIIRS","source_file":"2569-7-20 รวม 67-69 เขต 6.xlsx","filter_rule":"Province=กำแพงเพชร; LandType=พื้นที่เกษตร; PlantType normalized to allowed groups","month":1,"month_key":"2569-01","day_key":"2026-01-17","TambonN":"นครชุม","AmphoeN":"เมืองกำแพงเพชร","ProvinceN":"กำแพงเพชร","Maps":"http://maps.google.com/maps?q=16.49781,99.45312"}},{"type":"Feature","geometry":{"type":"Point","coordinates":[99.45258,16.50173]},"properties":{"hs_id":"VI1202601170701w4ytzh51t1","hsID":"VI1202601170701w4ytzh51t1","acq_date":"2026-01-17","Date":"2026-01-17","acq_time":"","year_be":2569,"season_be":2569,"dataset_year_be":2569,"province":"กำแพงเพชร","Province":"กำแพงเพชร","__province":"กำแพงเพชร","district":"เมืองกำแพงเพชร","Amphoe":"เมืองกำแพงเพชร","__district":"เมืองกำแพงเพชร","subdistrict":"นครชุม","Tambon":"นครชุม","__subdistrict":"นครชุม","village":"บ้านหวังใหม่","BaanN":"บ้านหวังใหม่","__village":"บ้านหวังใหม่","land_type":"พื้นที่เกษตร","LandType":"พื้นที่เกษตร","plant_type":"เกษตรอื่น ๆ","PlantType":"เกษตรอื่น ๆ","crop_type":"เกษตรอื่น ๆ","crop_type_raw":"เกษตรอื่น ๆ","__crop":"เกษตรอื่น ๆ","__plant_type":"เกษตรอื่น ๆ","confidence":47,"Q":"47","source":"NASA FIRMS Email Alert - Suomi NPP VIIRS","source_file":"2569-7-20 รวม 67-69 เขต 6.xlsx","filter_rule":"Province=กำแพงเพชร; LandType=พื้นที่เกษตร; PlantType normalized to allowed groups","month":1,"month_key":"2569-01","day_key":"2026-01-17","TambonN":"นครชุม","AmphoeN":"เมืองกำแพงเพชร","ProvinceN":"กำแพงเพชร","Maps":"http://maps.google.com/maps?q=16.50173,99.45258"}},{"type":"Feature","geometry":{"type":"Point","coordinates":[99.56624,16.40572]},"properties":{"hs_id":"VI1202601191853w4yv3dtfjx","hsID":"VI1202601191853w4yv3dtfjx","acq_date":"2026-01-20","Date":"2026-01-20","acq_time":"","year_be":2569,"season_be":2569,"dataset_year_be":2569,"province":"กำแพงเพชร","Province":"กำแพงเพชร","__province":"กำแพงเพชร","district":"เมืองกำแพงเพชร","Amphoe":"เมืองกำแพงเพชร","__district":"เมืองกำแพงเพชร","subdistrict":"เทพนคร","Tambon":"เทพนคร","__subdistrict":"เทพนคร","village":"บ้านวังทองหลาง","BaanN":"บ้านวังทองหลาง","__village":"บ้านวังทองหลาง","land_type":"พื้นที่เกษตร","LandType":"พื้นที่เกษตร","plant_type":"อ้อย","PlantType":"อ้อย","crop_type":"อ้อย","crop_type_raw":"อ้อย","__crop":"อ้อย","__plant_type":"อ้อย","confidence":47,"Q":"47","source":"NASA FIRMS Email Alert - Suomi NPP VIIRS","source_file":"2569-7-20 รวม 67-69 เขต 6.xlsx","filter_rule":"Province=กำแพงเพชร; LandType=พื้นที่เกษตร; PlantType normalized to allowed groups","month":1,"month_key":"2569-01","day_key":"2026-01-20","TambonN":"เทพนคร","AmphoeN":"เมืองกำแพงเพชร","ProvinceN":"กำแพงเพชร","Maps":"http://maps.google.com/maps?q=16.40572,99.56624"}},{"type":"Feature","geometry":{"type":"Point","coordinates":[99.5671,16.40613]},"properties":{"hs_id":"VI1202601191853w4yv3dws9s","hsID":"VI1202601191853w4yv3dws9s","acq_date":"2026-01-20","Date":"2026-01-20","acq_time":"","year_be":2569,"season_be":2569,"dataset_year_be":2569,"province":"กำแพงเพชร","Province":"กำแพงเพชร","__province":"กำแพงเพชร","district":"เมืองกำแพงเพชร","Amphoe":"เมืองกำแพงเพชร","__district":"เมืองกำแพงเพชร","subdistrict":"เทพนคร","Tambon":"เทพนคร","__subdistrict":"เทพนคร","village":"บ้านวังทองหลาง","BaanN":"บ้านวังทองหลาง","__village":"บ้านวังทองหลาง","land_type":"พื้นที่เกษตร","LandType":"พื้นที่เกษตร","plant_type":"อ้อย","PlantType":"อ้อย","crop_type":"อ้อย","crop_type_raw":"อ้อย","__crop":"อ้อย","__plant_type":"อ้อย","confidence":47,"Q":"47","source":"NASA FIRMS Email Alert - Suomi NPP VIIRS","source_file":"2569-7-20 รวม 67-69 เขต 6.xlsx","filter_rule":"Province=กำแพงเพชร; LandType=พื้นที่เกษตร; PlantType normalized to allowed groups","month":1,"month_key":"2569-01","day_key":"2026-01-20","TambonN":"เทพนคร","AmphoeN":"เมืองกำแพงเพชร","ProvinceN":"กำแพงเพชร","Maps":"http://maps.google.com/maps?q=16.40613,99.5671"}},{"type":"Feature","geometry":{"type":"Point","coordinates":[99.53756,16.42397]},"properties":{"hs_id":"VI1202601191853w4yv3jch93","hsID":"VI1202601191853w4yv3jch93","acq_date":"2026-01-20","Date":"2026-01-20","acq_time":"","year_be":2569,"season_be":2569,"dataset_year_be":2569,"province":"กำแพงเพชร","Province":"กำแพงเพชร","__province":"กำแพงเพชร","district":"เมืองกำแพงเพชร","Amphoe":"เมืองกำแพงเพชร","__district":"เมืองกำแพงเพชร","subdistrict":"เทพนคร","Tambon":"เทพนคร","__subdistrict":"เทพนคร","village":"บ้านดงมะนาว","BaanN":"บ้านดงมะนาว","__village":"บ้านดงมะนาว","land_type":"พื้นที่เกษตร","LandType":"พื้นที่เกษตร","plant_type":"อ้อย","PlantType":"อ้อย","crop_type":"อ้อย","crop_type_raw":"อ้อย","__crop":"อ้อย","__plant_type":"อ้อย","confidence":47,"Q":"47","source":"NASA FIRMS Email Alert - Suomi NPP VIIRS","source_file":"2569-7-20 รวม 67-69 เขต 6.xlsx","filter_rule":"Province=กำแพงเพชร; LandType=พื้นที่เกษตร; PlantType normalized to allowed groups","month":1,"month_key":"2569-01","day_key":"2026-01-20","TambonN":"เทพนคร","AmphoeN":"เมืองกำแพงเพชร","ProvinceN":"กำแพงเพชร","Maps":"http://maps.google.com/maps?q=16.42397,99.53756"}},{"type":"Feature","geometry":{"type":"Point","coordinates":[99.53712,16.31265]},"properties":{"hs_id":"VI1202601201836w4yuc18sp4","hsID":"VI1202601201836w4yuc18sp4","acq_date":"2026-01-21","Date":"2026-01-21","acq_time":"","year_be":2569,"season_be":2569,"dataset_year_be":2569,"province":"กำแพงเพชร","Province":"กำแพงเพชร","__province":"กำแพงเพชร","district":"เมืองกำแพงเพชร","Amphoe":"เมืองกำแพงเพชร","__district":"เมืองกำแพงเพชร","subdistrict":"ไตรตรึงษ์","Tambon":"ไตรตรึงษ์","__subdistrict":"ไตรตรึงษ์","village":"บ้านทรัพย์พลู","BaanN":"บ้านทรัพย์พลู","__village":"บ้านทรัพย์พลู","land_type":"พื้นที่เกษตร","LandType":"พื้นที่เกษตร","plant_type":"นาข้าว","PlantType":"นาข้าว","crop_type":"นาข้าว","crop_type_raw":"นาข้าว","__crop":"นาข้าว","__plant_type":"นาข้าว","confidence":47,"Q":"47","source":"NASA FIRMS Email Alert - Suomi NPP VIIRS","source_file":"2569-7-20 รวม 67-69 เขต 6.xlsx","filter_rule":"Province=กำแพงเพชร; LandType=พื้นที่เกษตร; PlantType normalized to allowed groups","month":1,"month_key":"2569-01","day_key":"2026-01-21","TambonN":"ไตรตรึงษ์","AmphoeN":"เมืองกำแพงเพชร","ProvinceN":"กำแพงเพชร","Maps":"http://maps.google.com/maps?q=16.31265,99.53712"}},{"type":"Feature","geometry":{"type":"Point","coordinates":[99.90406,16.22724]},"properties":{"hs_id":"VI1202601220705w4zh365ft2","hsID":"VI1202601220705w4zh365ft2","acq_date":"2026-01-22","Date":"2026-01-22","acq_time":"","year_be":2569,"season_be":2569,"dataset_year_be":2569,"province":"กำแพงเพชร","Province":"กำแพงเพชร","__province":"กำแพงเพชร","district":"บึงสามัคคี","Amphoe":"บึงสามัคคี","__district":"บึงสามัคคี","subdistrict":"วังชะโอน","Tambon":"วังชะโอน","__subdistrict":"วังชะโอน","village":"บ้านวังชะโอนน้อย","BaanN":"บ้านวังชะโอนน้อย","__village":"บ้านวังชะโอนน้อย","land_type":"พื้นที่เกษตร","LandType":"พื้นที่เกษตร","plant_type":"อ้อย","PlantType":"อ้อย","crop_type":"อ้อย","crop_type_raw":"อ้อย","__crop":"อ้อย","__plant_type":"อ้อย","confidence":47,"Q":"47","source":"NASA FIRMS Email Alert - Suomi NPP VIIRS","source_file":"2569-7-20 รวม 67-69 เขต 6.xlsx","filter_rule":"Province=กำแพงเพชร; LandType=พื้นที่เกษตร; PlantType normalized to allowed groups","month":1,"month_key":"2569-01","day_key":"2026-01-22","TambonN":"วังชะโอน","AmphoeN":"บึงสามัคคี","ProvinceN":"กำแพงเพชร","Maps":"http://maps.google.com/maps?q=16.22724,99.90406"}},{"type":"Feature","geometry":{"type":"Point","coordinates":[99.90158,16.23006]},"properties":{"hs_id":"VI1202601221938w4zh36d4gw","hsID":"VI1202601221938w4zh36d4gw","acq_date":"2026-01-23","Date":"2026-01-23","acq_time":"","year_be":2569,"season_be":2569,"dataset_year_be":2569,"province":"กำแพงเพชร","Province":"กำแพงเพชร","__province":"กำแพงเพชร","district":"บึงสามัคคี","Amphoe":"บึงสามัคคี","__district":"บึงสามัคคี","subdistrict":"วังชะโอน","Tambon":"วังชะโอน","__subdistrict":"วังชะโอน","village":"บ้านคลองกะทังแอะ","BaanN":"บ้านคลองกะทังแอะ","__village":"บ้านคลองกะทังแอะ","land_type":"พื้นที่เกษตร","LandType":"พื้นที่เกษตร","plant_type":"นาข้าว","PlantType":"นาข้าว","crop_type":"นาข้าว","crop_type_raw":"นาข้าว","__crop":"นาข้าว","__plant_type":"นาข้าว","confidence":47,"Q":"47","source":"NASA FIRMS Email Alert - Suomi NPP VIIRS","source_file":"2569-7-20 รวม 67-69 เขต 6.xlsx","filter_rule":"Province=กำแพงเพชร; LandType=พื้นที่เกษตร; PlantType normalized to allowed groups","month":1,"month_key":"2569-01","day_key":"2026-01-23","TambonN":"เทพนิมิต","AmphoeN":"บึงสามัคคี","ProvinceN":"กำแพงเพชร","Maps":"http://maps.google.com/maps?q=16.23006,99.90158"}},{"type":"Feature","geometry":{"type":"Point","coordinates":[99.55477,16.34411]},"properties":{"hs_id":"VI1202601230648w4yucrme66","hsID":"VI1202601230648w4yucrme66","acq_date":"2026-01-23","Date":"2026-01-23","acq_time":"","year_be":2569,"season_be":2569,"dataset_year_be":2569,"province":"กำแพงเพชร","Province":"กำแพงเพชร","__province":"กำแพงเพชร","district":"เมืองกำแพงเพชร","Amphoe":"เมืองกำแพงเพชร","__district":"เมืองกำแพงเพชร","subdistrict":"ไตรตรึงษ์","Tambon":"ไตรตรึงษ์","__subdistrict":"ไตรตรึงษ์","village":"บ้านทุ่งเฉลียว","BaanN":"บ้านทุ่งเฉลียว","__village":"บ้านทุ่งเฉลียว","land_type":"พื้นที่เกษตร","LandType":"พื้นที่เกษตร","plant_type":"เกษตรอื่น ๆ","PlantType":"เกษตรอื่น ๆ","crop_type":"เกษตรอื่น ๆ","crop_type_raw":"เกษตรอื่น ๆ","__crop":"เกษตรอื่น ๆ","__plant_type":"เกษตรอื่น ๆ","confidence":47,"Q":"47","source":"NASA FIRMS Email Alert - Suomi NPP VIIRS","source_file":"2569-7-20 รวม 67-69 เขต 6.xlsx","filter_rule":"Province=กำแพงเพชร; LandType=พื้นที่เกษตร; PlantType normalized to allowed groups","month":1,"month_key":"2569-01","day_key":"2026-01-23","TambonN":"ไตรตรึงษ์","AmphoeN":"เมืองกำแพงเพชร","ProvinceN":"กำแพงเพชร","Maps":"http://maps.google.com/maps?q=16.34411,99.55477"}},{"type":"Feature","geometry":{"type":"Point","coordinates":[99.58176,16.48536]},"properties":{"hs_id":"VI1202601231919w4yvf114pj","hsID":"VI1202601231919w4yvf114pj","acq_date":"2026-01-24","Date":"2026-01-24","acq_time":"","year_be":2569,"season_be":2569,"dataset_year_be":2569,"province":"กำแพงเพชร","Province":"กำแพงเพชร","__province":"กำแพงเพชร","district":"เมืองกำแพงเพชร","Amphoe":"เมืองกำแพงเพชร","__district":"เมืองกำแพงเพชร","subdistrict":"สระแก้ว","Tambon":"สระแก้ว","__subdistrict":"สระแก้ว","village":"บ้านกิโลหก","BaanN":"บ้านกิโลหก","__village":"บ้านกิโลหก","land_type":"พื้นที่เกษตร","LandType":"พื้นที่เกษตร","plant_type":"อ้อย","PlantType":"อ้อย","crop_type":"อ้อย","crop_type_raw":"อ้อย","__crop":"อ้อย","__plant_type":"อ้อย","confidence":47,"Q":"47","source":"NASA FIRMS Email Alert - Suomi NPP VIIRS","source_file":"2569-7-20 รวม 67-69 เขต 6.xlsx","filter_rule":"Province=กำแพงเพชร; LandType=พื้นที่เกษตร; PlantType normalized to allowed groups","month":1,"month_key":"2569-01","day_key":"2026-01-24","TambonN":"สระแก้ว","AmphoeN":"เมืองกำแพงเพชร","ProvinceN":"กำแพงเพชร","Maps":"http://maps.google.com/maps?q=16.48536,99.58176"}},{"type":"Feature","geometry":{"type":"Point","coordinates":[99.58379,16.48662]},"properties":{"hs_id":"VI1202601231919w4yvf169w2","hsID":"VI1202601231919w4yvf169w2","acq_date":"2026-01-24","Date":"2026-01-24","acq_time":"","year_be":2569,"season_be":2569,"dataset_year_be":2569,"province":"กำแพงเพชร","Province":"กำแพงเพชร","__province":"กำแพงเพชร","district":"เมืองกำแพงเพชร","Amphoe":"เมืองกำแพงเพชร","__district":"เมืองกำแพงเพชร","subdistrict":"สระแก้ว","Tambon":"สระแก้ว","__subdistrict":"สระแก้ว","village":"บ้านกิโลหก","BaanN":"บ้านกิโลหก","__village":"บ้านกิโลหก","land_type":"พื้นที่เกษตร","LandType":"พื้นที่เกษตร","plant_type":"อ้อย","PlantType":"อ้อย","crop_type":"อ้อย","crop_type_raw":"อ้อย","__crop":"อ้อย","__plant_type":"อ้อย","confidence":47,"Q":"47","source":"NASA FIRMS Email Alert - Suomi NPP VIIRS","source_file":"2569-7-20 รวม 67-69 เขต 6.xlsx","filter_rule":"Province=กำแพงเพชร; LandType=พื้นที่เกษตร; PlantType normalized to allowed groups","month":1,"month_key":"2569-01","day_key":"2026-01-24","TambonN":"สระแก้ว","AmphoeN":"เมืองกำแพงเพชร","ProvinceN":"กำแพงเพชร","Maps":"http://maps.google.com/maps?q=16.48662,99.58379"}},{"type":"Feature","geometry":{"type":"Point","coordinates":[99.9034,16.22671]},"properties":{"hs_id":"VI1202601231919w4zh33grmv","hsID":"VI1202601231919w4zh33grmv","acq_date":"2026-01-24","Date":"2026-01-24","acq_time":"","year_be":2569,"season_be":2569,"dataset_year_be":2569,"province":"กำแพงเพชร","Province":"กำแพงเพชร","__province":"กำแพงเพชร","district":"บึงสามัคคี","Amphoe":"บึงสามัคคี","__district":"บึงสามัคคี","subdistrict":"วังชะโอน","Tambon":"วังชะโอน","__subdistrict":"วังชะโอน","village":"บ้านวังชะโอนน้อย","BaanN":"บ้านวังชะโอนน้อย","__village":"บ้านวังชะโอนน้อย","land_type":"พื้นที่เกษตร","LandType":"พื้นที่เกษตร","plant_type":"นาข้าว","PlantType":"นาข้าว","crop_type":"นาข้าว","crop_type_raw":"นาข้าว","__crop":"นาข้าว","__plant_type":"นาข้าว","confidence":47,"Q":"47","source":"NASA FIRMS Email Alert - Suomi NPP VIIRS","source_file":"2569-7-20 รวม 67-69 เขต 6.xlsx","filter_rule":"Province=กำแพงเพชร; LandType=พื้นที่เกษตร; PlantType normalized to allowed groups","month":1,"month_key":"2569-01","day_key":"2026-01-24","TambonN":"วังชะโอน","AmphoeN":"บึงสามัคคี","ProvinceN":"กำแพงเพชร","Maps":"http://maps.google.com/maps?q=16.22671,99.9034"}},{"type":"Feature","geometry":{"type":"Point","coordinates":[99.58555,16.41154]},"properties":{"hs_id":"VI1202601240631w4yv65eups","hsID":"VI1202601240631w4yv65eups","acq_date":"2026-01-24","Date":"2026-01-24","acq_time":"","year_be":2569,"season_be":2569,"dataset_year_be":2569,"province":"กำแพงเพชร","Province":"กำแพงเพชร","__province":"กำแพงเพชร","district":"เมืองกำแพงเพชร","Amphoe":"เมืองกำแพงเพชร","__district":"เมืองกำแพงเพชร","subdistrict":"เทพนคร","Tambon":"เทพนคร","__subdistrict":"เทพนคร","village":"บ้านวังทองหลาง","BaanN":"บ้านวังทองหลาง","__village":"บ้านวังทองหลาง","land_type":"พื้นที่เกษตร","LandType":"พื้นที่เกษตร","plant_type":"นาข้าว","PlantType":"นาข้าว","crop_type":"นาข้าว","crop_type_raw":"นาข้าว","__crop":"นาข้าว","__plant_type":"นาข้าว","confidence":47,"Q":"47","source":"NASA FIRMS Email Alert - Suomi NPP VIIRS","source_file":"2569-7-20 รวม 67-69 เขต 6.xlsx","filter_rule":"Province=กำแพงเพชร; LandType=พื้นที่เกษตร; PlantType normalized to allowed groups","month":1,"month_key":"2569-01","day_key":"2026-01-24","TambonN":"เทพนคร","AmphoeN":"เมืองกำแพงเพชร","ProvinceN":"กำแพงเพชร","Maps":"http://maps.google.com/maps?q=16.41154,99.58555"}},{"type":"Feature","geometry":{"type":"Point","coordinates":[99.5849,16.41512]},"properties":{"hs_id":"VI1202601240631w4yv6h7902","hsID":"VI1202601240631w4yv6h7902","acq_date":"2026-01-24","Date":"2026-01-24","acq_time":"","year_be":2569,"season_be":2569,"dataset_year_be":2569,"province":"กำแพงเพชร","Province":"กำแพงเพชร","__province":"กำแพงเพชร","district":"เมืองกำแพงเพชร","Amphoe":"เมืองกำแพงเพชร","__district":"เมืองกำแพงเพชร","subdistrict":"เทพนคร","Tambon":"เทพนคร","__subdistrict":"เทพนคร","village":"บ้านวังทองหลาง","BaanN":"บ้านวังทองหลาง","__village":"บ้านวังทองหลาง","land_type":"พื้นที่เกษตร","LandType":"พื้นที่เกษตร","plant_type":"นาข้าว","PlantType":"นาข้าว","crop_type":"นาข้าว","crop_type_raw":"นาข้าว","__crop":"นาข้าว","__plant_type":"นาข้าว","confidence":47,"Q":"47","source":"NASA FIRMS Email Alert - Suomi NPP VIIRS","source_file":"2569-7-20 รวม 67-69 เขต 6.xlsx","filter_rule":"Province=กำแพงเพชร; LandType=พื้นที่เกษตร; PlantType normalized to allowed groups","month":1,"month_key":"2569-01","day_key":"2026-01-24","TambonN":"เทพนคร","AmphoeN":"เมืองกำแพงเพชร","ProvinceN":"กำแพงเพชร","Maps":"http://maps.google.com/maps?q=16.41512,99.5849"}},{"type":"Feature","geometry":{"type":"Point","coordinates":[99.86391,16.12577]},"properties":{"hs_id":"VI1202601240631w4z58rwemv","hsID":"VI1202601240631w4z58rwemv","acq_date":"2026-01-24","Date":"2026-01-24","acq_time":"","year_be":2569,"season_be":2569,"dataset_year_be":2569,"province":"กำแพงเพชร","Province":"กำแพงเพชร","__province":"กำแพงเพชร","district":"ขาณุวรลักษบุรี","Amphoe":"ขาณุวรลักษบุรี","__district":"ขาณุวรลักษบุรี","subdistrict":"ยางสูง","Tambon":"ยางสูง","__subdistrict":"ยางสูง","village":"บ้านหนองชายกลอย","BaanN":"บ้านหนองชายกลอย","__village":"บ้านหนองชายกลอย","land_type":"พื้นที่เกษตร","LandType":"พื้นที่เกษตร","plant_type":"อ้อย","PlantType":"อ้อย","crop_type":"อ้อย","crop_type_raw":"อ้อย","__crop":"อ้อย","__plant_type":"อ้อย","confidence":47,"Q":"47","source":"NASA FIRMS Email Alert - Suomi NPP VIIRS","source_file":"2569-7-20 รวม 67-69 เขต 6.xlsx","filter_rule":"Province=กำแพงเพชร; LandType=พื้นที่เกษตร; PlantType normalized to allowed groups","month":1,"month_key":"2569-01","day_key":"2026-01-24","TambonN":"ยางสูง","AmphoeN":"ขาณุวรลักษบุรี","ProvinceN":"กำแพงเพชร","Maps":"http://maps.google.com/maps?q=16.12577,99.86391"}},{"type":"Feature","geometry":{"type":"Point","coordinates":[99.90122,16.22946]},"properties":{"hs_id":"VI1202601241902w4zh363z7n","hsID":"VI1202601241902w4zh363z7n","acq_date":"2026-01-25","Date":"2026-01-25","acq_time":"","year_be":2569,"season_be":2569,"dataset_year_be":2569,"province":"กำแพงเพชร","Province":"กำแพงเพชร","__province":"กำแพงเพชร","district":"บึงสามัคคี","Amphoe":"บึงสามัคคี","__district":"บึงสามัคคี","subdistrict":"วังชะโอน","Tambon":"วังชะโอน","__subdistrict":"วังชะโอน","village":"บ้านคลองกะทังแอะ","BaanN":"บ้านคลองกะทังแอะ","__village":"บ้านคลองกะทังแอะ","land_type":"พื้นที่เกษตร","LandType":"พื้นที่เกษตร","plant_type":"นาข้าว","PlantType":"นาข้าว","crop_type":"นาข้าว","crop_type_raw":"นาข้าว","__crop":"นาข้าว","__plant_type":"นาข้าว","confidence":47,"Q":"47","source":"NASA FIRMS Email Alert - Suomi NPP VIIRS","source_file":"2569-7-20 รวม 67-69 เขต 6.xlsx","filter_rule":"Province=กำแพงเพชร; LandType=พื้นที่เกษตร; PlantType normalized to allowed groups","month":1,"month_key":"2569-01","day_key":"2026-01-25","TambonN":"เทพนิมิต","AmphoeN":"บึงสามัคคี","ProvinceN":"กำแพงเพชร","Maps":"http://maps.google.com/maps?q=16.22946,99.90122"}},{"type":"Feature","geometry":{"type":"Point","coordinates":[99.56572,16.40594]},"properties":{"hs_id":"VI1202601251842w4yv3dte92","hsID":"VI1202601251842w4yv3dte92","acq_date":"2026-01-26","Date":"2026-01-26","acq_time":"","year_be":2569,"season_be":2569,"dataset_year_be":2569,"province":"กำแพงเพชร","Province":"กำแพงเพชร","__province":"กำแพงเพชร","district":"เมืองกำแพงเพชร","Amphoe":"เมืองกำแพงเพชร","__district":"เมืองกำแพงเพชร","subdistrict":"เทพนคร","Tambon":"เทพนคร","__subdistrict":"เทพนคร","village":"บ้านวังทองหลาง","BaanN":"บ้านวังทองหลาง","__village":"บ้านวังทองหลาง","land_type":"พื้นที่เกษตร","LandType":"พื้นที่เกษตร","plant_type":"นาข้าว","PlantType":"นาข้าว","crop_type":"นาข้าว","crop_type_raw":"นาข้าว","__crop":"นาข้าว","__plant_type":"นาข้าว","confidence":47,"Q":"47","source":"NASA FIRMS Email Alert - Suomi NPP VIIRS","source_file":"2569-7-20 รวม 67-69 เขต 6.xlsx","filter_rule":"Province=กำแพงเพชร; LandType=พื้นที่เกษตร; PlantType normalized to allowed groups","month":1,"month_key":"2569-01","day_key":"2026-01-26","TambonN":"เทพนคร","AmphoeN":"เมืองกำแพงเพชร","ProvinceN":"กำแพงเพชร","Maps":"http://maps.google.com/maps?q=16.40594,99.56572"}},{"type":"Feature","geometry":{"type":"Point","coordinates":[99.90287,16.22553]},"properties":{"hs_id":"VI1202601251842w4zh33g09d","hsID":"VI1202601251842w4zh33g09d","acq_date":"2026-01-26","Date":"2026-01-26","acq_time":"","year_be":2569,"season_be":2569,"dataset_year_be":2569,"province":"กำแพงเพชร","Province":"กำแพงเพชร","__province":"กำแพงเพชร","district":"บึงสามัคคี","Amphoe":"บึงสามัคคี","__district":"บึงสามัคคี","subdistrict":"วังชะโอน","Tambon":"วังชะโอน","__subdistrict":"วังชะโอน","village":"บ้านกระบวยทองเหนือ","BaanN":"บ้านกระบวยทองเหนือ","__village":"บ้านกระบวยทองเหนือ","land_type":"พื้นที่เกษตร","LandType":"พื้นที่เกษตร","plant_type":"นาข้าว","PlantType":"นาข้าว","crop_type":"นาข้าว","crop_type_raw":"นาข้าว","__crop":"นาข้าว","__plant_type":"นาข้าว","confidence":47,"Q":"47","source":"NASA FIRMS Email Alert - Suomi NPP VIIRS","source_file":"2569-7-20 รวม 67-69 เขต 6.xlsx","filter_rule":"Province=กำแพงเพชร; LandType=พื้นที่เกษตร; PlantType normalized to allowed groups","month":1,"month_key":"2569-01","day_key":"2026-01-26","TambonN":"เทพนิมิต","AmphoeN":"บึงสามัคคี","ProvinceN":"กำแพงเพชร","Maps":"http://maps.google.com/maps?q=16.22553,99.90287"}},{"type":"Feature","geometry":{"type":"Point","coordinates":[99.45405,16.50966]},"properties":{"hs_id":"VI1202601270713w4ytzjkpxr","hsID":"VI1202601270713w4ytzjkpxr","acq_date":"2026-01-27","Date":"2026-01-27","acq_time":"","year_be":2569,"season_be":2569,"dataset_year_be":2569,"province":"กำแพงเพชร","Province":"กำแพงเพชร","__province":"กำแพงเพชร","district":"เมืองกำแพงเพชร","Amphoe":"เมืองกำแพงเพชร","__district":"เมืองกำแพงเพชร","subdistrict":"ทรงธรรม","Tambon":"ทรงธรรม","__subdistrict":"ทรงธรรม","village":"บ้านสหกรณ์","BaanN":"บ้านสหกรณ์","__village":"บ้านสหกรณ์","land_type":"พื้นที่เกษตร","LandType":"พื้นที่เกษตร","plant_type":"เกษตรอื่น ๆ","PlantType":"เกษตรอื่น ๆ","crop_type":"เกษตรอื่น ๆ","crop_type_raw":"เกษตรอื่น ๆ","__crop":"เกษตรอื่น ๆ","__plant_type":"เกษตรอื่น ๆ","confidence":47,"Q":"47","source":"NASA FIRMS Email Alert - Suomi NPP VIIRS","source_file":"2569-7-20 รวม 67-69 เขต 6.xlsx","filter_rule":"Province=กำแพงเพชร; LandType=พื้นที่เกษตร; PlantType normalized to allowed groups","month":1,"month_key":"2569-01","day_key":"2026-01-27","TambonN":"ทรงธรรม","AmphoeN":"เมืองกำแพงเพชร","ProvinceN":"กำแพงเพชร","Maps":"http://maps.google.com/maps?q=16.50966,99.45405"}},{"type":"Feature","geometry":{"type":"Point","coordinates":[99.72982,16.26965]},"properties":{"hs_id":"VI1202601270713w4yut3v194","hsID":"VI1202601270713w4yut3v194","acq_date":"2026-01-27","Date":"2026-01-27","acq_time":"","year_be":2569,"season_be":2569,"dataset_year_be":2569,"province":"กำแพงเพชร","Province":"กำแพงเพชร","__province":"กำแพงเพชร","district":"คลองขลุง","Amphoe":"คลองขลุง","__district":"คลองขลุง","subdistrict":"ท่ามะเขือ","Tambon":"ท่ามะเขือ","__subdistrict":"ท่ามะเขือ","village":"บ้านโนนมะกอก","BaanN":"บ้านโนนมะกอก","__village":"บ้านโนนมะกอก","land_type":"พื้นที่เกษตร","LandType":"พื้นที่เกษตร","plant_type":"นาข้าว","PlantType":"นาข้าว","crop_type":"นาข้าว","crop_type_raw":"นาข้าว","__crop":"นาข้าว","__plant_type":"นาข้าว","confidence":47,"Q":"47","source":"NASA FIRMS Email Alert - Suomi NPP VIIRS","source_file":"2569-7-20 รวม 67-69 เขต 6.xlsx","filter_rule":"Province=กำแพงเพชร; LandType=พื้นที่เกษตร; PlantType normalized to allowed groups","month":1,"month_key":"2569-01","day_key":"2026-01-27","TambonN":"ท่ามะเขือ","AmphoeN":"คลองขลุง","ProvinceN":"กำแพงเพชร","Maps":"http://maps.google.com/maps?q=16.26965,99.72982"}},{"type":"Feature","geometry":{"type":"Point","coordinates":[99.73059,16.26988]},"properties":{"hs_id":"VI1202601280654w4yut3vdgj","hsID":"VI1202601280654w4yut3vdgj","acq_date":"2026-01-28","Date":"2026-01-28","acq_time":"","year_be":2569,"season_be":2569,"dataset_year_be":2569,"province":"กำแพงเพชร","Province":"กำแพงเพชร","__province":"กำแพงเพชร","district":"คลองขลุง","Amphoe":"คลองขลุง","__district":"คลองขลุง","subdistrict":"ท่ามะเขือ","Tambon":"ท่ามะเขือ","__subdistrict":"ท่ามะเขือ","village":"บ้านโนนมะกอก","BaanN":"บ้านโนนมะกอก","__village":"บ้านโนนมะกอก","land_type":"พื้นที่เกษตร","LandType":"พื้นที่เกษตร","plant_type":"นาข้าว","PlantType":"นาข้าว","crop_type":"นาข้าว","crop_type_raw":"นาข้าว","__crop":"นาข้าว","__plant_type":"นาข้าว","confidence":47,"Q":"47","source":"NASA FIRMS Email Alert - Suomi NPP VIIRS","source_file":"2569-7-20 รวม 67-69 เขต 6.xlsx","filter_rule":"Province=กำแพงเพชร; LandType=พื้นที่เกษตร; PlantType normalized to allowed groups","month":1,"month_key":"2569-01","day_key":"2026-01-28","TambonN":"ท่ามะเขือ","AmphoeN":"คลองขลุง","ProvinceN":"กำแพงเพชร","Maps":"http://maps.google.com/maps?q=16.26988,99.73059"}},{"type":"Feature","geometry":{"type":"Point","coordinates":[99.87198,16.189]},"properties":{"hs_id":"VI1202601280654w4zh0ehecb","hsID":"VI1202601280654w4zh0ehecb","acq_date":"2026-01-28","Date":"2026-01-28","acq_time":"","year_be":2569,"season_be":2569,"dataset_year_be":2569,"province":"กำแพงเพชร","Province":"กำแพงเพชร","__province":"กำแพงเพชร","district":"คลองขลุง","Amphoe":"คลองขลุง","__district":"คลองขลุง","subdistrict":"วังแขม","Tambon":"วังแขม","__subdistrict":"วังแขม","village":"บ้านโนนสาน","BaanN":"บ้านโนนสาน","__village":"บ้านโนนสาน","land_type":"พื้นที่เกษตร","LandType":"พื้นที่เกษตร","plant_type":"นาข้าว","PlantType":"นาข้าว","crop_type":"นาข้าว","crop_type_raw":"นาข้าว","__crop":"นาข้าว","__plant_type":"นาข้าว","confidence":47,"Q":"47","source":"NASA FIRMS Email Alert - Suomi NPP VIIRS","source_file":"2569-7-20 รวม 67-69 เขต 6.xlsx","filter_rule":"Province=กำแพงเพชร; LandType=พื้นที่เกษตร; PlantType normalized to allowed groups","month":1,"month_key":"2569-01","day_key":"2026-01-28","TambonN":"วังแขม","AmphoeN":"คลองขลุง","ProvinceN":"กำแพงเพชร","Maps":"http://maps.google.com/maps?q=16.189,99.87198"}},{"type":"Feature","geometry":{"type":"Point","coordinates":[99.64661,16.28582]},"properties":{"hs_id":"VI1202601290635w4yues8ry2","hsID":"VI1202601290635w4yues8ry2","acq_date":"2026-01-29","Date":"2026-01-29","acq_time":"","year_be":2569,"season_be":2569,"dataset_year_be":2569,"province":"กำแพงเพชร","Province":"กำแพงเพชร","__province":"กำแพงเพชร","district":"คลองขลุง","Amphoe":"คลองขลุง","__district":"คลองขลุง","subdistrict":"หัวถนน","Tambon":"หัวถนน","__subdistrict":"หัวถนน","village":"บ้านโนนดุม","BaanN":"บ้านโนนดุม","__village":"บ้านโนนดุม","land_type":"พื้นที่เกษตร","LandType":"พื้นที่เกษตร","plant_type":"นาข้าว","PlantType":"นาข้าว","crop_type":"นาข้าว","crop_type_raw":"นาข้าว","__crop":"นาข้าว","__plant_type":"นาข้าว","confidence":47,"Q":"47","source":"NASA FIRMS Email Alert - Suomi NPP VIIRS","source_file":"2569-7-20 รวม 67-69 เขต 6.xlsx","filter_rule":"Province=กำแพงเพชร; LandType=พื้นที่เกษตร; PlantType normalized to allowed groups","month":1,"month_key":"2569-01","day_key":"2026-01-29","TambonN":"หัวถนน","AmphoeN":"คลองขลุง","ProvinceN":"กำแพงเพชร","Maps":"http://maps.google.com/maps?q=16.28582,99.64661"}},{"type":"Feature","geometry":{"type":"Point","coordinates":[99.61545,16.75747]},"properties":{"hs_id":"VI1202601290635w4yz6f9g24","hsID":"VI1202601290635w4yz6f9g24","acq_date":"2026-01-29","Date":"2026-01-29","acq_time":"","year_be":2569,"season_be":2569,"dataset_year_be":2569,"province":"กำแพงเพชร","Province":"กำแพงเพชร","__province":"กำแพงเพชร","district":"พรานกระต่าย","Amphoe":"พรานกระต่าย","__district":"พรานกระต่าย","subdistrict":"ห้วยยั้ง","Tambon":"ห้วยยั้ง","__subdistrict":"ห้วยยั้ง","village":"บ้านทุ่งน้ำตก","BaanN":"บ้านทุ่งน้ำตก","__village":"บ้านทุ่งน้ำตก","land_type":"พื้นที่เกษตร","LandType":"พื้นที่เกษตร","plant_type":"นาข้าว","PlantType":"นาข้าว","crop_type":"นาข้าว","crop_type_raw":"นาข้าว","__crop":"นาข้าว","__plant_type":"นาข้าว","confidence":47,"Q":"47","source":"NASA FIRMS Email Alert - Suomi NPP VIIRS","source_file":"2569-7-20 รวม 67-69 เขต 6.xlsx","filter_rule":"Province=กำแพงเพชร; LandType=พื้นที่เกษตร; PlantType normalized to allowed groups","month":1,"month_key":"2569-01","day_key":"2026-01-29","TambonN":"หนองหัววัว","AmphoeN":"พรานกระต่าย","ProvinceN":"กำแพงเพชร","Maps":"http://maps.google.com/maps?q=16.75747,99.61545"}},{"type":"Feature","geometry":{"type":"Point","coordinates":[99.82175,16.47492]},"properties":{"hs_id":"VI1202601291908w4yvxrpvr7","hsID":"VI1202601291908w4yvxrpvr7","acq_date":"2026-01-30","Date":"2026-01-30","acq_time":"","year_be":2569,"season_be":2569,"dataset_year_be":2569,"province":"กำแพงเพชร","Province":"กำแพงเพชร","__province":"กำแพงเพชร","district":"ไทรงาม","Amphoe":"ไทรงาม","__district":"ไทรงาม","subdistrict":"หนองคล้า","Tambon":"หนองคล้า","__subdistrict":"หนองคล้า","village":"บ้านหนองคล้า","BaanN":"บ้านหนองคล้า","__village":"บ้านหนองคล้า","land_type":"พื้นที่เกษตร","LandType":"พื้นที่เกษตร","plant_type":"อ้อย","PlantType":"อ้อย","crop_type":"อ้อย","crop_type_raw":"อ้อย","__crop":"อ้อย","__plant_type":"อ้อย","confidence":47,"Q":"47","source":"NASA FIRMS Email Alert - Suomi NPP VIIRS","source_file":"2569-7-20 รวม 67-69 เขต 6.xlsx","filter_rule":"Province=กำแพงเพชร; LandType=พื้นที่เกษตร; PlantType normalized to allowed groups","month":1,"month_key":"2569-01","day_key":"2026-01-30","TambonN":"หนองคล้า","AmphoeN":"ไทรงาม","ProvinceN":"กำแพงเพชร","Maps":"http://maps.google.com/maps?q=16.47492,99.82175"}},{"type":"Feature","geometry":{"type":"Point","coordinates":[99.68967,16.32494]},"properties":{"hs_id":"VI1202601300616w4yuu7zg9t","hsID":"VI1202601300616w4yuu7zg9t","acq_date":"2026-01-30","Date":"2026-01-30","acq_time":"","year_be":2569,"season_be":2569,"dataset_year_be":2569,"province":"กำแพงเพชร","Province":"กำแพงเพชร","__province":"กำแพงเพชร","district":"คลองขลุง","Amphoe":"คลองขลุง","__district":"คลองขลุง","subdistrict":"วังบัว","Tambon":"วังบัว","__subdistrict":"วังบัว","village":"บ้านท่าคล้อ","BaanN":"บ้านท่าคล้อ","__village":"บ้านท่าคล้อ","land_type":"พื้นที่เกษตร","LandType":"พื้นที่เกษตร","plant_type":"อ้อย","PlantType":"อ้อย","crop_type":"อ้อย","crop_type_raw":"อ้อย","__crop":"อ้อย","__plant_type":"อ้อย","confidence":47,"Q":"47","source":"NASA FIRMS Email Alert - Suomi NPP VIIRS","source_file":"2569-7-20 รวม 67-69 เขต 6.xlsx","filter_rule":"Province=กำแพงเพชร; LandType=พื้นที่เกษตร; PlantType normalized to allowed groups","month":1,"month_key":"2569-01","day_key":"2026-01-30","TambonN":"วังบัว","AmphoeN":"คลองขลุง","ProvinceN":"กำแพงเพชร","Maps":"http://maps.google.com/maps?q=16.32494,99.68967"}},{"type":"Feature","geometry":{"type":"Point","coordinates":[99.33739,16.06252]},"properties":{"hs_id":"VI1202601301847w4yekkp6by","hsID":"VI1202601301847w4yekkp6by","acq_date":"2026-01-31","Date":"2026-01-31","acq_time":"","year_be":2569,"season_be":2569,"dataset_year_be":2569,"province":"กำแพงเพชร","Province":"กำแพงเพชร","__province":"กำแพงเพชร","district":"คลองลาน","Amphoe":"คลองลาน","__district":"คลองลาน","subdistrict":"คลองลานพัฒนา","Tambon":"คลองลานพัฒนา","__subdistrict":"คลองลานพัฒนา","village":"บ้านปางเหนือ","BaanN":"บ้านปางเหนือ","__village":"บ้านปางเหนือ","land_type":"พื้นที่เกษตร","LandType":"พื้นที่เกษตร","plant_type":"อ้อย","PlantType":"อ้อย","crop_type":"อ้อย","crop_type_raw":"อ้อย","__crop":"อ้อย","__plant_type":"อ้อย","confidence":47,"Q":"47","source":"NASA FIRMS Email Alert - Suomi NPP VIIRS","source_file":"2569-7-20 รวม 67-69 เขต 6.xlsx","filter_rule":"Province=กำแพงเพชร; LandType=พื้นที่เกษตร; PlantType normalized to allowed groups","month":1,"month_key":"2569-01","day_key":"2026-01-31","TambonN":"ปางตาไว","AmphoeN":"ปางศิลาทอง","ProvinceN":"กำแพงเพชร","Maps":"http://maps.google.com/maps?q=16.06252,99.33739"}},{"type":"Feature","geometry":{"type":"Point","coordinates":[99.83826,16.1473]},"properties":{"hs_id":"VI1202601301847w4ygzgs0b4","hsID":"VI1202601301847w4ygzgs0b4","acq_date":"2026-01-31","Date":"2026-01-31","acq_time":"","year_be":2569,"season_be":2569,"dataset_year_be":2569,"province":"กำแพงเพชร","Province":"กำแพงเพชร","__province":"กำแพงเพชร","district":"ขาณุวรลักษบุรี","Amphoe":"ขาณุวรลักษบุรี","__district":"ขาณุวรลักษบุรี","subdistrict":"ยางสูง","Tambon":"ยางสูง","__subdistrict":"ยางสูง","village":"บ้านไร่ใหม่","BaanN":"บ้านไร่ใหม่","__village":"บ้านไร่ใหม่","land_type":"พื้นที่เกษตร","LandType":"พื้นที่เกษตร","plant_type":"อ้อย","PlantType":"อ้อย","crop_type":"อ้อย","crop_type_raw":"อ้อย","__crop":"อ้อย","__plant_type":"อ้อย","confidence":47,"Q":"47","source":"NASA FIRMS Email Alert - Suomi NPP VIIRS","source_file":"2569-7-20 รวม 67-69 เขต 6.xlsx","filter_rule":"Province=กำแพงเพชร; LandType=พื้นที่เกษตร; PlantType normalized to allowed groups","month":1,"month_key":"2569-01","day_key":"2026-01-31","TambonN":"วังแขม","AmphoeN":"คลองขลุง","ProvinceN":"กำแพงเพชร","Maps":"http://maps.google.com/maps?q=16.1473,99.83826"}},{"type":"Feature","geometry":{"type":"Point","coordinates":[99.98595,16.35699]},"properties":{"hs_id":"VI1202601310559w4zj51xw3e","hsID":"VI1202601310559w4zj51xw3e","acq_date":"2026-01-31","Date":"2026-01-31","acq_time":"","year_be":2569,"season_be":2569,"dataset_year_be":2569,"province":"กำแพงเพชร","Province":"กำแพงเพชร","__province":"กำแพงเพชร","district":"ไทรงาม","Amphoe":"ไทรงาม","__district":"ไทรงาม","subdistrict":"หนองแม่แตง","Tambon":"หนองแม่แตง","__subdistrict":"หนองแม่แตง","village":"บ้านหนองลวก","BaanN":"บ้านหนองลวก","__village":"บ้านหนองลวก","land_type":"พื้นที่เกษตร","LandType":"พื้นที่เกษตร","plant_type":"อ้อย","PlantType":"อ้อย","crop_type":"อ้อย","crop_type_raw":"อ้อย","__crop":"อ้อย","__plant_type":"อ้อย","confidence":47,"Q":"47","source":"NASA FIRMS Email Alert - Suomi NPP VIIRS","source_file":"2569-7-20 รวม 67-69 เขต 6.xlsx","filter_rule":"Province=กำแพงเพชร; LandType=พื้นที่เกษตร; PlantType normalized to allowed groups","month":1,"month_key":"2569-01","day_key":"2026-01-31","TambonN":"หนองแม่แตง","AmphoeN":"ไทรงาม","ProvinceN":"กำแพงเพชร","Maps":"http://maps.google.com/maps?q=16.35699,99.98595"}},{"type":"Feature","geometry":{"type":"Point","coordinates":[99.75191,16.25155]},"properties":{"hs_id":"VI1202602030641w4yumyt05u","hsID":"VI1202602030641w4yumyt05u","acq_date":"2026-02-03","Date":"2026-02-03","acq_time":"","year_be":2569,"season_be":2569,"dataset_year_be":2569,"province":"กำแพงเพชร","Province":"กำแพงเพชร","__province":"กำแพงเพชร","district":"คลองขลุง","Amphoe":"คลองขลุง","__district":"คลองขลุง","subdistrict":"ท่ามะเขือ","Tambon":"ท่ามะเขือ","__subdistrict":"ท่ามะเขือ","village":"บ้านคลองพัฒนา","BaanN":"บ้านคลองพัฒนา","__village":"บ้านคลองพัฒนา","land_type":"พื้นที่เกษตร","LandType":"พื้นที่เกษตร","plant_type":"นาข้าว","PlantType":"นาข้าว","crop_type":"นาข้าว","crop_type_raw":"นาข้าว","__crop":"นาข้าว","__plant_type":"นาข้าว","confidence":47,"Q":"47","source":"NASA FIRMS Email Alert - Suomi NPP VIIRS","source_file":"2569-7-20 รวม 67-69 เขต 6.xlsx","filter_rule":"Province=กำแพงเพชร; LandType=พื้นที่เกษตร; PlantType normalized to allowed groups","month":2,"month_key":"2569-02","day_key":"2026-02-03","TambonN":"ท่ามะเขือ","AmphoeN":"คลองขลุง","ProvinceN":"กำแพงเพชร","Maps":"http://maps.google.com/maps?q=16.25155,99.75191"}},{"type":"Feature","geometry":{"type":"Point","coordinates":[99.76595,16.43873]},"properties":{"hs_id":"VI1202602041853w4yvw0x6e1","hsID":"VI1202602041853w4yvw0x6e1","acq_date":"2026-02-05","Date":"2026-02-05","acq_time":"","year_be":2569,"season_be":2569,"dataset_year_be":2569,"province":"กำแพงเพชร","Province":"กำแพงเพชร","__province":"กำแพงเพชร","district":"ไทรงาม","Amphoe":"ไทรงาม","__district":"ไทรงาม","subdistrict":"หนองทอง","Tambon":"หนองทอง","__subdistrict":"หนองทอง","village":"บ้านหนองทอง","BaanN":"บ้านหนองทอง","__village":"บ้านหนองทอง","land_type":"พื้นที่เกษตร","LandType":"พื้นที่เกษตร","plant_type":"นาข้าว","PlantType":"นาข้าว","crop_type":"นาข้าว","crop_type_raw":"นาข้าว","__crop":"นาข้าว","__plant_type":"นาข้าว","confidence":47,"Q":"47","source":"NASA FIRMS Email Alert - Suomi NPP VIIRS","source_file":"2569-7-20 รวม 67-69 เขต 6.xlsx","filter_rule":"Province=กำแพงเพชร; LandType=พื้นที่เกษตร; PlantType normalized to allowed groups","month":2,"month_key":"2569-02","day_key":"2026-02-05","TambonN":"หนองทอง","AmphoeN":"ไทรงาม","ProvinceN":"กำแพงเพชร","Maps":"http://maps.google.com/maps?q=16.43873,99.76595"}},{"type":"Feature","geometry":{"type":"Point","coordinates":[99.77376,16.21103]},"properties":{"hs_id":"VI1202602041855w4yunrjh15","hsID":"VI1202602041855w4yunrjh15","acq_date":"2026-02-05","Date":"2026-02-05","acq_time":"","year_be":2569,"season_be":2569,"dataset_year_be":2569,"province":"กำแพงเพชร","Province":"กำแพงเพชร","__province":"กำแพงเพชร","district":"คลองขลุง","Amphoe":"คลองขลุง","__district":"คลองขลุง","subdistrict":"วังยาง","Tambon":"วังยาง","__subdistrict":"วังยาง","village":"บ้านหนองโสน","BaanN":"บ้านหนองโสน","__village":"บ้านหนองโสน","land_type":"พื้นที่เกษตร","LandType":"พื้นที่เกษตร","plant_type":"อ้อย","PlantType":"อ้อย","crop_type":"อ้อย","crop_type_raw":"อ้อย","__crop":"อ้อย","__plant_type":"อ้อย","confidence":47,"Q":"47","source":"NASA FIRMS Email Alert - Suomi NPP VIIRS","source_file":"2569-7-20 รวม 67-69 เขต 6.xlsx","filter_rule":"Province=กำแพงเพชร; LandType=พื้นที่เกษตร; PlantType normalized to allowed groups","month":2,"month_key":"2569-02","day_key":"2026-02-05","TambonN":"วังยาง","AmphoeN":"คลองขลุง","ProvinceN":"กำแพงเพชร","Maps":"http://maps.google.com/maps?q=16.21103,99.77376"}},{"type":"Feature","geometry":{"type":"Point","coordinates":[99.48024,16.53735]},"properties":{"hs_id":"VI1202602060726w4ywpdx319","hsID":"VI1202602060726w4ywpdx319","acq_date":"2026-02-06","Date":"2026-02-06","acq_time":"","year_be":2569,"season_be":2569,"dataset_year_be":2569,"province":"กำแพงเพชร","Province":"กำแพงเพชร","__province":"กำแพงเพชร","district":"เมืองกำแพงเพชร","Amphoe":"เมืองกำแพงเพชร","__district":"เมืองกำแพงเพชร","subdistrict":"ทรงธรรม","Tambon":"ทรงธรรม","__subdistrict":"ทรงธรรม","village":"บ้านไร่ใต้","BaanN":"บ้านไร่ใต้","__village":"บ้านไร่ใต้","land_type":"พื้นที่เกษตร","LandType":"พื้นที่เกษตร","plant_type":"เกษตรอื่น ๆ","PlantType":"เกษตรอื่น ๆ","crop_type":"เกษตรอื่น ๆ","crop_type_raw":"เกษตรอื่น ๆ","__crop":"เกษตรอื่น ๆ","__plant_type":"เกษตรอื่น ๆ","confidence":47,"Q":"47","source":"NASA FIRMS Email Alert - Suomi NPP VIIRS","source_file":"2569-7-20 รวม 67-69 เขต 6.xlsx","filter_rule":"Province=กำแพงเพชร; LandType=พื้นที่เกษตร; PlantType normalized to allowed groups","month":2,"month_key":"2569-02","day_key":"2026-02-06","TambonN":"ทรงธรรม","AmphoeN":"เมืองกำแพงเพชร","ProvinceN":"กำแพงเพชร","Maps":"http://maps.google.com/maps?q=16.53735,99.48024"}},{"type":"Feature","geometry":{"type":"Point","coordinates":[99.68322,16.32169]},"properties":{"hs_id":"VI1202602061817w4yuu770er","hsID":"VI1202602061817w4yuu770er","acq_date":"2026-02-07","Date":"2026-02-07","acq_time":"","year_be":2569,"season_be":2569,"dataset_year_be":2569,"province":"กำแพงเพชร","Province":"กำแพงเพชร","__province":"กำแพงเพชร","district":"คลองขลุง","Amphoe":"คลองขลุง","__district":"คลองขลุง","subdistrict":"วังบัว","Tambon":"วังบัว","__subdistrict":"วังบัว","village":"บ้านท่าเสลี่ยง","BaanN":"บ้านท่าเสลี่ยง","__village":"บ้านท่าเสลี่ยง","land_type":"พื้นที่เกษตร","LandType":"พื้นที่เกษตร","plant_type":"อ้อย","PlantType":"อ้อย","crop_type":"อ้อย","crop_type_raw":"อ้อย","__crop":"อ้อย","__plant_type":"อ้อย","confidence":47,"Q":"47","source":"NASA FIRMS Email Alert - Suomi NPP VIIRS","source_file":"2569-7-20 รวม 67-69 เขต 6.xlsx","filter_rule":"Province=กำแพงเพชร; LandType=พื้นที่เกษตร; PlantType normalized to allowed groups","month":2,"month_key":"2569-02","day_key":"2026-02-07","TambonN":"คณฑี","AmphoeN":"เมืองกำแพงเพชร","ProvinceN":"กำแพงเพชร","Maps":"http://maps.google.com/maps?q=16.32169,99.68322"}},{"type":"Feature","geometry":{"type":"Point","coordinates":[99.69242,16.33227]},"properties":{"hs_id":"VI1202602071938w4yuut1y3g","hsID":"VI1202602071938w4yuut1y3g","acq_date":"2026-02-08","Date":"2026-02-08","acq_time":"","year_be":2569,"season_be":2569,"dataset_year_be":2569,"province":"กำแพงเพชร","Province":"กำแพงเพชร","__province":"กำแพงเพชร","district":"เมืองกำแพงเพชร","Amphoe":"เมืองกำแพงเพชร","__district":"เมืองกำแพงเพชร","subdistrict":"คณฑี","Tambon":"คณฑี","__subdistrict":"คณฑี","village":"บ้านท่าเสลี่ยง","BaanN":"บ้านท่าเสลี่ยง","__village":"บ้านท่าเสลี่ยง","land_type":"พื้นที่เกษตร","LandType":"พื้นที่เกษตร","plant_type":"อ้อย","PlantType":"อ้อย","crop_type":"อ้อย","crop_type_raw":"อ้อย","__crop":"อ้อย","__plant_type":"อ้อย","confidence":47,"Q":"47","source":"NASA FIRMS Email Alert - Suomi NPP VIIRS","source_file":"2569-7-20 รวม 67-69 เขต 6.xlsx","filter_rule":"Province=กำแพงเพชร; LandType=พื้นที่เกษตร; PlantType normalized to allowed groups","month":2,"month_key":"2569-02","day_key":"2026-02-08","TambonN":"คณฑี","AmphoeN":"เมืองกำแพงเพชร","ProvinceN":"กำแพงเพชร","Maps":"http://maps.google.com/maps?q=16.33227,99.69242"}},{"type":"Feature","geometry":{"type":"Point","coordinates":[99.58998,16.35649]},"properties":{"hs_id":"VI1202602091902w4yv41x5qw","hsID":"VI1202602091902w4yv41x5qw","acq_date":"2026-02-10","Date":"2026-02-10","acq_time":"","year_be":2569,"season_be":2569,"dataset_year_be":2569,"province":"กำแพงเพชร","Province":"กำแพงเพชร","__province":"กำแพงเพชร","district":"เมืองกำแพงเพชร","Amphoe":"เมืองกำแพงเพชร","__district":"เมืองกำแพงเพชร","subdistrict":"ไตรตรึงษ์","Tambon":"ไตรตรึงษ์","__subdistrict":"ไตรตรึงษ์","village":"บ้านท้ายเกาะ","BaanN":"บ้านท้ายเกาะ","__village":"บ้านท้ายเกาะ","land_type":"พื้นที่เกษตร","LandType":"พื้นที่เกษตร","plant_type":"เกษตรอื่น ๆ","PlantType":"เกษตรอื่น ๆ","crop_type":"เกษตรอื่น ๆ","crop_type_raw":"เกษตรอื่น ๆ","__crop":"เกษตรอื่น ๆ","__plant_type":"เกษตรอื่น ๆ","confidence":47,"Q":"47","source":"NASA FIRMS Email Alert - Suomi NPP VIIRS","source_file":"2569-7-20 รวม 67-69 เขต 6.xlsx","filter_rule":"Province=กำแพงเพชร; LandType=พื้นที่เกษตร; PlantType normalized to allowed groups","month":2,"month_key":"2569-02","day_key":"2026-02-10","TambonN":"ไตรตรึงษ์","AmphoeN":"เมืองกำแพงเพชร","ProvinceN":"กำแพงเพชร","Maps":"http://maps.google.com/maps?q=16.35649,99.58998"}},{"type":"Feature","geometry":{"type":"Point","coordinates":[99.69434,16.72005]},"properties":{"hs_id":"VI1202602111823w4yzheg1q7","hsID":"VI1202602111823w4yzheg1q7","acq_date":"2026-02-12","Date":"2026-02-12","acq_time":"","year_be":2569,"season_be":2569,"dataset_year_be":2569,"province":"กำแพงเพชร","Province":"กำแพงเพชร","__province":"กำแพงเพชร","district":"พรานกระต่าย","Amphoe":"พรานกระต่าย","__district":"พรานกระต่าย","subdistrict":"วังตะแบก","Tambon":"วังตะแบก","__subdistrict":"วังตะแบก","village":"บ้านหนองแขม","BaanN":"บ้านหนองแขม","__village":"บ้านหนองแขม","land_type":"พื้นที่เกษตร","LandType":"พื้นที่เกษตร","plant_type":"นาข้าว","PlantType":"นาข้าว","crop_type":"นาข้าว","crop_type_raw":"นาข้าว","__crop":"นาข้าว","__plant_type":"นาข้าว","confidence":47,"Q":"47","source":"NASA FIRMS Email Alert - Suomi NPP VIIRS","source_file":"2569-7-20 รวม 67-69 เขต 6.xlsx","filter_rule":"Province=กำแพงเพชร; LandType=พื้นที่เกษตร; PlantType normalized to allowed groups","month":2,"month_key":"2569-02","day_key":"2026-02-12","TambonN":"วังตะแบก","AmphoeN":"พรานกระต่าย","ProvinceN":"กำแพงเพชร","Maps":"http://maps.google.com/maps?q=16.72005,99.69434"}},{"type":"Feature","geometry":{"type":"Point","coordinates":[99.67474,15.88333]},"properties":{"hs_id":"VI1202602130654w4yfk5kzjg","hsID":"VI1202602130654w4yfk5kzjg","acq_date":"2026-02-13","Date":"2026-02-13","acq_time":"","year_be":2569,"season_be":2569,"dataset_year_be":2569,"province":"กำแพงเพชร","Province":"กำแพงเพชร","__province":"กำแพงเพชร","district":"ขาณุวรลักษบุรี","Amphoe":"ขาณุวรลักษบุรี","__district":"ขาณุวรลักษบุรี","subdistrict":"บ่อถ้ำ","Tambon":"บ่อถ้ำ","__subdistrict":"บ่อถ้ำ","village":"บ้านบ่อกระบาก","BaanN":"บ้านบ่อกระบาก","__village":"บ้านบ่อกระบาก","land_type":"พื้นที่เกษตร","LandType":"พื้นที่เกษตร","plant_type":"เกษตรอื่น ๆ","PlantType":"เกษตรอื่น ๆ","crop_type":"เกษตรอื่น ๆ","crop_type_raw":"เกษตรอื่น ๆ","__crop":"เกษตรอื่น ๆ","__plant_type":"เกษตรอื่น ๆ","confidence":47,"Q":"47","source":"NASA FIRMS Email Alert - Suomi NPP VIIRS","source_file":"2569-7-20 รวม 67-69 เขต 6.xlsx","filter_rule":"Province=กำแพงเพชร; LandType=พื้นที่เกษตร; PlantType normalized to allowed groups","month":2,"month_key":"2569-02","day_key":"2026-02-13","TambonN":"บ่อถ้ำ","AmphoeN":"ขาณุวรลักษบุรี","ProvinceN":"กำแพงเพชร","Maps":"http://maps.google.com/maps?q=15.88333,99.67474"}},{"type":"Feature","geometry":{"type":"Point","coordinates":[99.64015,16.34903]},"properties":{"hs_id":"VI1202602131925w4yv5278pb","hsID":"VI1202602131925w4yv5278pb","acq_date":"2026-02-14","Date":"2026-02-14","acq_time":"","year_be":2569,"season_be":2569,"dataset_year_be":2569,"province":"กำแพงเพชร","Province":"กำแพงเพชร","__province":"กำแพงเพชร","district":"เมืองกำแพงเพชร","Amphoe":"เมืองกำแพงเพชร","__district":"เมืองกำแพงเพชร","subdistrict":"ธำมรงค์","Tambon":"ธำมรงค์","__subdistrict":"ธำมรงค์","village":"บ้านเกาะธำมรงค์","BaanN":"บ้านเกาะธำมรงค์","__village":"บ้านเกาะธำมรงค์","land_type":"พื้นที่เกษตร","LandType":"พื้นที่เกษตร","plant_type":"อ้อย","PlantType":"อ้อย","crop_type":"อ้อย","crop_type_raw":"อ้อย","__crop":"อ้อย","__plant_type":"อ้อย","confidence":47,"Q":"47","source":"NASA FIRMS Email Alert - Suomi NPP VIIRS","source_file":"2569-7-20 รวม 67-69 เขต 6.xlsx","filter_rule":"Province=กำแพงเพชร; LandType=พื้นที่เกษตร; PlantType normalized to allowed groups","month":2,"month_key":"2569-02","day_key":"2026-02-14","TambonN":"ธำมรงค์","AmphoeN":"เมืองกำแพงเพชร","ProvinceN":"กำแพงเพชร","Maps":"http://maps.google.com/maps?q=16.34903,99.64015"}},{"type":"Feature","geometry":{"type":"Point","coordinates":[99.64422,16.34827]},"properties":{"hs_id":"VI1202602131925w4yv52newd","hsID":"VI1202602131925w4yv52newd","acq_date":"2026-02-14","Date":"2026-02-14","acq_time":"","year_be":2569,"season_be":2569,"dataset_year_be":2569,"province":"กำแพงเพชร","Province":"กำแพงเพชร","__province":"กำแพงเพชร","district":"เมืองกำแพงเพชร","Amphoe":"เมืองกำแพงเพชร","__district":"เมืองกำแพงเพชร","subdistrict":"ธำมรงค์","Tambon":"ธำมรงค์","__subdistrict":"ธำมรงค์","village":"บ้านเกาะธำมรงค์","BaanN":"บ้านเกาะธำมรงค์","__village":"บ้านเกาะธำมรงค์","land_type":"พื้นที่เกษตร","LandType":"พื้นที่เกษตร","plant_type":"อ้อย","PlantType":"อ้อย","crop_type":"อ้อย","crop_type_raw":"อ้อย","__crop":"อ้อย","__plant_type":"อ้อย","confidence":47,"Q":"47","source":"NASA FIRMS Email Alert - Suomi NPP VIIRS","source_file":"2569-7-20 รวม 67-69 เขต 6.xlsx","filter_rule":"Province=กำแพงเพชร; LandType=พื้นที่เกษตร; PlantType normalized to allowed groups","month":2,"month_key":"2569-02","day_key":"2026-02-14","TambonN":"ธำมรงค์","AmphoeN":"เมืองกำแพงเพชร","ProvinceN":"กำแพงเพชร","Maps":"http://maps.google.com/maps?q=16.34827,99.64422"}},{"type":"Feature","geometry":{"type":"Point","coordinates":[99.49319,16.33596]},"properties":{"hs_id":"VI1202602141908w4yubjbez7","hsID":"VI1202602141908w4yubjbez7","acq_date":"2026-02-15","Date":"2026-02-15","acq_time":"","year_be":2569,"season_be":2569,"dataset_year_be":2569,"province":"กำแพงเพชร","Province":"กำแพงเพชร","__province":"กำแพงเพชร","district":"เมืองกำแพงเพชร","Amphoe":"เมืองกำแพงเพชร","__district":"เมืองกำแพงเพชร","subdistrict":"อ่างทอง","Tambon":"อ่างทอง","__subdistrict":"อ่างทอง","village":"บ้านหนองขามเจริญสุข","BaanN":"บ้านหนองขามเจริญสุข","__village":"บ้านหนองขามเจริญสุข","land_type":"พื้นที่เกษตร","LandType":"พื้นที่เกษตร","plant_type":"นาข้าว","PlantType":"นาข้าว","crop_type":"นาข้าว","crop_type_raw":"นาข้าว","__crop":"นาข้าว","__plant_type":"นาข้าว","confidence":47,"Q":"47","source":"NASA FIRMS Email Alert - Suomi NPP VIIRS","source_file":"2569-7-20 รวม 67-69 เขต 6.xlsx","filter_rule":"Province=กำแพงเพชร; LandType=พื้นที่เกษตร; PlantType normalized to allowed groups","month":2,"month_key":"2569-02","day_key":"2026-02-15","TambonN":"อ่างทอง","AmphoeN":"เมืองกำแพงเพชร","ProvinceN":"กำแพงเพชร","Maps":"http://maps.google.com/maps?q=16.33596,99.49319"}},{"type":"Feature","geometry":{"type":"Point","coordinates":[99.64209,16.34747]},"properties":{"hs_id":"VI1202602141908w4yugrvnuv","hsID":"VI1202602141908w4yugrvnuv","acq_date":"2026-02-15","Date":"2026-02-15","acq_time":"","year_be":2569,"season_be":2569,"dataset_year_be":2569,"province":"กำแพงเพชร","Province":"กำแพงเพชร","__province":"กำแพงเพชร","district":"เมืองกำแพงเพชร","Amphoe":"เมืองกำแพงเพชร","__district":"เมืองกำแพงเพชร","subdistrict":"ธำมรงค์","Tambon":"ธำมรงค์","__subdistrict":"ธำมรงค์","village":"บ้านเกาะธำมรงค์","BaanN":"บ้านเกาะธำมรงค์","__village":"บ้านเกาะธำมรงค์","land_type":"พื้นที่เกษตร","LandType":"พื้นที่เกษตร","plant_type":"อ้อย","PlantType":"อ้อย","crop_type":"อ้อย","crop_type_raw":"อ้อย","__crop":"อ้อย","__plant_type":"อ้อย","confidence":47,"Q":"47","source":"NASA FIRMS Email Alert - Suomi NPP VIIRS","source_file":"2569-7-20 รวม 67-69 เขต 6.xlsx","filter_rule":"Province=กำแพงเพชร; LandType=พื้นที่เกษตร; PlantType normalized to allowed groups","month":2,"month_key":"2569-02","day_key":"2026-02-15","TambonN":"ธำมรงค์","AmphoeN":"เมืองกำแพงเพชร","ProvinceN":"กำแพงเพชร","Maps":"http://maps.google.com/maps?q=16.34747,99.64209"}},{"type":"Feature","geometry":{"type":"Point","coordinates":[99.49756,16.32157]},"properties":{"hs_id":"VI1202602151847w4yub57bj1","hsID":"VI1202602151847w4yub57bj1","acq_date":"2026-02-16","Date":"2026-02-16","acq_time":"","year_be":2569,"season_be":2569,"dataset_year_be":2569,"province":"กำแพงเพชร","Province":"กำแพงเพชร","__province":"กำแพงเพชร","district":"เมืองกำแพงเพชร","Amphoe":"เมืองกำแพงเพชร","__district":"เมืองกำแพงเพชร","subdistrict":"อ่างทอง","Tambon":"อ่างทอง","__subdistrict":"อ่างทอง","village":"บ้านหนองยายเภา","BaanN":"บ้านหนองยายเภา","__village":"บ้านหนองยายเภา","land_type":"พื้นที่เกษตร","LandType":"พื้นที่เกษตร","plant_type":"อ้อย","PlantType":"อ้อย","crop_type":"อ้อย","crop_type_raw":"อ้อย","__crop":"อ้อย","__plant_type":"อ้อย","confidence":47,"Q":"47","source":"NASA FIRMS Email Alert - Suomi NPP VIIRS","source_file":"2569-7-20 รวม 67-69 เขต 6.xlsx","filter_rule":"Province=กำแพงเพชร; LandType=พื้นที่เกษตร; PlantType normalized to allowed groups","month":2,"month_key":"2569-02","day_key":"2026-02-16","TambonN":"อ่างทอง","AmphoeN":"เมืองกำแพงเพชร","ProvinceN":"กำแพงเพชร","Maps":"http://maps.google.com/maps?q=16.32157,99.49756"}},{"type":"Feature","geometry":{"type":"Point","coordinates":[99.6193,16.35051]},"properties":{"hs_id":"VI1202602161830w4yv4bs89g","hsID":"VI1202602161830w4yv4bs89g","acq_date":"2026-02-17","Date":"2026-02-17","acq_time":"","year_be":2569,"season_be":2569,"dataset_year_be":2569,"province":"กำแพงเพชร","Province":"กำแพงเพชร","__province":"กำแพงเพชร","district":"เมืองกำแพงเพชร","Amphoe":"เมืองกำแพงเพชร","__district":"เมืองกำแพงเพชร","subdistrict":"ธำมรงค์","Tambon":"ธำมรงค์","__subdistrict":"ธำมรงค์","village":"บ้านใหม่","BaanN":"บ้านใหม่","__village":"บ้านใหม่","land_type":"พื้นที่เกษตร","LandType":"พื้นที่เกษตร","plant_type":"อ้อย","PlantType":"อ้อย","crop_type":"อ้อย","crop_type_raw":"อ้อย","__crop":"อ้อย","__plant_type":"อ้อย","confidence":47,"Q":"47","source":"NASA FIRMS Email Alert - Suomi NPP VIIRS","source_file":"2569-7-20 รวม 67-69 เขต 6.xlsx","filter_rule":"Province=กำแพงเพชร; LandType=พื้นที่เกษตร; PlantType normalized to allowed groups","month":2,"month_key":"2569-02","day_key":"2026-02-17","TambonN":"ธำมรงค์","AmphoeN":"เมืองกำแพงเพชร","ProvinceN":"กำแพงเพชร","Maps":"http://maps.google.com/maps?q=16.35051,99.6193"}},{"type":"Feature","geometry":{"type":"Point","coordinates":[99.27818,16.68275]},"properties":{"hs_id":"VI1202602170720w4ywgjh0j6","hsID":"VI1202602170720w4ywgjh0j6","acq_date":"2026-02-17","Date":"2026-02-17","acq_time":"","year_be":2569,"season_be":2569,"dataset_year_be":2569,"province":"กำแพงเพชร","Province":"กำแพงเพชร","__province":"กำแพงเพชร","district":"โกสัมพีนคร","Amphoe":"โกสัมพีนคร","__district":"โกสัมพีนคร","subdistrict":"โกสัมพี","Tambon":"โกสัมพี","__subdistrict":"โกสัมพี","village":"บ้านวังเจ้า","BaanN":"บ้านวังเจ้า","__village":"บ้านวังเจ้า","land_type":"พื้นที่เกษตร","LandType":"พื้นที่เกษตร","plant_type":"เกษตรอื่น ๆ","PlantType":"เกษตรอื่น ๆ","crop_type":"เกษตรอื่น ๆ","crop_type_raw":"เกษตรอื่น ๆ","__crop":"เกษตรอื่น ๆ","__plant_type":"เกษตรอื่น ๆ","confidence":47,"Q":"47","source":"NASA FIRMS Email Alert - Suomi NPP VIIRS","source_file":"2569-7-20 รวม 67-69 เขต 6.xlsx","filter_rule":"Province=กำแพงเพชร; LandType=พื้นที่เกษตร; PlantType normalized to allowed groups","month":2,"month_key":"2569-02","day_key":"2026-02-17","TambonN":"โกสัมพี","AmphoeN":"โกสัมพีนคร","ProvinceN":"กำแพงเพชร","Maps":"http://maps.google.com/maps?q=16.68275,99.27818"}},{"type":"Feature","geometry":{"type":"Point","coordinates":[99.62209,16.3472]},"properties":{"hs_id":"VI1202602171810w4yufzyt6f","hsID":"VI1202602171810w4yufzyt6f","acq_date":"2026-02-18","Date":"2026-02-18","acq_time":"","year_be":2569,"season_be":2569,"dataset_year_be":2569,"province":"กำแพงเพชร","Province":"กำแพงเพชร","__province":"กำแพงเพชร","district":"เมืองกำแพงเพชร","Amphoe":"เมืองกำแพงเพชร","__district":"เมืองกำแพงเพชร","subdistrict":"ธำมรงค์","Tambon":"ธำมรงค์","__subdistrict":"ธำมรงค์","village":"บ้านใหม่","BaanN":"บ้านใหม่","__village":"บ้านใหม่","land_type":"พื้นที่เกษตร","LandType":"พื้นที่เกษตร","plant_type":"อ้อย","PlantType":"อ้อย","crop_type":"อ้อย","crop_type_raw":"อ้อย","__crop":"อ้อย","__plant_type":"อ้อย","confidence":47,"Q":"47","source":"NASA FIRMS Email Alert - Suomi NPP VIIRS","source_file":"2569-7-20 รวม 67-69 เขต 6.xlsx","filter_rule":"Province=กำแพงเพชร; LandType=พื้นที่เกษตร; PlantType normalized to allowed groups","month":2,"month_key":"2569-02","day_key":"2026-02-18","TambonN":"ธำมรงค์","AmphoeN":"เมืองกำแพงเพชร","ProvinceN":"กำแพงเพชร","Maps":"http://maps.google.com/maps?q=16.3472,99.62209"}},{"type":"Feature","geometry":{"type":"Point","coordinates":[99.61984,16.35027]},"properties":{"hs_id":"VI1202602171810w4yv4bkznx","hsID":"VI1202602171810w4yv4bkznx","acq_date":"2026-02-18","Date":"2026-02-18","acq_time":"","year_be":2569,"season_be":2569,"dataset_year_be":2569,"province":"กำแพงเพชร","Province":"กำแพงเพชร","__province":"กำแพงเพชร","district":"เมืองกำแพงเพชร","Amphoe":"เมืองกำแพงเพชร","__district":"เมืองกำแพงเพชร","subdistrict":"ธำมรงค์","Tambon":"ธำมรงค์","__subdistrict":"ธำมรงค์","village":"บ้านใหม่","BaanN":"บ้านใหม่","__village":"บ้านใหม่","land_type":"พื้นที่เกษตร","LandType":"พื้นที่เกษตร","plant_type":"อ้อย","PlantType":"อ้อย","crop_type":"อ้อย","crop_type_raw":"อ้อย","__crop":"อ้อย","__plant_type":"อ้อย","confidence":47,"Q":"47","source":"NASA FIRMS Email Alert - Suomi NPP VIIRS","source_file":"2569-7-20 รวม 67-69 เขต 6.xlsx","filter_rule":"Province=กำแพงเพชร; LandType=พื้นที่เกษตร; PlantType normalized to allowed groups","month":2,"month_key":"2569-02","day_key":"2026-02-18","TambonN":"ธำมรงค์","AmphoeN":"เมืองกำแพงเพชร","ProvinceN":"กำแพงเพชร","Maps":"http://maps.google.com/maps?q=16.35027,99.61984"}},{"type":"Feature","geometry":{"type":"Point","coordinates":[99.60784,16.37997]},"properties":{"hs_id":"VI1202602181932w4yv4tuhnz","hsID":"VI1202602181932w4yv4tuhnz","acq_date":"2026-02-19","Date":"2026-02-19","acq_time":"","year_be":2569,"season_be":2569,"dataset_year_be":2569,"province":"กำแพงเพชร","Province":"กำแพงเพชร","__province":"กำแพงเพชร","district":"เมืองกำแพงเพชร","Amphoe":"เมืองกำแพงเพชร","__district":"เมืองกำแพงเพชร","subdistrict":"เทพนคร","Tambon":"เทพนคร","__subdistrict":"เทพนคร","village":"บ้านท่าตะคล้อ","BaanN":"บ้านท่าตะคล้อ","__village":"บ้านท่าตะคล้อ","land_type":"พื้นที่เกษตร","LandType":"พื้นที่เกษตร","plant_type":"นาข้าว","PlantType":"นาข้าว","crop_type":"นาข้าว","crop_type_raw":"นาข้าว","__crop":"นาข้าว","__plant_type":"นาข้าว","confidence":47,"Q":"47","source":"NASA FIRMS Email Alert - Suomi NPP VIIRS","source_file":"2569-7-20 รวม 67-69 เขต 6.xlsx","filter_rule":"Province=กำแพงเพชร; LandType=พื้นที่เกษตร; PlantType normalized to allowed groups","month":2,"month_key":"2569-02","day_key":"2026-02-19","TambonN":"เทพนคร","AmphoeN":"เมืองกำแพงเพชร","ProvinceN":"กำแพงเพชร","Maps":"http://maps.google.com/maps?q=16.37997,99.60784"}},{"type":"Feature","geometry":{"type":"Point","coordinates":[99.68125,16.32017]},"properties":{"hs_id":"VI1202602201855w4yuu6cxvk","hsID":"VI1202602201855w4yuu6cxvk","acq_date":"2026-02-21","Date":"2026-02-21","acq_time":"","year_be":2569,"season_be":2569,"dataset_year_be":2569,"province":"กำแพงเพชร","Province":"กำแพงเพชร","__province":"กำแพงเพชร","district":"คลองขลุง","Amphoe":"คลองขลุง","__district":"คลองขลุง","subdistrict":"วังบัว","Tambon":"วังบัว","__subdistrict":"วังบัว","village":"บ้านท่าเสลี่ยง","BaanN":"บ้านท่าเสลี่ยง","__village":"บ้านท่าเสลี่ยง","land_type":"พื้นที่เกษตร","LandType":"พื้นที่เกษตร","plant_type":"อ้อย","PlantType":"อ้อย","crop_type":"อ้อย","crop_type_raw":"อ้อย","__crop":"อ้อย","__plant_type":"อ้อย","confidence":47,"Q":"47","source":"NASA FIRMS Email Alert - Suomi NPP VIIRS","source_file":"2569-7-20 รวม 67-69 เขต 6.xlsx","filter_rule":"Province=กำแพงเพชร; LandType=พื้นที่เกษตร; PlantType normalized to allowed groups","month":2,"month_key":"2569-02","day_key":"2026-02-21","TambonN":"คณฑี","AmphoeN":"เมืองกำแพงเพชร","ProvinceN":"กำแพงเพชร","Maps":"http://maps.google.com/maps?q=16.32017,99.68125"}},{"type":"Feature","geometry":{"type":"Point","coordinates":[99.6818,16.32359]},"properties":{"hs_id":"VI1202602201855w4yuu7d5f3","hsID":"VI1202602201855w4yuu7d5f3","acq_date":"2026-02-21","Date":"2026-02-21","acq_time":"","year_be":2569,"season_be":2569,"dataset_year_be":2569,"province":"กำแพงเพชร","Province":"กำแพงเพชร","__province":"กำแพงเพชร","district":"เมืองกำแพงเพชร","Amphoe":"เมืองกำแพงเพชร","__district":"เมืองกำแพงเพชร","subdistrict":"คณฑี","Tambon":"คณฑี","__subdistrict":"คณฑี","village":"บ้านท่าเสลี่ยง","BaanN":"บ้านท่าเสลี่ยง","__village":"บ้านท่าเสลี่ยง","land_type":"พื้นที่เกษตร","LandType":"พื้นที่เกษตร","plant_type":"อ้อย","PlantType":"อ้อย","crop_type":"อ้อย","crop_type_raw":"อ้อย","__crop":"อ้อย","__plant_type":"อ้อย","confidence":47,"Q":"47","source":"NASA FIRMS Email Alert - Suomi NPP VIIRS","source_file":"2569-7-20 รวม 67-69 เขต 6.xlsx","filter_rule":"Province=กำแพงเพชร; LandType=พื้นที่เกษตร; PlantType normalized to allowed groups","month":2,"month_key":"2569-02","day_key":"2026-02-21","TambonN":"คณฑี","AmphoeN":"เมืองกำแพงเพชร","ProvinceN":"กำแพงเพชร","Maps":"http://maps.google.com/maps?q=16.32359,99.6818"}},{"type":"Feature","geometry":{"type":"Point","coordinates":[99.60759,16.37678]},"properties":{"hs_id":"VI1202602201855w4yv4tk19j","hsID":"VI1202602201855w4yv4tk19j","acq_date":"2026-02-21","Date":"2026-02-21","acq_time":"","year_be":2569,"season_be":2569,"dataset_year_be":2569,"province":"กำแพงเพชร","Province":"กำแพงเพชร","__province":"กำแพงเพชร","district":"เมืองกำแพงเพชร","Amphoe":"เมืองกำแพงเพชร","__district":"เมืองกำแพงเพชร","subdistrict":"เทพนคร","Tambon":"เทพนคร","__subdistrict":"เทพนคร","village":"บ้านท่าตะคล้อ","BaanN":"บ้านท่าตะคล้อ","__village":"บ้านท่าตะคล้อ","land_type":"พื้นที่เกษตร","LandType":"พื้นที่เกษตร","plant_type":"นาข้าว","PlantType":"นาข้าว","crop_type":"นาข้าว","crop_type_raw":"นาข้าว","__crop":"นาข้าว","__plant_type":"นาข้าว","confidence":47,"Q":"47","source":"NASA FIRMS Email Alert - Suomi NPP VIIRS","source_file":"2569-7-20 รวม 67-69 เขต 6.xlsx","filter_rule":"Province=กำแพงเพชร; LandType=พื้นที่เกษตร; PlantType normalized to allowed groups","month":2,"month_key":"2569-02","day_key":"2026-02-21","TambonN":"เทพนคร","AmphoeN":"เมืองกำแพงเพชร","ProvinceN":"กำแพงเพชร","Maps":"http://maps.google.com/maps?q=16.37678,99.60759"}},{"type":"Feature","geometry":{"type":"Point","coordinates":[99.88548,16.60106]},"properties":{"hs_id":"VI1202602211836w4zn2ynkhm","hsID":"VI1202602211836w4zn2ynkhm","acq_date":"2026-02-22","Date":"2026-02-22","acq_time":"","year_be":2569,"season_be":2569,"dataset_year_be":2569,"province":"กำแพงเพชร","Province":"กำแพงเพชร","__province":"กำแพงเพชร","district":"ลานกระบือ","Amphoe":"ลานกระบือ","__district":"ลานกระบือ","subdistrict":"ช่องลม","Tambon":"ช่องลม","__subdistrict":"ช่องลม","village":"บ้านโป่งเป้า","BaanN":"บ้านโป่งเป้า","__village":"บ้านโป่งเป้า","land_type":"พื้นที่เกษตร","LandType":"พื้นที่เกษตร","plant_type":"นาข้าว","PlantType":"นาข้าว","crop_type":"นาข้าว","crop_type_raw":"นาข้าว","__crop":"นาข้าว","__plant_type":"นาข้าว","confidence":47,"Q":"47","source":"NASA FIRMS Email Alert - Suomi NPP VIIRS","source_file":"2569-7-20 รวม 67-69 เขต 6.xlsx","filter_rule":"Province=กำแพงเพชร; LandType=พื้นที่เกษตร; PlantType normalized to allowed groups","month":2,"month_key":"2569-02","day_key":"2026-02-22","TambonN":"ลานกระบือ","AmphoeN":"ลานกระบือ","ProvinceN":"กำแพงเพชร","Maps":"http://maps.google.com/maps?q=16.60106,99.88548"}},{"type":"Feature","geometry":{"type":"Point","coordinates":[99.41698,16.59905]},"properties":{"hs_id":"VI1202603021908w4ywqmc0rx","hsID":"VI1202603021908w4ywqmc0rx","acq_date":"2026-03-03","Date":"2026-03-03","acq_time":"","year_be":2569,"season_be":2569,"dataset_year_be":2569,"province":"กำแพงเพชร","Province":"กำแพงเพชร","__province":"กำแพงเพชร","district":"โกสัมพีนคร","Amphoe":"โกสัมพีนคร","__district":"โกสัมพีนคร","subdistrict":"ลานดอกไม้ตก","Tambon":"ลานดอกไม้ตก","__subdistrict":"ลานดอกไม้ตก","village":"บ้านใหม่เด่นหว้า","BaanN":"บ้านใหม่เด่นหว้า","__village":"บ้านใหม่เด่นหว้า","land_type":"พื้นที่เกษตร","LandType":"พื้นที่เกษตร","plant_type":"เกษตรอื่น ๆ","PlantType":"เกษตรอื่น ๆ","crop_type":"เกษตรอื่น ๆ","crop_type_raw":"เกษตรอื่น ๆ","__crop":"เกษตรอื่น ๆ","__plant_type":"เกษตรอื่น ๆ","confidence":47,"Q":"47","source":"NASA FIRMS Email Alert - Suomi NPP VIIRS","source_file":"2569-7-20 รวม 67-69 เขต 6.xlsx","filter_rule":"Province=กำแพงเพชร; LandType=พื้นที่เกษตร; PlantType normalized to allowed groups","month":3,"month_key":"2569-03","day_key":"2026-03-03","TambonN":"ลานดอกไม้ตก","AmphoeN":"โกสัมพีนคร","ProvinceN":"กำแพงเพชร","Maps":"http://maps.google.com/maps?q=16.59905,99.41698"}},{"type":"Feature","geometry":{"type":"Point","coordinates":[99.91718,16.23478]},"properties":{"hs_id":"VI1202603021908w4zh3emqrn","hsID":"VI1202603021908w4zh3emqrn","acq_date":"2026-03-03","Date":"2026-03-03","acq_time":"","year_be":2569,"season_be":2569,"dataset_year_be":2569,"province":"กำแพงเพชร","Province":"กำแพงเพชร","__province":"กำแพงเพชร","district":"บึงสามัคคี","Amphoe":"บึงสามัคคี","__district":"บึงสามัคคี","subdistrict":"วังชะโอน","Tambon":"วังชะโอน","__subdistrict":"วังชะโอน","village":"บ้านวังชะโอนน้อย","BaanN":"บ้านวังชะโอนน้อย","__village":"บ้านวังชะโอนน้อย","land_type":"พื้นที่เกษตร","LandType":"พื้นที่เกษตร","plant_type":"เกษตรอื่น ๆ","PlantType":"เกษตรอื่น ๆ","crop_type":"เกษตรอื่น ๆ","crop_type_raw":"เกษตรอื่น ๆ","__crop":"เกษตรอื่น ๆ","__plant_type":"เกษตรอื่น ๆ","confidence":47,"Q":"47","source":"NASA FIRMS Email Alert - Suomi NPP VIIRS","source_file":"2569-7-20 รวม 67-69 เขต 6.xlsx","filter_rule":"Province=กำแพงเพชร; LandType=พื้นที่เกษตร; PlantType normalized to allowed groups","month":3,"month_key":"2569-03","day_key":"2026-03-03","TambonN":"วังชะโอน","AmphoeN":"บึงสามัคคี","ProvinceN":"กำแพงเพชร","Maps":"http://maps.google.com/maps?q=16.23478,99.91718"}},{"type":"Feature","geometry":{"type":"Point","coordinates":[99.7059,16.27314]},"properties":{"hs_id":"VI1202603051951w4yusf7tgv","hsID":"VI1202603051951w4yusf7tgv","acq_date":"2026-03-06","Date":"2026-03-06","acq_time":"","year_be":2569,"season_be":2569,"dataset_year_be":2569,"province":"กำแพงเพชร","Province":"กำแพงเพชร","__province":"กำแพงเพชร","district":"คลองขลุง","Amphoe":"คลองขลุง","__district":"คลองขลุง","subdistrict":"วังบัว","Tambon":"วังบัว","__subdistrict":"วังบัว","village":"บ้านเกาะลำใย","BaanN":"บ้านเกาะลำใย","__village":"บ้านเกาะลำใย","land_type":"พื้นที่เกษตร","LandType":"พื้นที่เกษตร","plant_type":"อื่น ๆ","PlantType":"อื่น ๆ","crop_type":"อื่น ๆ","crop_type_raw":"อื่น ๆ","__crop":"อื่น ๆ","__plant_type":"อื่น ๆ","confidence":47,"Q":"47","source":"NASA FIRMS Email Alert - Suomi NPP VIIRS","source_file":"2569-7-20 รวม 67-69 เขต 6.xlsx","filter_rule":"Province=กำแพงเพชร; LandType=พื้นที่เกษตร; PlantType normalized to allowed groups","month":3,"month_key":"2569-03","day_key":"2026-03-06","TambonN":"วังบัว","AmphoeN":"คลองขลุง","ProvinceN":"กำแพงเพชร","Maps":"http://maps.google.com/maps?q=16.27314,99.7059"}},{"type":"Feature","geometry":{"type":"Point","coordinates":[99.42594,16.66962]},"properties":{"hs_id":"VI1202603080625w4ywy6xg86","hsID":"VI1202603080625w4ywy6xg86","acq_date":"2026-03-08","Date":"2026-03-08","acq_time":"","year_be":2569,"season_be":2569,"dataset_year_be":2569,"province":"กำแพงเพชร","Province":"กำแพงเพชร","__province":"กำแพงเพชร","district":"พรานกระต่าย","Amphoe":"พรานกระต่าย","__district":"พรานกระต่าย","subdistrict":"ท่าไม้","Tambon":"ท่าไม้","__subdistrict":"ท่าไม้","village":"บ้านเกาะน้ำโจน","BaanN":"บ้านเกาะน้ำโจน","__village":"บ้านเกาะน้ำโจน","land_type":"พื้นที่เกษตร","LandType":"พื้นที่เกษตร","plant_type":"นาข้าว","PlantType":"นาข้าว","crop_type":"นาข้าว","crop_type_raw":"นาข้าว","__crop":"นาข้าว","__plant_type":"นาข้าว","confidence":47,"Q":"47","source":"NASA FIRMS Email Alert - Suomi NPP VIIRS","source_file":"2569-7-20 รวม 67-69 เขต 6.xlsx","filter_rule":"Province=กำแพงเพชร; LandType=พื้นที่เกษตร; PlantType normalized to allowed groups","month":3,"month_key":"2569-03","day_key":"2026-03-08","TambonN":"ท่าไม้","AmphoeN":"พรานกระต่าย","ProvinceN":"กำแพงเพชร","Maps":"http://maps.google.com/maps?q=16.66962,99.42594"}},{"type":"Feature","geometry":{"type":"Point","coordinates":[99.32003,16.64673]},"properties":{"hs_id":"VI1202603110707w4ywsn6whr","hsID":"VI1202603110707w4ywsn6whr","acq_date":"2026-03-11","Date":"2026-03-11","acq_time":"","year_be":2569,"season_be":2569,"dataset_year_be":2569,"province":"กำแพงเพชร","Province":"กำแพงเพชร","__province":"กำแพงเพชร","district":"โกสัมพีนคร","Amphoe":"โกสัมพีนคร","__district":"โกสัมพีนคร","subdistrict":"โกสัมพี","Tambon":"โกสัมพี","__subdistrict":"โกสัมพี","village":"บ้านโละโคะ","BaanN":"บ้านโละโคะ","__village":"บ้านโละโคะ","land_type":"พื้นที่เกษตร","LandType":"พื้นที่เกษตร","plant_type":"เกษตรอื่น ๆ","PlantType":"เกษตรอื่น ๆ","crop_type":"เกษตรอื่น ๆ","crop_type_raw":"เกษตรอื่น ๆ","__crop":"เกษตรอื่น ๆ","__plant_type":"เกษตรอื่น ๆ","confidence":47,"Q":"47","source":"NASA FIRMS Email Alert - Suomi NPP VIIRS","source_file":"2569-7-20 รวม 67-69 เขต 6.xlsx","filter_rule":"Province=กำแพงเพชร; LandType=พื้นที่เกษตร; PlantType normalized to allowed groups","month":3,"month_key":"2569-03","day_key":"2026-03-11","TambonN":"โกสัมพี","AmphoeN":"โกสัมพีนคร","ProvinceN":"กำแพงเพชร","Maps":"http://maps.google.com/maps?q=16.64673,99.32003"}},{"type":"Feature","geometry":{"type":"Point","coordinates":[99.79672,15.95408]},"properties":{"hs_id":"VI1202603140610w4yfybmg20","hsID":"VI1202603140610w4yfybmg20","acq_date":"2026-03-14","Date":"2026-03-14","acq_time":"","year_be":2569,"season_be":2569,"dataset_year_be":2569,"province":"กำแพงเพชร","Province":"กำแพงเพชร","__province":"กำแพงเพชร","district":"ขาณุวรลักษบุรี","Amphoe":"ขาณุวรลักษบุรี","__district":"ขาณุวรลักษบุรี","subdistrict":"บ่อถ้ำ","Tambon":"บ่อถ้ำ","__subdistrict":"บ่อถ้ำ","village":"บ้านดงดำ, บ้านดงคำน้อย","BaanN":"บ้านดงดำ, บ้านดงคำน้อย","__village":"บ้านดงดำ, บ้านดงคำน้อย","land_type":"พื้นที่เกษตร","LandType":"พื้นที่เกษตร","plant_type":"นาข้าว","PlantType":"นาข้าว","crop_type":"นาข้าว","crop_type_raw":"นาข้าว","__crop":"นาข้าว","__plant_type":"นาข้าว","confidence":47,"Q":"47","source":"NASA FIRMS Email Alert - Suomi NPP VIIRS","source_file":"2569-7-20 รวม 67-69 เขต 6.xlsx","filter_rule":"Province=กำแพงเพชร; LandType=พื้นที่เกษตร; PlantType normalized to allowed groups","month":3,"month_key":"2569-03","day_key":"2026-03-14","TambonN":"บ่อถ้ำ","AmphoeN":"ขาณุวรลักษบุรี","ProvinceN":"กำแพงเพชร","Maps":"http://maps.google.com/maps?q=15.95408,99.79672"}},{"type":"Feature","geometry":{"type":"Point","coordinates":[99.68382,16.05042]},"properties":{"hs_id":"VI1202603140610w4ygk3gs3r","hsID":"VI1202603140610w4ygk3gs3r","acq_date":"2026-03-14","Date":"2026-03-14","acq_time":"","year_be":2569,"season_be":2569,"dataset_year_be":2569,"province":"กำแพงเพชร","Province":"กำแพงเพชร","__province":"กำแพงเพชร","district":"ขาณุวรลักษบุรี","Amphoe":"ขาณุวรลักษบุรี","__district":"ขาณุวรลักษบุรี","subdistrict":"วังชะพลู","Tambon":"วังชะพลู","__subdistrict":"วังชะพลู","village":"บ้านตะแบกงาม","BaanN":"บ้านตะแบกงาม","__village":"บ้านตะแบกงาม","land_type":"พื้นที่เกษตร","LandType":"พื้นที่เกษตร","plant_type":"เกษตรอื่น ๆ","PlantType":"เกษตรอื่น ๆ","crop_type":"เกษตรอื่น ๆ","crop_type_raw":"เกษตรอื่น ๆ","__crop":"เกษตรอื่น ๆ","__plant_type":"เกษตรอื่น ๆ","confidence":47,"Q":"47","source":"NASA FIRMS Email Alert - Suomi NPP VIIRS","source_file":"2569-7-20 รวม 67-69 เขต 6.xlsx","filter_rule":"Province=กำแพงเพชร; LandType=พื้นที่เกษตร; PlantType normalized to allowed groups","month":3,"month_key":"2569-03","day_key":"2026-03-14","TambonN":"วังชะพลู","AmphoeN":"ขาณุวรลักษบุรี","ProvinceN":"กำแพงเพชร","Maps":"http://maps.google.com/maps?q=16.05042,99.68382"}},{"type":"Feature","geometry":{"type":"Point","coordinates":[99.82297,16.21034]},"properties":{"hs_id":"VI1202603181908w4yupx0b5f","hsID":"VI1202603181908w4yupx0b5f","acq_date":"2026-03-19","Date":"2026-03-19","acq_time":"","year_be":2569,"season_be":2569,"dataset_year_be":2569,"province":"กำแพงเพชร","Province":"กำแพงเพชร","__province":"กำแพงเพชร","district":"คลองขลุง","Amphoe":"คลองขลุง","__district":"คลองขลุง","subdistrict":"วังแขม","Tambon":"วังแขม","__subdistrict":"วังแขม","village":"บ้านบึงลาด","BaanN":"บ้านบึงลาด","__village":"บ้านบึงลาด","land_type":"พื้นที่เกษตร","LandType":"พื้นที่เกษตร","plant_type":"อ้อย","PlantType":"อ้อย","crop_type":"อ้อย","crop_type_raw":"อ้อย","__crop":"อ้อย","__plant_type":"อ้อย","confidence":47,"Q":"47","source":"NASA FIRMS Email Alert - Suomi NPP VIIRS","source_file":"2569-7-20 รวม 67-69 เขต 6.xlsx","filter_rule":"Province=กำแพงเพชร; LandType=พื้นที่เกษตร; PlantType normalized to allowed groups","month":3,"month_key":"2569-03","day_key":"2026-03-19","TambonN":"วังแขม","AmphoeN":"คลองขลุง","ProvinceN":"กำแพงเพชร","Maps":"http://maps.google.com/maps?q=16.21034,99.82297"}},{"type":"Feature","geometry":{"type":"Point","coordinates":[99.72503,16.02055]},"properties":{"hs_id":"VI1202603190618w4ygjk3w3w","hsID":"VI1202603190618w4ygjk3w3w","acq_date":"2026-03-19","Date":"2026-03-19","acq_time":"","year_be":2569,"season_be":2569,"dataset_year_be":2569,"province":"กำแพงเพชร","Province":"กำแพงเพชร","__province":"กำแพงเพชร","district":"ขาณุวรลักษบุรี","Amphoe":"ขาณุวรลักษบุรี","__district":"ขาณุวรลักษบุรี","subdistrict":"วังชะพลู","Tambon":"วังชะพลู","__subdistrict":"วังชะพลู","village":"บ้านช่องลม","BaanN":"บ้านช่องลม","__village":"บ้านช่องลม","land_type":"พื้นที่เกษตร","LandType":"พื้นที่เกษตร","plant_type":"นาข้าว","PlantType":"นาข้าว","crop_type":"นาข้าว","crop_type_raw":"นาข้าว","__crop":"นาข้าว","__plant_type":"นาข้าว","confidence":47,"Q":"47","source":"NASA FIRMS Email Alert - Suomi NPP VIIRS","source_file":"2569-7-20 รวม 67-69 เขต 6.xlsx","filter_rule":"Province=กำแพงเพชร; LandType=พื้นที่เกษตร; PlantType normalized to allowed groups","month":3,"month_key":"2569-03","day_key":"2026-03-19","TambonN":"วังชะพลู","AmphoeN":"ขาณุวรลักษบุรี","ProvinceN":"กำแพงเพชร","Maps":"http://maps.google.com/maps?q=16.02055,99.72503"}},{"type":"Feature","geometry":{"type":"Point","coordinates":[99.82412,16.21288]},"properties":{"hs_id":"VI1202603191849w4yupx3wye","hsID":"VI1202603191849w4yupx3wye","acq_date":"2026-03-20","Date":"2026-03-20","acq_time":"","year_be":2569,"season_be":2569,"dataset_year_be":2569,"province":"กำแพงเพชร","Province":"กำแพงเพชร","__province":"กำแพงเพชร","district":"คลองขลุง","Amphoe":"คลองขลุง","__district":"คลองขลุง","subdistrict":"วังแขม","Tambon":"วังแขม","__subdistrict":"วังแขม","village":"บ้านบึงลาด","BaanN":"บ้านบึงลาด","__village":"บ้านบึงลาด","land_type":"พื้นที่เกษตร","LandType":"พื้นที่เกษตร","plant_type":"อ้อย","PlantType":"อ้อย","crop_type":"อ้อย","crop_type_raw":"อ้อย","__crop":"อ้อย","__plant_type":"อ้อย","confidence":47,"Q":"47","source":"NASA FIRMS Email Alert - Suomi NPP VIIRS","source_file":"2569-7-20 รวม 67-69 เขต 6.xlsx","filter_rule":"Province=กำแพงเพชร; LandType=พื้นที่เกษตร; PlantType normalized to allowed groups","month":3,"month_key":"2569-03","day_key":"2026-03-20","TambonN":"วังแขม","AmphoeN":"คลองขลุง","ProvinceN":"กำแพงเพชร","Maps":"http://maps.google.com/maps?q=16.21288,99.82412"}},{"type":"Feature","geometry":{"type":"Point","coordinates":[99.72057,16.01881]},"properties":{"hs_id":"VI1202603210720w4ygjhnk3d","hsID":"VI1202603210720w4ygjhnk3d","acq_date":"2026-03-21","Date":"2026-03-21","acq_time":"","year_be":2569,"season_be":2569,"dataset_year_be":2569,"province":"กำแพงเพชร","Province":"กำแพงเพชร","__province":"กำแพงเพชร","district":"ขาณุวรลักษบุรี","Amphoe":"ขาณุวรลักษบุรี","__district":"ขาณุวรลักษบุรี","subdistrict":"วังชะพลู","Tambon":"วังชะพลู","__subdistrict":"วังชะพลู","village":"บ้านช่องลม","BaanN":"บ้านช่องลม","__village":"บ้านช่องลม","land_type":"พื้นที่เกษตร","LandType":"พื้นที่เกษตร","plant_type":"นาข้าว","PlantType":"นาข้าว","crop_type":"นาข้าว","crop_type_raw":"นาข้าว","__crop":"นาข้าว","__plant_type":"นาข้าว","confidence":47,"Q":"47","source":"NASA FIRMS Email Alert - Suomi NPP VIIRS","source_file":"2569-7-20 รวม 67-69 เขต 6.xlsx","filter_rule":"Province=กำแพงเพชร; LandType=พื้นที่เกษตร; PlantType normalized to allowed groups","month":3,"month_key":"2569-03","day_key":"2026-03-21","TambonN":"วังชะพลู","AmphoeN":"ขาณุวรลักษบุรี","ProvinceN":"กำแพงเพชร","Maps":"http://maps.google.com/maps?q=16.01881,99.72057"}},{"type":"Feature","geometry":{"type":"Point","coordinates":[99.51001,16.38795]},"properties":{"hs_id":"VI1202603211813w4yv0rkfxr","hsID":"VI1202603211813w4yv0rkfxr","acq_date":"2026-03-22","Date":"2026-03-22","acq_time":"","year_be":2569,"season_be":2569,"dataset_year_be":2569,"province":"กำแพงเพชร","Province":"กำแพงเพชร","__province":"กำแพงเพชร","district":"เมืองกำแพงเพชร","Amphoe":"เมืองกำแพงเพชร","__district":"เมืองกำแพงเพชร","subdistrict":"อ่างทอง","Tambon":"อ่างทอง","__subdistrict":"อ่างทอง","village":"บ้านปากอ่างใน","BaanN":"บ้านปากอ่างใน","__village":"บ้านปากอ่างใน","land_type":"พื้นที่เกษตร","LandType":"พื้นที่เกษตร","plant_type":"เกษตรอื่น ๆ","PlantType":"เกษตรอื่น ๆ","crop_type":"เกษตรอื่น ๆ","crop_type_raw":"เกษตรอื่น ๆ","__crop":"เกษตรอื่น ๆ","__plant_type":"เกษตรอื่น ๆ","confidence":47,"Q":"47","source":"NASA FIRMS Email Alert - Suomi NPP VIIRS","source_file":"2569-7-20 รวม 67-69 เขต 6.xlsx","filter_rule":"Province=กำแพงเพชร; LandType=พื้นที่เกษตร; PlantType normalized to allowed groups","month":3,"month_key":"2569-03","day_key":"2026-03-22","TambonN":"อ่างทอง","AmphoeN":"เมืองกำแพงเพชร","ProvinceN":"กำแพงเพชร","Maps":"http://maps.google.com/maps?q=16.38795,99.51001"}},{"type":"Feature","geometry":{"type":"Point","coordinates":[99.51123,16.38859]},"properties":{"hs_id":"VI1202603211813w4yv0rmy7w","hsID":"VI1202603211813w4yv0rmy7w","acq_date":"2026-03-22","Date":"2026-03-22","acq_time":"","year_be":2569,"season_be":2569,"dataset_year_be":2569,"province":"กำแพงเพชร","Province":"กำแพงเพชร","__province":"กำแพงเพชร","district":"เมืองกำแพงเพชร","Amphoe":"เมืองกำแพงเพชร","__district":"เมืองกำแพงเพชร","subdistrict":"อ่างทอง","Tambon":"อ่างทอง","__subdistrict":"อ่างทอง","village":"บ้านปากอ่างใน","BaanN":"บ้านปากอ่างใน","__village":"บ้านปากอ่างใน","land_type":"พื้นที่เกษตร","LandType":"พื้นที่เกษตร","plant_type":"เกษตรอื่น ๆ","PlantType":"เกษตรอื่น ๆ","crop_type":"เกษตรอื่น ๆ","crop_type_raw":"เกษตรอื่น ๆ","__crop":"เกษตรอื่น ๆ","__plant_type":"เกษตรอื่น ๆ","confidence":47,"Q":"47","source":"NASA FIRMS Email Alert - Suomi NPP VIIRS","source_file":"2569-7-20 รวม 67-69 เขต 6.xlsx","filter_rule":"Province=กำแพงเพชร; LandType=พื้นที่เกษตร; PlantType normalized to allowed groups","month":3,"month_key":"2569-03","day_key":"2026-03-22","TambonN":"อ่างทอง","AmphoeN":"เมืองกำแพงเพชร","ProvinceN":"กำแพงเพชร","Maps":"http://maps.google.com/maps?q=16.38859,99.51123"}},{"type":"Feature","geometry":{"type":"Point","coordinates":[99.96847,16.11961]},"properties":{"hs_id":"VI1202603211813w4z5dy6zd1","hsID":"VI1202603211813w4z5dy6zd1","acq_date":"2026-03-22","Date":"2026-03-22","acq_time":"","year_be":2569,"season_be":2569,"dataset_year_be":2569,"province":"กำแพงเพชร","Province":"กำแพงเพชร","__province":"กำแพงเพชร","district":"ขาณุวรลักษบุรี","Amphoe":"ขาณุวรลักษบุรี","__district":"ขาณุวรลักษบุรี","subdistrict":"ป่าพุทรา","Tambon":"ป่าพุทรา","__subdistrict":"ป่าพุทรา","village":"บ้านเนินสว่าง","BaanN":"บ้านเนินสว่าง","__village":"บ้านเนินสว่าง","land_type":"พื้นที่เกษตร","LandType":"พื้นที่เกษตร","plant_type":"อ้อย","PlantType":"อ้อย","crop_type":"อ้อย","crop_type_raw":"อ้อย","__crop":"อ้อย","__plant_type":"อ้อย","confidence":47,"Q":"47","source":"NASA FIRMS Email Alert - Suomi NPP VIIRS","source_file":"2569-7-20 รวม 67-69 เขต 6.xlsx","filter_rule":"Province=กำแพงเพชร; LandType=พื้นที่เกษตร; PlantType normalized to allowed groups","month":3,"month_key":"2569-03","day_key":"2026-03-22","TambonN":"ป่าพุทรา","AmphoeN":"ขาณุวรลักษบุรี","ProvinceN":"กำแพงเพชร","Maps":"http://maps.google.com/maps?q=16.11961,99.96847"}},{"type":"Feature","geometry":{"type":"Point","coordinates":[99.76492,16.02189]},"properties":{"hs_id":"VI1202603240625w4ygnhww70","hsID":"VI1202603240625w4ygnhww70","acq_date":"2026-03-24","Date":"2026-03-24","acq_time":"","year_be":2569,"season_be":2569,"dataset_year_be":2569,"province":"กำแพงเพชร","Province":"กำแพงเพชร","__province":"กำแพงเพชร","district":"ขาณุวรลักษบุรี","Amphoe":"ขาณุวรลักษบุรี","__district":"ขาณุวรลักษบุรี","subdistrict":"ดอนแตง","Tambon":"ดอนแตง","__subdistrict":"ดอนแตง","village":"บ้านดงประดา","BaanN":"บ้านดงประดา","__village":"บ้านดงประดา","land_type":"พื้นที่เกษตร","LandType":"พื้นที่เกษตร","plant_type":"เกษตรอื่น ๆ","PlantType":"เกษตรอื่น ๆ","crop_type":"เกษตรอื่น ๆ","crop_type_raw":"เกษตรอื่น ๆ","__crop":"เกษตรอื่น ๆ","__plant_type":"เกษตรอื่น ๆ","confidence":47,"Q":"47","source":"NASA FIRMS Email Alert - Suomi NPP VIIRS","source_file":"2569-7-20 รวม 67-69 เขต 6.xlsx","filter_rule":"Province=กำแพงเพชร; LandType=พื้นที่เกษตร; PlantType normalized to allowed groups","month":3,"month_key":"2569-03","day_key":"2026-03-24","TambonN":"ดอนแตง","AmphoeN":"ขาณุวรลักษบุรี","ProvinceN":"กำแพงเพชร","Maps":"http://maps.google.com/maps?q=16.02189,99.76492"}},{"type":"Feature","geometry":{"type":"Point","coordinates":[99.6787,16.50215]},"properties":{"hs_id":"VI1202603241856w4yvuhpgfp","hsID":"VI1202603241856w4yvuhpgfp","acq_date":"2026-03-25","Date":"2026-03-25","acq_time":"","year_be":2569,"season_be":2569,"dataset_year_be":2569,"province":"กำแพงเพชร","Province":"กำแพงเพชร","__province":"กำแพงเพชร","district":"เมืองกำแพงเพชร","Amphoe":"เมืองกำแพงเพชร","__district":"เมืองกำแพงเพชร","subdistrict":"นิคมทุ่งโพธิ์ทะเล","Tambon":"นิคมทุ่งโพธิ์ทะเล","__subdistrict":"นิคมทุ่งโพธิ์ทะเล","village":"บ้านพิกุลทอง","BaanN":"บ้านพิกุลทอง","__village":"บ้านพิกุลทอง","land_type":"พื้นที่เกษตร","LandType":"พื้นที่เกษตร","plant_type":"อ้อย","PlantType":"อ้อย","crop_type":"อ้อย","crop_type_raw":"อ้อย","__crop":"อ้อย","__plant_type":"อ้อย","confidence":47,"Q":"47","source":"NASA FIRMS Email Alert - Suomi NPP VIIRS","source_file":"2569-7-20 รวม 67-69 เขต 6.xlsx","filter_rule":"Province=กำแพงเพชร; LandType=พื้นที่เกษตร; PlantType normalized to allowed groups","month":3,"month_key":"2569-03","day_key":"2026-03-25","TambonN":"นิคมทุ่งโพธิ์ทะเล","AmphoeN":"เมืองกำแพงเพชร","ProvinceN":"กำแพงเพชร","Maps":"http://maps.google.com/maps?q=16.50215,99.6787"}},{"type":"Feature","geometry":{"type":"Point","coordinates":[99.85433,16.21426]},"properties":{"hs_id":"VI1202603241856w4zh0pxwyt","hsID":"VI1202603241856w4zh0pxwyt","acq_date":"2026-03-25","Date":"2026-03-25","acq_time":"","year_be":2569,"season_be":2569,"dataset_year_be":2569,"province":"กำแพงเพชร","Province":"กำแพงเพชร","__province":"กำแพงเพชร","district":"คลองขลุง","Amphoe":"คลองขลุง","__district":"คลองขลุง","subdistrict":"วังแขม","Tambon":"วังแขม","__subdistrict":"วังแขม","village":"บ้านบ่อทอง","BaanN":"บ้านบ่อทอง","__village":"บ้านบ่อทอง","land_type":"พื้นที่เกษตร","LandType":"พื้นที่เกษตร","plant_type":"อ้อย","PlantType":"อ้อย","crop_type":"อ้อย","crop_type_raw":"อ้อย","__crop":"อ้อย","__plant_type":"อ้อย","confidence":47,"Q":"47","source":"NASA FIRMS Email Alert - Suomi NPP VIIRS","source_file":"2569-7-20 รวม 67-69 เขต 6.xlsx","filter_rule":"Province=กำแพงเพชร; LandType=พื้นที่เกษตร; PlantType normalized to allowed groups","month":3,"month_key":"2569-03","day_key":"2026-03-25","TambonN":"วังแขม","AmphoeN":"คลองขลุง","ProvinceN":"กำแพงเพชร","Maps":"http://maps.google.com/maps?q=16.21426,99.85433"}},{"type":"Feature","geometry":{"type":"Point","coordinates":[99.57726,16.66645]},"properties":{"hs_id":"VI1202603260726w4yycfjcn7","hsID":"VI1202603260726w4yycfjcn7","acq_date":"2026-03-26","Date":"2026-03-26","acq_time":"","year_be":2569,"season_be":2569,"dataset_year_be":2569,"province":"กำแพงเพชร","Province":"กำแพงเพชร","__province":"กำแพงเพชร","district":"พรานกระต่าย","Amphoe":"พรานกระต่าย","__district":"พรานกระต่าย","subdistrict":"พรานกระต่าย","Tambon":"พรานกระต่าย","__subdistrict":"พรานกระต่าย","village":"บ้านเด่นกระบาก","BaanN":"บ้านเด่นกระบาก","__village":"บ้านเด่นกระบาก","land_type":"พื้นที่เกษตร","LandType":"พื้นที่เกษตร","plant_type":"เกษตรอื่น ๆ","PlantType":"เกษตรอื่น ๆ","crop_type":"เกษตรอื่น ๆ","crop_type_raw":"เกษตรอื่น ๆ","__crop":"เกษตรอื่น ๆ","__plant_type":"เกษตรอื่น ๆ","confidence":47,"Q":"47","source":"NASA FIRMS Email Alert - Suomi NPP VIIRS","source_file":"2569-7-20 รวม 67-69 เขต 6.xlsx","filter_rule":"Province=กำแพงเพชร; LandType=พื้นที่เกษตร; PlantType normalized to allowed groups","month":3,"month_key":"2569-03","day_key":"2026-03-26","TambonN":"พรานกระต่าย","AmphoeN":"พรานกระต่าย","ProvinceN":"กำแพงเพชร","Maps":"http://maps.google.com/maps?q=16.66645,99.57726"}},{"type":"Feature","geometry":{"type":"Point","coordinates":[99.76026,16.14261]},"properties":{"hs_id":"VI1202603261817w4ygy4ejw8","hsID":"VI1202603261817w4ygy4ejw8","acq_date":"2026-03-27","Date":"2026-03-27","acq_time":"","year_be":2569,"season_be":2569,"dataset_year_be":2569,"province":"กำแพงเพชร","Province":"กำแพงเพชร","__province":"กำแพงเพชร","district":"คลองขลุง","Amphoe":"คลองขลุง","__district":"คลองขลุง","subdistrict":"แม่ลาด","Tambon":"แม่ลาด","__subdistrict":"แม่ลาด","village":"บ้านหนองจิก","BaanN":"บ้านหนองจิก","__village":"บ้านหนองจิก","land_type":"พื้นที่เกษตร","LandType":"พื้นที่เกษตร","plant_type":"นาข้าว","PlantType":"นาข้าว","crop_type":"นาข้าว","crop_type_raw":"นาข้าว","__crop":"นาข้าว","__plant_type":"นาข้าว","confidence":47,"Q":"47","source":"NASA FIRMS Email Alert - Suomi NPP VIIRS","source_file":"2569-7-20 รวม 67-69 เขต 6.xlsx","filter_rule":"Province=กำแพงเพชร; LandType=พื้นที่เกษตร; PlantType normalized to allowed groups","month":3,"month_key":"2569-03","day_key":"2026-03-27","TambonN":"แม่ลาด","AmphoeN":"คลองขลุง","ProvinceN":"กำแพงเพชร","Maps":"http://maps.google.com/maps?q=16.14261,99.76026"}},{"type":"Feature","geometry":{"type":"Point","coordinates":[99.79104,16.14953]},"properties":{"hs_id":"VI1202603270707w4ygygctgf","hsID":"VI1202603270707w4ygygctgf","acq_date":"2026-03-27","Date":"2026-03-27","acq_time":"","year_be":2569,"season_be":2569,"dataset_year_be":2569,"province":"กำแพงเพชร","Province":"กำแพงเพชร","__province":"กำแพงเพชร","district":"คลองขลุง","Amphoe":"คลองขลุง","__district":"คลองขลุง","subdistrict":"แม่ลาด","Tambon":"แม่ลาด","__subdistrict":"แม่ลาด","village":"บ้านแม่ลาดน้อย","BaanN":"บ้านแม่ลาดน้อย","__village":"บ้านแม่ลาดน้อย","land_type":"พื้นที่เกษตร","LandType":"พื้นที่เกษตร","plant_type":"นาข้าว","PlantType":"นาข้าว","crop_type":"นาข้าว","crop_type_raw":"นาข้าว","__crop":"นาข้าว","__plant_type":"นาข้าว","confidence":47,"Q":"47","source":"NASA FIRMS Email Alert - Suomi NPP VIIRS","source_file":"2569-7-20 รวม 67-69 เขต 6.xlsx","filter_rule":"Province=กำแพงเพชร; LandType=พื้นที่เกษตร; PlantType normalized to allowed groups","month":3,"month_key":"2569-03","day_key":"2026-03-27","TambonN":"แม่ลาด","AmphoeN":"คลองขลุง","ProvinceN":"กำแพงเพชร","Maps":"http://maps.google.com/maps?q=16.14953,99.79104"}},{"type":"Feature","geometry":{"type":"Point","coordinates":[99.78611,16.15336]},"properties":{"hs_id":"VI1202603270707w4ygyswh0u","hsID":"VI1202603270707w4ygyswh0u","acq_date":"2026-03-27","Date":"2026-03-27","acq_time":"","year_be":2569,"season_be":2569,"dataset_year_be":2569,"province":"กำแพงเพชร","Province":"กำแพงเพชร","__province":"กำแพงเพชร","district":"คลองขลุง","Amphoe":"คลองขลุง","__district":"คลองขลุง","subdistrict":"แม่ลาด","Tambon":"แม่ลาด","__subdistrict":"แม่ลาด","village":"บ้านท่ามะขาม","BaanN":"บ้านท่ามะขาม","__village":"บ้านท่ามะขาม","land_type":"พื้นที่เกษตร","LandType":"พื้นที่เกษตร","plant_type":"นาข้าว","PlantType":"นาข้าว","crop_type":"นาข้าว","crop_type_raw":"นาข้าว","__crop":"นาข้าว","__plant_type":"นาข้าว","confidence":47,"Q":"47","source":"NASA FIRMS Email Alert - Suomi NPP VIIRS","source_file":"2569-7-20 รวม 67-69 เขต 6.xlsx","filter_rule":"Province=กำแพงเพชร; LandType=พื้นที่เกษตร; PlantType normalized to allowed groups","month":3,"month_key":"2569-03","day_key":"2026-03-27","TambonN":"แม่ลาด","AmphoeN":"คลองขลุง","ProvinceN":"กำแพงเพชร","Maps":"http://maps.google.com/maps?q=16.15336,99.78611"}},{"type":"Feature","geometry":{"type":"Point","coordinates":[99.79047,16.15391]},"properties":{"hs_id":"VI1202603270707w4ygyu9pq7","hsID":"VI1202603270707w4ygyu9pq7","acq_date":"2026-03-27","Date":"2026-03-27","acq_time":"","year_be":2569,"season_be":2569,"dataset_year_be":2569,"province":"กำแพงเพชร","Province":"กำแพงเพชร","__province":"กำแพงเพชร","district":"คลองขลุง","Amphoe":"คลองขลุง","__district":"คลองขลุง","subdistrict":"แม่ลาด","Tambon":"แม่ลาด","__subdistrict":"แม่ลาด","village":"บ้านท่ามะขาม","BaanN":"บ้านท่ามะขาม","__village":"บ้านท่ามะขาม","land_type":"พื้นที่เกษตร","LandType":"พื้นที่เกษตร","plant_type":"นาข้าว","PlantType":"นาข้าว","crop_type":"นาข้าว","crop_type_raw":"นาข้าว","__crop":"นาข้าว","__plant_type":"นาข้าว","confidence":47,"Q":"47","source":"NASA FIRMS Email Alert - Suomi NPP VIIRS","source_file":"2569-7-20 รวม 67-69 เขต 6.xlsx","filter_rule":"Province=กำแพงเพชร; LandType=พื้นที่เกษตร; PlantType normalized to allowed groups","month":3,"month_key":"2569-03","day_key":"2026-03-27","TambonN":"แม่ลาด","AmphoeN":"คลองขลุง","ProvinceN":"กำแพงเพชร","Maps":"http://maps.google.com/maps?q=16.15391,99.79047"}},{"type":"Feature","geometry":{"type":"Point","coordinates":[99.67362,16.25045]},"properties":{"hs_id":"VI1202603270707w4yuknk1ex","hsID":"VI1202603270707w4yuknk1ex","acq_date":"2026-03-27","Date":"2026-03-27","acq_time":"","year_be":2569,"season_be":2569,"dataset_year_be":2569,"province":"กำแพงเพชร","Province":"กำแพงเพชร","__province":"กำแพงเพชร","district":"คลองขลุง","Amphoe":"คลองขลุง","__district":"คลองขลุง","subdistrict":"ท่าพุทรา","Tambon":"ท่าพุทรา","__subdistrict":"ท่าพุทรา","village":"บ้านหนองขาม","BaanN":"บ้านหนองขาม","__village":"บ้านหนองขาม","land_type":"พื้นที่เกษตร","LandType":"พื้นที่เกษตร","plant_type":"นาข้าว","PlantType":"นาข้าว","crop_type":"นาข้าว","crop_type_raw":"นาข้าว","__crop":"นาข้าว","__plant_type":"นาข้าว","confidence":47,"Q":"47","source":"NASA FIRMS Email Alert - Suomi NPP VIIRS","source_file":"2569-7-20 รวม 67-69 เขต 6.xlsx","filter_rule":"Province=กำแพงเพชร; LandType=พื้นที่เกษตร; PlantType normalized to allowed groups","month":3,"month_key":"2569-03","day_key":"2026-03-27","TambonN":"หัวถนน","AmphoeN":"คลองขลุง","ProvinceN":"กำแพงเพชร","Maps":"http://maps.google.com/maps?q=16.25045,99.67362"}},{"type":"Feature","geometry":{"type":"Point","coordinates":[99.48719,16.36258]},"properties":{"hs_id":"VI1202603280650w4ytpfsqgt","hsID":"VI1202603280650w4ytpfsqgt","acq_date":"2026-03-28","Date":"2026-03-28","acq_time":"","year_be":2569,"season_be":2569,"dataset_year_be":2569,"province":"กำแพงเพชร","Province":"กำแพงเพชร","__province":"กำแพงเพชร","district":"เมืองกำแพงเพชร","Amphoe":"เมืองกำแพงเพชร","__district":"เมืองกำแพงเพชร","subdistrict":"อ่างทอง","Tambon":"อ่างทอง","__subdistrict":"อ่างทอง","village":"บ้านปากอ่าง","BaanN":"บ้านปากอ่าง","__village":"บ้านปากอ่าง","land_type":"พื้นที่เกษตร","LandType":"พื้นที่เกษตร","plant_type":"อ้อย","PlantType":"อ้อย","crop_type":"อ้อย","crop_type_raw":"อ้อย","__crop":"อ้อย","__plant_type":"อ้อย","confidence":47,"Q":"47","source":"NASA FIRMS Email Alert - Suomi NPP VIIRS","source_file":"2569-7-20 รวม 67-69 เขต 6.xlsx","filter_rule":"Province=กำแพงเพชร; LandType=พื้นที่เกษตร; PlantType normalized to allowed groups","month":3,"month_key":"2569-03","day_key":"2026-03-28","TambonN":"อ่างทอง","AmphoeN":"เมืองกำแพงเพชร","ProvinceN":"กำแพงเพชร","Maps":"http://maps.google.com/maps?q=16.36258,99.48719"}},{"type":"Feature","geometry":{"type":"Point","coordinates":[99.48666,16.36596]},"properties":{"hs_id":"VI1202603280650w4ytpg7fxh","hsID":"VI1202603280650w4ytpg7fxh","acq_date":"2026-03-28","Date":"2026-03-28","acq_time":"","year_be":2569,"season_be":2569,"dataset_year_be":2569,"province":"กำแพงเพชร","Province":"กำแพงเพชร","__province":"กำแพงเพชร","district":"เมืองกำแพงเพชร","Amphoe":"เมืองกำแพงเพชร","__district":"เมืองกำแพงเพชร","subdistrict":"อ่างทอง","Tambon":"อ่างทอง","__subdistrict":"อ่างทอง","village":"บ้านปากอ่าง","BaanN":"บ้านปากอ่าง","__village":"บ้านปากอ่าง","land_type":"พื้นที่เกษตร","LandType":"พื้นที่เกษตร","plant_type":"อ้อย","PlantType":"อ้อย","crop_type":"อ้อย","crop_type_raw":"อ้อย","__crop":"อ้อย","__plant_type":"อ้อย","confidence":47,"Q":"47","source":"NASA FIRMS Email Alert - Suomi NPP VIIRS","source_file":"2569-7-20 รวม 67-69 เขต 6.xlsx","filter_rule":"Province=กำแพงเพชร; LandType=พื้นที่เกษตร; PlantType normalized to allowed groups","month":3,"month_key":"2569-03","day_key":"2026-03-28","TambonN":"อ่างทอง","AmphoeN":"เมืองกำแพงเพชร","ProvinceN":"กำแพงเพชร","Maps":"http://maps.google.com/maps?q=16.36596,99.48666"}},{"type":"Feature","geometry":{"type":"Point","coordinates":[99.59284,16.29649]},"properties":{"hs_id":"VI1202603291902w4yudq9mcm","hsID":"VI1202603291902w4yudq9mcm","acq_date":"2026-03-30","Date":"2026-03-30","acq_time":"","year_be":2569,"season_be":2569,"dataset_year_be":2569,"province":"กำแพงเพชร","Province":"กำแพงเพชร","__province":"กำแพงเพชร","district":"คลองขลุง","Amphoe":"คลองขลุง","__district":"คลองขลุง","subdistrict":"คลองสมบูรณ์","Tambon":"คลองสมบูรณ์","__subdistrict":"คลองสมบูรณ์","village":"บ้านตีนดง","BaanN":"บ้านตีนดง","__village":"บ้านตีนดง","land_type":"พื้นที่เกษตร","LandType":"พื้นที่เกษตร","plant_type":"อ้อย","PlantType":"อ้อย","crop_type":"อ้อย","crop_type_raw":"อ้อย","__crop":"อ้อย","__plant_type":"อ้อย","confidence":47,"Q":"47","source":"NASA FIRMS Email Alert - Suomi NPP VIIRS","source_file":"2569-7-20 รวม 67-69 เขต 6.xlsx","filter_rule":"Province=กำแพงเพชร; LandType=พื้นที่เกษตร; PlantType normalized to allowed groups","month":3,"month_key":"2569-03","day_key":"2026-03-30","TambonN":"คลองสมบูรณ์","AmphoeN":"คลองขลุง","ProvinceN":"กำแพงเพชร","Maps":"http://maps.google.com/maps?q=16.29649,99.59284"}},{"type":"Feature","geometry":{"type":"Point","coordinates":[99.92545,16.07039]},"properties":{"hs_id":"VI1202603300612w4z53ve2z9","hsID":"VI1202603300612w4z53ve2z9","acq_date":"2026-03-30","Date":"2026-03-30","acq_time":"","year_be":2569,"season_be":2569,"dataset_year_be":2569,"province":"กำแพงเพชร","Province":"กำแพงเพชร","__province":"กำแพงเพชร","district":"ขาณุวรลักษบุรี","Amphoe":"ขาณุวรลักษบุรี","__district":"ขาณุวรลักษบุรี","subdistrict":"ป่าพุทรา","Tambon":"ป่าพุทรา","__subdistrict":"ป่าพุทรา","village":"บ้านวังเรียง","BaanN":"บ้านวังเรียง","__village":"บ้านวังเรียง","land_type":"พื้นที่เกษตร","LandType":"พื้นที่เกษตร","plant_type":"เกษตรอื่น ๆ","PlantType":"เกษตรอื่น ๆ","crop_type":"เกษตรอื่น ๆ","crop_type_raw":"เกษตรอื่น ๆ","__crop":"เกษตรอื่น ๆ","__plant_type":"เกษตรอื่น ๆ","confidence":47,"Q":"47","source":"NASA FIRMS Email Alert - Suomi NPP VIIRS","source_file":"2569-7-20 รวม 67-69 เขต 6.xlsx","filter_rule":"Province=กำแพงเพชร; LandType=พื้นที่เกษตร; PlantType normalized to allowed groups","month":3,"month_key":"2569-03","day_key":"2026-03-30","TambonN":"ป่าพุทรา","AmphoeN":"ขาณุวรลักษบุรี","ProvinceN":"กำแพงเพชร","Maps":"http://maps.google.com/maps?q=16.07039,99.92545"}},{"type":"Feature","geometry":{"type":"Point","coordinates":[99.92673,16.0702]},"properties":{"hs_id":"VI1202603300612w4z53vkrtw","hsID":"VI1202603300612w4z53vkrtw","acq_date":"2026-03-30","Date":"2026-03-30","acq_time":"","year_be":2569,"season_be":2569,"dataset_year_be":2569,"province":"กำแพงเพชร","Province":"กำแพงเพชร","__province":"กำแพงเพชร","district":"ขาณุวรลักษบุรี","Amphoe":"ขาณุวรลักษบุรี","__district":"ขาณุวรลักษบุรี","subdistrict":"ป่าพุทรา","Tambon":"ป่าพุทรา","__subdistrict":"ป่าพุทรา","village":"บ้านวังเรียง","BaanN":"บ้านวังเรียง","__village":"บ้านวังเรียง","land_type":"พื้นที่เกษตร","LandType":"พื้นที่เกษตร","plant_type":"อ้อย","PlantType":"อ้อย","crop_type":"อ้อย","crop_type_raw":"อ้อย","__crop":"อ้อย","__plant_type":"อ้อย","confidence":47,"Q":"47","source":"NASA FIRMS Email Alert - Suomi NPP VIIRS","source_file":"2569-7-20 รวม 67-69 เขต 6.xlsx","filter_rule":"Province=กำแพงเพชร; LandType=พื้นที่เกษตร; PlantType normalized to allowed groups","month":3,"month_key":"2569-03","day_key":"2026-03-30","TambonN":"ป่าพุทรา","AmphoeN":"ขาณุวรลักษบุรี","ProvinceN":"กำแพงเพชร","Maps":"http://maps.google.com/maps?q=16.0702,99.92673"}},{"type":"Feature","geometry":{"type":"Point","coordinates":[99.87126,16.20473]},"properties":{"hs_id":"VI1202604010714w4zh0tup3h","hsID":"VI1202604010714w4zh0tup3h","acq_date":"2026-04-01","Date":"2026-04-01","acq_time":"","year_be":2569,"season_be":2569,"dataset_year_be":2569,"province":"กำแพงเพชร","Province":"กำแพงเพชร","__province":"กำแพงเพชร","district":"คลองขลุง","Amphoe":"คลองขลุง","__district":"คลองขลุง","subdistrict":"วังแขม","Tambon":"วังแขม","__subdistrict":"วังแขม","village":"บ้านโนนสาน","BaanN":"บ้านโนนสาน","__village":"บ้านโนนสาน","land_type":"พื้นที่เกษตร","LandType":"พื้นที่เกษตร","plant_type":"เกษตรอื่น ๆ","PlantType":"เกษตรอื่น ๆ","crop_type":"เกษตรอื่น ๆ","crop_type_raw":"เกษตรอื่น ๆ","__crop":"เกษตรอื่น ๆ","__plant_type":"เกษตรอื่น ๆ","confidence":47,"Q":"47","source":"NASA FIRMS Email Alert - Suomi NPP VIIRS","source_file":"2569-7-20 รวม 67-69 เขต 6.xlsx","filter_rule":"Province=กำแพงเพชร; LandType=พื้นที่เกษตร; PlantType normalized to allowed groups","month":4,"month_key":"2569-04","day_key":"2026-04-01","TambonN":"วังแขม","AmphoeN":"คลองขลุง","ProvinceN":"กำแพงเพชร","Maps":"http://maps.google.com/maps?q=16.20473,99.87126"}},{"type":"Feature","geometry":{"type":"Point","coordinates":[99.86878,16.20624]},"properties":{"hs_id":"VI1202604010714w4zh0w60pn","hsID":"VI1202604010714w4zh0w60pn","acq_date":"2026-04-01","Date":"2026-04-01","acq_time":"","year_be":2569,"season_be":2569,"dataset_year_be":2569,"province":"กำแพงเพชร","Province":"กำแพงเพชร","__province":"กำแพงเพชร","district":"คลองขลุง","Amphoe":"คลองขลุง","__district":"คลองขลุง","subdistrict":"วังแขม","Tambon":"วังแขม","__subdistrict":"วังแขม","village":"บ้านโนนสาน","BaanN":"บ้านโนนสาน","__village":"บ้านโนนสาน","land_type":"พื้นที่เกษตร","LandType":"พื้นที่เกษตร","plant_type":"อ้อย","PlantType":"อ้อย","crop_type":"อ้อย","crop_type_raw":"อ้อย","__crop":"อ้อย","__plant_type":"อ้อย","confidence":47,"Q":"47","source":"NASA FIRMS Email Alert - Suomi NPP VIIRS","source_file":"2569-7-20 รวม 67-69 เขต 6.xlsx","filter_rule":"Province=กำแพงเพชร; LandType=พื้นที่เกษตร; PlantType normalized to allowed groups","month":4,"month_key":"2569-04","day_key":"2026-04-01","TambonN":"วังแขม","AmphoeN":"คลองขลุง","ProvinceN":"กำแพงเพชร","Maps":"http://maps.google.com/maps?q=16.20624,99.86878"}},{"type":"Feature","geometry":{"type":"Point","coordinates":[99.58257,16.27501]},"properties":{"hs_id":"VI1202604020657w4yud4cbf1","hsID":"VI1202604020657w4yud4cbf1","acq_date":"2026-04-02","Date":"2026-04-02","acq_time":"","year_be":2569,"season_be":2569,"dataset_year_be":2569,"province":"กำแพงเพชร","Province":"กำแพงเพชร","__province":"กำแพงเพชร","district":"คลองขลุง","Amphoe":"คลองขลุง","__district":"คลองขลุง","subdistrict":"คลองสมบูรณ์","Tambon":"คลองสมบูรณ์","__subdistrict":"คลองสมบูรณ์","village":"บ้านหนองปรือ","BaanN":"บ้านหนองปรือ","__village":"บ้านหนองปรือ","land_type":"พื้นที่เกษตร","LandType":"พื้นที่เกษตร","plant_type":"อ้อย","PlantType":"อ้อย","crop_type":"อ้อย","crop_type_raw":"อ้อย","__crop":"อ้อย","__plant_type":"อ้อย","confidence":47,"Q":"47","source":"NASA FIRMS Email Alert - Suomi NPP VIIRS","source_file":"2569-7-20 รวม 67-69 เขต 6.xlsx","filter_rule":"Province=กำแพงเพชร; LandType=พื้นที่เกษตร; PlantType normalized to allowed groups","month":4,"month_key":"2569-04","day_key":"2026-04-02","TambonN":"คลองสมบูรณ์","AmphoeN":"คลองขลุง","ProvinceN":"กำแพงเพชร","Maps":"http://maps.google.com/maps?q=16.27501,99.58257"}},{"type":"Feature","geometry":{"type":"Point","coordinates":[99.6045,16.39696]},"properties":{"hs_id":"VI1202604020657w4yv68cz1n","hsID":"VI1202604020657w4yv68cz1n","acq_date":"2026-04-02","Date":"2026-04-02","acq_time":"","year_be":2569,"season_be":2569,"dataset_year_be":2569,"province":"กำแพงเพชร","Province":"กำแพงเพชร","__province":"กำแพงเพชร","district":"เมืองกำแพงเพชร","Amphoe":"เมืองกำแพงเพชร","__district":"เมืองกำแพงเพชร","subdistrict":"เทพนคร","Tambon":"เทพนคร","__subdistrict":"เทพนคร","village":"บ้านหนองสามมุก","BaanN":"บ้านหนองสามมุก","__village":"บ้านหนองสามมุก","land_type":"พื้นที่เกษตร","LandType":"พื้นที่เกษตร","plant_type":"นาข้าว","PlantType":"นาข้าว","crop_type":"นาข้าว","crop_type_raw":"นาข้าว","__crop":"นาข้าว","__plant_type":"นาข้าว","confidence":47,"Q":"47","source":"NASA FIRMS Email Alert - Suomi NPP VIIRS","source_file":"2569-7-20 รวม 67-69 เขต 6.xlsx","filter_rule":"Province=กำแพงเพชร; LandType=พื้นที่เกษตร; PlantType normalized to allowed groups","month":4,"month_key":"2569-04","day_key":"2026-04-02","TambonN":"คณฑี","AmphoeN":"เมืองกำแพงเพชร","ProvinceN":"กำแพงเพชร","Maps":"http://maps.google.com/maps?q=16.39696,99.6045"}},{"type":"Feature","geometry":{"type":"Point","coordinates":[99.95593,16.24926]},"properties":{"hs_id":"VI1202604020657w4zh6w1dvc","hsID":"VI1202604020657w4zh6w1dvc","acq_date":"2026-04-02","Date":"2026-04-02","acq_time":"","year_be":2569,"season_be":2569,"dataset_year_be":2569,"province":"กำแพงเพชร","Province":"กำแพงเพชร","__province":"กำแพงเพชร","district":"บึงสามัคคี","Amphoe":"บึงสามัคคี","__district":"บึงสามัคคี","subdistrict":"วังชะโอน","Tambon":"วังชะโอน","__subdistrict":"วังชะโอน","village":"บ้านไผ่งาม","BaanN":"บ้านไผ่งาม","__village":"บ้านไผ่งาม","land_type":"พื้นที่เกษตร","LandType":"พื้นที่เกษตร","plant_type":"อ้อย","PlantType":"อ้อย","crop_type":"อ้อย","crop_type_raw":"อ้อย","__crop":"อ้อย","__plant_type":"อ้อย","confidence":47,"Q":"47","source":"NASA FIRMS Email Alert - Suomi NPP VIIRS","source_file":"2569-7-20 รวม 67-69 เขต 6.xlsx","filter_rule":"Province=กำแพงเพชร; LandType=พื้นที่เกษตร; PlantType normalized to allowed groups","month":4,"month_key":"2569-04","day_key":"2026-04-02","TambonN":"วังชะโอน","AmphoeN":"บึงสามัคคี","ProvinceN":"กำแพงเพชร","Maps":"http://maps.google.com/maps?q=16.24926,99.95593"}},{"type":"Feature","geometry":{"type":"Point","coordinates":[99.41023,16.44361]},"properties":{"hs_id":"VI1202604021928w4ytw1kqfr","hsID":"VI1202604021928w4ytw1kqfr","acq_date":"2026-04-03","Date":"2026-04-03","acq_time":"","year_be":2569,"season_be":2569,"dataset_year_be":2569,"province":"กำแพงเพชร","Province":"กำแพงเพชร","__province":"กำแพงเพชร","district":"เมืองกำแพงเพชร","Amphoe":"เมืองกำแพงเพชร","__district":"เมืองกำแพงเพชร","subdistrict":"นาบ่อคำ","Tambon":"นาบ่อคำ","__subdistrict":"นาบ่อคำ","village":"บ้านตะค้องาม","BaanN":"บ้านตะค้องาม","__village":"บ้านตะค้องาม","land_type":"พื้นที่เกษตร","LandType":"พื้นที่เกษตร","plant_type":"อ้อย","PlantType":"อ้อย","crop_type":"อ้อย","crop_type_raw":"อ้อย","__crop":"อ้อย","__plant_type":"อ้อย","confidence":47,"Q":"47","source":"NASA FIRMS Email Alert - Suomi NPP VIIRS","source_file":"2569-7-20 รวม 67-69 เขต 6.xlsx","filter_rule":"Province=กำแพงเพชร; LandType=พื้นที่เกษตร; PlantType normalized to allowed groups","month":4,"month_key":"2569-04","day_key":"2026-04-03","TambonN":"ท่าขุนราม","AmphoeN":"เมืองกำแพงเพชร","ProvinceN":"กำแพงเพชร","Maps":"http://maps.google.com/maps?q=16.44361,99.41023"}},{"type":"Feature","geometry":{"type":"Point","coordinates":[99.98116,16.28841]},"properties":{"hs_id":"VI1202604021928w4zhejhncg","hsID":"VI1202604021928w4zhejhncg","acq_date":"2026-04-03","Date":"2026-04-03","acq_time":"","year_be":2569,"season_be":2569,"dataset_year_be":2569,"province":"กำแพงเพชร","Province":"กำแพงเพชร","__province":"กำแพงเพชร","district":"บึงสามัคคี","Amphoe":"บึงสามัคคี","__district":"บึงสามัคคี","subdistrict":"บึงสามัคคี","Tambon":"บึงสามัคคี","__subdistrict":"บึงสามัคคี","village":"บ้านชนเขตพัฒนา","BaanN":"บ้านชนเขตพัฒนา","__village":"บ้านชนเขตพัฒนา","land_type":"พื้นที่เกษตร","LandType":"พื้นที่เกษตร","plant_type":"นาข้าว","PlantType":"นาข้าว","crop_type":"นาข้าว","crop_type_raw":"นาข้าว","__crop":"นาข้าว","__plant_type":"นาข้าว","confidence":47,"Q":"47","source":"NASA FIRMS Email Alert - Suomi NPP VIIRS","source_file":"2569-7-20 รวม 67-69 เขต 6.xlsx","filter_rule":"Province=กำแพงเพชร; LandType=พื้นที่เกษตร; PlantType normalized to allowed groups","month":4,"month_key":"2569-04","day_key":"2026-04-03","TambonN":"บึงสามัคคี","AmphoeN":"บึงสามัคคี","ProvinceN":"กำแพงเพชร","Maps":"http://maps.google.com/maps?q=16.28841,99.98116"}},{"type":"Feature","geometry":{"type":"Point","coordinates":[99.75393,15.95184]},"properties":{"hs_id":"VI1202604031908w4yftzyw5n","hsID":"VI1202604031908w4yftzyw5n","acq_date":"2026-04-04","Date":"2026-04-04","acq_time":"","year_be":2569,"season_be":2569,"dataset_year_be":2569,"province":"กำแพงเพชร","Province":"กำแพงเพชร","__province":"กำแพงเพชร","district":"ขาณุวรลักษบุรี","Amphoe":"ขาณุวรลักษบุรี","__district":"ขาณุวรลักษบุรี","subdistrict":"บ่อถ้ำ","Tambon":"บ่อถ้ำ","__subdistrict":"บ่อถ้ำ","village":"บ้านบ่อถ้ำ","BaanN":"บ้านบ่อถ้ำ","__village":"บ้านบ่อถ้ำ","land_type":"พื้นที่เกษตร","LandType":"พื้นที่เกษตร","plant_type":"นาข้าว","PlantType":"นาข้าว","crop_type":"นาข้าว","crop_type_raw":"นาข้าว","__crop":"นาข้าว","__plant_type":"นาข้าว","confidence":47,"Q":"47","source":"NASA FIRMS Email Alert - Suomi NPP VIIRS","source_file":"2569-7-20 รวม 67-69 เขต 6.xlsx","filter_rule":"Province=กำแพงเพชร; LandType=พื้นที่เกษตร; PlantType normalized to allowed groups","month":4,"month_key":"2569-04","day_key":"2026-04-04","TambonN":"บ่อถ้ำ","AmphoeN":"ขาณุวรลักษบุรี","ProvinceN":"กำแพงเพชร","Maps":"http://maps.google.com/maps?q=15.95184,99.75393"}},{"type":"Feature","geometry":{"type":"Point","coordinates":[99.75452,15.9552]},"properties":{"hs_id":"VI1202604031908w4yfvbx1bb","hsID":"VI1202604031908w4yfvbx1bb","acq_date":"2026-04-04","Date":"2026-04-04","acq_time":"","year_be":2569,"season_be":2569,"dataset_year_be":2569,"province":"กำแพงเพชร","Province":"กำแพงเพชร","__province":"กำแพงเพชร","district":"ขาณุวรลักษบุรี","Amphoe":"ขาณุวรลักษบุรี","__district":"ขาณุวรลักษบุรี","subdistrict":"บ่อถ้ำ","Tambon":"บ่อถ้ำ","__subdistrict":"บ่อถ้ำ","village":"บ้านบ่อถ้ำ","BaanN":"บ้านบ่อถ้ำ","__village":"บ้านบ่อถ้ำ","land_type":"พื้นที่เกษตร","LandType":"พื้นที่เกษตร","plant_type":"เกษตรอื่น ๆ","PlantType":"เกษตรอื่น ๆ","crop_type":"เกษตรอื่น ๆ","crop_type_raw":"เกษตรอื่น ๆ","__crop":"เกษตรอื่น ๆ","__plant_type":"เกษตรอื่น ๆ","confidence":47,"Q":"47","source":"NASA FIRMS Email Alert - Suomi NPP VIIRS","source_file":"2569-7-20 รวม 67-69 เขต 6.xlsx","filter_rule":"Province=กำแพงเพชร; LandType=พื้นที่เกษตร; PlantType normalized to allowed groups","month":4,"month_key":"2569-04","day_key":"2026-04-04","TambonN":"บ่อถ้ำ","AmphoeN":"ขาณุวรลักษบุรี","ProvinceN":"กำแพงเพชร","Maps":"http://maps.google.com/maps?q=15.9552,99.75452"}},{"type":"Feature","geometry":{"type":"Point","coordinates":[99.94872,16.21753]},"properties":{"hs_id":"VI1202604031908w4zh62k3vy","hsID":"VI1202604031908w4zh62k3vy","acq_date":"2026-04-04","Date":"2026-04-04","acq_time":"","year_be":2569,"season_be":2569,"dataset_year_be":2569,"province":"กำแพงเพชร","Province":"กำแพงเพชร","__province":"กำแพงเพชร","district":"บึงสามัคคี","Amphoe":"บึงสามัคคี","__district":"บึงสามัคคี","subdistrict":"เทพนิมิต","Tambon":"เทพนิมิต","__subdistrict":"เทพนิมิต","village":"บ้านทุ่งผึ้ง, บ้านวังผึ้ง","BaanN":"บ้านทุ่งผึ้ง, บ้านวังผึ้ง","__village":"บ้านทุ่งผึ้ง, บ้านวังผึ้ง","land_type":"พื้นที่เกษตร","LandType":"พื้นที่เกษตร","plant_type":"นาข้าว","PlantType":"นาข้าว","crop_type":"นาข้าว","crop_type_raw":"นาข้าว","__crop":"นาข้าว","__plant_type":"นาข้าว","confidence":47,"Q":"47","source":"NASA FIRMS Email Alert - Suomi NPP VIIRS","source_file":"2569-7-20 รวม 67-69 เขต 6.xlsx","filter_rule":"Province=กำแพงเพชร; LandType=พื้นที่เกษตร; PlantType normalized to allowed groups","month":4,"month_key":"2569-04","day_key":"2026-04-04","TambonN":"วังชะโอน","AmphoeN":"บึงสามัคคี","ProvinceN":"กำแพงเพชร","Maps":"http://maps.google.com/maps?q=16.21753,99.94872"}},{"type":"Feature","geometry":{"type":"Point","coordinates":[99.61288,16.41298]},"properties":{"hs_id":"VI1202604040618w4yv6ezus3","hsID":"VI1202604040618w4yv6ezus3","acq_date":"2026-04-04","Date":"2026-04-04","acq_time":"","year_be":2569,"season_be":2569,"dataset_year_be":2569,"province":"กำแพงเพชร","Province":"กำแพงเพชร","__province":"กำแพงเพชร","district":"เมืองกำแพงเพชร","Amphoe":"เมืองกำแพงเพชร","__district":"เมืองกำแพงเพชร","subdistrict":"เทพนคร","Tambon":"เทพนคร","__subdistrict":"เทพนคร","village":"บ้านหนองสามมุก","BaanN":"บ้านหนองสามมุก","__village":"บ้านหนองสามมุก","land_type":"พื้นที่เกษตร","LandType":"พื้นที่เกษตร","plant_type":"นาข้าว","PlantType":"นาข้าว","crop_type":"นาข้าว","crop_type_raw":"นาข้าว","__crop":"นาข้าว","__plant_type":"นาข้าว","confidence":47,"Q":"47","source":"NASA FIRMS Email Alert - Suomi NPP VIIRS","source_file":"2569-7-20 รวม 67-69 เขต 6.xlsx","filter_rule":"Province=กำแพงเพชร; LandType=พื้นที่เกษตร; PlantType normalized to allowed groups","month":4,"month_key":"2569-04","day_key":"2026-04-04","TambonN":"คณฑี","AmphoeN":"เมืองกำแพงเพชร","ProvinceN":"กำแพงเพชร","Maps":"http://maps.google.com/maps?q=16.41298,99.61288"}},{"type":"Feature","geometry":{"type":"Point","coordinates":[99.66348,16.4862]},"properties":{"hs_id":"VI1202604050559w4yvgchxp6","hsID":"VI1202604050559w4yvgchxp6","acq_date":"2026-04-05","Date":"2026-04-05","acq_time":"","year_be":2569,"season_be":2569,"dataset_year_be":2569,"province":"กำแพงเพชร","Province":"กำแพงเพชร","__province":"กำแพงเพชร","district":"เมืองกำแพงเพชร","Amphoe":"เมืองกำแพงเพชร","__district":"เมืองกำแพงเพชร","subdistrict":"เทพนคร","Tambon":"เทพนคร","__subdistrict":"เทพนคร","village":"บ้านหนองเต่า","BaanN":"บ้านหนองเต่า","__village":"บ้านหนองเต่า","land_type":"พื้นที่เกษตร","LandType":"พื้นที่เกษตร","plant_type":"นาข้าว","PlantType":"นาข้าว","crop_type":"นาข้าว","crop_type_raw":"นาข้าว","__crop":"นาข้าว","__plant_type":"นาข้าว","confidence":47,"Q":"47","source":"NASA FIRMS Email Alert - Suomi NPP VIIRS","source_file":"2569-7-20 รวม 67-69 เขต 6.xlsx","filter_rule":"Province=กำแพงเพชร; LandType=พื้นที่เกษตร; PlantType normalized to allowed groups","month":4,"month_key":"2569-04","day_key":"2026-04-05","TambonN":"สระแก้ว","AmphoeN":"เมืองกำแพงเพชร","ProvinceN":"กำแพงเพชร","Maps":"http://maps.google.com/maps?q=16.4862,99.66348"}},{"type":"Feature","geometry":{"type":"Point","coordinates":[99.85534,16.60498]},"properties":{"hs_id":"VI1202604050559w4zn2qb7n0","hsID":"VI1202604050559w4zn2qb7n0","acq_date":"2026-04-05","Date":"2026-04-05","acq_time":"","year_be":2569,"season_be":2569,"dataset_year_be":2569,"province":"กำแพงเพชร","Province":"กำแพงเพชร","__province":"กำแพงเพชร","district":"ลานกระบือ","Amphoe":"ลานกระบือ","__district":"ลานกระบือ","subdistrict":"ลานกระบือ","Tambon":"ลานกระบือ","__subdistrict":"ลานกระบือ","village":"บ้านโนนตากแดด","BaanN":"บ้านโนนตากแดด","__village":"บ้านโนนตากแดด","land_type":"พื้นที่เกษตร","LandType":"พื้นที่เกษตร","plant_type":"นาข้าว","PlantType":"นาข้าว","crop_type":"นาข้าว","crop_type_raw":"นาข้าว","__crop":"นาข้าว","__plant_type":"นาข้าว","confidence":47,"Q":"47","source":"NASA FIRMS Email Alert - Suomi NPP VIIRS","source_file":"2569-7-20 รวม 67-69 เขต 6.xlsx","filter_rule":"Province=กำแพงเพชร; LandType=พื้นที่เกษตร; PlantType normalized to allowed groups","month":4,"month_key":"2569-04","day_key":"2026-04-05","TambonN":"ลานกระบือ","AmphoeN":"ลานกระบือ","ProvinceN":"กำแพงเพชร","Maps":"http://maps.google.com/maps?q=16.60498,99.85534"}},{"type":"Feature","geometry":{"type":"Point","coordinates":[99.29442,16.1089]},"properties":{"hs_id":"VI1202604051832w4yeekxcps","hsID":"VI1202604051832w4yeekxcps","acq_date":"2026-04-06","Date":"2026-04-06","acq_time":"","year_be":2569,"season_be":2569,"dataset_year_be":2569,"province":"กำแพงเพชร","Province":"กำแพงเพชร","__province":"กำแพงเพชร","district":"คลองลาน","Amphoe":"คลองลาน","__district":"คลองลาน","subdistrict":"คลองลานพัฒนา","Tambon":"คลองลานพัฒนา","__subdistrict":"คลองลานพัฒนา","village":"บ้านคลองลาน","BaanN":"บ้านคลองลาน","__village":"บ้านคลองลาน","land_type":"พื้นที่เกษตร","LandType":"พื้นที่เกษตร","plant_type":"เกษตรอื่น ๆ","PlantType":"เกษตรอื่น ๆ","crop_type":"เกษตรอื่น ๆ","crop_type_raw":"เกษตรอื่น ๆ","__crop":"เกษตรอื่น ๆ","__plant_type":"เกษตรอื่น ๆ","confidence":47,"Q":"47","source":"NASA FIRMS Email Alert - Suomi NPP VIIRS","source_file":"2569-7-20 รวม 67-69 เขต 6.xlsx","filter_rule":"Province=กำแพงเพชร; LandType=พื้นที่เกษตร; PlantType normalized to allowed groups","month":4,"month_key":"2569-04","day_key":"2026-04-06","TambonN":"คลองลานพัฒนา","AmphoeN":"คลองลาน","ProvinceN":"กำแพงเพชร","Maps":"http://maps.google.com/maps?q=16.1089,99.29442"}},{"type":"Feature","geometry":{"type":"Point","coordinates":[99.72217,16.28081]},"properties":{"hs_id":"VI1202604060720w4yut5z6wf","hsID":"VI1202604060720w4yut5z6wf","acq_date":"2026-04-06","Date":"2026-04-06","acq_time":"","year_be":2569,"season_be":2569,"dataset_year_be":2569,"province":"กำแพงเพชร","Province":"กำแพงเพชร","__province":"กำแพงเพชร","district":"คลองขลุง","Amphoe":"คลองขลุง","__district":"คลองขลุง","subdistrict":"วังบัว","Tambon":"วังบัว","__subdistrict":"วังบัว","village":"บ้านละหาน","BaanN":"บ้านละหาน","__village":"บ้านละหาน","land_type":"พื้นที่เกษตร","LandType":"พื้นที่เกษตร","plant_type":"นาข้าว","PlantType":"นาข้าว","crop_type":"นาข้าว","crop_type_raw":"นาข้าว","__crop":"นาข้าว","__plant_type":"นาข้าว","confidence":47,"Q":"47","source":"NASA FIRMS Email Alert - Suomi NPP VIIRS","source_file":"2569-7-20 รวม 67-69 เขต 6.xlsx","filter_rule":"Province=กำแพงเพชร; LandType=พื้นที่เกษตร; PlantType normalized to allowed groups","month":4,"month_key":"2569-04","day_key":"2026-04-06","TambonN":"วังบัว","AmphoeN":"คลองขลุง","ProvinceN":"กำแพงเพชร","Maps":"http://maps.google.com/maps?q=16.28081,99.72217"}},{"type":"Feature","geometry":{"type":"Point","coordinates":[99.72574,16.2812]},"properties":{"hs_id":"VI1202604060720w4yut7fhf5","hsID":"VI1202604060720w4yut7fhf5","acq_date":"2026-04-06","Date":"2026-04-06","acq_time":"","year_be":2569,"season_be":2569,"dataset_year_be":2569,"province":"กำแพงเพชร","Province":"กำแพงเพชร","__province":"กำแพงเพชร","district":"คลองขลุง","Amphoe":"คลองขลุง","__district":"คลองขลุง","subdistrict":"วังบัว","Tambon":"วังบัว","__subdistrict":"วังบัว","village":"บ้านละหาน","BaanN":"บ้านละหาน","__village":"บ้านละหาน","land_type":"พื้นที่เกษตร","LandType":"พื้นที่เกษตร","plant_type":"นาข้าว","PlantType":"นาข้าว","crop_type":"นาข้าว","crop_type_raw":"นาข้าว","__crop":"นาข้าว","__plant_type":"นาข้าว","confidence":47,"Q":"47","source":"NASA FIRMS Email Alert - Suomi NPP VIIRS","source_file":"2569-7-20 รวม 67-69 เขต 6.xlsx","filter_rule":"Province=กำแพงเพชร; LandType=พื้นที่เกษตร; PlantType normalized to allowed groups","month":4,"month_key":"2569-04","day_key":"2026-04-06","TambonN":"วังบัว","AmphoeN":"คลองขลุง","ProvinceN":"กำแพงเพชร","Maps":"http://maps.google.com/maps?q=16.2812,99.72574"}},{"type":"Feature","geometry":{"type":"Point","coordinates":[99.66511,16.38075]},"properties":{"hs_id":"VI1202604060720w4yv5yjbv3","hsID":"VI1202604060720w4yv5yjbv3","acq_date":"2026-04-06","Date":"2026-04-06","acq_time":"","year_be":2569,"season_be":2569,"dataset_year_be":2569,"province":"กำแพงเพชร","Province":"กำแพงเพชร","__province":"กำแพงเพชร","district":"เมืองกำแพงเพชร","Amphoe":"เมืองกำแพงเพชร","__district":"เมืองกำแพงเพชร","subdistrict":"คณฑี","Tambon":"คณฑี","__subdistrict":"คณฑี","village":"บ้านโพธิ์อำนวย","BaanN":"บ้านโพธิ์อำนวย","__village":"บ้านโพธิ์อำนวย","land_type":"พื้นที่เกษตร","LandType":"พื้นที่เกษตร","plant_type":"นาข้าว","PlantType":"นาข้าว","crop_type":"นาข้าว","crop_type_raw":"นาข้าว","__crop":"นาข้าว","__plant_type":"นาข้าว","confidence":47,"Q":"47","source":"NASA FIRMS Email Alert - Suomi NPP VIIRS","source_file":"2569-7-20 รวม 67-69 เขต 6.xlsx","filter_rule":"Province=กำแพงเพชร; LandType=พื้นที่เกษตร; PlantType normalized to allowed groups","month":4,"month_key":"2569-04","day_key":"2026-04-06","TambonN":"คณฑี","AmphoeN":"เมืองกำแพงเพชร","ProvinceN":"กำแพงเพชร","Maps":"http://maps.google.com/maps?q=16.38075,99.66511"}},{"type":"Feature","geometry":{"type":"Point","coordinates":[99.67186,16.32148]},"properties":{"hs_id":"VI1202604061951w4yuu54zd8","hsID":"VI1202604061951w4yuu54zd8","acq_date":"2026-04-07","Date":"2026-04-07","acq_time":"","year_be":2569,"season_be":2569,"dataset_year_be":2569,"province":"กำแพงเพชร","Province":"กำแพงเพชร","__province":"กำแพงเพชร","district":"เมืองกำแพงเพชร","Amphoe":"เมืองกำแพงเพชร","__district":"เมืองกำแพงเพชร","subdistrict":"คณฑี","Tambon":"คณฑี","__subdistrict":"คณฑี","village":"บ้านท่าเสลี่ยง","BaanN":"บ้านท่าเสลี่ยง","__village":"บ้านท่าเสลี่ยง","land_type":"พื้นที่เกษตร","LandType":"พื้นที่เกษตร","plant_type":"อ้อย","PlantType":"อ้อย","crop_type":"อ้อย","crop_type_raw":"อ้อย","__crop":"อ้อย","__plant_type":"อ้อย","confidence":47,"Q":"47","source":"NASA FIRMS Email Alert - Suomi NPP VIIRS","source_file":"2569-7-20 รวม 67-69 เขต 6.xlsx","filter_rule":"Province=กำแพงเพชร; LandType=พื้นที่เกษตร; PlantType normalized to allowed groups","month":4,"month_key":"2569-04","day_key":"2026-04-07","TambonN":"คณฑี","AmphoeN":"เมืองกำแพงเพชร","ProvinceN":"กำแพงเพชร","Maps":"http://maps.google.com/maps?q=16.32148,99.67186"}},{"type":"Feature","geometry":{"type":"Point","coordinates":[99.29309,16.13484]},"properties":{"hs_id":"VI1202604070701w4yeg3r028","hsID":"VI1202604070701w4yeg3r028","acq_date":"2026-04-07","Date":"2026-04-07","acq_time":"","year_be":2569,"season_be":2569,"dataset_year_be":2569,"province":"กำแพงเพชร","Province":"กำแพงเพชร","__province":"กำแพงเพชร","district":"คลองลาน","Amphoe":"คลองลาน","__district":"คลองลาน","subdistrict":"คลองลานพัฒนา","Tambon":"คลองลานพัฒนา","__subdistrict":"คลองลานพัฒนา","village":"บ้านคลองลาน","BaanN":"บ้านคลองลาน","__village":"บ้านคลองลาน","land_type":"พื้นที่เกษตร","LandType":"พื้นที่เกษตร","plant_type":"เกษตรอื่น ๆ","PlantType":"เกษตรอื่น ๆ","crop_type":"เกษตรอื่น ๆ","crop_type_raw":"เกษตรอื่น ๆ","__crop":"เกษตรอื่น ๆ","__plant_type":"เกษตรอื่น ๆ","confidence":47,"Q":"47","source":"NASA FIRMS Email Alert - Suomi NPP VIIRS","source_file":"2569-7-20 รวม 67-69 เขต 6.xlsx","filter_rule":"Province=กำแพงเพชร; LandType=พื้นที่เกษตร; PlantType normalized to allowed groups","month":4,"month_key":"2569-04","day_key":"2026-04-07","TambonN":"คลองลานพัฒนา","AmphoeN":"คลองลาน","ProvinceN":"กำแพงเพชร","Maps":"http://maps.google.com/maps?q=16.13484,99.29309"}},{"type":"Feature","geometry":{"type":"Point","coordinates":[99.6554,16.68034]},"properties":{"hs_id":"VI1202604070701w4yygswf50","hsID":"VI1202604070701w4yygswf50","acq_date":"2026-04-07","Date":"2026-04-07","acq_time":"","year_be":2569,"season_be":2569,"dataset_year_be":2569,"province":"กำแพงเพชร","Province":"กำแพงเพชร","__province":"กำแพงเพชร","district":"พรานกระต่าย","Amphoe":"พรานกระต่าย","__district":"พรานกระต่าย","subdistrict":"คุยบ้านโอง","Tambon":"คุยบ้านโอง","__subdistrict":"คุยบ้านโอง","village":"บ้านวังถ้ำ","BaanN":"บ้านวังถ้ำ","__village":"บ้านวังถ้ำ","land_type":"พื้นที่เกษตร","LandType":"พื้นที่เกษตร","plant_type":"นาข้าว","PlantType":"นาข้าว","crop_type":"นาข้าว","crop_type_raw":"นาข้าว","__crop":"นาข้าว","__plant_type":"นาข้าว","confidence":47,"Q":"47","source":"NASA FIRMS Email Alert - Suomi NPP VIIRS","source_file":"2569-7-20 รวม 67-69 เขต 6.xlsx","filter_rule":"Province=กำแพงเพชร; LandType=พื้นที่เกษตร; PlantType normalized to allowed groups","month":4,"month_key":"2569-04","day_key":"2026-04-07","TambonN":"คุยบ้านโอง","AmphoeN":"พรานกระต่าย","ProvinceN":"กำแพงเพชร","Maps":"http://maps.google.com/maps?q=16.68034,99.6554"}},{"type":"Feature","geometry":{"type":"Point","coordinates":[99.90275,16.19256]},"properties":{"hs_id":"VI1202604070701w4zh17fbqz","hsID":"VI1202604070701w4zh17fbqz","acq_date":"2026-04-07","Date":"2026-04-07","acq_time":"","year_be":2569,"season_be":2569,"dataset_year_be":2569,"province":"กำแพงเพชร","Province":"กำแพงเพชร","__province":"กำแพงเพชร","district":"บึงสามัคคี","Amphoe":"บึงสามัคคี","__district":"บึงสามัคคี","subdistrict":"เทพนิมิต","Tambon":"เทพนิมิต","__subdistrict":"เทพนิมิต","village":"บ้านมาบไผ่","BaanN":"บ้านมาบไผ่","__village":"บ้านมาบไผ่","land_type":"พื้นที่เกษตร","LandType":"พื้นที่เกษตร","plant_type":"นาข้าว","PlantType":"นาข้าว","crop_type":"นาข้าว","crop_type_raw":"นาข้าว","__crop":"นาข้าว","__plant_type":"นาข้าว","confidence":47,"Q":"47","source":"NASA FIRMS Email Alert - Suomi NPP VIIRS","source_file":"2569-7-20 รวม 67-69 เขต 6.xlsx","filter_rule":"Province=กำแพงเพชร; LandType=พื้นที่เกษตร; PlantType normalized to allowed groups","month":4,"month_key":"2569-04","day_key":"2026-04-07","TambonN":"เทพนิมิต","AmphoeN":"บึงสามัคคี","ProvinceN":"กำแพงเพชร","Maps":"http://maps.google.com/maps?q=16.19256,99.90275"}},{"type":"Feature","geometry":{"type":"Point","coordinates":[99.9081,16.19327]},"properties":{"hs_id":"VI1202604070701w4zh17yuek","hsID":"VI1202604070701w4zh17yuek","acq_date":"2026-04-07","Date":"2026-04-07","acq_time":"","year_be":2569,"season_be":2569,"dataset_year_be":2569,"province":"กำแพงเพชร","Province":"กำแพงเพชร","__province":"กำแพงเพชร","district":"บึงสามัคคี","Amphoe":"บึงสามัคคี","__district":"บึงสามัคคี","subdistrict":"เทพนิมิต","Tambon":"เทพนิมิต","__subdistrict":"เทพนิมิต","village":"บ้านโพธิ์เอน","BaanN":"บ้านโพธิ์เอน","__village":"บ้านโพธิ์เอน","land_type":"พื้นที่เกษตร","LandType":"พื้นที่เกษตร","plant_type":"นาข้าว","PlantType":"นาข้าว","crop_type":"นาข้าว","crop_type_raw":"นาข้าว","__crop":"นาข้าว","__plant_type":"นาข้าว","confidence":47,"Q":"47","source":"NASA FIRMS Email Alert - Suomi NPP VIIRS","source_file":"2569-7-20 รวม 67-69 เขต 6.xlsx","filter_rule":"Province=กำแพงเพชร; LandType=พื้นที่เกษตร; PlantType normalized to allowed groups","month":4,"month_key":"2569-04","day_key":"2026-04-07","TambonN":"เทพนิมิต","AmphoeN":"บึงสามัคคี","ProvinceN":"กำแพงเพชร","Maps":"http://maps.google.com/maps?q=16.19327,99.9081"}},{"type":"Feature","geometry":{"type":"Point","coordinates":[99.75234,15.94862]},"properties":{"hs_id":"VI1202604071934w4yftzm7my","hsID":"VI1202604071934w4yftzm7my","acq_date":"2026-04-08","Date":"2026-04-08","acq_time":"","year_be":2569,"season_be":2569,"dataset_year_be":2569,"province":"กำแพงเพชร","Province":"กำแพงเพชร","__province":"กำแพงเพชร","district":"ขาณุวรลักษบุรี","Amphoe":"ขาณุวรลักษบุรี","__district":"ขาณุวรลักษบุรี","subdistrict":"บ่อถ้ำ","Tambon":"บ่อถ้ำ","__subdistrict":"บ่อถ้ำ","village":"บ้านบ่อถ้ำ","BaanN":"บ้านบ่อถ้ำ","__village":"บ้านบ่อถ้ำ","land_type":"พื้นที่เกษตร","LandType":"พื้นที่เกษตร","plant_type":"เกษตรอื่น ๆ","PlantType":"เกษตรอื่น ๆ","crop_type":"เกษตรอื่น ๆ","crop_type_raw":"เกษตรอื่น ๆ","__crop":"เกษตรอื่น ๆ","__plant_type":"เกษตรอื่น ๆ","confidence":47,"Q":"47","source":"NASA FIRMS Email Alert - Suomi NPP VIIRS","source_file":"2569-7-20 รวม 67-69 เขต 6.xlsx","filter_rule":"Province=กำแพงเพชร; LandType=พื้นที่เกษตร; PlantType normalized to allowed groups","month":4,"month_key":"2569-04","day_key":"2026-04-08","TambonN":"บ่อถ้ำ","AmphoeN":"ขาณุวรลักษบุรี","ProvinceN":"กำแพงเพชร","Maps":"http://maps.google.com/maps?q=15.94862,99.75234"}},{"type":"Feature","geometry":{"type":"Point","coordinates":[99.66592,16.69452]},"properties":{"hs_id":"VI1202604080644w4yygzns8k","hsID":"VI1202604080644w4yygzns8k","acq_date":"2026-04-08","Date":"2026-04-08","acq_time":"","year_be":2569,"season_be":2569,"dataset_year_be":2569,"province":"กำแพงเพชร","Province":"กำแพงเพชร","__province":"กำแพงเพชร","district":"พรานกระต่าย","Amphoe":"พรานกระต่าย","__district":"พรานกระต่าย","subdistrict":"วังตะแบก","Tambon":"วังตะแบก","__subdistrict":"วังตะแบก","village":"บ้านวังตะแบก","BaanN":"บ้านวังตะแบก","__village":"บ้านวังตะแบก","land_type":"พื้นที่เกษตร","LandType":"พื้นที่เกษตร","plant_type":"นาข้าว","PlantType":"นาข้าว","crop_type":"นาข้าว","crop_type_raw":"นาข้าว","__crop":"นาข้าว","__plant_type":"นาข้าว","confidence":47,"Q":"47","source":"NASA FIRMS Email Alert - Suomi NPP VIIRS","source_file":"2569-7-20 รวม 67-69 เขต 6.xlsx","filter_rule":"Province=กำแพงเพชร; LandType=พื้นที่เกษตร; PlantType normalized to allowed groups","month":4,"month_key":"2569-04","day_key":"2026-04-08","TambonN":"วังตะแบก","AmphoeN":"พรานกระต่าย","ProvinceN":"กำแพงเพชร","Maps":"http://maps.google.com/maps?q=16.69452,99.66592"}},{"type":"Feature","geometry":{"type":"Point","coordinates":[99.7744,16.63963]},"properties":{"hs_id":"VI1202604080644w4yywmjsb5","hsID":"VI1202604080644w4yywmjsb5","acq_date":"2026-04-08","Date":"2026-04-08","acq_time":"","year_be":2569,"season_be":2569,"dataset_year_be":2569,"province":"กำแพงเพชร","Province":"กำแพงเพชร","__province":"กำแพงเพชร","district":"ลานกระบือ","Amphoe":"ลานกระบือ","__district":"ลานกระบือ","subdistrict":"หนองหลวง","Tambon":"หนองหลวง","__subdistrict":"หนองหลวง","village":"บ้านหนองไม้แดง","BaanN":"บ้านหนองไม้แดง","__village":"บ้านหนองไม้แดง","land_type":"พื้นที่เกษตร","LandType":"พื้นที่เกษตร","plant_type":"เกษตรอื่น ๆ","PlantType":"เกษตรอื่น ๆ","crop_type":"เกษตรอื่น ๆ","crop_type_raw":"เกษตรอื่น ๆ","__crop":"เกษตรอื่น ๆ","__plant_type":"เกษตรอื่น ๆ","confidence":47,"Q":"47","source":"NASA FIRMS Email Alert - Suomi NPP VIIRS","source_file":"2569-7-20 รวม 67-69 เขต 6.xlsx","filter_rule":"Province=กำแพงเพชร; LandType=พื้นที่เกษตร; PlantType normalized to allowed groups","month":4,"month_key":"2569-04","day_key":"2026-04-08","TambonN":"หนองหลวง","AmphoeN":"ลานกระบือ","ProvinceN":"กำแพงเพชร","Maps":"http://maps.google.com/maps?q=16.63963,99.7744"}},{"type":"Feature","geometry":{"type":"Point","coordinates":[99.29686,16.10315]},"properties":{"hs_id":"VI1202604090622w4yeee3z8s","hsID":"VI1202604090622w4yeee3z8s","acq_date":"2026-04-09","Date":"2026-04-09","acq_time":"","year_be":2569,"season_be":2569,"dataset_year_be":2569,"province":"กำแพงเพชร","Province":"กำแพงเพชร","__province":"กำแพงเพชร","district":"คลองลาน","Amphoe":"คลองลาน","__district":"คลองลาน","subdistrict":"คลองลานพัฒนา","Tambon":"คลองลานพัฒนา","__subdistrict":"คลองลานพัฒนา","village":"บ้านคลองลาน","BaanN":"บ้านคลองลาน","__village":"บ้านคลองลาน","land_type":"พื้นที่เกษตร","LandType":"พื้นที่เกษตร","plant_type":"เกษตรอื่น ๆ","PlantType":"เกษตรอื่น ๆ","crop_type":"เกษตรอื่น ๆ","crop_type_raw":"เกษตรอื่น ๆ","__crop":"เกษตรอื่น ๆ","__plant_type":"เกษตรอื่น ๆ","confidence":47,"Q":"47","source":"NASA FIRMS Email Alert - Suomi NPP VIIRS","source_file":"2569-7-20 รวม 67-69 เขต 6.xlsx","filter_rule":"Province=กำแพงเพชร; LandType=พื้นที่เกษตร; PlantType normalized to allowed groups","month":4,"month_key":"2569-04","day_key":"2026-04-09","TambonN":"คลองลานพัฒนา","AmphoeN":"คลองลาน","ProvinceN":"กำแพงเพชร","Maps":"http://maps.google.com/maps?q=16.10315,99.29686"}},{"type":"Feature","geometry":{"type":"Point","coordinates":[99.72022,16.08597]},"properties":{"hs_id":"VI1202604090622w4ygt0q59d","hsID":"VI1202604090622w4ygt0q59d","acq_date":"2026-04-09","Date":"2026-04-09","acq_time":"","year_be":2569,"season_be":2569,"dataset_year_be":2569,"province":"กำแพงเพชร","Province":"กำแพงเพชร","__province":"กำแพงเพชร","district":"ขาณุวรลักษบุรี","Amphoe":"ขาณุวรลักษบุรี","__district":"ขาณุวรลักษบุรี","subdistrict":"ดอนแตง","Tambon":"ดอนแตง","__subdistrict":"ดอนแตง","village":"บ้านหนองกระทิง","BaanN":"บ้านหนองกระทิง","__village":"บ้านหนองกระทิง","land_type":"พื้นที่เกษตร","LandType":"พื้นที่เกษตร","plant_type":"นาข้าว","PlantType":"นาข้าว","crop_type":"นาข้าว","crop_type_raw":"นาข้าว","__crop":"นาข้าว","__plant_type":"นาข้าว","confidence":47,"Q":"47","source":"NASA FIRMS Email Alert - Suomi NPP VIIRS","source_file":"2569-7-20 รวม 67-69 เขต 6.xlsx","filter_rule":"Province=กำแพงเพชร; LandType=พื้นที่เกษตร; PlantType normalized to allowed groups","month":4,"month_key":"2569-04","day_key":"2026-04-09","TambonN":"โค้งไผ่","AmphoeN":"ขาณุวรลักษบุรี","ProvinceN":"กำแพงเพชร","Maps":"http://maps.google.com/maps?q=16.08597,99.72022"}},{"type":"Feature","geometry":{"type":"Point","coordinates":[99.66879,16.24551]},"properties":{"hs_id":"VI1202604090622w4yukj2sgn","hsID":"VI1202604090622w4yukj2sgn","acq_date":"2026-04-09","Date":"2026-04-09","acq_time":"","year_be":2569,"season_be":2569,"dataset_year_be":2569,"province":"กำแพงเพชร","Province":"กำแพงเพชร","__province":"กำแพงเพชร","district":"คลองขลุง","Amphoe":"คลองขลุง","__district":"คลองขลุง","subdistrict":"หัวถนน","Tambon":"หัวถนน","__subdistrict":"หัวถนน","village":"บ้านหนองขาม","BaanN":"บ้านหนองขาม","__village":"บ้านหนองขาม","land_type":"พื้นที่เกษตร","LandType":"พื้นที่เกษตร","plant_type":"นาข้าว","PlantType":"นาข้าว","crop_type":"นาข้าว","crop_type_raw":"นาข้าว","__crop":"นาข้าว","__plant_type":"นาข้าว","confidence":47,"Q":"47","source":"NASA FIRMS Email Alert - Suomi NPP VIIRS","source_file":"2569-7-20 รวม 67-69 เขต 6.xlsx","filter_rule":"Province=กำแพงเพชร; LandType=พื้นที่เกษตร; PlantType normalized to allowed groups","month":4,"month_key":"2569-04","day_key":"2026-04-09","TambonN":"หัวถนน","AmphoeN":"คลองขลุง","ProvinceN":"กำแพงเพชร","Maps":"http://maps.google.com/maps?q=16.24551,99.66879"}},{"type":"Feature","geometry":{"type":"Point","coordinates":[99.62668,16.43165]},"properties":{"hs_id":"VI1202604090622w4yv7p3cmc","hsID":"VI1202604090622w4yv7p3cmc","acq_date":"2026-04-09","Date":"2026-04-09","acq_time":"","year_be":2569,"season_be":2569,"dataset_year_be":2569,"province":"กำแพงเพชร","Province":"กำแพงเพชร","__province":"กำแพงเพชร","district":"เมืองกำแพงเพชร","Amphoe":"เมืองกำแพงเพชร","__district":"เมืองกำแพงเพชร","subdistrict":"เทพนคร","Tambon":"เทพนคร","__subdistrict":"เทพนคร","village":"บ้านบ่อตาโพธิ์","BaanN":"บ้านบ่อตาโพธิ์","__village":"บ้านบ่อตาโพธิ์","land_type":"พื้นที่เกษตร","LandType":"พื้นที่เกษตร","plant_type":"อ้อย","PlantType":"อ้อย","crop_type":"อ้อย","crop_type_raw":"อ้อย","__crop":"อ้อย","__plant_type":"อ้อย","confidence":47,"Q":"47","source":"NASA FIRMS Email Alert - Suomi NPP VIIRS","source_file":"2569-7-20 รวม 67-69 เขต 6.xlsx","filter_rule":"Province=กำแพงเพชร; LandType=พื้นที่เกษตร; PlantType normalized to allowed groups","month":4,"month_key":"2569-04","day_key":"2026-04-09","TambonN":"เทพนคร","AmphoeN":"เมืองกำแพงเพชร","ProvinceN":"กำแพงเพชร","Maps":"http://maps.google.com/maps?q=16.43165,99.62668"}},{"type":"Feature","geometry":{"type":"Point","coordinates":[99.95703,16.19675]},"properties":{"hs_id":"VI1202604090622w4zh4sd2zt","hsID":"VI1202604090622w4zh4sd2zt","acq_date":"2026-04-09","Date":"2026-04-09","acq_time":"","year_be":2569,"season_be":2569,"dataset_year_be":2569,"province":"กำแพงเพชร","Province":"กำแพงเพชร","__province":"กำแพงเพชร","district":"บึงสามัคคี","Amphoe":"บึงสามัคคี","__district":"บึงสามัคคี","subdistrict":"เทพนิมิต","Tambon":"เทพนิมิต","__subdistrict":"เทพนิมิต","village":"บ้านใหม่เจริญสุข","BaanN":"บ้านใหม่เจริญสุข","__village":"บ้านใหม่เจริญสุข","land_type":"พื้นที่เกษตร","LandType":"พื้นที่เกษตร","plant_type":"นาข้าว","PlantType":"นาข้าว","crop_type":"นาข้าว","crop_type_raw":"นาข้าว","__crop":"นาข้าว","__plant_type":"นาข้าว","confidence":47,"Q":"47","source":"NASA FIRMS Email Alert - Suomi NPP VIIRS","source_file":"2569-7-20 รวม 67-69 เขต 6.xlsx","filter_rule":"Province=กำแพงเพชร; LandType=พื้นที่เกษตร; PlantType normalized to allowed groups","month":4,"month_key":"2569-04","day_key":"2026-04-09","TambonN":"เทพนิมิต","AmphoeN":"บึงสามัคคี","ProvinceN":"กำแพงเพชร","Maps":"http://maps.google.com/maps?q=16.19675,99.95703"}},{"type":"Feature","geometry":{"type":"Point","coordinates":[99.66242,16.57389]},"properties":{"hs_id":"VI1202604091856w4yy7c5vyt","hsID":"VI1202604091856w4yy7c5vyt","acq_date":"2026-04-10","Date":"2026-04-10","acq_time":"","year_be":2569,"season_be":2569,"dataset_year_be":2569,"province":"กำแพงเพชร","Province":"กำแพงเพชร","__province":"กำแพงเพชร","district":"พรานกระต่าย","Amphoe":"พรานกระต่าย","__district":"พรานกระต่าย","subdistrict":"เขาคีริส","Tambon":"เขาคีริส","__subdistrict":"เขาคีริส","village":"บ้านคุยปอขาว","BaanN":"บ้านคุยปอขาว","__village":"บ้านคุยปอขาว","land_type":"พื้นที่เกษตร","LandType":"พื้นที่เกษตร","plant_type":"นาข้าว","PlantType":"นาข้าว","crop_type":"นาข้าว","crop_type_raw":"นาข้าว","__crop":"นาข้าว","__plant_type":"นาข้าว","confidence":47,"Q":"47","source":"NASA FIRMS Email Alert - Suomi NPP VIIRS","source_file":"2569-7-20 รวม 67-69 เขต 6.xlsx","filter_rule":"Province=กำแพงเพชร; LandType=พื้นที่เกษตร; PlantType normalized to allowed groups","month":4,"month_key":"2569-04","day_key":"2026-04-10","TambonN":"เขาคีริส","AmphoeN":"พรานกระต่าย","ProvinceN":"กำแพงเพชร","Maps":"http://maps.google.com/maps?q=16.57389,99.66242"}},{"type":"Feature","geometry":{"type":"Point","coordinates":[99.89922,16.16473]},"properties":{"hs_id":"VI1202604091856w4z5cq8qks","hsID":"VI1202604091856w4z5cq8qks","acq_date":"2026-04-10","Date":"2026-04-10","acq_time":"","year_be":2569,"season_be":2569,"dataset_year_be":2569,"province":"กำแพงเพชร","Province":"กำแพงเพชร","__province":"กำแพงเพชร","district":"บึงสามัคคี","Amphoe":"บึงสามัคคี","__district":"บึงสามัคคี","subdistrict":"เทพนิมิต","Tambon":"เทพนิมิต","__subdistrict":"เทพนิมิต","village":"บ้านวังเจ้า","BaanN":"บ้านวังเจ้า","__village":"บ้านวังเจ้า","land_type":"พื้นที่เกษตร","LandType":"พื้นที่เกษตร","plant_type":"นาข้าว","PlantType":"นาข้าว","crop_type":"นาข้าว","crop_type_raw":"นาข้าว","__crop":"นาข้าว","__plant_type":"นาข้าว","confidence":47,"Q":"47","source":"NASA FIRMS Email Alert - Suomi NPP VIIRS","source_file":"2569-7-20 รวม 67-69 เขต 6.xlsx","filter_rule":"Province=กำแพงเพชร; LandType=พื้นที่เกษตร; PlantType normalized to allowed groups","month":4,"month_key":"2569-04","day_key":"2026-04-10","TambonN":"เทพนิมิต","AmphoeN":"บึงสามัคคี","ProvinceN":"กำแพงเพชร","Maps":"http://maps.google.com/maps?q=16.16473,99.89922"}},{"type":"Feature","geometry":{"type":"Point","coordinates":[99.70221,16.16815]},"properties":{"hs_id":"VI1202604100605w4yguz2fmc","hsID":"VI1202604100605w4yguz2fmc","acq_date":"2026-04-10","Date":"2026-04-10","acq_time":"","year_be":2569,"season_be":2569,"dataset_year_be":2569,"province":"กำแพงเพชร","Province":"กำแพงเพชร","__province":"กำแพงเพชร","district":"คลองขลุง","Amphoe":"คลองขลุง","__district":"คลองขลุง","subdistrict":"คลองขลุง","Tambon":"คลองขลุง","__subdistrict":"คลองขลุง","village":"บ้านถนนงาม","BaanN":"บ้านถนนงาม","__village":"บ้านถนนงาม","land_type":"พื้นที่เกษตร","LandType":"พื้นที่เกษตร","plant_type":"นาข้าว","PlantType":"นาข้าว","crop_type":"นาข้าว","crop_type_raw":"นาข้าว","__crop":"นาข้าว","__plant_type":"นาข้าว","confidence":47,"Q":"47","source":"NASA FIRMS Email Alert - Suomi NPP VIIRS","source_file":"2569-7-20 รวม 67-69 เขต 6.xlsx","filter_rule":"Province=กำแพงเพชร; LandType=พื้นที่เกษตร; PlantType normalized to allowed groups","month":4,"month_key":"2569-04","day_key":"2026-04-10","TambonN":"คลองขลุง","AmphoeN":"คลองขลุง","ProvinceN":"กำแพงเพชร","Maps":"http://maps.google.com/maps?q=16.16815,99.70221"}},{"type":"Feature","geometry":{"type":"Point","coordinates":[99.99385,16.23739]},"properties":{"hs_id":"VI1202604100605w4zh77vm9s","hsID":"VI1202604100605w4zh77vm9s","acq_date":"2026-04-10","Date":"2026-04-10","acq_time":"","year_be":2569,"season_be":2569,"dataset_year_be":2569,"province":"กำแพงเพชร","Province":"กำแพงเพชร","__province":"กำแพงเพชร","district":"บึงสามัคคี","Amphoe":"บึงสามัคคี","__district":"บึงสามัคคี","subdistrict":"วังชะโอน","Tambon":"วังชะโอน","__subdistrict":"วังชะโอน","village":"บ้านมาบมะตื่น","BaanN":"บ้านมาบมะตื่น","__village":"บ้านมาบมะตื่น","land_type":"พื้นที่เกษตร","LandType":"พื้นที่เกษตร","plant_type":"อ้อย","PlantType":"อ้อย","crop_type":"อ้อย","crop_type_raw":"อ้อย","__crop":"อ้อย","__plant_type":"อ้อย","confidence":47,"Q":"47","source":"NASA FIRMS Email Alert - Suomi NPP VIIRS","source_file":"2569-7-20 รวม 67-69 เขต 6.xlsx","filter_rule":"Province=กำแพงเพชร; LandType=พื้นที่เกษตร; PlantType normalized to allowed groups","month":4,"month_key":"2569-04","day_key":"2026-04-10","TambonN":"บึงสามัคคี","AmphoeN":"บึงสามัคคี","ProvinceN":"กำแพงเพชร","Maps":"http://maps.google.com/maps?q=16.23739,99.99385"}},{"type":"Feature","geometry":{"type":"Point","coordinates":[99.99712,16.23804]},"properties":{"hs_id":"VI1202604100605w4zh7kp9my","hsID":"VI1202604100605w4zh7kp9my","acq_date":"2026-04-10","Date":"2026-04-10","acq_time":"","year_be":2569,"season_be":2569,"dataset_year_be":2569,"province":"กำแพงเพชร","Province":"กำแพงเพชร","__province":"กำแพงเพชร","district":"บึงสามัคคี","Amphoe":"บึงสามัคคี","__district":"บึงสามัคคี","subdistrict":"วังชะโอน","Tambon":"วังชะโอน","__subdistrict":"วังชะโอน","village":"บ้านมาบมะตื่น","BaanN":"บ้านมาบมะตื่น","__village":"บ้านมาบมะตื่น","land_type":"พื้นที่เกษตร","LandType":"พื้นที่เกษตร","plant_type":"อ้อย","PlantType":"อ้อย","crop_type":"อ้อย","crop_type_raw":"อ้อย","__crop":"อ้อย","__plant_type":"อ้อย","confidence":47,"Q":"47","source":"NASA FIRMS Email Alert - Suomi NPP VIIRS","source_file":"2569-7-20 รวม 67-69 เขต 6.xlsx","filter_rule":"Province=กำแพงเพชร; LandType=พื้นที่เกษตร; PlantType normalized to allowed groups","month":4,"month_key":"2569-04","day_key":"2026-04-10","TambonN":"บึงสามัคคี","AmphoeN":"บึงสามัคคี","ProvinceN":"กำแพงเพชร","Maps":"http://maps.google.com/maps?q=16.23804,99.99712"}},{"type":"Feature","geometry":{"type":"Point","coordinates":[99.77568,16.17129]},"properties":{"hs_id":"VI1202604110546w4ygyryktf","hsID":"VI1202604110546w4ygyryktf","acq_date":"2026-04-11","Date":"2026-04-11","acq_time":"","year_be":2569,"season_be":2569,"dataset_year_be":2569,"province":"กำแพงเพชร","Province":"กำแพงเพชร","__province":"กำแพงเพชร","district":"คลองขลุง","Amphoe":"คลองขลุง","__district":"คลองขลุง","subdistrict":"แม่ลาด","Tambon":"แม่ลาด","__subdistrict":"แม่ลาด","village":"บ้านเกาะแตง","BaanN":"บ้านเกาะแตง","__village":"บ้านเกาะแตง","land_type":"พื้นที่เกษตร","LandType":"พื้นที่เกษตร","plant_type":"นาข้าว","PlantType":"นาข้าว","crop_type":"นาข้าว","crop_type_raw":"นาข้าว","__crop":"นาข้าว","__plant_type":"นาข้าว","confidence":47,"Q":"47","source":"NASA FIRMS Email Alert - Suomi NPP VIIRS","source_file":"2569-7-20 รวม 67-69 เขต 6.xlsx","filter_rule":"Province=กำแพงเพชร; LandType=พื้นที่เกษตร; PlantType normalized to allowed groups","month":4,"month_key":"2569-04","day_key":"2026-04-11","TambonN":"แม่ลาด","AmphoeN":"คลองขลุง","ProvinceN":"กำแพงเพชร","Maps":"http://maps.google.com/maps?q=16.17129,99.77568"}},{"type":"Feature","geometry":{"type":"Point","coordinates":[99.77872,16.16661]},"properties":{"hs_id":"VI1202604110546w4ygyx09kd","hsID":"VI1202604110546w4ygyx09kd","acq_date":"2026-04-11","Date":"2026-04-11","acq_time":"","year_be":2569,"season_be":2569,"dataset_year_be":2569,"province":"กำแพงเพชร","Province":"กำแพงเพชร","__province":"กำแพงเพชร","district":"คลองขลุง","Amphoe":"คลองขลุง","__district":"คลองขลุง","subdistrict":"แม่ลาด","Tambon":"แม่ลาด","__subdistrict":"แม่ลาด","village":"บ้านเกาะแตง","BaanN":"บ้านเกาะแตง","__village":"บ้านเกาะแตง","land_type":"พื้นที่เกษตร","LandType":"พื้นที่เกษตร","plant_type":"นาข้าว","PlantType":"นาข้าว","crop_type":"นาข้าว","crop_type_raw":"นาข้าว","__crop":"นาข้าว","__plant_type":"นาข้าว","confidence":47,"Q":"47","source":"NASA FIRMS Email Alert - Suomi NPP VIIRS","source_file":"2569-7-20 รวม 67-69 เขต 6.xlsx","filter_rule":"Province=กำแพงเพชร; LandType=พื้นที่เกษตร; PlantType normalized to allowed groups","month":4,"month_key":"2569-04","day_key":"2026-04-11","TambonN":"แม่ลาด","AmphoeN":"คลองขลุง","ProvinceN":"กำแพงเพชร","Maps":"http://maps.google.com/maps?q=16.16661,99.77872"}},{"type":"Feature","geometry":{"type":"Point","coordinates":[99.81931,16.28123]},"properties":{"hs_id":"VI1202604110546w4yux7yjn9","hsID":"VI1202604110546w4yux7yjn9","acq_date":"2026-04-11","Date":"2026-04-11","acq_time":"","year_be":2569,"season_be":2569,"dataset_year_be":2569,"province":"กำแพงเพชร","Province":"กำแพงเพชร","__province":"กำแพงเพชร","district":"ทรายทองวัฒนา","Amphoe":"ทรายทองวัฒนา","__district":"ทรายทองวัฒนา","subdistrict":"ทุ่งทราย","Tambon":"ทุ่งทราย","__subdistrict":"ทุ่งทราย","village":"บ้านศรีอุดมธัญญะ, บ้านน้อย","BaanN":"บ้านศรีอุดมธัญญะ, บ้านน้อย","__village":"บ้านศรีอุดมธัญญะ, บ้านน้อย","land_type":"พื้นที่เกษตร","LandType":"พื้นที่เกษตร","plant_type":"นาข้าว","PlantType":"นาข้าว","crop_type":"นาข้าว","crop_type_raw":"นาข้าว","__crop":"นาข้าว","__plant_type":"นาข้าว","confidence":47,"Q":"47","source":"NASA FIRMS Email Alert - Suomi NPP VIIRS","source_file":"2569-7-20 รวม 67-69 เขต 6.xlsx","filter_rule":"Province=กำแพงเพชร; LandType=พื้นที่เกษตร; PlantType normalized to allowed groups","month":4,"month_key":"2569-04","day_key":"2026-04-11","TambonN":"ทุ่งทราย","AmphoeN":"ทรายทองวัฒนา","ProvinceN":"กำแพงเพชร","Maps":"http://maps.google.com/maps?q=16.28123,99.81931"}},{"type":"Feature","geometry":{"type":"Point","coordinates":[99.69822,16.4784]},"properties":{"hs_id":"VI1202604110548w4yvsxy18u","hsID":"VI1202604110548w4yvsxy18u","acq_date":"2026-04-11","Date":"2026-04-11","acq_time":"","year_be":2569,"season_be":2569,"dataset_year_be":2569,"province":"กำแพงเพชร","Province":"กำแพงเพชร","__province":"กำแพงเพชร","district":"เมืองกำแพงเพชร","Amphoe":"เมืองกำแพงเพชร","__district":"เมืองกำแพงเพชร","subdistrict":"นิคมทุ่งโพธิ์ทะเล","Tambon":"นิคมทุ่งโพธิ์ทะเล","__subdistrict":"นิคมทุ่งโพธิ์ทะเล","village":"บ้านโพธิ์ทะเลกลาง","BaanN":"บ้านโพธิ์ทะเลกลาง","__village":"บ้านโพธิ์ทะเลกลาง","land_type":"พื้นที่เกษตร","LandType":"พื้นที่เกษตร","plant_type":"อ้อย","PlantType":"อ้อย","crop_type":"อ้อย","crop_type_raw":"อ้อย","__crop":"อ้อย","__plant_type":"อ้อย","confidence":47,"Q":"47","source":"NASA FIRMS Email Alert - Suomi NPP VIIRS","source_file":"2569-7-20 รวม 67-69 เขต 6.xlsx","filter_rule":"Province=กำแพงเพชร; LandType=พื้นที่เกษตร; PlantType normalized to allowed groups","month":4,"month_key":"2569-04","day_key":"2026-04-11","TambonN":"นิคมทุ่งโพธิ์ทะเล","AmphoeN":"เมืองกำแพงเพชร","ProvinceN":"กำแพงเพชร","Maps":"http://maps.google.com/maps?q=16.4784,99.69822"}},{"type":"Feature","geometry":{"type":"Point","coordinates":[99.67951,16.6649]},"properties":{"hs_id":"VI1202604110548w4yyu3b2hf","hsID":"VI1202604110548w4yyu3b2hf","acq_date":"2026-04-11","Date":"2026-04-11","acq_time":"","year_be":2569,"season_be":2569,"dataset_year_be":2569,"province":"กำแพงเพชร","Province":"กำแพงเพชร","__province":"กำแพงเพชร","district":"พรานกระต่าย","Amphoe":"พรานกระต่าย","__district":"พรานกระต่าย","subdistrict":"คุยบ้านโอง","Tambon":"คุยบ้านโอง","__subdistrict":"คุยบ้านโอง","village":"บ้านไร่ปรือ","BaanN":"บ้านไร่ปรือ","__village":"บ้านไร่ปรือ","land_type":"พื้นที่เกษตร","LandType":"พื้นที่เกษตร","plant_type":"นาข้าว","PlantType":"นาข้าว","crop_type":"นาข้าว","crop_type_raw":"นาข้าว","__crop":"นาข้าว","__plant_type":"นาข้าว","confidence":47,"Q":"47","source":"NASA FIRMS Email Alert - Suomi NPP VIIRS","source_file":"2569-7-20 รวม 67-69 เขต 6.xlsx","filter_rule":"Province=กำแพงเพชร; LandType=พื้นที่เกษตร; PlantType normalized to allowed groups","month":4,"month_key":"2569-04","day_key":"2026-04-11","TambonN":"คุยบ้านโอง","AmphoeN":"พรานกระต่าย","ProvinceN":"กำแพงเพชร","Maps":"http://maps.google.com/maps?q=16.6649,99.67951"}},{"type":"Feature","geometry":{"type":"Point","coordinates":[99.77655,16.16844]},"properties":{"hs_id":"VI1202604110729w4ygyrr5fp","hsID":"VI1202604110729w4ygyrr5fp","acq_date":"2026-04-11","Date":"2026-04-11","acq_time":"","year_be":2569,"season_be":2569,"dataset_year_be":2569,"province":"กำแพงเพชร","Province":"กำแพงเพชร","__province":"กำแพงเพชร","district":"คลองขลุง","Amphoe":"คลองขลุง","__district":"คลองขลุง","subdistrict":"แม่ลาด","Tambon":"แม่ลาด","__subdistrict":"แม่ลาด","village":"บ้านเกาะแตง","BaanN":"บ้านเกาะแตง","__village":"บ้านเกาะแตง","land_type":"พื้นที่เกษตร","LandType":"พื้นที่เกษตร","plant_type":"นาข้าว","PlantType":"นาข้าว","crop_type":"นาข้าว","crop_type_raw":"นาข้าว","__crop":"นาข้าว","__plant_type":"นาข้าว","confidence":47,"Q":"47","source":"NASA FIRMS Email Alert - Suomi NPP VIIRS","source_file":"2569-7-20 รวม 67-69 เขต 6.xlsx","filter_rule":"Province=กำแพงเพชร; LandType=พื้นที่เกษตร; PlantType normalized to allowed groups","month":4,"month_key":"2569-04","day_key":"2026-04-11","TambonN":"แม่ลาด","AmphoeN":"คลองขลุง","ProvinceN":"กำแพงเพชร","Maps":"http://maps.google.com/maps?q=16.16844,99.77655"}},{"type":"Feature","geometry":{"type":"Point","coordinates":[99.88046,16.58741]},"properties":{"hs_id":"VI1202604111817w4zn2gdsxm","hsID":"VI1202604111817w4zn2gdsxm","acq_date":"2026-04-12","Date":"2026-04-12","acq_time":"","year_be":2569,"season_be":2569,"dataset_year_be":2569,"province":"กำแพงเพชร","Province":"กำแพงเพชร","__province":"กำแพงเพชร","district":"ลานกระบือ","Amphoe":"ลานกระบือ","__district":"ลานกระบือ","subdistrict":"โนนพลวง","Tambon":"โนนพลวง","__subdistrict":"โนนพลวง","village":"บ้านวังยาง","BaanN":"บ้านวังยาง","__village":"บ้านวังยาง","land_type":"พื้นที่เกษตร","LandType":"พื้นที่เกษตร","plant_type":"นาข้าว","PlantType":"นาข้าว","crop_type":"นาข้าว","crop_type_raw":"นาข้าว","__crop":"นาข้าว","__plant_type":"นาข้าว","confidence":47,"Q":"47","source":"NASA FIRMS Email Alert - Suomi NPP VIIRS","source_file":"2569-7-20 รวม 67-69 เขต 6.xlsx","filter_rule":"Province=กำแพงเพชร; LandType=พื้นที่เกษตร; PlantType normalized to allowed groups","month":4,"month_key":"2569-04","day_key":"2026-04-12","TambonN":"ช่องลม","AmphoeN":"ลานกระบือ","ProvinceN":"กำแพงเพชร","Maps":"http://maps.google.com/maps?q=16.58741,99.88046"}},{"type":"Feature","geometry":{"type":"Point","coordinates":[99.73035,16.19298]},"properties":{"hs_id":"VI1202604120707w4yuj7v6vw","hsID":"VI1202604120707w4yuj7v6vw","acq_date":"2026-04-12","Date":"2026-04-12","acq_time":"","year_be":2569,"season_be":2569,"dataset_year_be":2569,"province":"กำแพงเพชร","Province":"กำแพงเพชร","__province":"กำแพงเพชร","district":"คลองขลุง","Amphoe":"คลองขลุง","__district":"คลองขลุง","subdistrict":"คลองขลุง","Tambon":"คลองขลุง","__subdistrict":"คลองขลุง","village":"บ้านท้องคุ้ง","BaanN":"บ้านท้องคุ้ง","__village":"บ้านท้องคุ้ง","land_type":"พื้นที่เกษตร","LandType":"พื้นที่เกษตร","plant_type":"นาข้าว","PlantType":"นาข้าว","crop_type":"นาข้าว","crop_type_raw":"นาข้าว","__crop":"นาข้าว","__plant_type":"นาข้าว","confidence":47,"Q":"47","source":"NASA FIRMS Email Alert - Suomi NPP VIIRS","source_file":"2569-7-20 รวม 67-69 เขต 6.xlsx","filter_rule":"Province=กำแพงเพชร; LandType=พื้นที่เกษตร; PlantType normalized to allowed groups","month":4,"month_key":"2569-04","day_key":"2026-04-12","TambonN":"คลองขลุง","AmphoeN":"คลองขลุง","ProvinceN":"กำแพงเพชร","Maps":"http://maps.google.com/maps?q=16.19298,99.73035"}},{"type":"Feature","geometry":{"type":"Point","coordinates":[99.73111,16.19273]},"properties":{"hs_id":"VI1202604120707w4yuj7vcrr","hsID":"VI1202604120707w4yuj7vcrr","acq_date":"2026-04-12","Date":"2026-04-12","acq_time":"","year_be":2569,"season_be":2569,"dataset_year_be":2569,"province":"กำแพงเพชร","Province":"กำแพงเพชร","__province":"กำแพงเพชร","district":"คลองขลุง","Amphoe":"คลองขลุง","__district":"คลองขลุง","subdistrict":"คลองขลุง","Tambon":"คลองขลุง","__subdistrict":"คลองขลุง","village":"บ้านท้องคุ้ง","BaanN":"บ้านท้องคุ้ง","__village":"บ้านท้องคุ้ง","land_type":"พื้นที่เกษตร","LandType":"พื้นที่เกษตร","plant_type":"นาข้าว","PlantType":"นาข้าว","crop_type":"นาข้าว","crop_type_raw":"นาข้าว","__crop":"นาข้าว","__plant_type":"นาข้าว","confidence":47,"Q":"47","source":"NASA FIRMS Email Alert - Suomi NPP VIIRS","source_file":"2569-7-20 รวม 67-69 เขต 6.xlsx","filter_rule":"Province=กำแพงเพชร; LandType=พื้นที่เกษตร; PlantType normalized to allowed groups","month":4,"month_key":"2569-04","day_key":"2026-04-12","TambonN":"คลองขลุง","AmphoeN":"คลองขลุง","ProvinceN":"กำแพงเพชร","Maps":"http://maps.google.com/maps?q=16.19273,99.73111"}},{"type":"Feature","geometry":{"type":"Point","coordinates":[99.61279,16.39217]},"properties":{"hs_id":"VI1202604120707w4yv68pg61","hsID":"VI1202604120707w4yv68pg61","acq_date":"2026-04-12","Date":"2026-04-12","acq_time":"","year_be":2569,"season_be":2569,"dataset_year_be":2569,"province":"กำแพงเพชร","Province":"กำแพงเพชร","__province":"กำแพงเพชร","district":"เมืองกำแพงเพชร","Amphoe":"เมืองกำแพงเพชร","__district":"เมืองกำแพงเพชร","subdistrict":"เทพนคร","Tambon":"เทพนคร","__subdistrict":"เทพนคร","village":"บ้านหนองตาพุก","BaanN":"บ้านหนองตาพุก","__village":"บ้านหนองตาพุก","land_type":"พื้นที่เกษตร","LandType":"พื้นที่เกษตร","plant_type":"นาข้าว","PlantType":"นาข้าว","crop_type":"นาข้าว","crop_type_raw":"นาข้าว","__crop":"นาข้าว","__plant_type":"นาข้าว","confidence":47,"Q":"47","source":"NASA FIRMS Email Alert - Suomi NPP VIIRS","source_file":"2569-7-20 รวม 67-69 เขต 6.xlsx","filter_rule":"Province=กำแพงเพชร; LandType=พื้นที่เกษตร; PlantType normalized to allowed groups","month":4,"month_key":"2569-04","day_key":"2026-04-12","TambonN":"คณฑี","AmphoeN":"เมืองกำแพงเพชร","ProvinceN":"กำแพงเพชร","Maps":"http://maps.google.com/maps?q=16.39217,99.61279"}},{"type":"Feature","geometry":{"type":"Point","coordinates":[99.61423,16.39246]},"properties":{"hs_id":"VI1202604120707w4yv6b0v5b","hsID":"VI1202604120707w4yv6b0v5b","acq_date":"2026-04-12","Date":"2026-04-12","acq_time":"","year_be":2569,"season_be":2569,"dataset_year_be":2569,"province":"กำแพงเพชร","Province":"กำแพงเพชร","__province":"กำแพงเพชร","district":"เมืองกำแพงเพชร","Amphoe":"เมืองกำแพงเพชร","__district":"เมืองกำแพงเพชร","subdistrict":"เทพนคร","Tambon":"เทพนคร","__subdistrict":"เทพนคร","village":"บ้านหนองตาพุก","BaanN":"บ้านหนองตาพุก","__village":"บ้านหนองตาพุก","land_type":"พื้นที่เกษตร","LandType":"พื้นที่เกษตร","plant_type":"นาข้าว","PlantType":"นาข้าว","crop_type":"นาข้าว","crop_type_raw":"นาข้าว","__crop":"นาข้าว","__plant_type":"นาข้าว","confidence":47,"Q":"47","source":"NASA FIRMS Email Alert - Suomi NPP VIIRS","source_file":"2569-7-20 รวม 67-69 เขต 6.xlsx","filter_rule":"Province=กำแพงเพชร; LandType=พื้นที่เกษตร; PlantType normalized to allowed groups","month":4,"month_key":"2569-04","day_key":"2026-04-12","TambonN":"คณฑี","AmphoeN":"เมืองกำแพงเพชร","ProvinceN":"กำแพงเพชร","Maps":"http://maps.google.com/maps?q=16.39246,99.61423"}},{"type":"Feature","geometry":{"type":"Point","coordinates":[99.85909,16.44886]},"properties":{"hs_id":"VI1202604120707w4zj867jt3","hsID":"VI1202604120707w4zj867jt3","acq_date":"2026-04-12","Date":"2026-04-12","acq_time":"","year_be":2569,"season_be":2569,"dataset_year_be":2569,"province":"กำแพงเพชร","Province":"กำแพงเพชร","__province":"กำแพงเพชร","district":"ไทรงาม","Amphoe":"ไทรงาม","__district":"ไทรงาม","subdistrict":"หนองคล้า","Tambon":"หนองคล้า","__subdistrict":"หนองคล้า","village":"บ้านวังโขน","BaanN":"บ้านวังโขน","__village":"บ้านวังโขน","land_type":"พื้นที่เกษตร","LandType":"พื้นที่เกษตร","plant_type":"นาข้าว","PlantType":"นาข้าว","crop_type":"นาข้าว","crop_type_raw":"นาข้าว","__crop":"นาข้าว","__plant_type":"นาข้าว","confidence":47,"Q":"47","source":"NASA FIRMS Email Alert - Suomi NPP VIIRS","source_file":"2569-7-20 รวม 67-69 เขต 6.xlsx","filter_rule":"Province=กำแพงเพชร; LandType=พื้นที่เกษตร; PlantType normalized to allowed groups","month":4,"month_key":"2569-04","day_key":"2026-04-12","TambonN":"หนองคล้า","AmphoeN":"ไทรงาม","ProvinceN":"กำแพงเพชร","Maps":"http://maps.google.com/maps?q=16.44886,99.85909"}},{"type":"Feature","geometry":{"type":"Point","coordinates":[99.71642,16.19441]},"properties":{"hs_id":"VI1202604130650w4yujh572b","hsID":"VI1202604130650w4yujh572b","acq_date":"2026-04-13","Date":"2026-04-13","acq_time":"","year_be":2569,"season_be":2569,"dataset_year_be":2569,"province":"กำแพงเพชร","Province":"กำแพงเพชร","__province":"กำแพงเพชร","district":"คลองขลุง","Amphoe":"คลองขลุง","__district":"คลองขลุง","subdistrict":"คลองขลุง","Tambon":"คลองขลุง","__subdistrict":"คลองขลุง","village":"บ้านนา","BaanN":"บ้านนา","__village":"บ้านนา","land_type":"พื้นที่เกษตร","LandType":"พื้นที่เกษตร","plant_type":"นาข้าว","PlantType":"นาข้าว","crop_type":"นาข้าว","crop_type_raw":"นาข้าว","__crop":"นาข้าว","__plant_type":"นาข้าว","confidence":47,"Q":"47","source":"NASA FIRMS Email Alert - Suomi NPP VIIRS","source_file":"2569-7-20 รวม 67-69 เขต 6.xlsx","filter_rule":"Province=กำแพงเพชร; LandType=พื้นที่เกษตร; PlantType normalized to allowed groups","month":4,"month_key":"2569-04","day_key":"2026-04-13","TambonN":"คลองขลุง","AmphoeN":"คลองขลุง","ProvinceN":"กำแพงเพชร","Maps":"http://maps.google.com/maps?q=16.19441,99.71642"}},{"type":"Feature","geometry":{"type":"Point","coordinates":[99.82288,16.18211]},"properties":{"hs_id":"VI1202604130650w4yup9bg9e","hsID":"VI1202604130650w4yup9bg9e","acq_date":"2026-04-13","Date":"2026-04-13","acq_time":"","year_be":2569,"season_be":2569,"dataset_year_be":2569,"province":"กำแพงเพชร","Province":"กำแพงเพชร","__province":"กำแพงเพชร","district":"คลองขลุง","Amphoe":"คลองขลุง","__district":"คลองขลุง","subdistrict":"วังแขม","Tambon":"วังแขม","__subdistrict":"วังแขม","village":"บ้านคลองไสยา","BaanN":"บ้านคลองไสยา","__village":"บ้านคลองไสยา","land_type":"พื้นที่เกษตร","LandType":"พื้นที่เกษตร","plant_type":"นาข้าว","PlantType":"นาข้าว","crop_type":"นาข้าว","crop_type_raw":"นาข้าว","__crop":"นาข้าว","__plant_type":"นาข้าว","confidence":47,"Q":"47","source":"NASA FIRMS Email Alert - Suomi NPP VIIRS","source_file":"2569-7-20 รวม 67-69 เขต 6.xlsx","filter_rule":"Province=กำแพงเพชร; LandType=พื้นที่เกษตร; PlantType normalized to allowed groups","month":4,"month_key":"2569-04","day_key":"2026-04-13","TambonN":"วังแขม","AmphoeN":"คลองขลุง","ProvinceN":"กำแพงเพชร","Maps":"http://maps.google.com/maps?q=16.18211,99.82288"}},{"type":"Feature","geometry":{"type":"Point","coordinates":[99.57006,16.41744]},"properties":{"hs_id":"VI1202604130650w4yv3u8ww8","hsID":"VI1202604130650w4yv3u8ww8","acq_date":"2026-04-13","Date":"2026-04-13","acq_time":"","year_be":2569,"season_be":2569,"dataset_year_be":2569,"province":"กำแพงเพชร","Province":"กำแพงเพชร","__province":"กำแพงเพชร","district":"เมืองกำแพงเพชร","Amphoe":"เมืองกำแพงเพชร","__district":"เมืองกำแพงเพชร","subdistrict":"เทพนคร","Tambon":"เทพนคร","__subdistrict":"เทพนคร","village":"บ้านวังทองหลาง","BaanN":"บ้านวังทองหลาง","__village":"บ้านวังทองหลาง","land_type":"พื้นที่เกษตร","LandType":"พื้นที่เกษตร","plant_type":"นาข้าว","PlantType":"นาข้าว","crop_type":"นาข้าว","crop_type_raw":"นาข้าว","__crop":"นาข้าว","__plant_type":"นาข้าว","confidence":47,"Q":"47","source":"NASA FIRMS Email Alert - Suomi NPP VIIRS","source_file":"2569-7-20 รวม 67-69 เขต 6.xlsx","filter_rule":"Province=กำแพงเพชร; LandType=พื้นที่เกษตร; PlantType normalized to allowed groups","month":4,"month_key":"2569-04","day_key":"2026-04-13","TambonN":"เทพนคร","AmphoeN":"เมืองกำแพงเพชร","ProvinceN":"กำแพงเพชร","Maps":"http://maps.google.com/maps?q=16.41744,99.57006"}},{"type":"Feature","geometry":{"type":"Point","coordinates":[99.61163,16.39851]},"properties":{"hs_id":"VI1202604130650w4yv69qbpp","hsID":"VI1202604130650w4yv69qbpp","acq_date":"2026-04-13","Date":"2026-04-13","acq_time":"","year_be":2569,"season_be":2569,"dataset_year_be":2569,"province":"กำแพงเพชร","Province":"กำแพงเพชร","__province":"กำแพงเพชร","district":"เมืองกำแพงเพชร","Amphoe":"เมืองกำแพงเพชร","__district":"เมืองกำแพงเพชร","subdistrict":"เทพนคร","Tambon":"เทพนคร","__subdistrict":"เทพนคร","village":"บ้านหนองสามมุก","BaanN":"บ้านหนองสามมุก","__village":"บ้านหนองสามมุก","land_type":"พื้นที่เกษตร","LandType":"พื้นที่เกษตร","plant_type":"นาข้าว","PlantType":"นาข้าว","crop_type":"นาข้าว","crop_type_raw":"นาข้าว","__crop":"นาข้าว","__plant_type":"นาข้าว","confidence":47,"Q":"47","source":"NASA FIRMS Email Alert - Suomi NPP VIIRS","source_file":"2569-7-20 รวม 67-69 เขต 6.xlsx","filter_rule":"Province=กำแพงเพชร; LandType=พื้นที่เกษตร; PlantType normalized to allowed groups","month":4,"month_key":"2569-04","day_key":"2026-04-13","TambonN":"คณฑี","AmphoeN":"เมืองกำแพงเพชร","ProvinceN":"กำแพงเพชร","Maps":"http://maps.google.com/maps?q=16.39851,99.61163"}},{"type":"Feature","geometry":{"type":"Point","coordinates":[99.6114,16.39913]},"properties":{"hs_id":"VI1202604130650w4yv69qgcg","hsID":"VI1202604130650w4yv69qgcg","acq_date":"2026-04-13","Date":"2026-04-13","acq_time":"","year_be":2569,"season_be":2569,"dataset_year_be":2569,"province":"กำแพงเพชร","Province":"กำแพงเพชร","__province":"กำแพงเพชร","district":"เมืองกำแพงเพชร","Amphoe":"เมืองกำแพงเพชร","__district":"เมืองกำแพงเพชร","subdistrict":"เทพนคร","Tambon":"เทพนคร","__subdistrict":"เทพนคร","village":"บ้านหนองสามมุก","BaanN":"บ้านหนองสามมุก","__village":"บ้านหนองสามมุก","land_type":"พื้นที่เกษตร","LandType":"พื้นที่เกษตร","plant_type":"นาข้าว","PlantType":"นาข้าว","crop_type":"นาข้าว","crop_type_raw":"นาข้าว","__crop":"นาข้าว","__plant_type":"นาข้าว","confidence":47,"Q":"47","source":"NASA FIRMS Email Alert - Suomi NPP VIIRS","source_file":"2569-7-20 รวม 67-69 เขต 6.xlsx","filter_rule":"Province=กำแพงเพชร; LandType=พื้นที่เกษตร; PlantType normalized to allowed groups","month":4,"month_key":"2569-04","day_key":"2026-04-13","TambonN":"คณฑี","AmphoeN":"เมืองกำแพงเพชร","ProvinceN":"กำแพงเพชร","Maps":"http://maps.google.com/maps?q=16.39913,99.6114"}},{"type":"Feature","geometry":{"type":"Point","coordinates":[99.74873,16.46492]},"properties":{"hs_id":"VI1202604131921w4yvtv6g1g","hsID":"VI1202604131921w4yvtv6g1g","acq_date":"2026-04-14","Date":"2026-04-14","acq_time":"","year_be":2569,"season_be":2569,"dataset_year_be":2569,"province":"กำแพงเพชร","Province":"กำแพงเพชร","__province":"กำแพงเพชร","district":"ไทรงาม","Amphoe":"ไทรงาม","__district":"ไทรงาม","subdistrict":"หนองทอง","Tambon":"หนองทอง","__subdistrict":"หนองทอง","village":"บ้านศรีบุญส่ง","BaanN":"บ้านศรีบุญส่ง","__village":"บ้านศรีบุญส่ง","land_type":"พื้นที่เกษตร","LandType":"พื้นที่เกษตร","plant_type":"นาข้าว","PlantType":"นาข้าว","crop_type":"นาข้าว","crop_type_raw":"นาข้าว","__crop":"นาข้าว","__plant_type":"นาข้าว","confidence":47,"Q":"47","source":"NASA FIRMS Email Alert - Suomi NPP VIIRS","source_file":"2569-7-20 รวม 67-69 เขต 6.xlsx","filter_rule":"Province=กำแพงเพชร; LandType=พื้นที่เกษตร; PlantType normalized to allowed groups","month":4,"month_key":"2569-04","day_key":"2026-04-14","TambonN":"หนองทอง","AmphoeN":"ไทรงาม","ProvinceN":"กำแพงเพชร","Maps":"http://maps.google.com/maps?q=16.46492,99.74873"}},{"type":"Feature","geometry":{"type":"Point","coordinates":[99.74947,16.46876]},"properties":{"hs_id":"VI1202604131921w4yvty537p","hsID":"VI1202604131921w4yvty537p","acq_date":"2026-04-14","Date":"2026-04-14","acq_time":"","year_be":2569,"season_be":2569,"dataset_year_be":2569,"province":"กำแพงเพชร","Province":"กำแพงเพชร","__province":"กำแพงเพชร","district":"ไทรงาม","Amphoe":"ไทรงาม","__district":"ไทรงาม","subdistrict":"หนองทอง","Tambon":"หนองทอง","__subdistrict":"หนองทอง","village":"บ้านหนองซึ่งพัฒนา","BaanN":"บ้านหนองซึ่งพัฒนา","__village":"บ้านหนองซึ่งพัฒนา","land_type":"พื้นที่เกษตร","LandType":"พื้นที่เกษตร","plant_type":"นาข้าว","PlantType":"นาข้าว","crop_type":"นาข้าว","crop_type_raw":"นาข้าว","__crop":"นาข้าว","__plant_type":"นาข้าว","confidence":47,"Q":"47","source":"NASA FIRMS Email Alert - Suomi NPP VIIRS","source_file":"2569-7-20 รวม 67-69 เขต 6.xlsx","filter_rule":"Province=กำแพงเพชร; LandType=พื้นที่เกษตร; PlantType normalized to allowed groups","month":4,"month_key":"2569-04","day_key":"2026-04-14","TambonN":"นิคมทุ่งโพธิ์ทะเล","AmphoeN":"เมืองกำแพงเพชร","ProvinceN":"กำแพงเพชร","Maps":"http://maps.google.com/maps?q=16.46876,99.74947"}},{"type":"Feature","geometry":{"type":"Point","coordinates":[99.68361,16.24698]},"properties":{"hs_id":"VI1202604140631w4yukmems2","hsID":"VI1202604140631w4yukmems2","acq_date":"2026-04-14","Date":"2026-04-14","acq_time":"","year_be":2569,"season_be":2569,"dataset_year_be":2569,"province":"กำแพงเพชร","Province":"กำแพงเพชร","__province":"กำแพงเพชร","district":"คลองขลุง","Amphoe":"คลองขลุง","__district":"คลองขลุง","subdistrict":"ท่าพุทรา","Tambon":"ท่าพุทรา","__subdistrict":"ท่าพุทรา","village":"บ้านคลองยาง","BaanN":"บ้านคลองยาง","__village":"บ้านคลองยาง","land_type":"พื้นที่เกษตร","LandType":"พื้นที่เกษตร","plant_type":"นาข้าว","PlantType":"นาข้าว","crop_type":"นาข้าว","crop_type_raw":"นาข้าว","__crop":"นาข้าว","__plant_type":"นาข้าว","confidence":47,"Q":"47","source":"NASA FIRMS Email Alert - Suomi NPP VIIRS","source_file":"2569-7-20 รวม 67-69 เขต 6.xlsx","filter_rule":"Province=กำแพงเพชร; LandType=พื้นที่เกษตร; PlantType normalized to allowed groups","month":4,"month_key":"2569-04","day_key":"2026-04-14","TambonN":"ท่าพุทรา","AmphoeN":"คลองขลุง","ProvinceN":"กำแพงเพชร","Maps":"http://maps.google.com/maps?q=16.24698,99.68361"}},{"type":"Feature","geometry":{"type":"Point","coordinates":[99.79705,16.21617]},"properties":{"hs_id":"VI1202604140631w4yuqbjfpc","hsID":"VI1202604140631w4yuqbjfpc","acq_date":"2026-04-14","Date":"2026-04-14","acq_time":"","year_be":2569,"season_be":2569,"dataset_year_be":2569,"province":"กำแพงเพชร","Province":"กำแพงเพชร","__province":"กำแพงเพชร","district":"คลองขลุง","Amphoe":"คลองขลุง","__district":"คลองขลุง","subdistrict":"วังยาง","Tambon":"วังยาง","__subdistrict":"วังยาง","village":"บ้านแม่น้ำกงจีน","BaanN":"บ้านแม่น้ำกงจีน","__village":"บ้านแม่น้ำกงจีน","land_type":"พื้นที่เกษตร","LandType":"พื้นที่เกษตร","plant_type":"นาข้าว","PlantType":"นาข้าว","crop_type":"นาข้าว","crop_type_raw":"นาข้าว","__crop":"นาข้าว","__plant_type":"นาข้าว","confidence":47,"Q":"47","source":"NASA FIRMS Email Alert - Suomi NPP VIIRS","source_file":"2569-7-20 รวม 67-69 เขต 6.xlsx","filter_rule":"Province=กำแพงเพชร; LandType=พื้นที่เกษตร; PlantType normalized to allowed groups","month":4,"month_key":"2569-04","day_key":"2026-04-14","TambonN":"วังยาง","AmphoeN":"คลองขลุง","ProvinceN":"กำแพงเพชร","Maps":"http://maps.google.com/maps?q=16.21617,99.79705"}},{"type":"Feature","geometry":{"type":"Point","coordinates":[99.76368,16.58949]},"properties":{"hs_id":"VI1202604140631w4yyqhj8y1","hsID":"VI1202604140631w4yyqhj8y1","acq_date":"2026-04-14","Date":"2026-04-14","acq_time":"","year_be":2569,"season_be":2569,"dataset_year_be":2569,"province":"กำแพงเพชร","Province":"กำแพงเพชร","__province":"กำแพงเพชร","district":"ลานกระบือ","Amphoe":"ลานกระบือ","__district":"ลานกระบือ","subdistrict":"หนองหลวง","Tambon":"หนองหลวง","__subdistrict":"หนองหลวง","village":"บ้านหนองมะนาว","BaanN":"บ้านหนองมะนาว","__village":"บ้านหนองมะนาว","land_type":"พื้นที่เกษตร","LandType":"พื้นที่เกษตร","plant_type":"นาข้าว","PlantType":"นาข้าว","crop_type":"นาข้าว","crop_type_raw":"นาข้าว","__crop":"นาข้าว","__plant_type":"นาข้าว","confidence":47,"Q":"47","source":"NASA FIRMS Email Alert - Suomi NPP VIIRS","source_file":"2569-7-20 รวม 67-69 เขต 6.xlsx","filter_rule":"Province=กำแพงเพชร; LandType=พื้นที่เกษตร; PlantType normalized to allowed groups","month":4,"month_key":"2569-04","day_key":"2026-04-14","TambonN":"หนองหลวง","AmphoeN":"ลานกระบือ","ProvinceN":"กำแพงเพชร","Maps":"http://maps.google.com/maps?q=16.58949,99.76368"}},{"type":"Feature","geometry":{"type":"Point","coordinates":[99.78339,15.93149]},"properties":{"hs_id":"VI1202604141902w4yfwshp9s","hsID":"VI1202604141902w4yfwshp9s","acq_date":"2026-04-15","Date":"2026-04-15","acq_time":"","year_be":2569,"season_be":2569,"dataset_year_be":2569,"province":"กำแพงเพชร","Province":"กำแพงเพชร","__province":"กำแพงเพชร","district":"ขาณุวรลักษบุรี","Amphoe":"ขาณุวรลักษบุรี","__district":"ขาณุวรลักษบุรี","subdistrict":"บ่อถ้ำ","Tambon":"บ่อถ้ำ","__subdistrict":"บ่อถ้ำ","village":"บ้านคลองกระดาน","BaanN":"บ้านคลองกระดาน","__village":"บ้านคลองกระดาน","land_type":"พื้นที่เกษตร","LandType":"พื้นที่เกษตร","plant_type":"นาข้าว","PlantType":"นาข้าว","crop_type":"นาข้าว","crop_type_raw":"นาข้าว","__crop":"นาข้าว","__plant_type":"นาข้าว","confidence":47,"Q":"47","source":"NASA FIRMS Email Alert - Suomi NPP VIIRS","source_file":"2569-7-20 รวม 67-69 เขต 6.xlsx","filter_rule":"Province=กำแพงเพชร; LandType=พื้นที่เกษตร; PlantType normalized to allowed groups","month":4,"month_key":"2569-04","day_key":"2026-04-15","TambonN":"บ่อถ้ำ","AmphoeN":"ขาณุวรลักษบุรี","ProvinceN":"กำแพงเพชร","Maps":"http://maps.google.com/maps?q=15.93149,99.78339"}},{"type":"Feature","geometry":{"type":"Point","coordinates":[99.7511,16.15327]},"properties":{"hs_id":"VI1202604141902w4ygvuse95","hsID":"VI1202604141902w4ygvuse95","acq_date":"2026-04-15","Date":"2026-04-15","acq_time":"","year_be":2569,"season_be":2569,"dataset_year_be":2569,"province":"กำแพงเพชร","Province":"กำแพงเพชร","__province":"กำแพงเพชร","district":"คลองขลุง","Amphoe":"คลองขลุง","__district":"คลองขลุง","subdistrict":"แม่ลาด","Tambon":"แม่ลาด","__subdistrict":"แม่ลาด","village":"บ้านห้วยน้อย","BaanN":"บ้านห้วยน้อย","__village":"บ้านห้วยน้อย","land_type":"พื้นที่เกษตร","LandType":"พื้นที่เกษตร","plant_type":"นาข้าว","PlantType":"นาข้าว","crop_type":"นาข้าว","crop_type_raw":"นาข้าว","__crop":"นาข้าว","__plant_type":"นาข้าว","confidence":47,"Q":"47","source":"NASA FIRMS Email Alert - Suomi NPP VIIRS","source_file":"2569-7-20 รวม 67-69 เขต 6.xlsx","filter_rule":"Province=กำแพงเพชร; LandType=พื้นที่เกษตร; PlantType normalized to allowed groups","month":4,"month_key":"2569-04","day_key":"2026-04-15","TambonN":"แม่ลาด","AmphoeN":"คลองขลุง","ProvinceN":"กำแพงเพชร","Maps":"http://maps.google.com/maps?q=16.15327,99.7511"}},{"type":"Feature","geometry":{"type":"Point","coordinates":[100.00771,16.32954]},"properties":{"hs_id":"VI1202604141902w4zhgsxqkw","hsID":"VI1202604141902w4zhgsxqkw","acq_date":"2026-04-15","Date":"2026-04-15","acq_time":"","year_be":2569,"season_be":2569,"dataset_year_be":2569,"province":"กำแพงเพชร","Province":"กำแพงเพชร","__province":"กำแพงเพชร","district":"บึงสามัคคี","Amphoe":"บึงสามัคคี","__district":"บึงสามัคคี","subdistrict":"บึงสามัคคี","Tambon":"บึงสามัคคี","__subdistrict":"บึงสามัคคี","village":"บ้านอู่ตะเภา","BaanN":"บ้านอู่ตะเภา","__village":"บ้านอู่ตะเภา","land_type":"พื้นที่เกษตร","LandType":"พื้นที่เกษตร","plant_type":"นาข้าว","PlantType":"นาข้าว","crop_type":"นาข้าว","crop_type_raw":"นาข้าว","__crop":"นาข้าว","__plant_type":"นาข้าว","confidence":47,"Q":"47","source":"NASA FIRMS Email Alert - Suomi NPP VIIRS","source_file":"2569-7-20 รวม 67-69 เขต 6.xlsx","filter_rule":"Province=กำแพงเพชร; LandType=พื้นที่เกษตร; PlantType normalized to allowed groups","month":4,"month_key":"2569-04","day_key":"2026-04-15","TambonN":"บึงสามัคคี","AmphoeN":"บึงสามัคคี","ProvinceN":"กำแพงเพชร","Maps":"http://maps.google.com/maps?q=16.32954,100.00771"}},{"type":"Feature","geometry":{"type":"Point","coordinates":[99.83292,16.13253]},"properties":{"hs_id":"VI1202604150612w4ygzbb4g9","hsID":"VI1202604150612w4ygzbb4g9","acq_date":"2026-04-15","Date":"2026-04-15","acq_time":"","year_be":2569,"season_be":2569,"dataset_year_be":2569,"province":"กำแพงเพชร","Province":"กำแพงเพชร","__province":"กำแพงเพชร","district":"ขาณุวรลักษบุรี","Amphoe":"ขาณุวรลักษบุรี","__district":"ขาณุวรลักษบุรี","subdistrict":"ยางสูง","Tambon":"ยางสูง","__subdistrict":"ยางสูง","village":"บ้านไร่ใหม่","BaanN":"บ้านไร่ใหม่","__village":"บ้านไร่ใหม่","land_type":"พื้นที่เกษตร","LandType":"พื้นที่เกษตร","plant_type":"เกษตรอื่น ๆ","PlantType":"เกษตรอื่น ๆ","crop_type":"เกษตรอื่น ๆ","crop_type_raw":"เกษตรอื่น ๆ","__crop":"เกษตรอื่น ๆ","__plant_type":"เกษตรอื่น ๆ","confidence":47,"Q":"47","source":"NASA FIRMS Email Alert - Suomi NPP VIIRS","source_file":"2569-7-20 รวม 67-69 เขต 6.xlsx","filter_rule":"Province=กำแพงเพชร; LandType=พื้นที่เกษตร; PlantType normalized to allowed groups","month":4,"month_key":"2569-04","day_key":"2026-04-15","TambonN":"วังแขม","AmphoeN":"คลองขลุง","ProvinceN":"กำแพงเพชร","Maps":"http://maps.google.com/maps?q=16.13253,99.83292"}},{"type":"Feature","geometry":{"type":"Point","coordinates":[99.83552,16.1325]},"properties":{"hs_id":"VI1202604150612w4ygzbf485","hsID":"VI1202604150612w4ygzbf485","acq_date":"2026-04-15","Date":"2026-04-15","acq_time":"","year_be":2569,"season_be":2569,"dataset_year_be":2569,"province":"กำแพงเพชร","Province":"กำแพงเพชร","__province":"กำแพงเพชร","district":"ขาณุวรลักษบุรี","Amphoe":"ขาณุวรลักษบุรี","__district":"ขาณุวรลักษบุรี","subdistrict":"ยางสูง","Tambon":"ยางสูง","__subdistrict":"ยางสูง","village":"บ้านไร่ใหม่","BaanN":"บ้านไร่ใหม่","__village":"บ้านไร่ใหม่","land_type":"พื้นที่เกษตร","LandType":"พื้นที่เกษตร","plant_type":"นาข้าว","PlantType":"นาข้าว","crop_type":"นาข้าว","crop_type_raw":"นาข้าว","__crop":"นาข้าว","__plant_type":"นาข้าว","confidence":47,"Q":"47","source":"NASA FIRMS Email Alert - Suomi NPP VIIRS","source_file":"2569-7-20 รวม 67-69 เขต 6.xlsx","filter_rule":"Province=กำแพงเพชร; LandType=พื้นที่เกษตร; PlantType normalized to allowed groups","month":4,"month_key":"2569-04","day_key":"2026-04-15","TambonN":"วังแขม","AmphoeN":"คลองขลุง","ProvinceN":"กำแพงเพชร","Maps":"http://maps.google.com/maps?q=16.1325,99.83552"}},{"type":"Feature","geometry":{"type":"Point","coordinates":[99.4863,16.36139]},"properties":{"hs_id":"VI1202604150612w4ytpfe8nb","hsID":"VI1202604150612w4ytpfe8nb","acq_date":"2026-04-15","Date":"2026-04-15","acq_time":"","year_be":2569,"season_be":2569,"dataset_year_be":2569,"province":"กำแพงเพชร","Province":"กำแพงเพชร","__province":"กำแพงเพชร","district":"เมืองกำแพงเพชร","Amphoe":"เมืองกำแพงเพชร","__district":"เมืองกำแพงเพชร","subdistrict":"อ่างทอง","Tambon":"อ่างทอง","__subdistrict":"อ่างทอง","village":"บ้านปากอ่าง","BaanN":"บ้านปากอ่าง","__village":"บ้านปากอ่าง","land_type":"พื้นที่เกษตร","LandType":"พื้นที่เกษตร","plant_type":"เกษตรอื่น ๆ","PlantType":"เกษตรอื่น ๆ","crop_type":"เกษตรอื่น ๆ","crop_type_raw":"เกษตรอื่น ๆ","__crop":"เกษตรอื่น ๆ","__plant_type":"เกษตรอื่น ๆ","confidence":47,"Q":"47","source":"NASA FIRMS Email Alert - Suomi NPP VIIRS","source_file":"2569-7-20 รวม 67-69 เขต 6.xlsx","filter_rule":"Province=กำแพงเพชร; LandType=พื้นที่เกษตร; PlantType normalized to allowed groups","month":4,"month_key":"2569-04","day_key":"2026-04-15","TambonN":"อ่างทอง","AmphoeN":"เมืองกำแพงเพชร","ProvinceN":"กำแพงเพชร","Maps":"http://maps.google.com/maps?q=16.36139,99.4863"}},{"type":"Feature","geometry":{"type":"Point","coordinates":[99.68697,16.51799]},"properties":{"hs_id":"VI1202604150612w4yvurjb6b","hsID":"VI1202604150612w4yvurjb6b","acq_date":"2026-04-15","Date":"2026-04-15","acq_time":"","year_be":2569,"season_be":2569,"dataset_year_be":2569,"province":"กำแพงเพชร","Province":"กำแพงเพชร","__province":"กำแพงเพชร","district":"เมืองกำแพงเพชร","Amphoe":"เมืองกำแพงเพชร","__district":"เมืองกำแพงเพชร","subdistrict":"นิคมทุ่งโพธิ์ทะเล","Tambon":"นิคมทุ่งโพธิ์ทะเล","__subdistrict":"นิคมทุ่งโพธิ์ทะเล","village":"บ้านหนองทอง","BaanN":"บ้านหนองทอง","__village":"บ้านหนองทอง","land_type":"พื้นที่เกษตร","LandType":"พื้นที่เกษตร","plant_type":"นาข้าว","PlantType":"นาข้าว","crop_type":"นาข้าว","crop_type_raw":"นาข้าว","__crop":"นาข้าว","__plant_type":"นาข้าว","confidence":47,"Q":"47","source":"NASA FIRMS Email Alert - Suomi NPP VIIRS","source_file":"2569-7-20 รวม 67-69 เขต 6.xlsx","filter_rule":"Province=กำแพงเพชร; LandType=พื้นที่เกษตร; PlantType normalized to allowed groups","month":4,"month_key":"2569-04","day_key":"2026-04-15","TambonN":"นิคมทุ่งโพธิ์ทะเล","AmphoeN":"เมืองกำแพงเพชร","ProvinceN":"กำแพงเพชร","Maps":"http://maps.google.com/maps?q=16.51799,99.68697"}},{"type":"Feature","geometry":{"type":"Point","coordinates":[99.423,16.68402]},"properties":{"hs_id":"VI1202604150612w4ywymjx7y","hsID":"VI1202604150612w4ywymjx7y","acq_date":"2026-04-15","Date":"2026-04-15","acq_time":"","year_be":2569,"season_be":2569,"dataset_year_be":2569,"province":"กำแพงเพชร","Province":"กำแพงเพชร","__province":"กำแพงเพชร","district":"พรานกระต่าย","Amphoe":"พรานกระต่าย","__district":"พรานกระต่าย","subdistrict":"ท่าไม้","Tambon":"ท่าไม้","__subdistrict":"ท่าไม้","village":"บ้านไร่พัฒนา","BaanN":"บ้านไร่พัฒนา","__village":"บ้านไร่พัฒนา","land_type":"พื้นที่เกษตร","LandType":"พื้นที่เกษตร","plant_type":"เกษตรอื่น ๆ","PlantType":"เกษตรอื่น ๆ","crop_type":"เกษตรอื่น ๆ","crop_type_raw":"เกษตรอื่น ๆ","__crop":"เกษตรอื่น ๆ","__plant_type":"เกษตรอื่น ๆ","confidence":47,"Q":"47","source":"NASA FIRMS Email Alert - Suomi NPP VIIRS","source_file":"2569-7-20 รวม 67-69 เขต 6.xlsx","filter_rule":"Province=กำแพงเพชร; LandType=พื้นที่เกษตร; PlantType normalized to allowed groups","month":4,"month_key":"2569-04","day_key":"2026-04-15","TambonN":"ท่าไม้","AmphoeN":"พรานกระต่าย","ProvinceN":"กำแพงเพชร","Maps":"http://maps.google.com/maps?q=16.68402,99.423"}},{"type":"Feature","geometry":{"type":"Point","coordinates":[99.83244,16.06024]},"properties":{"hs_id":"VI1202604151843w4ygrexv8m","hsID":"VI1202604151843w4ygrexv8m","acq_date":"2026-04-16","Date":"2026-04-16","acq_time":"","year_be":2569,"season_be":2569,"dataset_year_be":2569,"province":"กำแพงเพชร","Province":"กำแพงเพชร","__province":"กำแพงเพชร","district":"ขาณุวรลักษบุรี","Amphoe":"ขาณุวรลักษบุรี","__district":"ขาณุวรลักษบุรี","subdistrict":"แสนตอ","Tambon":"แสนตอ","__subdistrict":"แสนตอ","village":"บ้านโนนม่วง, บ้านโนนบ้าน","BaanN":"บ้านโนนม่วง, บ้านโนนบ้าน","__village":"บ้านโนนม่วง, บ้านโนนบ้าน","land_type":"พื้นที่เกษตร","LandType":"พื้นที่เกษตร","plant_type":"นาข้าว","PlantType":"นาข้าว","crop_type":"นาข้าว","crop_type_raw":"นาข้าว","__crop":"นาข้าว","__plant_type":"นาข้าว","confidence":47,"Q":"47","source":"NASA FIRMS Email Alert - Suomi NPP VIIRS","source_file":"2569-7-20 รวม 67-69 เขต 6.xlsx","filter_rule":"Province=กำแพงเพชร; LandType=พื้นที่เกษตร; PlantType normalized to allowed groups","month":4,"month_key":"2569-04","day_key":"2026-04-16","TambonN":"แสนตอ","AmphoeN":"ขาณุวรลักษบุรี","ProvinceN":"กำแพงเพชร","Maps":"http://maps.google.com/maps?q=16.06024,99.83244"}},{"type":"Feature","geometry":{"type":"Point","coordinates":[99.58495,16.42546]},"properties":{"hs_id":"VI1202604160555w4yv6n5t1x","hsID":"VI1202604160555w4yv6n5t1x","acq_date":"2026-04-16","Date":"2026-04-16","acq_time":"","year_be":2569,"season_be":2569,"dataset_year_be":2569,"province":"กำแพงเพชร","Province":"กำแพงเพชร","__province":"กำแพงเพชร","district":"เมืองกำแพงเพชร","Amphoe":"เมืองกำแพงเพชร","__district":"เมืองกำแพงเพชร","subdistrict":"เทพนคร","Tambon":"เทพนคร","__subdistrict":"เทพนคร","village":"บ้านวังทองหลาง","BaanN":"บ้านวังทองหลาง","__village":"บ้านวังทองหลาง","land_type":"พื้นที่เกษตร","LandType":"พื้นที่เกษตร","plant_type":"นาข้าว","PlantType":"นาข้าว","crop_type":"นาข้าว","crop_type_raw":"นาข้าว","__crop":"นาข้าว","__plant_type":"นาข้าว","confidence":47,"Q":"47","source":"NASA FIRMS Email Alert - Suomi NPP VIIRS","source_file":"2569-7-20 รวม 67-69 เขต 6.xlsx","filter_rule":"Province=กำแพงเพชร; LandType=พื้นที่เกษตร; PlantType normalized to allowed groups","month":4,"month_key":"2569-04","day_key":"2026-04-16","TambonN":"เทพนคร","AmphoeN":"เมืองกำแพงเพชร","ProvinceN":"กำแพงเพชร","Maps":"http://maps.google.com/maps?q=16.42546,99.58495"}},{"type":"Feature","geometry":{"type":"Point","coordinates":[99.5879,16.42579]},"properties":{"hs_id":"VI1202604160555w4yv6njxnm","hsID":"VI1202604160555w4yv6njxnm","acq_date":"2026-04-16","Date":"2026-04-16","acq_time":"","year_be":2569,"season_be":2569,"dataset_year_be":2569,"province":"กำแพงเพชร","Province":"กำแพงเพชร","__province":"กำแพงเพชร","district":"เมืองกำแพงเพชร","Amphoe":"เมืองกำแพงเพชร","__district":"เมืองกำแพงเพชร","subdistrict":"เทพนคร","Tambon":"เทพนคร","__subdistrict":"เทพนคร","village":"บ้านวังทองหลาง","BaanN":"บ้านวังทองหลาง","__village":"บ้านวังทองหลาง","land_type":"พื้นที่เกษตร","LandType":"พื้นที่เกษตร","plant_type":"นาข้าว","PlantType":"นาข้าว","crop_type":"นาข้าว","crop_type_raw":"นาข้าว","__crop":"นาข้าว","__plant_type":"นาข้าว","confidence":47,"Q":"47","source":"NASA FIRMS Email Alert - Suomi NPP VIIRS","source_file":"2569-7-20 รวม 67-69 เขต 6.xlsx","filter_rule":"Province=กำแพงเพชร; LandType=พื้นที่เกษตร; PlantType normalized to allowed groups","month":4,"month_key":"2569-04","day_key":"2026-04-16","TambonN":"เทพนคร","AmphoeN":"เมืองกำแพงเพชร","ProvinceN":"กำแพงเพชร","Maps":"http://maps.google.com/maps?q=16.42579,99.5879"}},{"type":"Feature","geometry":{"type":"Point","coordinates":[99.56827,16.4124]},"properties":{"hs_id":"VI1202604160733w4yv3ez3hv","hsID":"VI1202604160733w4yv3ez3hv","acq_date":"2026-04-16","Date":"2026-04-16","acq_time":"","year_be":2569,"season_be":2569,"dataset_year_be":2569,"province":"กำแพงเพชร","Province":"กำแพงเพชร","__province":"กำแพงเพชร","district":"เมืองกำแพงเพชร","Amphoe":"เมืองกำแพงเพชร","__district":"เมืองกำแพงเพชร","subdistrict":"เทพนคร","Tambon":"เทพนคร","__subdistrict":"เทพนคร","village":"บ้านวังทองหลาง","BaanN":"บ้านวังทองหลาง","__village":"บ้านวังทองหลาง","land_type":"พื้นที่เกษตร","LandType":"พื้นที่เกษตร","plant_type":"นาข้าว","PlantType":"นาข้าว","crop_type":"นาข้าว","crop_type_raw":"นาข้าว","__crop":"นาข้าว","__plant_type":"นาข้าว","confidence":47,"Q":"47","source":"NASA FIRMS Email Alert - Suomi NPP VIIRS","source_file":"2569-7-20 รวม 67-69 เขต 6.xlsx","filter_rule":"Province=กำแพงเพชร; LandType=พื้นที่เกษตร; PlantType normalized to allowed groups","month":4,"month_key":"2569-04","day_key":"2026-04-16","TambonN":"เทพนคร","AmphoeN":"เมืองกำแพงเพชร","ProvinceN":"กำแพงเพชร","Maps":"http://maps.google.com/maps?q=16.4124,99.56827"}},{"type":"Feature","geometry":{"type":"Point","coordinates":[99.57404,16.41295]},"properties":{"hs_id":"VI1202604160733w4yv3ggs77","hsID":"VI1202604160733w4yv3ggs77","acq_date":"2026-04-16","Date":"2026-04-16","acq_time":"","year_be":2569,"season_be":2569,"dataset_year_be":2569,"province":"กำแพงเพชร","Province":"กำแพงเพชร","__province":"กำแพงเพชร","district":"เมืองกำแพงเพชร","Amphoe":"เมืองกำแพงเพชร","__district":"เมืองกำแพงเพชร","subdistrict":"เทพนคร","Tambon":"เทพนคร","__subdistrict":"เทพนคร","village":"บ้านวังทองหลาง","BaanN":"บ้านวังทองหลาง","__village":"บ้านวังทองหลาง","land_type":"พื้นที่เกษตร","LandType":"พื้นที่เกษตร","plant_type":"นาข้าว","PlantType":"นาข้าว","crop_type":"นาข้าว","crop_type_raw":"นาข้าว","__crop":"นาข้าว","__plant_type":"นาข้าว","confidence":47,"Q":"47","source":"NASA FIRMS Email Alert - Suomi NPP VIIRS","source_file":"2569-7-20 รวม 67-69 เขต 6.xlsx","filter_rule":"Province=กำแพงเพชร; LandType=พื้นที่เกษตร; PlantType normalized to allowed groups","month":4,"month_key":"2569-04","day_key":"2026-04-16","TambonN":"เทพนคร","AmphoeN":"เมืองกำแพงเพชร","ProvinceN":"กำแพงเพชร","Maps":"http://maps.google.com/maps?q=16.41295,99.57404"}},{"type":"Feature","geometry":{"type":"Point","coordinates":[99.58829,16.57266]},"properties":{"hs_id":"VI1202604160733w4yy60vyxr","hsID":"VI1202604160733w4yy60vyxr","acq_date":"2026-04-16","Date":"2026-04-16","acq_time":"","year_be":2569,"season_be":2569,"dataset_year_be":2569,"province":"กำแพงเพชร","Province":"กำแพงเพชร","__province":"กำแพงเพชร","district":"เมืองกำแพงเพชร","Amphoe":"เมืองกำแพงเพชร","__district":"เมืองกำแพงเพชร","subdistrict":"หนองปลิง","Tambon":"หนองปลิง","__subdistrict":"หนองปลิง","village":"บ้านดงขวัญ","BaanN":"บ้านดงขวัญ","__village":"บ้านดงขวัญ","land_type":"พื้นที่เกษตร","LandType":"พื้นที่เกษตร","plant_type":"นาข้าว","PlantType":"นาข้าว","crop_type":"นาข้าว","crop_type_raw":"นาข้าว","__crop":"นาข้าว","__plant_type":"นาข้าว","confidence":47,"Q":"47","source":"NASA FIRMS Email Alert - Suomi NPP VIIRS","source_file":"2569-7-20 รวม 67-69 เขต 6.xlsx","filter_rule":"Province=กำแพงเพชร; LandType=พื้นที่เกษตร; PlantType normalized to allowed groups","month":4,"month_key":"2569-04","day_key":"2026-04-16","TambonN":"หนองปลิง","AmphoeN":"เมืองกำแพงเพชร","ProvinceN":"กำแพงเพชร","Maps":"http://maps.google.com/maps?q=16.57266,99.58829"}},{"type":"Feature","geometry":{"type":"Point","coordinates":[99.5911,16.57053]},"properties":{"hs_id":"VI1202604160733w4yy62842f","hsID":"VI1202604160733w4yy62842f","acq_date":"2026-04-16","Date":"2026-04-16","acq_time":"","year_be":2569,"season_be":2569,"dataset_year_be":2569,"province":"กำแพงเพชร","Province":"กำแพงเพชร","__province":"กำแพงเพชร","district":"พรานกระต่าย","Amphoe":"พรานกระต่าย","__district":"พรานกระต่าย","subdistrict":"เขาคีริส","Tambon":"เขาคีริส","__subdistrict":"เขาคีริส","village":"บ้านวังพาน","BaanN":"บ้านวังพาน","__village":"บ้านวังพาน","land_type":"พื้นที่เกษตร","LandType":"พื้นที่เกษตร","plant_type":"นาข้าว","PlantType":"นาข้าว","crop_type":"นาข้าว","crop_type_raw":"นาข้าว","__crop":"นาข้าว","__plant_type":"นาข้าว","confidence":47,"Q":"47","source":"NASA FIRMS Email Alert - Suomi NPP VIIRS","source_file":"2569-7-20 รวม 67-69 เขต 6.xlsx","filter_rule":"Province=กำแพงเพชร; LandType=พื้นที่เกษตร; PlantType normalized to allowed groups","month":4,"month_key":"2569-04","day_key":"2026-04-16","TambonN":"เขาคีริส","AmphoeN":"พรานกระต่าย","ProvinceN":"กำแพงเพชร","Maps":"http://maps.google.com/maps?q=16.57053,99.5911"}},{"type":"Feature","geometry":{"type":"Point","coordinates":[99.81643,16.05579]},"properties":{"hs_id":"VI1202604170716w4ygr6u5g2","hsID":"VI1202604170716w4ygr6u5g2","acq_date":"2026-04-17","Date":"2026-04-17","acq_time":"","year_be":2569,"season_be":2569,"dataset_year_be":2569,"province":"กำแพงเพชร","Province":"กำแพงเพชร","__province":"กำแพงเพชร","district":"ขาณุวรลักษบุรี","Amphoe":"ขาณุวรลักษบุรี","__district":"ขาณุวรลักษบุรี","subdistrict":"แสนตอ","Tambon":"แสนตอ","__subdistrict":"แสนตอ","village":"บ้านโนนม่วง, บ้านโนนบ้าน","BaanN":"บ้านโนนม่วง, บ้านโนนบ้าน","__village":"บ้านโนนม่วง, บ้านโนนบ้าน","land_type":"พื้นที่เกษตร","LandType":"พื้นที่เกษตร","plant_type":"นาข้าว","PlantType":"นาข้าว","crop_type":"นาข้าว","crop_type_raw":"นาข้าว","__crop":"นาข้าว","__plant_type":"นาข้าว","confidence":47,"Q":"47","source":"NASA FIRMS Email Alert - Suomi NPP VIIRS","source_file":"2569-7-20 รวม 67-69 เขต 6.xlsx","filter_rule":"Province=กำแพงเพชร; LandType=พื้นที่เกษตร; PlantType normalized to allowed groups","month":4,"month_key":"2569-04","day_key":"2026-04-17","TambonN":"แสนตอ","AmphoeN":"ขาณุวรลักษบุรี","ProvinceN":"กำแพงเพชร","Maps":"http://maps.google.com/maps?q=16.05579,99.81643"}},{"type":"Feature","geometry":{"type":"Point","coordinates":[99.63021,16.31894]},"properties":{"hs_id":"VI1202604170716w4yug4u88n","hsID":"VI1202604170716w4yug4u88n","acq_date":"2026-04-17","Date":"2026-04-17","acq_time":"","year_be":2569,"season_be":2569,"dataset_year_be":2569,"province":"กำแพงเพชร","Province":"กำแพงเพชร","__province":"กำแพงเพชร","district":"เมืองกำแพงเพชร","Amphoe":"เมืองกำแพงเพชร","__district":"เมืองกำแพงเพชร","subdistrict":"ธำมรงค์","Tambon":"ธำมรงค์","__subdistrict":"ธำมรงค์","village":"บ้านสระแก้ว","BaanN":"บ้านสระแก้ว","__village":"บ้านสระแก้ว","land_type":"พื้นที่เกษตร","LandType":"พื้นที่เกษตร","plant_type":"นาข้าว","PlantType":"นาข้าว","crop_type":"นาข้าว","crop_type_raw":"นาข้าว","__crop":"นาข้าว","__plant_type":"นาข้าว","confidence":47,"Q":"47","source":"NASA FIRMS Email Alert - Suomi NPP VIIRS","source_file":"2569-7-20 รวม 67-69 เขต 6.xlsx","filter_rule":"Province=กำแพงเพชร; LandType=พื้นที่เกษตร; PlantType normalized to allowed groups","month":4,"month_key":"2569-04","day_key":"2026-04-17","TambonN":"ธำมรงค์","AmphoeN":"เมืองกำแพงเพชร","ProvinceN":"กำแพงเพชร","Maps":"http://maps.google.com/maps?q=16.31894,99.63021"}},{"type":"Feature","geometry":{"type":"Point","coordinates":[99.57552,16.41884]},"properties":{"hs_id":"VI1202604170716w4yv3uuwtv","hsID":"VI1202604170716w4yv3uuwtv","acq_date":"2026-04-17","Date":"2026-04-17","acq_time":"","year_be":2569,"season_be":2569,"dataset_year_be":2569,"province":"กำแพงเพชร","Province":"กำแพงเพชร","__province":"กำแพงเพชร","district":"เมืองกำแพงเพชร","Amphoe":"เมืองกำแพงเพชร","__district":"เมืองกำแพงเพชร","subdistrict":"เทพนคร","Tambon":"เทพนคร","__subdistrict":"เทพนคร","village":"บ้านวังทองหลาง","BaanN":"บ้านวังทองหลาง","__village":"บ้านวังทองหลาง","land_type":"พื้นที่เกษตร","LandType":"พื้นที่เกษตร","plant_type":"นาข้าว","PlantType":"นาข้าว","crop_type":"นาข้าว","crop_type_raw":"นาข้าว","__crop":"นาข้าว","__plant_type":"นาข้าว","confidence":47,"Q":"47","source":"NASA FIRMS Email Alert - Suomi NPP VIIRS","source_file":"2569-7-20 รวม 67-69 เขต 6.xlsx","filter_rule":"Province=กำแพงเพชร; LandType=พื้นที่เกษตร; PlantType normalized to allowed groups","month":4,"month_key":"2569-04","day_key":"2026-04-17","TambonN":"เทพนคร","AmphoeN":"เมืองกำแพงเพชร","ProvinceN":"กำแพงเพชร","Maps":"http://maps.google.com/maps?q=16.41884,99.57552"}},{"type":"Feature","geometry":{"type":"Point","coordinates":[99.57492,16.4237]},"properties":{"hs_id":"VI1202604170716w4yv3vu4zz","hsID":"VI1202604170716w4yv3vu4zz","acq_date":"2026-04-17","Date":"2026-04-17","acq_time":"","year_be":2569,"season_be":2569,"dataset_year_be":2569,"province":"กำแพงเพชร","Province":"กำแพงเพชร","__province":"กำแพงเพชร","district":"เมืองกำแพงเพชร","Amphoe":"เมืองกำแพงเพชร","__district":"เมืองกำแพงเพชร","subdistrict":"เทพนคร","Tambon":"เทพนคร","__subdistrict":"เทพนคร","village":"บ้านวังทองหลาง","BaanN":"บ้านวังทองหลาง","__village":"บ้านวังทองหลาง","land_type":"พื้นที่เกษตร","LandType":"พื้นที่เกษตร","plant_type":"นาข้าว","PlantType":"นาข้าว","crop_type":"นาข้าว","crop_type_raw":"นาข้าว","__crop":"นาข้าว","__plant_type":"นาข้าว","confidence":47,"Q":"47","source":"NASA FIRMS Email Alert - Suomi NPP VIIRS","source_file":"2569-7-20 รวม 67-69 เขต 6.xlsx","filter_rule":"Province=กำแพงเพชร; LandType=พื้นที่เกษตร; PlantType normalized to allowed groups","month":4,"month_key":"2569-04","day_key":"2026-04-17","TambonN":"เทพนคร","AmphoeN":"เมืองกำแพงเพชร","ProvinceN":"กำแพงเพชร","Maps":"http://maps.google.com/maps?q=16.4237,99.57492"}},{"type":"Feature","geometry":{"type":"Point","coordinates":[99.82268,16.43128]},"properties":{"hs_id":"VI1202604170716w4yvrx0xjh","hsID":"VI1202604170716w4yvrx0xjh","acq_date":"2026-04-17","Date":"2026-04-17","acq_time":"","year_be":2569,"season_be":2569,"dataset_year_be":2569,"province":"กำแพงเพชร","Province":"กำแพงเพชร","__province":"กำแพงเพชร","district":"ไทรงาม","Amphoe":"ไทรงาม","__district":"ไทรงาม","subdistrict":"หนองคล้า","Tambon":"หนองคล้า","__subdistrict":"หนองคล้า","village":"บ้านวังโขน","BaanN":"บ้านวังโขน","__village":"บ้านวังโขน","land_type":"พื้นที่เกษตร","LandType":"พื้นที่เกษตร","plant_type":"อ้อย","PlantType":"อ้อย","crop_type":"อ้อย","crop_type_raw":"อ้อย","__crop":"อ้อย","__plant_type":"อ้อย","confidence":47,"Q":"47","source":"NASA FIRMS Email Alert - Suomi NPP VIIRS","source_file":"2569-7-20 รวม 67-69 เขต 6.xlsx","filter_rule":"Province=กำแพงเพชร; LandType=พื้นที่เกษตร; PlantType normalized to allowed groups","month":4,"month_key":"2569-04","day_key":"2026-04-17","TambonN":"หนองคล้า","AmphoeN":"ไทรงาม","ProvinceN":"กำแพงเพชร","Maps":"http://maps.google.com/maps?q=16.43128,99.82268"}},{"type":"Feature","geometry":{"type":"Point","coordinates":[99.70351,16.5593]},"properties":{"hs_id":"VI1202604171947w4yyhy9buj","hsID":"VI1202604171947w4yyhy9buj","acq_date":"2026-04-18","Date":"2026-04-18","acq_time":"","year_be":2569,"season_be":2569,"dataset_year_be":2569,"province":"กำแพงเพชร","Province":"กำแพงเพชร","__province":"กำแพงเพชร","district":"พรานกระต่าย","Amphoe":"พรานกระต่าย","__district":"พรานกระต่าย","subdistrict":"เขาคีริส","Tambon":"เขาคีริส","__subdistrict":"เขาคีริส","village":"บ้านทุ่งรวงทอง","BaanN":"บ้านทุ่งรวงทอง","__village":"บ้านทุ่งรวงทอง","land_type":"พื้นที่เกษตร","LandType":"พื้นที่เกษตร","plant_type":"เกษตรอื่น ๆ","PlantType":"เกษตรอื่น ๆ","crop_type":"เกษตรอื่น ๆ","crop_type_raw":"เกษตรอื่น ๆ","__crop":"เกษตรอื่น ๆ","__plant_type":"เกษตรอื่น ๆ","confidence":47,"Q":"47","source":"NASA FIRMS Email Alert - Suomi NPP VIIRS","source_file":"2569-7-20 รวม 67-69 เขต 6.xlsx","filter_rule":"Province=กำแพงเพชร; LandType=พื้นที่เกษตร; PlantType normalized to allowed groups","month":4,"month_key":"2569-04","day_key":"2026-04-18","TambonN":"เขาคีริส","AmphoeN":"พรานกระต่าย","ProvinceN":"กำแพงเพชร","Maps":"http://maps.google.com/maps?q=16.5593,99.70351"}},{"type":"Feature","geometry":{"type":"Point","coordinates":[99.74443,16.19017]},"properties":{"hs_id":"VI1202604180657w4yujerdtd","hsID":"VI1202604180657w4yujerdtd","acq_date":"2026-04-18","Date":"2026-04-18","acq_time":"","year_be":2569,"season_be":2569,"dataset_year_be":2569,"province":"กำแพงเพชร","Province":"กำแพงเพชร","__province":"กำแพงเพชร","district":"คลองขลุง","Amphoe":"คลองขลุง","__district":"คลองขลุง","subdistrict":"แม่ลาด","Tambon":"แม่ลาด","__subdistrict":"แม่ลาด","village":"บ้านยางกระทิง","BaanN":"บ้านยางกระทิง","__village":"บ้านยางกระทิง","land_type":"พื้นที่เกษตร","LandType":"พื้นที่เกษตร","plant_type":"นาข้าว","PlantType":"นาข้าว","crop_type":"นาข้าว","crop_type_raw":"นาข้าว","__crop":"นาข้าว","__plant_type":"นาข้าว","confidence":47,"Q":"47","source":"NASA FIRMS Email Alert - Suomi NPP VIIRS","source_file":"2569-7-20 รวม 67-69 เขต 6.xlsx","filter_rule":"Province=กำแพงเพชร; LandType=พื้นที่เกษตร; PlantType normalized to allowed groups","month":4,"month_key":"2569-04","day_key":"2026-04-18","TambonN":"แม่ลาด","AmphoeN":"คลองขลุง","ProvinceN":"กำแพงเพชร","Maps":"http://maps.google.com/maps?q=16.19017,99.74443"}},{"type":"Feature","geometry":{"type":"Point","coordinates":[99.81538,16.25948]},"properties":{"hs_id":"VI1202604180657w4yurrgq6f","hsID":"VI1202604180657w4yurrgq6f","acq_date":"2026-04-18","Date":"2026-04-18","acq_time":"","year_be":2569,"season_be":2569,"dataset_year_be":2569,"province":"กำแพงเพชร","Province":"กำแพงเพชร","__province":"กำแพงเพชร","district":"คลองขลุง","Amphoe":"คลองขลุง","__district":"คลองขลุง","subdistrict":"วังยาง","Tambon":"วังยาง","__subdistrict":"วังยาง","village":"บ้านวังตะล่อม","BaanN":"บ้านวังตะล่อม","__village":"บ้านวังตะล่อม","land_type":"พื้นที่เกษตร","LandType":"พื้นที่เกษตร","plant_type":"นาข้าว","PlantType":"นาข้าว","crop_type":"นาข้าว","crop_type_raw":"นาข้าว","__crop":"นาข้าว","__plant_type":"นาข้าว","confidence":47,"Q":"47","source":"NASA FIRMS Email Alert - Suomi NPP VIIRS","source_file":"2569-7-20 รวม 67-69 เขต 6.xlsx","filter_rule":"Province=กำแพงเพชร; LandType=พื้นที่เกษตร; PlantType normalized to allowed groups","month":4,"month_key":"2569-04","day_key":"2026-04-18","TambonN":"วังยาง","AmphoeN":"คลองขลุง","ProvinceN":"กำแพงเพชร","Maps":"http://maps.google.com/maps?q=16.25948,99.81538"}},{"type":"Feature","geometry":{"type":"Point","coordinates":[99.56626,16.39567]},"properties":{"hs_id":"VI1202604180657w4yv38tzwn","hsID":"VI1202604180657w4yv38tzwn","acq_date":"2026-04-18","Date":"2026-04-18","acq_time":"","year_be":2569,"season_be":2569,"dataset_year_be":2569,"province":"กำแพงเพชร","Province":"กำแพงเพชร","__province":"กำแพงเพชร","district":"เมืองกำแพงเพชร","Amphoe":"เมืองกำแพงเพชร","__district":"เมืองกำแพงเพชร","subdistrict":"เทพนคร","Tambon":"เทพนคร","__subdistrict":"เทพนคร","village":"บ้านเทพนคร","BaanN":"บ้านเทพนคร","__village":"บ้านเทพนคร","land_type":"พื้นที่เกษตร","LandType":"พื้นที่เกษตร","plant_type":"นาข้าว","PlantType":"นาข้าว","crop_type":"นาข้าว","crop_type_raw":"นาข้าว","__crop":"นาข้าว","__plant_type":"นาข้าว","confidence":47,"Q":"47","source":"NASA FIRMS Email Alert - Suomi NPP VIIRS","source_file":"2569-7-20 รวม 67-69 เขต 6.xlsx","filter_rule":"Province=กำแพงเพชร; LandType=พื้นที่เกษตร; PlantType normalized to allowed groups","month":4,"month_key":"2569-04","day_key":"2026-04-18","TambonN":"เทพนคร","AmphoeN":"เมืองกำแพงเพชร","ProvinceN":"กำแพงเพชร","Maps":"http://maps.google.com/maps?q=16.39567,99.56626"}},{"type":"Feature","geometry":{"type":"Point","coordinates":[99.56573,16.39928]},"properties":{"hs_id":"VI1202604180657w4yv39ms9x","hsID":"VI1202604180657w4yv39ms9x","acq_date":"2026-04-18","Date":"2026-04-18","acq_time":"","year_be":2569,"season_be":2569,"dataset_year_be":2569,"province":"กำแพงเพชร","Province":"กำแพงเพชร","__province":"กำแพงเพชร","district":"เมืองกำแพงเพชร","Amphoe":"เมืองกำแพงเพชร","__district":"เมืองกำแพงเพชร","subdistrict":"เทพนคร","Tambon":"เทพนคร","__subdistrict":"เทพนคร","village":"บ้านเทพนคร","BaanN":"บ้านเทพนคร","__village":"บ้านเทพนคร","land_type":"พื้นที่เกษตร","LandType":"พื้นที่เกษตร","plant_type":"นาข้าว","PlantType":"นาข้าว","crop_type":"นาข้าว","crop_type_raw":"นาข้าว","__crop":"นาข้าว","__plant_type":"นาข้าว","confidence":47,"Q":"47","source":"NASA FIRMS Email Alert - Suomi NPP VIIRS","source_file":"2569-7-20 รวม 67-69 เขต 6.xlsx","filter_rule":"Province=กำแพงเพชร; LandType=พื้นที่เกษตร; PlantType normalized to allowed groups","month":4,"month_key":"2569-04","day_key":"2026-04-18","TambonN":"เทพนคร","AmphoeN":"เมืองกำแพงเพชร","ProvinceN":"กำแพงเพชร","Maps":"http://maps.google.com/maps?q=16.39928,99.56573"}},{"type":"Feature","geometry":{"type":"Point","coordinates":[99.60973,16.39804]},"properties":{"hs_id":"VI1202604180657w4yv69jtdb","hsID":"VI1202604180657w4yv69jtdb","acq_date":"2026-04-18","Date":"2026-04-18","acq_time":"","year_be":2569,"season_be":2569,"dataset_year_be":2569,"province":"กำแพงเพชร","Province":"กำแพงเพชร","__province":"กำแพงเพชร","district":"เมืองกำแพงเพชร","Amphoe":"เมืองกำแพงเพชร","__district":"เมืองกำแพงเพชร","subdistrict":"เทพนคร","Tambon":"เทพนคร","__subdistrict":"เทพนคร","village":"บ้านหนองสามมุก","BaanN":"บ้านหนองสามมุก","__village":"บ้านหนองสามมุก","land_type":"พื้นที่เกษตร","LandType":"พื้นที่เกษตร","plant_type":"นาข้าว","PlantType":"นาข้าว","crop_type":"นาข้าว","crop_type_raw":"นาข้าว","__crop":"นาข้าว","__plant_type":"นาข้าว","confidence":47,"Q":"47","source":"NASA FIRMS Email Alert - Suomi NPP VIIRS","source_file":"2569-7-20 รวม 67-69 เขต 6.xlsx","filter_rule":"Province=กำแพงเพชร; LandType=พื้นที่เกษตร; PlantType normalized to allowed groups","month":4,"month_key":"2569-04","day_key":"2026-04-18","TambonN":"คณฑี","AmphoeN":"เมืองกำแพงเพชร","ProvinceN":"กำแพงเพชร","Maps":"http://maps.google.com/maps?q=16.39804,99.60973"}},{"type":"Feature","geometry":{"type":"Point","coordinates":[99.60979,16.42755]},"properties":{"hs_id":"VI1202604180657w4yv6wt9km","hsID":"VI1202604180657w4yv6wt9km","acq_date":"2026-04-18","Date":"2026-04-18","acq_time":"","year_be":2569,"season_be":2569,"dataset_year_be":2569,"province":"กำแพงเพชร","Province":"กำแพงเพชร","__province":"กำแพงเพชร","district":"เมืองกำแพงเพชร","Amphoe":"เมืองกำแพงเพชร","__district":"เมืองกำแพงเพชร","subdistrict":"เทพนคร","Tambon":"เทพนคร","__subdistrict":"เทพนคร","village":"บ้านไทรย้อย","BaanN":"บ้านไทรย้อย","__village":"บ้านไทรย้อย","land_type":"พื้นที่เกษตร","LandType":"พื้นที่เกษตร","plant_type":"นาข้าว","PlantType":"นาข้าว","crop_type":"นาข้าว","crop_type_raw":"นาข้าว","__crop":"นาข้าว","__plant_type":"นาข้าว","confidence":47,"Q":"47","source":"NASA FIRMS Email Alert - Suomi NPP VIIRS","source_file":"2569-7-20 รวม 67-69 เขต 6.xlsx","filter_rule":"Province=กำแพงเพชร; LandType=พื้นที่เกษตร; PlantType normalized to allowed groups","month":4,"month_key":"2569-04","day_key":"2026-04-18","TambonN":"เทพนคร","AmphoeN":"เมืองกำแพงเพชร","ProvinceN":"กำแพงเพชร","Maps":"http://maps.google.com/maps?q=16.42755,99.60979"}},{"type":"Feature","geometry":{"type":"Point","coordinates":[99.44966,16.76626]},"properties":{"hs_id":"VI1202604180657w4yxrh1n91","hsID":"VI1202604180657w4yxrh1n91","acq_date":"2026-04-18","Date":"2026-04-18","acq_time":"","year_be":2569,"season_be":2569,"dataset_year_be":2569,"province":"กำแพงเพชร","Province":"กำแพงเพชร","__province":"กำแพงเพชร","district":"พรานกระต่าย","Amphoe":"พรานกระต่าย","__district":"พรานกระต่าย","subdistrict":"ท่าไม้","Tambon":"ท่าไม้","__subdistrict":"ท่าไม้","village":"บ้านสมอโคน","BaanN":"บ้านสมอโคน","__village":"บ้านสมอโคน","land_type":"พื้นที่เกษตร","LandType":"พื้นที่เกษตร","plant_type":"นาข้าว","PlantType":"นาข้าว","crop_type":"นาข้าว","crop_type_raw":"นาข้าว","__crop":"นาข้าว","__plant_type":"นาข้าว","confidence":47,"Q":"47","source":"NASA FIRMS Email Alert - Suomi NPP VIIRS","source_file":"2569-7-20 รวม 67-69 เขต 6.xlsx","filter_rule":"Province=กำแพงเพชร; LandType=พื้นที่เกษตร; PlantType normalized to allowed groups","month":4,"month_key":"2569-04","day_key":"2026-04-18","TambonN":"ท่าไม้","AmphoeN":"พรานกระต่าย","ProvinceN":"กำแพงเพชร","Maps":"http://maps.google.com/maps?q=16.76626,99.44966"}},{"type":"Feature","geometry":{"type":"Point","coordinates":[99.44912,16.76985]},"properties":{"hs_id":"VI1202604180657w4yxrhbekq","hsID":"VI1202604180657w4yxrhbekq","acq_date":"2026-04-18","Date":"2026-04-18","acq_time":"","year_be":2569,"season_be":2569,"dataset_year_be":2569,"province":"กำแพงเพชร","Province":"กำแพงเพชร","__province":"กำแพงเพชร","district":"พรานกระต่าย","Amphoe":"พรานกระต่าย","__district":"พรานกระต่าย","subdistrict":"ท่าไม้","Tambon":"ท่าไม้","__subdistrict":"ท่าไม้","village":"บ้านสมอโคน","BaanN":"บ้านสมอโคน","__village":"บ้านสมอโคน","land_type":"พื้นที่เกษตร","LandType":"พื้นที่เกษตร","plant_type":"เกษตรอื่น ๆ","PlantType":"เกษตรอื่น ๆ","crop_type":"เกษตรอื่น ๆ","crop_type_raw":"เกษตรอื่น ๆ","__crop":"เกษตรอื่น ๆ","__plant_type":"เกษตรอื่น ๆ","confidence":47,"Q":"47","source":"NASA FIRMS Email Alert - Suomi NPP VIIRS","source_file":"2569-7-20 รวม 67-69 เขต 6.xlsx","filter_rule":"Province=กำแพงเพชร; LandType=พื้นที่เกษตร; PlantType normalized to allowed groups","month":4,"month_key":"2569-04","day_key":"2026-04-18","TambonN":"ท่าไม้","AmphoeN":"พรานกระต่าย","ProvinceN":"กำแพงเพชร","Maps":"http://maps.google.com/maps?q=16.76985,99.44912"}},{"type":"Feature","geometry":{"type":"Point","coordinates":[99.67661,16.6601]},"properties":{"hs_id":"VI1202604180657w4yyu0yk17","hsID":"VI1202604180657w4yyu0yk17","acq_date":"2026-04-18","Date":"2026-04-18","acq_time":"","year_be":2569,"season_be":2569,"dataset_year_be":2569,"province":"กำแพงเพชร","Province":"กำแพงเพชร","__province":"กำแพงเพชร","district":"พรานกระต่าย","Amphoe":"พรานกระต่าย","__district":"พรานกระต่าย","subdistrict":"คุยบ้านโอง","Tambon":"คุยบ้านโอง","__subdistrict":"คุยบ้านโอง","village":"บ้านไร่ปรือ","BaanN":"บ้านไร่ปรือ","__village":"บ้านไร่ปรือ","land_type":"พื้นที่เกษตร","LandType":"พื้นที่เกษตร","plant_type":"นาข้าว","PlantType":"นาข้าว","crop_type":"นาข้าว","crop_type_raw":"นาข้าว","__crop":"นาข้าว","__plant_type":"นาข้าว","confidence":47,"Q":"47","source":"NASA FIRMS Email Alert - Suomi NPP VIIRS","source_file":"2569-7-20 รวม 67-69 เขต 6.xlsx","filter_rule":"Province=กำแพงเพชร; LandType=พื้นที่เกษตร; PlantType normalized to allowed groups","month":4,"month_key":"2569-04","day_key":"2026-04-18","TambonN":"คุยบ้านโอง","AmphoeN":"พรานกระต่าย","ProvinceN":"กำแพงเพชร","Maps":"http://maps.google.com/maps?q=16.6601,99.67661"}},{"type":"Feature","geometry":{"type":"Point","coordinates":[99.94009,16.06857]},"properties":{"hs_id":"VI1202604180657w4z56jnnhy","hsID":"VI1202604180657w4z56jnnhy","acq_date":"2026-04-18","Date":"2026-04-18","acq_time":"","year_be":2569,"season_be":2569,"dataset_year_be":2569,"province":"กำแพงเพชร","Province":"กำแพงเพชร","__province":"กำแพงเพชร","district":"ขาณุวรลักษบุรี","Amphoe":"ขาณุวรลักษบุรี","__district":"ขาณุวรลักษบุรี","subdistrict":"ป่าพุทรา","Tambon":"ป่าพุทรา","__subdistrict":"ป่าพุทรา","village":"บ้านวังเรียง","BaanN":"บ้านวังเรียง","__village":"บ้านวังเรียง","land_type":"พื้นที่เกษตร","LandType":"พื้นที่เกษตร","plant_type":"อ้อย","PlantType":"อ้อย","crop_type":"อ้อย","crop_type_raw":"อ้อย","__crop":"อ้อย","__plant_type":"อ้อย","confidence":47,"Q":"47","source":"NASA FIRMS Email Alert - Suomi NPP VIIRS","source_file":"2569-7-20 รวม 67-69 เขต 6.xlsx","filter_rule":"Province=กำแพงเพชร; LandType=พื้นที่เกษตร; PlantType normalized to allowed groups","month":4,"month_key":"2569-04","day_key":"2026-04-18","TambonN":"ป่าพุทรา","AmphoeN":"ขาณุวรลักษบุรี","ProvinceN":"กำแพงเพชร","Maps":"http://maps.google.com/maps?q=16.06857,99.94009"}},{"type":"Feature","geometry":{"type":"Point","coordinates":[99.77013,16.22614]},"properties":{"hs_id":"VI1202604181928w4yuq3fkhe","hsID":"VI1202604181928w4yuq3fkhe","acq_date":"2026-04-19","Date":"2026-04-19","acq_time":"","year_be":2569,"season_be":2569,"dataset_year_be":2569,"province":"กำแพงเพชร","Province":"กำแพงเพชร","__province":"กำแพงเพชร","district":"คลองขลุง","Amphoe":"คลองขลุง","__district":"คลองขลุง","subdistrict":"ท่ามะเขือ","Tambon":"ท่ามะเขือ","__subdistrict":"ท่ามะเขือ","village":"บ้านน้อย","BaanN":"บ้านน้อย","__village":"บ้านน้อย","land_type":"พื้นที่เกษตร","LandType":"พื้นที่เกษตร","plant_type":"อ้อย","PlantType":"อ้อย","crop_type":"อ้อย","crop_type_raw":"อ้อย","__crop":"อ้อย","__plant_type":"อ้อย","confidence":47,"Q":"47","source":"NASA FIRMS Email Alert - Suomi NPP VIIRS","source_file":"2569-7-20 รวม 67-69 เขต 6.xlsx","filter_rule":"Province=กำแพงเพชร; LandType=พื้นที่เกษตร; PlantType normalized to allowed groups","month":4,"month_key":"2569-04","day_key":"2026-04-19","TambonN":"วังยาง","AmphoeN":"คลองขลุง","ProvinceN":"กำแพงเพชร","Maps":"http://maps.google.com/maps?q=16.22614,99.77013"}},{"type":"Feature","geometry":{"type":"Point","coordinates":[99.82256,15.9694]},"properties":{"hs_id":"VI1202604200618w4yfze0s6p","hsID":"VI1202604200618w4yfze0s6p","acq_date":"2026-04-20","Date":"2026-04-20","acq_time":"","year_be":2569,"season_be":2569,"dataset_year_be":2569,"province":"กำแพงเพชร","Province":"กำแพงเพชร","__province":"กำแพงเพชร","district":"ขาณุวรลักษบุรี","Amphoe":"ขาณุวรลักษบุรี","__district":"ขาณุวรลักษบุรี","subdistrict":"สลกบาตร","Tambon":"สลกบาตร","__subdistrict":"สลกบาตร","village":"บ้านโนนปอแดง","BaanN":"บ้านโนนปอแดง","__village":"บ้านโนนปอแดง","land_type":"พื้นที่เกษตร","LandType":"พื้นที่เกษตร","plant_type":"นาข้าว","PlantType":"นาข้าว","crop_type":"นาข้าว","crop_type_raw":"นาข้าว","__crop":"นาข้าว","__plant_type":"นาข้าว","confidence":47,"Q":"47","source":"NASA FIRMS Email Alert - Suomi NPP VIIRS","source_file":"2569-7-20 รวม 67-69 เขต 6.xlsx","filter_rule":"Province=กำแพงเพชร; LandType=พื้นที่เกษตร; PlantType normalized to allowed groups","month":4,"month_key":"2569-04","day_key":"2026-04-20","TambonN":"สลกบาตร","AmphoeN":"ขาณุวรลักษบุรี","ProvinceN":"กำแพงเพชร","Maps":"http://maps.google.com/maps?q=15.9694,99.82256"}},{"type":"Feature","geometry":{"type":"Point","coordinates":[99.59123,16.34275]},"properties":{"hs_id":"VI1202604200618w4yufr057v","hsID":"VI1202604200618w4yufr057v","acq_date":"2026-04-20","Date":"2026-04-20","acq_time":"","year_be":2569,"season_be":2569,"dataset_year_be":2569,"province":"กำแพงเพชร","Province":"กำแพงเพชร","__province":"กำแพงเพชร","district":"เมืองกำแพงเพชร","Amphoe":"เมืองกำแพงเพชร","__district":"เมืองกำแพงเพชร","subdistrict":"ไตรตรึงษ์","Tambon":"ไตรตรึงษ์","__subdistrict":"ไตรตรึงษ์","village":"บ้านคลองสีนวลเหนือ","BaanN":"บ้านคลองสีนวลเหนือ","__village":"บ้านคลองสีนวลเหนือ","land_type":"พื้นที่เกษตร","LandType":"พื้นที่เกษตร","plant_type":"นาข้าว","PlantType":"นาข้าว","crop_type":"นาข้าว","crop_type_raw":"นาข้าว","__crop":"นาข้าว","__plant_type":"นาข้าว","confidence":47,"Q":"47","source":"NASA FIRMS Email Alert - Suomi NPP VIIRS","source_file":"2569-7-20 รวม 67-69 เขต 6.xlsx","filter_rule":"Province=กำแพงเพชร; LandType=พื้นที่เกษตร; PlantType normalized to allowed groups","month":4,"month_key":"2569-04","day_key":"2026-04-20","TambonN":"ธำมรงค์","AmphoeN":"เมืองกำแพงเพชร","ProvinceN":"กำแพงเพชร","Maps":"http://maps.google.com/maps?q=16.34275,99.59123"}},{"type":"Feature","geometry":{"type":"Point","coordinates":[99.60574,16.38119]},"properties":{"hs_id":"VI1202604200618w4yv4w4emg","hsID":"VI1202604200618w4yv4w4emg","acq_date":"2026-04-20","Date":"2026-04-20","acq_time":"","year_be":2569,"season_be":2569,"dataset_year_be":2569,"province":"กำแพงเพชร","Province":"กำแพงเพชร","__province":"กำแพงเพชร","district":"เมืองกำแพงเพชร","Amphoe":"เมืองกำแพงเพชร","__district":"เมืองกำแพงเพชร","subdistrict":"เทพนคร","Tambon":"เทพนคร","__subdistrict":"เทพนคร","village":"บ้านท่าตะคล้อ","BaanN":"บ้านท่าตะคล้อ","__village":"บ้านท่าตะคล้อ","land_type":"พื้นที่เกษตร","LandType":"พื้นที่เกษตร","plant_type":"นาข้าว","PlantType":"นาข้าว","crop_type":"นาข้าว","crop_type_raw":"นาข้าว","__crop":"นาข้าว","__plant_type":"นาข้าว","confidence":47,"Q":"47","source":"NASA FIRMS Email Alert - Suomi NPP VIIRS","source_file":"2569-7-20 รวม 67-69 เขต 6.xlsx","filter_rule":"Province=กำแพงเพชร; LandType=พื้นที่เกษตร; PlantType normalized to allowed groups","month":4,"month_key":"2569-04","day_key":"2026-04-20","TambonN":"เทพนคร","AmphoeN":"เมืองกำแพงเพชร","ProvinceN":"กำแพงเพชร","Maps":"http://maps.google.com/maps?q=16.38119,99.60574"}},{"type":"Feature","geometry":{"type":"Point","coordinates":[99.63632,16.66386]},"properties":{"hs_id":"VI1202604200620w4yyg38fn8","hsID":"VI1202604200620w4yyg38fn8","acq_date":"2026-04-20","Date":"2026-04-20","acq_time":"","year_be":2569,"season_be":2569,"dataset_year_be":2569,"province":"กำแพงเพชร","Province":"กำแพงเพชร","__province":"กำแพงเพชร","district":"พรานกระต่าย","Amphoe":"พรานกระต่าย","__district":"พรานกระต่าย","subdistrict":"ถ้ำกระต่ายทอง","Tambon":"ถ้ำกระต่ายทอง","__subdistrict":"ถ้ำกระต่ายทอง","village":"บ้านคุยแขวน","BaanN":"บ้านคุยแขวน","__village":"บ้านคุยแขวน","land_type":"พื้นที่เกษตร","LandType":"พื้นที่เกษตร","plant_type":"นาข้าว","PlantType":"นาข้าว","crop_type":"นาข้าว","crop_type_raw":"นาข้าว","__crop":"นาข้าว","__plant_type":"นาข้าว","confidence":47,"Q":"47","source":"NASA FIRMS Email Alert - Suomi NPP VIIRS","source_file":"2569-7-20 รวม 67-69 เขต 6.xlsx","filter_rule":"Province=กำแพงเพชร; LandType=พื้นที่เกษตร; PlantType normalized to allowed groups","month":4,"month_key":"2569-04","day_key":"2026-04-20","TambonN":"หนองหัววัว","AmphoeN":"พรานกระต่าย","ProvinceN":"กำแพงเพชร","Maps":"http://maps.google.com/maps?q=16.66386,99.63632"}},{"type":"Feature","geometry":{"type":"Point","coordinates":[99.5918,15.90765]},"properties":{"hs_id":"VI1202604201849w4yf6rbsc0","hsID":"VI1202604201849w4yf6rbsc0","acq_date":"2026-04-21","Date":"2026-04-21","acq_time":"","year_be":2569,"season_be":2569,"dataset_year_be":2569,"province":"กำแพงเพชร","Province":"กำแพงเพชร","__province":"กำแพงเพชร","district":"ขาณุวรลักษบุรี","Amphoe":"ขาณุวรลักษบุรี","__district":"ขาณุวรลักษบุรี","subdistrict":"บ่อถ้ำ","Tambon":"บ่อถ้ำ","__subdistrict":"บ่อถ้ำ","village":"บ้านวังไทร 1","BaanN":"บ้านวังไทร 1","__village":"บ้านวังไทร 1","land_type":"พื้นที่เกษตร","LandType":"พื้นที่เกษตร","plant_type":"นาข้าว","PlantType":"นาข้าว","crop_type":"นาข้าว","crop_type_raw":"นาข้าว","__crop":"นาข้าว","__plant_type":"นาข้าว","confidence":47,"Q":"47","source":"NASA FIRMS Email Alert - Suomi NPP VIIRS","source_file":"2569-7-20 รวม 67-69 เขต 6.xlsx","filter_rule":"Province=กำแพงเพชร; LandType=พื้นที่เกษตร; PlantType normalized to allowed groups","month":4,"month_key":"2569-04","day_key":"2026-04-21","TambonN":"บ่อถ้ำ","AmphoeN":"ขาณุวรลักษบุรี","ProvinceN":"กำแพงเพชร","Maps":"http://maps.google.com/maps?q=15.90765,99.5918"}},{"type":"Feature","geometry":{"type":"Point","coordinates":[99.83731,16.01756]},"properties":{"hs_id":"VI1202604201849w4ygpggm1c","hsID":"VI1202604201849w4ygpggm1c","acq_date":"2026-04-21","Date":"2026-04-21","acq_time":"","year_be":2569,"season_be":2569,"dataset_year_be":2569,"province":"กำแพงเพชร","Province":"กำแพงเพชร","__province":"กำแพงเพชร","district":"ขาณุวรลักษบุรี","Amphoe":"ขาณุวรลักษบุรี","__district":"ขาณุวรลักษบุรี","subdistrict":"แสนตอ","Tambon":"แสนตอ","__subdistrict":"แสนตอ","village":"บ้านหนองเหมือด","BaanN":"บ้านหนองเหมือด","__village":"บ้านหนองเหมือด","land_type":"พื้นที่เกษตร","LandType":"พื้นที่เกษตร","plant_type":"นาข้าว","PlantType":"นาข้าว","crop_type":"นาข้าว","crop_type_raw":"นาข้าว","__crop":"นาข้าว","__plant_type":"นาข้าว","confidence":47,"Q":"47","source":"NASA FIRMS Email Alert - Suomi NPP VIIRS","source_file":"2569-7-20 รวม 67-69 เขต 6.xlsx","filter_rule":"Province=กำแพงเพชร; LandType=พื้นที่เกษตร; PlantType normalized to allowed groups","month":4,"month_key":"2569-04","day_key":"2026-04-21","TambonN":"แสนตอ","AmphoeN":"ขาณุวรลักษบุรี","ProvinceN":"กำแพงเพชร","Maps":"http://maps.google.com/maps?q=16.01756,99.83731"}},{"type":"Feature","geometry":{"type":"Point","coordinates":[99.79918,16.29497]},"properties":{"hs_id":"VI1202604201849w4yuwyrt16","hsID":"VI1202604201849w4yuwyrt16","acq_date":"2026-04-21","Date":"2026-04-21","acq_time":"","year_be":2569,"season_be":2569,"dataset_year_be":2569,"province":"กำแพงเพชร","Province":"กำแพงเพชร","__province":"กำแพงเพชร","district":"ทรายทองวัฒนา","Amphoe":"ทรายทองวัฒนา","__district":"ทรายทองวัฒนา","subdistrict":"ทุ่งทราย","Tambon":"ทุ่งทราย","__subdistrict":"ทุ่งทราย","village":"บ้านหนองนกชุมใต้","BaanN":"บ้านหนองนกชุมใต้","__village":"บ้านหนองนกชุมใต้","land_type":"พื้นที่เกษตร","LandType":"พื้นที่เกษตร","plant_type":"นาข้าว","PlantType":"นาข้าว","crop_type":"นาข้าว","crop_type_raw":"นาข้าว","__crop":"นาข้าว","__plant_type":"นาข้าว","confidence":47,"Q":"47","source":"NASA FIRMS Email Alert - Suomi NPP VIIRS","source_file":"2569-7-20 รวม 67-69 เขต 6.xlsx","filter_rule":"Province=กำแพงเพชร; LandType=พื้นที่เกษตร; PlantType normalized to allowed groups","month":4,"month_key":"2569-04","day_key":"2026-04-21","TambonN":"ทุ่งทราย","AmphoeN":"ทรายทองวัฒนา","ProvinceN":"กำแพงเพชร","Maps":"http://maps.google.com/maps?q=16.29497,99.79918"}},{"type":"Feature","geometry":{"type":"Point","coordinates":[99.83136,16.12466]},"properties":{"hs_id":"VI1202604211832w4ygxxquzq","hsID":"VI1202604211832w4ygxxquzq","acq_date":"2026-04-22","Date":"2026-04-22","acq_time":"","year_be":2569,"season_be":2569,"dataset_year_be":2569,"province":"กำแพงเพชร","Province":"กำแพงเพชร","__province":"กำแพงเพชร","district":"ขาณุวรลักษบุรี","Amphoe":"ขาณุวรลักษบุรี","__district":"ขาณุวรลักษบุรี","subdistrict":"ยางสูง","Tambon":"ยางสูง","__subdistrict":"ยางสูง","village":"บ้านกล้วย","BaanN":"บ้านกล้วย","__village":"บ้านกล้วย","land_type":"พื้นที่เกษตร","LandType":"พื้นที่เกษตร","plant_type":"เกษตรอื่น ๆ","PlantType":"เกษตรอื่น ๆ","crop_type":"เกษตรอื่น ๆ","crop_type_raw":"เกษตรอื่น ๆ","__crop":"เกษตรอื่น ๆ","__plant_type":"เกษตรอื่น ๆ","confidence":47,"Q":"47","source":"NASA FIRMS Email Alert - Suomi NPP VIIRS","source_file":"2569-7-20 รวม 67-69 เขต 6.xlsx","filter_rule":"Province=กำแพงเพชร; LandType=พื้นที่เกษตร; PlantType normalized to allowed groups","month":4,"month_key":"2569-04","day_key":"2026-04-22","TambonN":"ยางสูง","AmphoeN":"ขาณุวรลักษบุรี","ProvinceN":"กำแพงเพชร","Maps":"http://maps.google.com/maps?q=16.12466,99.83136"}},{"type":"Feature","geometry":{"type":"Point","coordinates":[99.7377,16.48618]},"properties":{"hs_id":"VI1202604211832w4yvv94yby","hsID":"VI1202604211832w4yvv94yby","acq_date":"2026-04-22","Date":"2026-04-22","acq_time":"","year_be":2569,"season_be":2569,"dataset_year_be":2569,"province":"กำแพงเพชร","Province":"กำแพงเพชร","__province":"กำแพงเพชร","district":"เมืองกำแพงเพชร","Amphoe":"เมืองกำแพงเพชร","__district":"เมืองกำแพงเพชร","subdistrict":"นิคมทุ่งโพธิ์ทะเล","Tambon":"นิคมทุ่งโพธิ์ทะเล","__subdistrict":"นิคมทุ่งโพธิ์ทะเล","village":"บ้านหนองซึ่งพัฒนา","BaanN":"บ้านหนองซึ่งพัฒนา","__village":"บ้านหนองซึ่งพัฒนา","land_type":"พื้นที่เกษตร","LandType":"พื้นที่เกษตร","plant_type":"นาข้าว","PlantType":"นาข้าว","crop_type":"นาข้าว","crop_type_raw":"นาข้าว","__crop":"นาข้าว","__plant_type":"นาข้าว","confidence":47,"Q":"47","source":"NASA FIRMS Email Alert - Suomi NPP VIIRS","source_file":"2569-7-20 รวม 67-69 เขต 6.xlsx","filter_rule":"Province=กำแพงเพชร; LandType=พื้นที่เกษตร; PlantType normalized to allowed groups","month":4,"month_key":"2569-04","day_key":"2026-04-22","TambonN":"นิคมทุ่งโพธิ์ทะเล","AmphoeN":"เมืองกำแพงเพชร","ProvinceN":"กำแพงเพชร","Maps":"http://maps.google.com/maps?q=16.48618,99.7377"}},{"type":"Feature","geometry":{"type":"Point","coordinates":[99.61202,16.4478]},"properties":{"hs_id":"VI1202604220722w4yvddpr2k","hsID":"VI1202604220722w4yvddpr2k","acq_date":"2026-04-22","Date":"2026-04-22","acq_time":"","year_be":2569,"season_be":2569,"dataset_year_be":2569,"province":"กำแพงเพชร","Province":"กำแพงเพชร","__province":"กำแพงเพชร","district":"เมืองกำแพงเพชร","Amphoe":"เมืองกำแพงเพชร","__district":"เมืองกำแพงเพชร","subdistrict":"เทพนคร","Tambon":"เทพนคร","__subdistrict":"เทพนคร","village":"บ้านตลกแรด","BaanN":"บ้านตลกแรด","__village":"บ้านตลกแรด","land_type":"พื้นที่เกษตร","LandType":"พื้นที่เกษตร","plant_type":"นาข้าว","PlantType":"นาข้าว","crop_type":"นาข้าว","crop_type_raw":"นาข้าว","__crop":"นาข้าว","__plant_type":"นาข้าว","confidence":47,"Q":"47","source":"NASA FIRMS Email Alert - Suomi NPP VIIRS","source_file":"2569-7-20 รวม 67-69 เขต 6.xlsx","filter_rule":"Province=กำแพงเพชร; LandType=พื้นที่เกษตร; PlantType normalized to allowed groups","month":4,"month_key":"2569-04","day_key":"2026-04-22","TambonN":"เทพนคร","AmphoeN":"เมืองกำแพงเพชร","ProvinceN":"กำแพงเพชร","Maps":"http://maps.google.com/maps?q=16.4478,99.61202"}},{"type":"Feature","geometry":{"type":"Point","coordinates":[99.81654,16.42554]},"properties":{"hs_id":"VI1202604220722w4yvrqhjty","hsID":"VI1202604220722w4yvrqhjty","acq_date":"2026-04-22","Date":"2026-04-22","acq_time":"","year_be":2569,"season_be":2569,"dataset_year_be":2569,"province":"กำแพงเพชร","Province":"กำแพงเพชร","__province":"กำแพงเพชร","district":"ไทรงาม","Amphoe":"ไทรงาม","__district":"ไทรงาม","subdistrict":"หนองคล้า","Tambon":"หนองคล้า","__subdistrict":"หนองคล้า","village":"บ้านใหม่เจริญพร","BaanN":"บ้านใหม่เจริญพร","__village":"บ้านใหม่เจริญพร","land_type":"พื้นที่เกษตร","LandType":"พื้นที่เกษตร","plant_type":"นาข้าว","PlantType":"นาข้าว","crop_type":"นาข้าว","crop_type_raw":"นาข้าว","__crop":"นาข้าว","__plant_type":"นาข้าว","confidence":47,"Q":"47","source":"NASA FIRMS Email Alert - Suomi NPP VIIRS","source_file":"2569-7-20 รวม 67-69 เขต 6.xlsx","filter_rule":"Province=กำแพงเพชร; LandType=พื้นที่เกษตร; PlantType normalized to allowed groups","month":4,"month_key":"2569-04","day_key":"2026-04-22","TambonN":"หนองทอง","AmphoeN":"ไทรงาม","ProvinceN":"กำแพงเพชร","Maps":"http://maps.google.com/maps?q=16.42554,99.81654"}},{"type":"Feature","geometry":{"type":"Point","coordinates":[99.81818,16.42587]},"properties":{"hs_id":"VI1202604220722w4yvrqjrsh","hsID":"VI1202604220722w4yvrqjrsh","acq_date":"2026-04-22","Date":"2026-04-22","acq_time":"","year_be":2569,"season_be":2569,"dataset_year_be":2569,"province":"กำแพงเพชร","Province":"กำแพงเพชร","__province":"กำแพงเพชร","district":"ไทรงาม","Amphoe":"ไทรงาม","__district":"ไทรงาม","subdistrict":"หนองคล้า","Tambon":"หนองคล้า","__subdistrict":"หนองคล้า","village":"บ้านใหม่เจริญพร","BaanN":"บ้านใหม่เจริญพร","__village":"บ้านใหม่เจริญพร","land_type":"พื้นที่เกษตร","LandType":"พื้นที่เกษตร","plant_type":"นาข้าว","PlantType":"นาข้าว","crop_type":"นาข้าว","crop_type_raw":"นาข้าว","__crop":"นาข้าว","__plant_type":"นาข้าว","confidence":47,"Q":"47","source":"NASA FIRMS Email Alert - Suomi NPP VIIRS","source_file":"2569-7-20 รวม 67-69 เขต 6.xlsx","filter_rule":"Province=กำแพงเพชร; LandType=พื้นที่เกษตร; PlantType normalized to allowed groups","month":4,"month_key":"2569-04","day_key":"2026-04-22","TambonN":"หนองทอง","AmphoeN":"ไทรงาม","ProvinceN":"กำแพงเพชร","Maps":"http://maps.google.com/maps?q=16.42587,99.81818"}},{"type":"Feature","geometry":{"type":"Point","coordinates":[99.82024,16.42593]},"properties":{"hs_id":"VI1202604220722w4yvrqnzup","hsID":"VI1202604220722w4yvrqnzup","acq_date":"2026-04-22","Date":"2026-04-22","acq_time":"","year_be":2569,"season_be":2569,"dataset_year_be":2569,"province":"กำแพงเพชร","Province":"กำแพงเพชร","__province":"กำแพงเพชร","district":"ไทรงาม","Amphoe":"ไทรงาม","__district":"ไทรงาม","subdistrict":"หนองคล้า","Tambon":"หนองคล้า","__subdistrict":"หนองคล้า","village":"บ้านวังโขน","BaanN":"บ้านวังโขน","__village":"บ้านวังโขน","land_type":"พื้นที่เกษตร","LandType":"พื้นที่เกษตร","plant_type":"นาข้าว","PlantType":"นาข้าว","crop_type":"นาข้าว","crop_type_raw":"นาข้าว","__crop":"นาข้าว","__plant_type":"นาข้าว","confidence":47,"Q":"47","source":"NASA FIRMS Email Alert - Suomi NPP VIIRS","source_file":"2569-7-20 รวม 67-69 เขต 6.xlsx","filter_rule":"Province=กำแพงเพชร; LandType=พื้นที่เกษตร; PlantType normalized to allowed groups","month":4,"month_key":"2569-04","day_key":"2026-04-22","TambonN":"หนองคล้า","AmphoeN":"ไทรงาม","ProvinceN":"กำแพงเพชร","Maps":"http://maps.google.com/maps?q=16.42593,99.82024"}},{"type":"Feature","geometry":{"type":"Point","coordinates":[99.64472,16.43425]},"properties":{"hs_id":"VI1202604230701w4yv7rz06q","hsID":"VI1202604230701w4yv7rz06q","acq_date":"2026-04-23","Date":"2026-04-23","acq_time":"","year_be":2569,"season_be":2569,"dataset_year_be":2569,"province":"กำแพงเพชร","Province":"กำแพงเพชร","__province":"กำแพงเพชร","district":"เมืองกำแพงเพชร","Amphoe":"เมืองกำแพงเพชร","__district":"เมืองกำแพงเพชร","subdistrict":"เทพนคร","Tambon":"เทพนคร","__subdistrict":"เทพนคร","village":"บ้านสุกรพันธ์","BaanN":"บ้านสุกรพันธ์","__village":"บ้านสุกรพันธ์","land_type":"พื้นที่เกษตร","LandType":"พื้นที่เกษตร","plant_type":"นาข้าว","PlantType":"นาข้าว","crop_type":"นาข้าว","crop_type_raw":"นาข้าว","__crop":"นาข้าว","__plant_type":"นาข้าว","confidence":47,"Q":"47","source":"NASA FIRMS Email Alert - Suomi NPP VIIRS","source_file":"2569-7-20 รวม 67-69 เขต 6.xlsx","filter_rule":"Province=กำแพงเพชร; LandType=พื้นที่เกษตร; PlantType normalized to allowed groups","month":4,"month_key":"2569-04","day_key":"2026-04-23","TambonN":"เทพนคร","AmphoeN":"เมืองกำแพงเพชร","ProvinceN":"กำแพงเพชร","Maps":"http://maps.google.com/maps?q=16.43425,99.64472"}},{"type":"Feature","geometry":{"type":"Point","coordinates":[99.73524,16.58217]},"properties":{"hs_id":"VI1202604230701w4yymd8yps","hsID":"VI1202604230701w4yymd8yps","acq_date":"2026-04-23","Date":"2026-04-23","acq_time":"","year_be":2569,"season_be":2569,"dataset_year_be":2569,"province":"กำแพงเพชร","Province":"กำแพงเพชร","__province":"กำแพงเพชร","district":"ลานกระบือ","Amphoe":"ลานกระบือ","__district":"ลานกระบือ","subdistrict":"หนองหลวง","Tambon":"หนองหลวง","__subdistrict":"หนองหลวง","village":"บ้านหนองตะเข้","BaanN":"บ้านหนองตะเข้","__village":"บ้านหนองตะเข้","land_type":"พื้นที่เกษตร","LandType":"พื้นที่เกษตร","plant_type":"นาข้าว","PlantType":"นาข้าว","crop_type":"นาข้าว","crop_type_raw":"นาข้าว","__crop":"นาข้าว","__plant_type":"นาข้าว","confidence":47,"Q":"47","source":"NASA FIRMS Email Alert - Suomi NPP VIIRS","source_file":"2569-7-20 รวม 67-69 เขต 6.xlsx","filter_rule":"Province=กำแพงเพชร; LandType=พื้นที่เกษตร; PlantType normalized to allowed groups","month":4,"month_key":"2569-04","day_key":"2026-04-23","TambonN":"เขาคีริส","AmphoeN":"พรานกระต่าย","ProvinceN":"กำแพงเพชร","Maps":"http://maps.google.com/maps?q=16.58217,99.73524"}},{"type":"Feature","geometry":{"type":"Point","coordinates":[99.60254,16.62784]},"properties":{"hs_id":"VI1202604240644w4yyde025q","hsID":"VI1202604240644w4yyde025q","acq_date":"2026-04-24","Date":"2026-04-24","acq_time":"","year_be":2569,"season_be":2569,"dataset_year_be":2569,"province":"กำแพงเพชร","Province":"กำแพงเพชร","__province":"กำแพงเพชร","district":"พรานกระต่าย","Amphoe":"พรานกระต่าย","__district":"พรานกระต่าย","subdistrict":"ถ้ำกระต่ายทอง","Tambon":"ถ้ำกระต่ายทอง","__subdistrict":"ถ้ำกระต่ายทอง","village":"บ้านเขานางทอง","BaanN":"บ้านเขานางทอง","__village":"บ้านเขานางทอง","land_type":"พื้นที่เกษตร","LandType":"พื้นที่เกษตร","plant_type":"นาข้าว","PlantType":"นาข้าว","crop_type":"นาข้าว","crop_type_raw":"นาข้าว","__crop":"นาข้าว","__plant_type":"นาข้าว","confidence":47,"Q":"47","source":"NASA FIRMS Email Alert - Suomi NPP VIIRS","source_file":"2569-7-20 รวม 67-69 เขต 6.xlsx","filter_rule":"Province=กำแพงเพชร; LandType=พื้นที่เกษตร; PlantType normalized to allowed groups","month":4,"month_key":"2569-04","day_key":"2026-04-24","TambonN":"ถ้ำกระต่ายทอง","AmphoeN":"พรานกระต่าย","ProvinceN":"กำแพงเพชร","Maps":"http://maps.google.com/maps?q=16.62784,99.60254"}},{"type":"Feature","geometry":{"type":"Point","coordinates":[99.67814,16.61557]},"properties":{"hs_id":"VI1202604240644w4yys0z2tn","hsID":"VI1202604240644w4yys0z2tn","acq_date":"2026-04-24","Date":"2026-04-24","acq_time":"","year_be":2569,"season_be":2569,"dataset_year_be":2569,"province":"กำแพงเพชร","Province":"กำแพงเพชร","__province":"กำแพงเพชร","district":"พรานกระต่าย","Amphoe":"พรานกระต่าย","__district":"พรานกระต่าย","subdistrict":"เขาคีริส","Tambon":"เขาคีริส","__subdistrict":"เขาคีริส","village":"บ้านทุ่งยาว","BaanN":"บ้านทุ่งยาว","__village":"บ้านทุ่งยาว","land_type":"พื้นที่เกษตร","LandType":"พื้นที่เกษตร","plant_type":"นาข้าว","PlantType":"นาข้าว","crop_type":"นาข้าว","crop_type_raw":"นาข้าว","__crop":"นาข้าว","__plant_type":"นาข้าว","confidence":47,"Q":"47","source":"NASA FIRMS Email Alert - Suomi NPP VIIRS","source_file":"2569-7-20 รวม 67-69 เขต 6.xlsx","filter_rule":"Province=กำแพงเพชร; LandType=พื้นที่เกษตร; PlantType normalized to allowed groups","month":4,"month_key":"2569-04","day_key":"2026-04-24","TambonN":"เขาคีริส","AmphoeN":"พรานกระต่าย","ProvinceN":"กำแพงเพชร","Maps":"http://maps.google.com/maps?q=16.61557,99.67814"}},{"type":"Feature","geometry":{"type":"Point","coordinates":[99.67284,16.27183]},"properties":{"hs_id":"VI1202604260605w4yus45w38","hsID":"VI1202604260605w4yus45w38","acq_date":"2026-04-26","Date":"2026-04-26","acq_time":"","year_be":2569,"season_be":2569,"dataset_year_be":2569,"province":"กำแพงเพชร","Province":"กำแพงเพชร","__province":"กำแพงเพชร","district":"คลองขลุง","Amphoe":"คลองขลุง","__district":"คลองขลุง","subdistrict":"ท่าพุทรา","Tambon":"ท่าพุทรา","__subdistrict":"ท่าพุทรา","village":"บ้านใหม่ถนนโค้ง","BaanN":"บ้านใหม่ถนนโค้ง","__village":"บ้านใหม่ถนนโค้ง","land_type":"พื้นที่เกษตร","LandType":"พื้นที่เกษตร","plant_type":"นาข้าว","PlantType":"นาข้าว","crop_type":"นาข้าว","crop_type_raw":"นาข้าว","__crop":"นาข้าว","__plant_type":"นาข้าว","confidence":47,"Q":"47","source":"NASA FIRMS Email Alert - Suomi NPP VIIRS","source_file":"2569-7-20 รวม 67-69 เขต 6.xlsx","filter_rule":"Province=กำแพงเพชร; LandType=พื้นที่เกษตร; PlantType normalized to allowed groups","month":4,"month_key":"2569-04","day_key":"2026-04-26","TambonN":"ท่าพุทรา","AmphoeN":"คลองขลุง","ProvinceN":"กำแพงเพชร","Maps":"http://maps.google.com/maps?q=16.27183,99.67284"}},{"type":"Feature","geometry":{"type":"Point","coordinates":[99.57331,16.38178]},"properties":{"hs_id":"VI1202604260605w4yv1y5nf3","hsID":"VI1202604260605w4yv1y5nf3","acq_date":"2026-04-26","Date":"2026-04-26","acq_time":"","year_be":2569,"season_be":2569,"dataset_year_be":2569,"province":"กำแพงเพชร","Province":"กำแพงเพชร","__province":"กำแพงเพชร","district":"เมืองกำแพงเพชร","Amphoe":"เมืองกำแพงเพชร","__district":"เมืองกำแพงเพชร","subdistrict":"เทพนคร","Tambon":"เทพนคร","__subdistrict":"เทพนคร","village":"บ้านเทพนคร","BaanN":"บ้านเทพนคร","__village":"บ้านเทพนคร","land_type":"พื้นที่เกษตร","LandType":"พื้นที่เกษตร","plant_type":"นาข้าว","PlantType":"นาข้าว","crop_type":"นาข้าว","crop_type_raw":"นาข้าว","__crop":"นาข้าว","__plant_type":"นาข้าว","confidence":47,"Q":"47","source":"NASA FIRMS Email Alert - Suomi NPP VIIRS","source_file":"2569-7-20 รวม 67-69 เขต 6.xlsx","filter_rule":"Province=กำแพงเพชร; LandType=พื้นที่เกษตร; PlantType normalized to allowed groups","month":4,"month_key":"2569-04","day_key":"2026-04-26","TambonN":"เทพนคร","AmphoeN":"เมืองกำแพงเพชร","ProvinceN":"กำแพงเพชร","Maps":"http://maps.google.com/maps?q=16.38178,99.57331"}},{"type":"Feature","geometry":{"type":"Point","coordinates":[99.6467,16.65607]},"properties":{"hs_id":"VI1202604260605w4yyg80s8k","hsID":"VI1202604260605w4yyg80s8k","acq_date":"2026-04-26","Date":"2026-04-26","acq_time":"","year_be":2569,"season_be":2569,"dataset_year_be":2569,"province":"กำแพงเพชร","Province":"กำแพงเพชร","__province":"กำแพงเพชร","district":"พรานกระต่าย","Amphoe":"พรานกระต่าย","__district":"พรานกระต่าย","subdistrict":"คุยบ้านโอง","Tambon":"คุยบ้านโอง","__subdistrict":"คุยบ้านโอง","village":"บ้านคุยบ้านโอง","BaanN":"บ้านคุยบ้านโอง","__village":"บ้านคุยบ้านโอง","land_type":"พื้นที่เกษตร","LandType":"พื้นที่เกษตร","plant_type":"นาข้าว","PlantType":"นาข้าว","crop_type":"นาข้าว","crop_type_raw":"นาข้าว","__crop":"นาข้าว","__plant_type":"นาข้าว","confidence":47,"Q":"47","source":"NASA FIRMS Email Alert - Suomi NPP VIIRS","source_file":"2569-7-20 รวม 67-69 เขต 6.xlsx","filter_rule":"Province=กำแพงเพชร; LandType=พื้นที่เกษตร; PlantType normalized to allowed groups","month":4,"month_key":"2569-04","day_key":"2026-04-26","TambonN":"คุยบ้านโอง","AmphoeN":"พรานกระต่าย","ProvinceN":"กำแพงเพชร","Maps":"http://maps.google.com/maps?q=16.65607,99.6467"}},{"type":"Feature","geometry":{"type":"Point","coordinates":[99.75225,15.95434]},"properties":{"hs_id":"VI1202604261838w4yfvbmkgb","hsID":"VI1202604261838w4yfvbmkgb","acq_date":"2026-04-27","Date":"2026-04-27","acq_time":"","year_be":2569,"season_be":2569,"dataset_year_be":2569,"province":"กำแพงเพชร","Province":"กำแพงเพชร","__province":"กำแพงเพชร","district":"ขาณุวรลักษบุรี","Amphoe":"ขาณุวรลักษบุรี","__district":"ขาณุวรลักษบุรี","subdistrict":"บ่อถ้ำ","Tambon":"บ่อถ้ำ","__subdistrict":"บ่อถ้ำ","village":"บ้านบ่อถ้ำ","BaanN":"บ้านบ่อถ้ำ","__village":"บ้านบ่อถ้ำ","land_type":"พื้นที่เกษตร","LandType":"พื้นที่เกษตร","plant_type":"นาข้าว","PlantType":"นาข้าว","crop_type":"นาข้าว","crop_type_raw":"นาข้าว","__crop":"นาข้าว","__plant_type":"นาข้าว","confidence":47,"Q":"47","source":"NASA FIRMS Email Alert - Suomi NPP VIIRS","source_file":"2569-7-20 รวม 67-69 เขต 6.xlsx","filter_rule":"Province=กำแพงเพชร; LandType=พื้นที่เกษตร; PlantType normalized to allowed groups","month":4,"month_key":"2569-04","day_key":"2026-04-27","TambonN":"บ่อถ้ำ","AmphoeN":"ขาณุวรลักษบุรี","ProvinceN":"กำแพงเพชร","Maps":"http://maps.google.com/maps?q=15.95434,99.75225"}},{"type":"Feature","geometry":{"type":"Point","coordinates":[99.80174,16.33715]},"properties":{"hs_id":"VI1202604270729w4yuzn16v1","hsID":"VI1202604270729w4yuzn16v1","acq_date":"2026-04-27","Date":"2026-04-27","acq_time":"","year_be":2569,"season_be":2569,"dataset_year_be":2569,"province":"กำแพงเพชร","Province":"กำแพงเพชร","__province":"กำแพงเพชร","district":"ทรายทองวัฒนา","Amphoe":"ทรายทองวัฒนา","__district":"ทรายทองวัฒนา","subdistrict":"ทุ่งทราย","Tambon":"ทุ่งทราย","__subdistrict":"ทุ่งทราย","village":"บ้านหนองไผ่","BaanN":"บ้านหนองไผ่","__village":"บ้านหนองไผ่","land_type":"พื้นที่เกษตร","LandType":"พื้นที่เกษตร","plant_type":"นาข้าว","PlantType":"นาข้าว","crop_type":"นาข้าว","crop_type_raw":"นาข้าว","__crop":"นาข้าว","__plant_type":"นาข้าว","confidence":47,"Q":"47","source":"NASA FIRMS Email Alert - Suomi NPP VIIRS","source_file":"2569-7-20 รวม 67-69 เขต 6.xlsx","filter_rule":"Province=กำแพงเพชร; LandType=พื้นที่เกษตร; PlantType normalized to allowed groups","month":4,"month_key":"2569-04","day_key":"2026-04-27","TambonN":"ทุ่งทราย","AmphoeN":"ทรายทองวัฒนา","ProvinceN":"กำแพงเพชร","Maps":"http://maps.google.com/maps?q=16.33715,99.80174"}},{"type":"Feature","geometry":{"type":"Point","coordinates":[99.78279,16.46597]},"properties":{"hs_id":"VI1202604270729w4yvwte95x","hsID":"VI1202604270729w4yvwte95x","acq_date":"2026-04-27","Date":"2026-04-27","acq_time":"","year_be":2569,"season_be":2569,"dataset_year_be":2569,"province":"กำแพงเพชร","Province":"กำแพงเพชร","__province":"กำแพงเพชร","district":"ไทรงาม","Amphoe":"ไทรงาม","__district":"ไทรงาม","subdistrict":"หนองคล้า","Tambon":"หนองคล้า","__subdistrict":"หนองคล้า","village":"บ้านแม่บัว","BaanN":"บ้านแม่บัว","__village":"บ้านแม่บัว","land_type":"พื้นที่เกษตร","LandType":"พื้นที่เกษตร","plant_type":"นาข้าว","PlantType":"นาข้าว","crop_type":"นาข้าว","crop_type_raw":"นาข้าว","__crop":"นาข้าว","__plant_type":"นาข้าว","confidence":47,"Q":"47","source":"NASA FIRMS Email Alert - Suomi NPP VIIRS","source_file":"2569-7-20 รวม 67-69 เขต 6.xlsx","filter_rule":"Province=กำแพงเพชร; LandType=พื้นที่เกษตร; PlantType normalized to allowed groups","month":4,"month_key":"2569-04","day_key":"2026-04-27","TambonN":"หนองคล้า","AmphoeN":"ไทรงาม","ProvinceN":"กำแพงเพชร","Maps":"http://maps.google.com/maps?q=16.46597,99.78279"}},{"type":"Feature","geometry":{"type":"Point","coordinates":[99.7742,15.9896]},"properties":{"hs_id":"VI1202605010614w4yfyqv65m","hsID":"VI1202605010614w4yfyqv65m","acq_date":"2026-05-01","Date":"2026-05-01","acq_time":"","year_be":2569,"season_be":2569,"dataset_year_be":2569,"province":"กำแพงเพชร","Province":"กำแพงเพชร","__province":"กำแพงเพชร","district":"ขาณุวรลักษบุรี","Amphoe":"ขาณุวรลักษบุรี","__district":"ขาณุวรลักษบุรี","subdistrict":"สลกบาตร","Tambon":"สลกบาตร","__subdistrict":"สลกบาตร","village":"บ้านโนนตะคร้อ","BaanN":"บ้านโนนตะคร้อ","__village":"บ้านโนนตะคร้อ","land_type":"พื้นที่เกษตร","LandType":"พื้นที่เกษตร","plant_type":"นาข้าว","PlantType":"นาข้าว","crop_type":"นาข้าว","crop_type_raw":"นาข้าว","__crop":"นาข้าว","__plant_type":"นาข้าว","confidence":47,"Q":"47","source":"NASA FIRMS Email Alert - Suomi NPP VIIRS","source_file":"2569-7-20 รวม 67-69 เขต 6.xlsx","filter_rule":"Province=กำแพงเพชร; LandType=พื้นที่เกษตร; PlantType normalized to allowed groups","month":5,"month_key":"2569-05","day_key":"2026-05-01","TambonN":"สลกบาตร","AmphoeN":"ขาณุวรลักษบุรี","ProvinceN":"กำแพงเพชร","Maps":"http://maps.google.com/maps?q=15.9896,99.7742"}},{"type":"Feature","geometry":{"type":"Point","coordinates":[99.77853,15.99537]},"properties":{"hs_id":"VI1202605010614w4yfyxbeb3","hsID":"VI1202605010614w4yfyxbeb3","acq_date":"2026-05-01","Date":"2026-05-01","acq_time":"","year_be":2569,"season_be":2569,"dataset_year_be":2569,"province":"กำแพงเพชร","Province":"กำแพงเพชร","__province":"กำแพงเพชร","district":"ขาณุวรลักษบุรี","Amphoe":"ขาณุวรลักษบุรี","__district":"ขาณุวรลักษบุรี","subdistrict":"สลกบาตร","Tambon":"สลกบาตร","__subdistrict":"สลกบาตร","village":"บ้านโนนตะคร้อ","BaanN":"บ้านโนนตะคร้อ","__village":"บ้านโนนตะคร้อ","land_type":"พื้นที่เกษตร","LandType":"พื้นที่เกษตร","plant_type":"นาข้าว","PlantType":"นาข้าว","crop_type":"นาข้าว","crop_type_raw":"นาข้าว","__crop":"นาข้าว","__plant_type":"นาข้าว","confidence":47,"Q":"47","source":"NASA FIRMS Email Alert - Suomi NPP VIIRS","source_file":"2569-7-20 รวม 67-69 เขต 6.xlsx","filter_rule":"Province=กำแพงเพชร; LandType=พื้นที่เกษตร; PlantType normalized to allowed groups","month":5,"month_key":"2569-05","day_key":"2026-05-01","TambonN":"สลกบาตร","AmphoeN":"ขาณุวรลักษบุรี","ProvinceN":"กำแพงเพชร","Maps":"http://maps.google.com/maps?q=15.99537,99.77853"}},{"type":"Feature","geometry":{"type":"Point","coordinates":[99.83155,15.99086]},"properties":{"hs_id":"VI1202605010614w4yfzxp1e8","hsID":"VI1202605010614w4yfzxp1e8","acq_date":"2026-05-01","Date":"2026-05-01","acq_time":"","year_be":2569,"season_be":2569,"dataset_year_be":2569,"province":"กำแพงเพชร","Province":"กำแพงเพชร","__province":"กำแพงเพชร","district":"ขาณุวรลักษบุรี","Amphoe":"ขาณุวรลักษบุรี","__district":"ขาณุวรลักษบุรี","subdistrict":"สลกบาตร","Tambon":"สลกบาตร","__subdistrict":"สลกบาตร","village":"บ้านโนนปอแดง","BaanN":"บ้านโนนปอแดง","__village":"บ้านโนนปอแดง","land_type":"พื้นที่เกษตร","LandType":"พื้นที่เกษตร","plant_type":"นาข้าว","PlantType":"นาข้าว","crop_type":"นาข้าว","crop_type_raw":"นาข้าว","__crop":"นาข้าว","__plant_type":"นาข้าว","confidence":47,"Q":"47","source":"NASA FIRMS Email Alert - Suomi NPP VIIRS","source_file":"2569-7-20 รวม 67-69 เขต 6.xlsx","filter_rule":"Province=กำแพงเพชร; LandType=พื้นที่เกษตร; PlantType normalized to allowed groups","month":5,"month_key":"2569-05","day_key":"2026-05-01","TambonN":"สลกบาตร","AmphoeN":"ขาณุวรลักษบุรี","ProvinceN":"กำแพงเพชร","Maps":"http://maps.google.com/maps?q=15.99086,99.83155"}},{"type":"Feature","geometry":{"type":"Point","coordinates":[99.80105,16.01942]},"properties":{"hs_id":"VI1202605010614w4ygph0zvh","hsID":"VI1202605010614w4ygph0zvh","acq_date":"2026-05-01","Date":"2026-05-01","acq_time":"","year_be":2569,"season_be":2569,"dataset_year_be":2569,"province":"กำแพงเพชร","Province":"กำแพงเพชร","__province":"กำแพงเพชร","district":"ขาณุวรลักษบุรี","Amphoe":"ขาณุวรลักษบุรี","__district":"ขาณุวรลักษบุรี","subdistrict":"สลกบาตร","Tambon":"สลกบาตร","__subdistrict":"สลกบาตร","village":"บ้านดอนงา","BaanN":"บ้านดอนงา","__village":"บ้านดอนงา","land_type":"พื้นที่เกษตร","LandType":"พื้นที่เกษตร","plant_type":"นาข้าว","PlantType":"นาข้าว","crop_type":"นาข้าว","crop_type_raw":"นาข้าว","__crop":"นาข้าว","__plant_type":"นาข้าว","confidence":47,"Q":"47","source":"NASA FIRMS Email Alert - Suomi NPP VIIRS","source_file":"2569-7-20 รวม 67-69 เขต 6.xlsx","filter_rule":"Province=กำแพงเพชร; LandType=พื้นที่เกษตร; PlantType normalized to allowed groups","month":5,"month_key":"2569-05","day_key":"2026-05-01","TambonN":"ดอนแตง","AmphoeN":"ขาณุวรลักษบุรี","ProvinceN":"กำแพงเพชร","Maps":"http://maps.google.com/maps?q=16.01942,99.80105"}},{"type":"Feature","geometry":{"type":"Point","coordinates":[99.76886,16.06293]},"properties":{"hs_id":"VI1202605010614w4ygqk1mqg","hsID":"VI1202605010614w4ygqk1mqg","acq_date":"2026-05-01","Date":"2026-05-01","acq_time":"","year_be":2569,"season_be":2569,"dataset_year_be":2569,"province":"กำแพงเพชร","Province":"กำแพงเพชร","__province":"กำแพงเพชร","district":"ขาณุวรลักษบุรี","Amphoe":"ขาณุวรลักษบุรี","__district":"ขาณุวรลักษบุรี","subdistrict":"ดอนแตง","Tambon":"ดอนแตง","__subdistrict":"ดอนแตง","village":"บ้านมาบกระทุ่ม","BaanN":"บ้านมาบกระทุ่ม","__village":"บ้านมาบกระทุ่ม","land_type":"พื้นที่เกษตร","LandType":"พื้นที่เกษตร","plant_type":"นาข้าว","PlantType":"นาข้าว","crop_type":"นาข้าว","crop_type_raw":"นาข้าว","__crop":"นาข้าว","__plant_type":"นาข้าว","confidence":47,"Q":"47","source":"NASA FIRMS Email Alert - Suomi NPP VIIRS","source_file":"2569-7-20 รวม 67-69 เขต 6.xlsx","filter_rule":"Province=กำแพงเพชร; LandType=พื้นที่เกษตร; PlantType normalized to allowed groups","month":5,"month_key":"2569-05","day_key":"2026-05-01","TambonN":"เกาะตาล","AmphoeN":"ขาณุวรลักษบุรี","ProvinceN":"กำแพงเพชร","Maps":"http://maps.google.com/maps?q=16.06293,99.76886"}},{"type":"Feature","geometry":{"type":"Point","coordinates":[99.77035,16.06276]},"properties":{"hs_id":"VI1202605010614w4ygqk4s3e","hsID":"VI1202605010614w4ygqk4s3e","acq_date":"2026-05-01","Date":"2026-05-01","acq_time":"","year_be":2569,"season_be":2569,"dataset_year_be":2569,"province":"กำแพงเพชร","Province":"กำแพงเพชร","__province":"กำแพงเพชร","district":"ขาณุวรลักษบุรี","Amphoe":"ขาณุวรลักษบุรี","__district":"ขาณุวรลักษบุรี","subdistrict":"ดอนแตง","Tambon":"ดอนแตง","__subdistrict":"ดอนแตง","village":"บ้านมาบกระทุ่ม","BaanN":"บ้านมาบกระทุ่ม","__village":"บ้านมาบกระทุ่ม","land_type":"พื้นที่เกษตร","LandType":"พื้นที่เกษตร","plant_type":"นาข้าว","PlantType":"นาข้าว","crop_type":"นาข้าว","crop_type_raw":"นาข้าว","__crop":"นาข้าว","__plant_type":"นาข้าว","confidence":47,"Q":"47","source":"NASA FIRMS Email Alert - Suomi NPP VIIRS","source_file":"2569-7-20 รวม 67-69 เขต 6.xlsx","filter_rule":"Province=กำแพงเพชร; LandType=พื้นที่เกษตร; PlantType normalized to allowed groups","month":5,"month_key":"2569-05","day_key":"2026-05-01","TambonN":"เกาะตาล","AmphoeN":"ขาณุวรลักษบุรี","ProvinceN":"กำแพงเพชร","Maps":"http://maps.google.com/maps?q=16.06276,99.77035"}},{"type":"Feature","geometry":{"type":"Point","coordinates":[99.77413,16.06397]},"properties":{"hs_id":"VI1202605010614w4ygqkm73t","hsID":"VI1202605010614w4ygqkm73t","acq_date":"2026-05-01","Date":"2026-05-01","acq_time":"","year_be":2569,"season_be":2569,"dataset_year_be":2569,"province":"กำแพงเพชร","Province":"กำแพงเพชร","__province":"กำแพงเพชร","district":"ขาณุวรลักษบุรี","Amphoe":"ขาณุวรลักษบุรี","__district":"ขาณุวรลักษบุรี","subdistrict":"ดอนแตง","Tambon":"ดอนแตง","__subdistrict":"ดอนแตง","village":"บ้านมาบกระทุ่ม","BaanN":"บ้านมาบกระทุ่ม","__village":"บ้านมาบกระทุ่ม","land_type":"พื้นที่เกษตร","LandType":"พื้นที่เกษตร","plant_type":"นาข้าว","PlantType":"นาข้าว","crop_type":"นาข้าว","crop_type_raw":"นาข้าว","__crop":"นาข้าว","__plant_type":"นาข้าว","confidence":47,"Q":"47","source":"NASA FIRMS Email Alert - Suomi NPP VIIRS","source_file":"2569-7-20 รวม 67-69 เขต 6.xlsx","filter_rule":"Province=กำแพงเพชร; LandType=พื้นที่เกษตร; PlantType normalized to allowed groups","month":5,"month_key":"2569-05","day_key":"2026-05-01","TambonN":"เกาะตาล","AmphoeN":"ขาณุวรลักษบุรี","ProvinceN":"กำแพงเพชร","Maps":"http://maps.google.com/maps?q=16.06397,99.77413"}},{"type":"Feature","geometry":{"type":"Point","coordinates":[99.77563,16.06376]},"properties":{"hs_id":"VI1202605010614w4ygqkq6ht","hsID":"VI1202605010614w4ygqkq6ht","acq_date":"2026-05-01","Date":"2026-05-01","acq_time":"","year_be":2569,"season_be":2569,"dataset_year_be":2569,"province":"กำแพงเพชร","Province":"กำแพงเพชร","__province":"กำแพงเพชร","district":"ขาณุวรลักษบุรี","Amphoe":"ขาณุวรลักษบุรี","__district":"ขาณุวรลักษบุรี","subdistrict":"ดอนแตง","Tambon":"ดอนแตง","__subdistrict":"ดอนแตง","village":"บ้านมาบกระทุ่ม","BaanN":"บ้านมาบกระทุ่ม","__village":"บ้านมาบกระทุ่ม","land_type":"พื้นที่เกษตร","LandType":"พื้นที่เกษตร","plant_type":"นาข้าว","PlantType":"นาข้าว","crop_type":"นาข้าว","crop_type_raw":"นาข้าว","__crop":"นาข้าว","__plant_type":"นาข้าว","confidence":47,"Q":"47","source":"NASA FIRMS Email Alert - Suomi NPP VIIRS","source_file":"2569-7-20 รวม 67-69 เขต 6.xlsx","filter_rule":"Province=กำแพงเพชร; LandType=พื้นที่เกษตร; PlantType normalized to allowed groups","month":5,"month_key":"2569-05","day_key":"2026-05-01","TambonN":"เกาะตาล","AmphoeN":"ขาณุวรลักษบุรี","ProvinceN":"กำแพงเพชร","Maps":"http://maps.google.com/maps?q=16.06376,99.77563"}},{"type":"Feature","geometry":{"type":"Point","coordinates":[99.78993,16.06709]},"properties":{"hs_id":"VI1202605010614w4ygqubv9f","hsID":"VI1202605010614w4ygqubv9f","acq_date":"2026-05-01","Date":"2026-05-01","acq_time":"","year_be":2569,"season_be":2569,"dataset_year_be":2569,"province":"กำแพงเพชร","Province":"กำแพงเพชร","__province":"กำแพงเพชร","district":"ขาณุวรลักษบุรี","Amphoe":"ขาณุวรลักษบุรี","__district":"ขาณุวรลักษบุรี","subdistrict":"ดอนแตง","Tambon":"ดอนแตง","__subdistrict":"ดอนแตง","village":"บ้านดอนขวาง","BaanN":"บ้านดอนขวาง","__village":"บ้านดอนขวาง","land_type":"พื้นที่เกษตร","LandType":"พื้นที่เกษตร","plant_type":"นาข้าว","PlantType":"นาข้าว","crop_type":"นาข้าว","crop_type_raw":"นาข้าว","__crop":"นาข้าว","__plant_type":"นาข้าว","confidence":47,"Q":"47","source":"NASA FIRMS Email Alert - Suomi NPP VIIRS","source_file":"2569-7-20 รวม 67-69 เขต 6.xlsx","filter_rule":"Province=กำแพงเพชร; LandType=พื้นที่เกษตร; PlantType normalized to allowed groups","month":5,"month_key":"2569-05","day_key":"2026-05-01","TambonN":"เกาะตาล","AmphoeN":"ขาณุวรลักษบุรี","ProvinceN":"กำแพงเพชร","Maps":"http://maps.google.com/maps?q=16.06709,99.78993"}},{"type":"Feature","geometry":{"type":"Point","coordinates":[99.79146,16.06676]},"properties":{"hs_id":"VI1202605010614w4ygqucgtt","hsID":"VI1202605010614w4ygqucgtt","acq_date":"2026-05-01","Date":"2026-05-01","acq_time":"","year_be":2569,"season_be":2569,"dataset_year_be":2569,"province":"กำแพงเพชร","Province":"กำแพงเพชร","__province":"กำแพงเพชร","district":"ขาณุวรลักษบุรี","Amphoe":"ขาณุวรลักษบุรี","__district":"ขาณุวรลักษบุรี","subdistrict":"ดอนแตง","Tambon":"ดอนแตง","__subdistrict":"ดอนแตง","village":"บ้านใหม่","BaanN":"บ้านใหม่","__village":"บ้านใหม่","land_type":"พื้นที่เกษตร","LandType":"พื้นที่เกษตร","plant_type":"นาข้าว","PlantType":"นาข้าว","crop_type":"นาข้าว","crop_type_raw":"นาข้าว","__crop":"นาข้าว","__plant_type":"นาข้าว","confidence":47,"Q":"47","source":"NASA FIRMS Email Alert - Suomi NPP VIIRS","source_file":"2569-7-20 รวม 67-69 เขต 6.xlsx","filter_rule":"Province=กำแพงเพชร; LandType=พื้นที่เกษตร; PlantType normalized to allowed groups","month":5,"month_key":"2569-05","day_key":"2026-05-01","TambonN":"เกาะตาล","AmphoeN":"ขาณุวรลักษบุรี","ProvinceN":"กำแพงเพชร","Maps":"http://maps.google.com/maps?q=16.06676,99.79146"}},{"type":"Feature","geometry":{"type":"Point","coordinates":[99.78331,16.07996]},"properties":{"hs_id":"VI1202605010614w4ygqx7bx9","hsID":"VI1202605010614w4ygqx7bx9","acq_date":"2026-05-01","Date":"2026-05-01","acq_time":"","year_be":2569,"season_be":2569,"dataset_year_be":2569,"province":"กำแพงเพชร","Province":"กำแพงเพชร","__province":"กำแพงเพชร","district":"ขาณุวรลักษบุรี","Amphoe":"ขาณุวรลักษบุรี","__district":"ขาณุวรลักษบุรี","subdistrict":"เกาะตาล","Tambon":"เกาะตาล","__subdistrict":"เกาะตาล","village":"บ้านดอนขวาง","BaanN":"บ้านดอนขวาง","__village":"บ้านดอนขวาง","land_type":"พื้นที่เกษตร","LandType":"พื้นที่เกษตร","plant_type":"นาข้าว","PlantType":"นาข้าว","crop_type":"นาข้าว","crop_type_raw":"นาข้าว","__crop":"นาข้าว","__plant_type":"นาข้าว","confidence":47,"Q":"47","source":"NASA FIRMS Email Alert - Suomi NPP VIIRS","source_file":"2569-7-20 รวม 67-69 เขต 6.xlsx","filter_rule":"Province=กำแพงเพชร; LandType=พื้นที่เกษตร; PlantType normalized to allowed groups","month":5,"month_key":"2569-05","day_key":"2026-05-01","TambonN":"เกาะตาล","AmphoeN":"ขาณุวรลักษบุรี","ProvinceN":"กำแพงเพชร","Maps":"http://maps.google.com/maps?q=16.07996,99.78331"}},{"type":"Feature","geometry":{"type":"Point","coordinates":[99.78708,16.08128]},"properties":{"hs_id":"VI1202605010614w4ygqxw8pr","hsID":"VI1202605010614w4ygqxw8pr","acq_date":"2026-05-01","Date":"2026-05-01","acq_time":"","year_be":2569,"season_be":2569,"dataset_year_be":2569,"province":"กำแพงเพชร","Province":"กำแพงเพชร","__province":"กำแพงเพชร","district":"ขาณุวรลักษบุรี","Amphoe":"ขาณุวรลักษบุรี","__district":"ขาณุวรลักษบุรี","subdistrict":"เกาะตาล","Tambon":"เกาะตาล","__subdistrict":"เกาะตาล","village":"บ้านดอนขวาง","BaanN":"บ้านดอนขวาง","__village":"บ้านดอนขวาง","land_type":"พื้นที่เกษตร","LandType":"พื้นที่เกษตร","plant_type":"นาข้าว","PlantType":"นาข้าว","crop_type":"นาข้าว","crop_type_raw":"นาข้าว","__crop":"นาข้าว","__plant_type":"นาข้าว","confidence":47,"Q":"47","source":"NASA FIRMS Email Alert - Suomi NPP VIIRS","source_file":"2569-7-20 รวม 67-69 เขต 6.xlsx","filter_rule":"Province=กำแพงเพชร; LandType=พื้นที่เกษตร; PlantType normalized to allowed groups","month":5,"month_key":"2569-05","day_key":"2026-05-01","TambonN":"เกาะตาล","AmphoeN":"ขาณุวรลักษบุรี","ProvinceN":"กำแพงเพชร","Maps":"http://maps.google.com/maps?q=16.08128,99.78708"}},{"type":"Feature","geometry":{"type":"Point","coordinates":[99.81441,16.06129]},"properties":{"hs_id":"VI1202605010614w4ygr7feu3","hsID":"VI1202605010614w4ygr7feu3","acq_date":"2026-05-01","Date":"2026-05-01","acq_time":"","year_be":2569,"season_be":2569,"dataset_year_be":2569,"province":"กำแพงเพชร","Province":"กำแพงเพชร","__province":"กำแพงเพชร","district":"ขาณุวรลักษบุรี","Amphoe":"ขาณุวรลักษบุรี","__district":"ขาณุวรลักษบุรี","subdistrict":"แสนตอ","Tambon":"แสนตอ","__subdistrict":"แสนตอ","village":"บ้านใหม่","BaanN":"บ้านใหม่","__village":"บ้านใหม่","land_type":"พื้นที่เกษตร","LandType":"พื้นที่เกษตร","plant_type":"นาข้าว","PlantType":"นาข้าว","crop_type":"นาข้าว","crop_type_raw":"นาข้าว","__crop":"นาข้าว","__plant_type":"นาข้าว","confidence":47,"Q":"47","source":"NASA FIRMS Email Alert - Suomi NPP VIIRS","source_file":"2569-7-20 รวม 67-69 เขต 6.xlsx","filter_rule":"Province=กำแพงเพชร; LandType=พื้นที่เกษตร; PlantType normalized to allowed groups","month":5,"month_key":"2569-05","day_key":"2026-05-01","TambonN":"เกาะตาล","AmphoeN":"ขาณุวรลักษบุรี","ProvinceN":"กำแพงเพชร","Maps":"http://maps.google.com/maps?q=16.06129,99.81441"}},{"type":"Feature","geometry":{"type":"Point","coordinates":[99.83205,16.05483]},"properties":{"hs_id":"VI1202605010614w4ygrdxqpm","hsID":"VI1202605010614w4ygrdxqpm","acq_date":"2026-05-01","Date":"2026-05-01","acq_time":"","year_be":2569,"season_be":2569,"dataset_year_be":2569,"province":"กำแพงเพชร","Province":"กำแพงเพชร","__province":"กำแพงเพชร","district":"ขาณุวรลักษบุรี","Amphoe":"ขาณุวรลักษบุรี","__district":"ขาณุวรลักษบุรี","subdistrict":"แสนตอ","Tambon":"แสนตอ","__subdistrict":"แสนตอ","village":"บ้านโนนม่วง, บ้านโนนบ้าน","BaanN":"บ้านโนนม่วง, บ้านโนนบ้าน","__village":"บ้านโนนม่วง, บ้านโนนบ้าน","land_type":"พื้นที่เกษตร","LandType":"พื้นที่เกษตร","plant_type":"นาข้าว","PlantType":"นาข้าว","crop_type":"นาข้าว","crop_type_raw":"นาข้าว","__crop":"นาข้าว","__plant_type":"นาข้าว","confidence":47,"Q":"47","source":"NASA FIRMS Email Alert - Suomi NPP VIIRS","source_file":"2569-7-20 รวม 67-69 เขต 6.xlsx","filter_rule":"Province=กำแพงเพชร; LandType=พื้นที่เกษตร; PlantType normalized to allowed groups","month":5,"month_key":"2569-05","day_key":"2026-05-01","TambonN":"แสนตอ","AmphoeN":"ขาณุวรลักษบุรี","ProvinceN":"กำแพงเพชร","Maps":"http://maps.google.com/maps?q=16.05483,99.83205"}},{"type":"Feature","geometry":{"type":"Point","coordinates":[99.83109,16.05955]},"properties":{"hs_id":"VI1202605010614w4ygrewc9j","hsID":"VI1202605010614w4ygrewc9j","acq_date":"2026-05-01","Date":"2026-05-01","acq_time":"","year_be":2569,"season_be":2569,"dataset_year_be":2569,"province":"กำแพงเพชร","Province":"กำแพงเพชร","__province":"กำแพงเพชร","district":"ขาณุวรลักษบุรี","Amphoe":"ขาณุวรลักษบุรี","__district":"ขาณุวรลักษบุรี","subdistrict":"แสนตอ","Tambon":"แสนตอ","__subdistrict":"แสนตอ","village":"บ้านโนนม่วง, บ้านโนนบ้าน","BaanN":"บ้านโนนม่วง, บ้านโนนบ้าน","__village":"บ้านโนนม่วง, บ้านโนนบ้าน","land_type":"พื้นที่เกษตร","LandType":"พื้นที่เกษตร","plant_type":"นาข้าว","PlantType":"นาข้าว","crop_type":"นาข้าว","crop_type_raw":"นาข้าว","__crop":"นาข้าว","__plant_type":"นาข้าว","confidence":47,"Q":"47","source":"NASA FIRMS Email Alert - Suomi NPP VIIRS","source_file":"2569-7-20 รวม 67-69 เขต 6.xlsx","filter_rule":"Province=กำแพงเพชร; LandType=พื้นที่เกษตร; PlantType normalized to allowed groups","month":5,"month_key":"2569-05","day_key":"2026-05-01","TambonN":"แสนตอ","AmphoeN":"ขาณุวรลักษบุรี","ProvinceN":"กำแพงเพชร","Maps":"http://maps.google.com/maps?q=16.05955,99.83109"}},{"type":"Feature","geometry":{"type":"Point","coordinates":[99.83728,16.05583]},"properties":{"hs_id":"VI1202605010614w4ygrfg7cp","hsID":"VI1202605010614w4ygrfg7cp","acq_date":"2026-05-01","Date":"2026-05-01","acq_time":"","year_be":2569,"season_be":2569,"dataset_year_be":2569,"province":"กำแพงเพชร","Province":"กำแพงเพชร","__province":"กำแพงเพชร","district":"ขาณุวรลักษบุรี","Amphoe":"ขาณุวรลักษบุรี","__district":"ขาณุวรลักษบุรี","subdistrict":"แสนตอ","Tambon":"แสนตอ","__subdistrict":"แสนตอ","village":"บ้านแสนตอ","BaanN":"บ้านแสนตอ","__village":"บ้านแสนตอ","land_type":"พื้นที่เกษตร","LandType":"พื้นที่เกษตร","plant_type":"นาข้าว","PlantType":"นาข้าว","crop_type":"นาข้าว","crop_type_raw":"นาข้าว","__crop":"นาข้าว","__plant_type":"นาข้าว","confidence":47,"Q":"47","source":"NASA FIRMS Email Alert - Suomi NPP VIIRS","source_file":"2569-7-20 รวม 67-69 เขต 6.xlsx","filter_rule":"Province=กำแพงเพชร; LandType=พื้นที่เกษตร; PlantType normalized to allowed groups","month":5,"month_key":"2569-05","day_key":"2026-05-01","TambonN":"แสนตอ","AmphoeN":"ขาณุวรลักษบุรี","ProvinceN":"กำแพงเพชร","Maps":"http://maps.google.com/maps?q=16.05583,99.83728"}},{"type":"Feature","geometry":{"type":"Point","coordinates":[99.83632,16.06055]},"properties":{"hs_id":"VI1202605010614w4ygrgdx6z","hsID":"VI1202605010614w4ygrgdx6z","acq_date":"2026-05-01","Date":"2026-05-01","acq_time":"","year_be":2569,"season_be":2569,"dataset_year_be":2569,"province":"กำแพงเพชร","Province":"กำแพงเพชร","__province":"กำแพงเพชร","district":"ขาณุวรลักษบุรี","Amphoe":"ขาณุวรลักษบุรี","__district":"ขาณุวรลักษบุรี","subdistrict":"แสนตอ","Tambon":"แสนตอ","__subdistrict":"แสนตอ","village":"บ้านแสนตอ","BaanN":"บ้านแสนตอ","__village":"บ้านแสนตอ","land_type":"พื้นที่เกษตร","LandType":"พื้นที่เกษตร","plant_type":"นาข้าว","PlantType":"นาข้าว","crop_type":"นาข้าว","crop_type_raw":"นาข้าว","__crop":"นาข้าว","__plant_type":"นาข้าว","confidence":47,"Q":"47","source":"NASA FIRMS Email Alert - Suomi NPP VIIRS","source_file":"2569-7-20 รวม 67-69 เขต 6.xlsx","filter_rule":"Province=กำแพงเพชร; LandType=พื้นที่เกษตร; PlantType normalized to allowed groups","month":5,"month_key":"2569-05","day_key":"2026-05-01","TambonN":"แสนตอ","AmphoeN":"ขาณุวรลักษบุรี","ProvinceN":"กำแพงเพชร","Maps":"http://maps.google.com/maps?q=16.06055,99.83632"}},{"type":"Feature","geometry":{"type":"Point","coordinates":[99.84252,16.05683]},"properties":{"hs_id":"VI1202605010614w4ygrgp1g6","hsID":"VI1202605010614w4ygrgp1g6","acq_date":"2026-05-01","Date":"2026-05-01","acq_time":"","year_be":2569,"season_be":2569,"dataset_year_be":2569,"province":"กำแพงเพชร","Province":"กำแพงเพชร","__province":"กำแพงเพชร","district":"ขาณุวรลักษบุรี","Amphoe":"ขาณุวรลักษบุรี","__district":"ขาณุวรลักษบุรี","subdistrict":"แสนตอ","Tambon":"แสนตอ","__subdistrict":"แสนตอ","village":"บ้านแสนตอ","BaanN":"บ้านแสนตอ","__village":"บ้านแสนตอ","land_type":"พื้นที่เกษตร","LandType":"พื้นที่เกษตร","plant_type":"นาข้าว","PlantType":"นาข้าว","crop_type":"นาข้าว","crop_type_raw":"นาข้าว","__crop":"นาข้าว","__plant_type":"นาข้าว","confidence":47,"Q":"47","source":"NASA FIRMS Email Alert - Suomi NPP VIIRS","source_file":"2569-7-20 รวม 67-69 เขต 6.xlsx","filter_rule":"Province=กำแพงเพชร; LandType=พื้นที่เกษตร; PlantType normalized to allowed groups","month":5,"month_key":"2569-05","day_key":"2026-05-01","TambonN":"แสนตอ","AmphoeN":"ขาณุวรลักษบุรี","ProvinceN":"กำแพงเพชร","Maps":"http://maps.google.com/maps?q=16.05683,99.84252"}},{"type":"Feature","geometry":{"type":"Point","coordinates":[99.8187,16.06701]},"properties":{"hs_id":"VI1202605010614w4ygrkvv07","hsID":"VI1202605010614w4ygrkvv07","acq_date":"2026-05-01","Date":"2026-05-01","acq_time":"","year_be":2569,"season_be":2569,"dataset_year_be":2569,"province":"กำแพงเพชร","Province":"กำแพงเพชร","__province":"กำแพงเพชร","district":"ขาณุวรลักษบุรี","Amphoe":"ขาณุวรลักษบุรี","__district":"ขาณุวรลักษบุรี","subdistrict":"แสนตอ","Tambon":"แสนตอ","__subdistrict":"แสนตอ","village":"บ้านโนนม่วง, บ้านโนนบ้าน","BaanN":"บ้านโนนม่วง, บ้านโนนบ้าน","__village":"บ้านโนนม่วง, บ้านโนนบ้าน","land_type":"พื้นที่เกษตร","LandType":"พื้นที่เกษตร","plant_type":"นาข้าว","PlantType":"นาข้าว","crop_type":"นาข้าว","crop_type_raw":"นาข้าว","__crop":"นาข้าว","__plant_type":"นาข้าว","confidence":47,"Q":"47","source":"NASA FIRMS Email Alert - Suomi NPP VIIRS","source_file":"2569-7-20 รวม 67-69 เขต 6.xlsx","filter_rule":"Province=กำแพงเพชร; LandType=พื้นที่เกษตร; PlantType normalized to allowed groups","month":5,"month_key":"2569-05","day_key":"2026-05-01","TambonN":"แสนตอ","AmphoeN":"ขาณุวรลักษบุรี","ProvinceN":"กำแพงเพชร","Maps":"http://maps.google.com/maps?q=16.06701,99.8187"}},{"type":"Feature","geometry":{"type":"Point","coordinates":[99.80376,16.07964]},"properties":{"hs_id":"VI1202605010614w4ygrp4ysn","hsID":"VI1202605010614w4ygrp4ysn","acq_date":"2026-05-01","Date":"2026-05-01","acq_time":"","year_be":2569,"season_be":2569,"dataset_year_be":2569,"province":"กำแพงเพชร","Province":"กำแพงเพชร","__province":"กำแพงเพชร","district":"ขาณุวรลักษบุรี","Amphoe":"ขาณุวรลักษบุรี","__district":"ขาณุวรลักษบุรี","subdistrict":"เกาะตาล","Tambon":"เกาะตาล","__subdistrict":"เกาะตาล","village":"บ้านใหม่","BaanN":"บ้านใหม่","__village":"บ้านใหม่","land_type":"พื้นที่เกษตร","LandType":"พื้นที่เกษตร","plant_type":"นาข้าว","PlantType":"นาข้าว","crop_type":"นาข้าว","crop_type_raw":"นาข้าว","__crop":"นาข้าว","__plant_type":"นาข้าว","confidence":47,"Q":"47","source":"NASA FIRMS Email Alert - Suomi NPP VIIRS","source_file":"2569-7-20 รวม 67-69 เขต 6.xlsx","filter_rule":"Province=กำแพงเพชร; LandType=พื้นที่เกษตร; PlantType normalized to allowed groups","month":5,"month_key":"2569-05","day_key":"2026-05-01","TambonN":"เกาะตาล","AmphoeN":"ขาณุวรลักษบุรี","ProvinceN":"กำแพงเพชร","Maps":"http://maps.google.com/maps?q=16.07964,99.80376"}},{"type":"Feature","geometry":{"type":"Point","coordinates":[99.80436,16.08393]},"properties":{"hs_id":"VI1202605010614w4ygrpgrdj","hsID":"VI1202605010614w4ygrpgrdj","acq_date":"2026-05-01","Date":"2026-05-01","acq_time":"","year_be":2569,"season_be":2569,"dataset_year_be":2569,"province":"กำแพงเพชร","Province":"กำแพงเพชร","__province":"กำแพงเพชร","district":"ขาณุวรลักษบุรี","Amphoe":"ขาณุวรลักษบุรี","__district":"ขาณุวรลักษบุรี","subdistrict":"เกาะตาล","Tambon":"เกาะตาล","__subdistrict":"เกาะตาล","village":"บ้านโนนตารอด","BaanN":"บ้านโนนตารอด","__village":"บ้านโนนตารอด","land_type":"พื้นที่เกษตร","LandType":"พื้นที่เกษตร","plant_type":"นาข้าว","PlantType":"นาข้าว","crop_type":"นาข้าว","crop_type_raw":"นาข้าว","__crop":"นาข้าว","__plant_type":"นาข้าว","confidence":47,"Q":"47","source":"NASA FIRMS Email Alert - Suomi NPP VIIRS","source_file":"2569-7-20 รวม 67-69 เขต 6.xlsx","filter_rule":"Province=กำแพงเพชร; LandType=พื้นที่เกษตร; PlantType normalized to allowed groups","month":5,"month_key":"2569-05","day_key":"2026-05-01","TambonN":"เกาะตาล","AmphoeN":"ขาณุวรลักษบุรี","ProvinceN":"กำแพงเพชร","Maps":"http://maps.google.com/maps?q=16.08393,99.80436"}},{"type":"Feature","geometry":{"type":"Point","coordinates":[99.81152,16.07546]},"properties":{"hs_id":"VI1202605010614w4ygrq2w2f","hsID":"VI1202605010614w4ygrq2w2f","acq_date":"2026-05-01","Date":"2026-05-01","acq_time":"","year_be":2569,"season_be":2569,"dataset_year_be":2569,"province":"กำแพงเพชร","Province":"กำแพงเพชร","__province":"กำแพงเพชร","district":"ขาณุวรลักษบุรี","Amphoe":"ขาณุวรลักษบุรี","__district":"ขาณุวรลักษบุรี","subdistrict":"เกาะตาล","Tambon":"เกาะตาล","__subdistrict":"เกาะตาล","village":"บ้านใหม่","BaanN":"บ้านใหม่","__village":"บ้านใหม่","land_type":"พื้นที่เกษตร","LandType":"พื้นที่เกษตร","plant_type":"นาข้าว","PlantType":"นาข้าว","crop_type":"นาข้าว","crop_type_raw":"นาข้าว","__crop":"นาข้าว","__plant_type":"นาข้าว","confidence":47,"Q":"47","source":"NASA FIRMS Email Alert - Suomi NPP VIIRS","source_file":"2569-7-20 รวม 67-69 เขต 6.xlsx","filter_rule":"Province=กำแพงเพชร; LandType=พื้นที่เกษตร; PlantType normalized to allowed groups","month":5,"month_key":"2569-05","day_key":"2026-05-01","TambonN":"เกาะตาล","AmphoeN":"ขาณุวรลักษบุรี","ProvinceN":"กำแพงเพชร","Maps":"http://maps.google.com/maps?q=16.07546,99.81152"}},{"type":"Feature","geometry":{"type":"Point","coordinates":[99.82105,16.08217]},"properties":{"hs_id":"VI1202605010614w4ygrrxmrj","hsID":"VI1202605010614w4ygrrxmrj","acq_date":"2026-05-01","Date":"2026-05-01","acq_time":"","year_be":2569,"season_be":2569,"dataset_year_be":2569,"province":"กำแพงเพชร","Province":"กำแพงเพชร","__province":"กำแพงเพชร","district":"ขาณุวรลักษบุรี","Amphoe":"ขาณุวรลักษบุรี","__district":"ขาณุวรลักษบุรี","subdistrict":"แสนตอ","Tambon":"แสนตอ","__subdistrict":"แสนตอ","village":"บ้านโนนม่วง, บ้านโนนบ้าน","BaanN":"บ้านโนนม่วง, บ้านโนนบ้าน","__village":"บ้านโนนม่วง, บ้านโนนบ้าน","land_type":"พื้นที่เกษตร","LandType":"พื้นที่เกษตร","plant_type":"นาข้าว","PlantType":"นาข้าว","crop_type":"นาข้าว","crop_type_raw":"นาข้าว","__crop":"นาข้าว","__plant_type":"นาข้าว","confidence":47,"Q":"47","source":"NASA FIRMS Email Alert - Suomi NPP VIIRS","source_file":"2569-7-20 รวม 67-69 เขต 6.xlsx","filter_rule":"Province=กำแพงเพชร; LandType=พื้นที่เกษตร; PlantType normalized to allowed groups","month":5,"month_key":"2569-05","day_key":"2026-05-01","TambonN":"แสนตอ","AmphoeN":"ขาณุวรลักษบุรี","ProvinceN":"กำแพงเพชร","Maps":"http://maps.google.com/maps?q=16.08217,99.82105"}},{"type":"Feature","geometry":{"type":"Point","coordinates":[99.81946,16.08273]},"properties":{"hs_id":"VI1202605010614w4ygrry2dn","hsID":"VI1202605010614w4ygrry2dn","acq_date":"2026-05-01","Date":"2026-05-01","acq_time":"","year_be":2569,"season_be":2569,"dataset_year_be":2569,"province":"กำแพงเพชร","Province":"กำแพงเพชร","__province":"กำแพงเพชร","district":"ขาณุวรลักษบุรี","Amphoe":"ขาณุวรลักษบุรี","__district":"ขาณุวรลักษบุรี","subdistrict":"แสนตอ","Tambon":"แสนตอ","__subdistrict":"แสนตอ","village":"บ้านโนนตารอด","BaanN":"บ้านโนนตารอด","__village":"บ้านโนนตารอด","land_type":"พื้นที่เกษตร","LandType":"พื้นที่เกษตร","plant_type":"นาข้าว","PlantType":"นาข้าว","crop_type":"นาข้าว","crop_type_raw":"นาข้าว","__crop":"นาข้าว","__plant_type":"นาข้าว","confidence":47,"Q":"47","source":"NASA FIRMS Email Alert - Suomi NPP VIIRS","source_file":"2569-7-20 รวม 67-69 เขต 6.xlsx","filter_rule":"Province=กำแพงเพชร; LandType=พื้นที่เกษตร; PlantType normalized to allowed groups","month":5,"month_key":"2569-05","day_key":"2026-05-01","TambonN":"เกาะตาล","AmphoeN":"ขาณุวรลักษบุรี","ProvinceN":"กำแพงเพชร","Maps":"http://maps.google.com/maps?q=16.08273,99.81946"}},{"type":"Feature","geometry":{"type":"Point","coordinates":[99.82659,16.07431]},"properties":{"hs_id":"VI1202605010614w4ygrw5x8h","hsID":"VI1202605010614w4ygrw5x8h","acq_date":"2026-05-01","Date":"2026-05-01","acq_time":"","year_be":2569,"season_be":2569,"dataset_year_be":2569,"province":"กำแพงเพชร","Province":"กำแพงเพชร","__province":"กำแพงเพชร","district":"ขาณุวรลักษบุรี","Amphoe":"ขาณุวรลักษบุรี","__district":"ขาณุวรลักษบุรี","subdistrict":"แสนตอ","Tambon":"แสนตอ","__subdistrict":"แสนตอ","village":"บ้านโนนม่วง, บ้านโนนบ้าน","BaanN":"บ้านโนนม่วง, บ้านโนนบ้าน","__village":"บ้านโนนม่วง, บ้านโนนบ้าน","land_type":"พื้นที่เกษตร","LandType":"พื้นที่เกษตร","plant_type":"นาข้าว","PlantType":"นาข้าว","crop_type":"นาข้าว","crop_type_raw":"นาข้าว","__crop":"นาข้าว","__plant_type":"นาข้าว","confidence":47,"Q":"47","source":"NASA FIRMS Email Alert - Suomi NPP VIIRS","source_file":"2569-7-20 รวม 67-69 เขต 6.xlsx","filter_rule":"Province=กำแพงเพชร; LandType=พื้นที่เกษตร; PlantType normalized to allowed groups","month":5,"month_key":"2569-05","day_key":"2026-05-01","TambonN":"แสนตอ","AmphoeN":"ขาณุวรลักษบุรี","ProvinceN":"กำแพงเพชร","Maps":"http://maps.google.com/maps?q=16.07431,99.82659"}},{"type":"Feature","geometry":{"type":"Point","coordinates":[99.82725,16.07844]},"properties":{"hs_id":"VI1202605010614w4ygrwgzxw","hsID":"VI1202605010614w4ygrwgzxw","acq_date":"2026-05-01","Date":"2026-05-01","acq_time":"","year_be":2569,"season_be":2569,"dataset_year_be":2569,"province":"กำแพงเพชร","Province":"กำแพงเพชร","__province":"กำแพงเพชร","district":"ขาณุวรลักษบุรี","Amphoe":"ขาณุวรลักษบุรี","__district":"ขาณุวรลักษบุรี","subdistrict":"แสนตอ","Tambon":"แสนตอ","__subdistrict":"แสนตอ","village":"บ้านโนนม่วง, บ้านโนนบ้าน","BaanN":"บ้านโนนม่วง, บ้านโนนบ้าน","__village":"บ้านโนนม่วง, บ้านโนนบ้าน","land_type":"พื้นที่เกษตร","LandType":"พื้นที่เกษตร","plant_type":"นาข้าว","PlantType":"นาข้าว","crop_type":"นาข้าว","crop_type_raw":"นาข้าว","__crop":"นาข้าว","__plant_type":"นาข้าว","confidence":47,"Q":"47","source":"NASA FIRMS Email Alert - Suomi NPP VIIRS","source_file":"2569-7-20 รวม 67-69 เขต 6.xlsx","filter_rule":"Province=กำแพงเพชร; LandType=พื้นที่เกษตร; PlantType normalized to allowed groups","month":5,"month_key":"2569-05","day_key":"2026-05-01","TambonN":"แสนตอ","AmphoeN":"ขาณุวรลักษบุรี","ProvinceN":"กำแพงเพชร","Maps":"http://maps.google.com/maps?q=16.07844,99.82725"}},{"type":"Feature","geometry":{"type":"Point","coordinates":[99.82822,16.07372]},"properties":{"hs_id":"VI1202605010614w4ygrwhsnn","hsID":"VI1202605010614w4ygrwhsnn","acq_date":"2026-05-01","Date":"2026-05-01","acq_time":"","year_be":2569,"season_be":2569,"dataset_year_be":2569,"province":"กำแพงเพชร","Province":"กำแพงเพชร","__province":"กำแพงเพชร","district":"ขาณุวรลักษบุรี","Amphoe":"ขาณุวรลักษบุรี","__district":"ขาณุวรลักษบุรี","subdistrict":"แสนตอ","Tambon":"แสนตอ","__subdistrict":"แสนตอ","village":"บ้านโนนม่วง, บ้านโนนบ้าน","BaanN":"บ้านโนนม่วง, บ้านโนนบ้าน","__village":"บ้านโนนม่วง, บ้านโนนบ้าน","land_type":"พื้นที่เกษตร","LandType":"พื้นที่เกษตร","plant_type":"นาข้าว","PlantType":"นาข้าว","crop_type":"นาข้าว","crop_type_raw":"นาข้าว","__crop":"นาข้าว","__plant_type":"นาข้าว","confidence":47,"Q":"47","source":"NASA FIRMS Email Alert - Suomi NPP VIIRS","source_file":"2569-7-20 รวม 67-69 เขต 6.xlsx","filter_rule":"Province=กำแพงเพชร; LandType=พื้นที่เกษตร; PlantType normalized to allowed groups","month":5,"month_key":"2569-05","day_key":"2026-05-01","TambonN":"แสนตอ","AmphoeN":"ขาณุวรลักษบุรี","ProvinceN":"กำแพงเพชร","Maps":"http://maps.google.com/maps?q=16.07372,99.82822"}},{"type":"Feature","geometry":{"type":"Point","coordinates":[99.74875,16.10827]},"properties":{"hs_id":"VI1202605010614w4ygtu6v6r","hsID":"VI1202605010614w4ygtu6v6r","acq_date":"2026-05-01","Date":"2026-05-01","acq_time":"","year_be":2569,"season_be":2569,"dataset_year_be":2569,"province":"กำแพงเพชร","Province":"กำแพงเพชร","__province":"กำแพงเพชร","district":"ขาณุวรลักษบุรี","Amphoe":"ขาณุวรลักษบุรี","__district":"ขาณุวรลักษบุรี","subdistrict":"เกาะตาล","Tambon":"เกาะตาล","__subdistrict":"เกาะตาล","village":"บ้านท่าพระ","BaanN":"บ้านท่าพระ","__village":"บ้านท่าพระ","land_type":"พื้นที่เกษตร","LandType":"พื้นที่เกษตร","plant_type":"นาข้าว","PlantType":"นาข้าว","crop_type":"นาข้าว","crop_type_raw":"นาข้าว","__crop":"นาข้าว","__plant_type":"นาข้าว","confidence":47,"Q":"47","source":"NASA FIRMS Email Alert - Suomi NPP VIIRS","source_file":"2569-7-20 รวม 67-69 เขต 6.xlsx","filter_rule":"Province=กำแพงเพชร; LandType=พื้นที่เกษตร; PlantType normalized to allowed groups","month":5,"month_key":"2569-05","day_key":"2026-05-01","TambonN":"เกาะตาล","AmphoeN":"ขาณุวรลักษบุรี","ProvinceN":"กำแพงเพชร","Maps":"http://maps.google.com/maps?q=16.10827,99.74875"}},{"type":"Feature","geometry":{"type":"Point","coordinates":[99.75404,16.1093]},"properties":{"hs_id":"VI1202605010614w4ygtuwemx","hsID":"VI1202605010614w4ygtuwemx","acq_date":"2026-05-01","Date":"2026-05-01","acq_time":"","year_be":2569,"season_be":2569,"dataset_year_be":2569,"province":"กำแพงเพชร","Province":"กำแพงเพชร","__province":"กำแพงเพชร","district":"ขาณุวรลักษบุรี","Amphoe":"ขาณุวรลักษบุรี","__district":"ขาณุวรลักษบุรี","subdistrict":"เกาะตาล","Tambon":"เกาะตาล","__subdistrict":"เกาะตาล","village":"บ้านหนองขาม","BaanN":"บ้านหนองขาม","__village":"บ้านหนองขาม","land_type":"พื้นที่เกษตร","LandType":"พื้นที่เกษตร","plant_type":"นาข้าว","PlantType":"นาข้าว","crop_type":"นาข้าว","crop_type_raw":"นาข้าว","__crop":"นาข้าว","__plant_type":"นาข้าว","confidence":47,"Q":"47","source":"NASA FIRMS Email Alert - Suomi NPP VIIRS","source_file":"2569-7-20 รวม 67-69 เขต 6.xlsx","filter_rule":"Province=กำแพงเพชร; LandType=พื้นที่เกษตร; PlantType normalized to allowed groups","month":5,"month_key":"2569-05","day_key":"2026-05-01","TambonN":"เกาะตาล","AmphoeN":"ขาณุวรลักษบุรี","ProvinceN":"กำแพงเพชร","Maps":"http://maps.google.com/maps?q=16.1093,99.75404"}},{"type":"Feature","geometry":{"type":"Point","coordinates":[99.70198,16.1486]},"properties":{"hs_id":"VI1202605010614w4ygugbb2t","hsID":"VI1202605010614w4ygugbb2t","acq_date":"2026-05-01","Date":"2026-05-01","acq_time":"","year_be":2569,"season_be":2569,"dataset_year_be":2569,"province":"กำแพงเพชร","Province":"กำแพงเพชร","__province":"กำแพงเพชร","district":"คลองขลุง","Amphoe":"คลองขลุง","__district":"คลองขลุง","subdistrict":"คลองขลุง","Tambon":"คลองขลุง","__subdistrict":"คลองขลุง","village":"บ้านโค้งวิไล","BaanN":"บ้านโค้งวิไล","__village":"บ้านโค้งวิไล","land_type":"พื้นที่เกษตร","LandType":"พื้นที่เกษตร","plant_type":"นาข้าว","PlantType":"นาข้าว","crop_type":"นาข้าว","crop_type_raw":"นาข้าว","__crop":"นาข้าว","__plant_type":"นาข้าว","confidence":47,"Q":"47","source":"NASA FIRMS Email Alert - Suomi NPP VIIRS","source_file":"2569-7-20 รวม 67-69 เขต 6.xlsx","filter_rule":"Province=กำแพงเพชร; LandType=พื้นที่เกษตร; PlantType normalized to allowed groups","month":5,"month_key":"2569-05","day_key":"2026-05-01","TambonN":"คลองขลุง","AmphoeN":"คลองขลุง","ProvinceN":"กำแพงเพชร","Maps":"http://maps.google.com/maps?q=16.1486,99.70198"}},{"type":"Feature","geometry":{"type":"Point","coordinates":[99.799,16.10328]},"properties":{"hs_id":"VI1202605010614w4ygwgx2mh","hsID":"VI1202605010614w4ygwgx2mh","acq_date":"2026-05-01","Date":"2026-05-01","acq_time":"","year_be":2569,"season_be":2569,"dataset_year_be":2569,"province":"กำแพงเพชร","Province":"กำแพงเพชร","__province":"กำแพงเพชร","district":"ขาณุวรลักษบุรี","Amphoe":"ขาณุวรลักษบุรี","__district":"ขาณุวรลักษบุรี","subdistrict":"เกาะตาล","Tambon":"เกาะตาล","__subdistrict":"เกาะตาล","village":"บ้านดอนแขวน","BaanN":"บ้านดอนแขวน","__village":"บ้านดอนแขวน","land_type":"พื้นที่เกษตร","LandType":"พื้นที่เกษตร","plant_type":"นาข้าว","PlantType":"นาข้าว","crop_type":"นาข้าว","crop_type_raw":"นาข้าว","__crop":"นาข้าว","__plant_type":"นาข้าว","confidence":47,"Q":"47","source":"NASA FIRMS Email Alert - Suomi NPP VIIRS","source_file":"2569-7-20 รวม 67-69 เขต 6.xlsx","filter_rule":"Province=กำแพงเพชร; LandType=พื้นที่เกษตร; PlantType normalized to allowed groups","month":5,"month_key":"2569-05","day_key":"2026-05-01","TambonN":"เกาะตาล","AmphoeN":"ขาณุวรลักษบุรี","ProvinceN":"กำแพงเพชร","Maps":"http://maps.google.com/maps?q=16.10328,99.799"}},{"type":"Feature","geometry":{"type":"Point","coordinates":[99.76459,16.11134]},"properties":{"hs_id":"VI1202605010614w4ygwhyr77","hsID":"VI1202605010614w4ygwhyr77","acq_date":"2026-05-01","Date":"2026-05-01","acq_time":"","year_be":2569,"season_be":2569,"dataset_year_be":2569,"province":"กำแพงเพชร","Province":"กำแพงเพชร","__province":"กำแพงเพชร","district":"ขาณุวรลักษบุรี","Amphoe":"ขาณุวรลักษบุรี","__district":"ขาณุวรลักษบุรี","subdistrict":"เกาะตาล","Tambon":"เกาะตาล","__subdistrict":"เกาะตาล","village":"บ้านหนองขาม","BaanN":"บ้านหนองขาม","__village":"บ้านหนองขาม","land_type":"พื้นที่เกษตร","LandType":"พื้นที่เกษตร","plant_type":"นาข้าว","PlantType":"นาข้าว","crop_type":"นาข้าว","crop_type_raw":"นาข้าว","__crop":"นาข้าว","__plant_type":"นาข้าว","confidence":47,"Q":"47","source":"NASA FIRMS Email Alert - Suomi NPP VIIRS","source_file":"2569-7-20 รวม 67-69 เขต 6.xlsx","filter_rule":"Province=กำแพงเพชร; LandType=พื้นที่เกษตร; PlantType normalized to allowed groups","month":5,"month_key":"2569-05","day_key":"2026-05-01","TambonN":"เกาะตาล","AmphoeN":"ขาณุวรลักษบุรี","ProvinceN":"กำแพงเพชร","Maps":"http://maps.google.com/maps?q=16.11134,99.76459"}},{"type":"Feature","geometry":{"type":"Point","coordinates":[99.76362,16.11608]},"properties":{"hs_id":"VI1202605010614w4ygwjvduz","hsID":"VI1202605010614w4ygwjvduz","acq_date":"2026-05-01","Date":"2026-05-01","acq_time":"","year_be":2569,"season_be":2569,"dataset_year_be":2569,"province":"กำแพงเพชร","Province":"กำแพงเพชร","__province":"กำแพงเพชร","district":"ขาณุวรลักษบุรี","Amphoe":"ขาณุวรลักษบุรี","__district":"ขาณุวรลักษบุรี","subdistrict":"เกาะตาล","Tambon":"เกาะตาล","__subdistrict":"เกาะตาล","village":"บ้านหนองขาม","BaanN":"บ้านหนองขาม","__village":"บ้านหนองขาม","land_type":"พื้นที่เกษตร","LandType":"พื้นที่เกษตร","plant_type":"นาข้าว","PlantType":"นาข้าว","crop_type":"นาข้าว","crop_type_raw":"นาข้าว","__crop":"นาข้าว","__plant_type":"นาข้าว","confidence":47,"Q":"47","source":"NASA FIRMS Email Alert - Suomi NPP VIIRS","source_file":"2569-7-20 รวม 67-69 เขต 6.xlsx","filter_rule":"Province=กำแพงเพชร; LandType=พื้นที่เกษตร; PlantType normalized to allowed groups","month":5,"month_key":"2569-05","day_key":"2026-05-01","TambonN":"เกาะตาล","AmphoeN":"ขาณุวรลักษบุรี","ProvinceN":"กำแพงเพชร","Maps":"http://maps.google.com/maps?q=16.11608,99.76362"}},{"type":"Feature","geometry":{"type":"Point","coordinates":[99.76888,16.11709]},"properties":{"hs_id":"VI1202605010614w4ygwq12z7","hsID":"VI1202605010614w4ygwq12z7","acq_date":"2026-05-01","Date":"2026-05-01","acq_time":"","year_be":2569,"season_be":2569,"dataset_year_be":2569,"province":"กำแพงเพชร","Province":"กำแพงเพชร","__province":"กำแพงเพชร","district":"ขาณุวรลักษบุรี","Amphoe":"ขาณุวรลักษบุรี","__district":"ขาณุวรลักษบุรี","subdistrict":"เกาะตาล","Tambon":"เกาะตาล","__subdistrict":"เกาะตาล","village":"บ้านหนองขาม","BaanN":"บ้านหนองขาม","__village":"บ้านหนองขาม","land_type":"พื้นที่เกษตร","LandType":"พื้นที่เกษตร","plant_type":"นาข้าว","PlantType":"นาข้าว","crop_type":"นาข้าว","crop_type_raw":"นาข้าว","__crop":"นาข้าว","__plant_type":"นาข้าว","confidence":47,"Q":"47","source":"NASA FIRMS Email Alert - Suomi NPP VIIRS","source_file":"2569-7-20 รวม 67-69 เขต 6.xlsx","filter_rule":"Province=กำแพงเพชร; LandType=พื้นที่เกษตร; PlantType normalized to allowed groups","month":5,"month_key":"2569-05","day_key":"2026-05-01","TambonN":"เกาะตาล","AmphoeN":"ขาณุวรลักษบุรี","ProvinceN":"กำแพงเพชร","Maps":"http://maps.google.com/maps?q=16.11709,99.76888"}},{"type":"Feature","geometry":{"type":"Point","coordinates":[99.7928,16.10698]},"properties":{"hs_id":"VI1202605010614w4ygwu4vuy","hsID":"VI1202605010614w4ygwu4vuy","acq_date":"2026-05-01","Date":"2026-05-01","acq_time":"","year_be":2569,"season_be":2569,"dataset_year_be":2569,"province":"กำแพงเพชร","Province":"กำแพงเพชร","__province":"กำแพงเพชร","district":"ขาณุวรลักษบุรี","Amphoe":"ขาณุวรลักษบุรี","__district":"ขาณุวรลักษบุรี","subdistrict":"เกาะตาล","Tambon":"เกาะตาล","__subdistrict":"เกาะตาล","village":"บ้านดอนแขวน","BaanN":"บ้านดอนแขวน","__village":"บ้านดอนแขวน","land_type":"พื้นที่เกษตร","LandType":"พื้นที่เกษตร","plant_type":"นาข้าว","PlantType":"นาข้าว","crop_type":"นาข้าว","crop_type_raw":"นาข้าว","__crop":"นาข้าว","__plant_type":"นาข้าว","confidence":47,"Q":"47","source":"NASA FIRMS Email Alert - Suomi NPP VIIRS","source_file":"2569-7-20 รวม 67-69 เขต 6.xlsx","filter_rule":"Province=กำแพงเพชร; LandType=พื้นที่เกษตร; PlantType normalized to allowed groups","month":5,"month_key":"2569-05","day_key":"2026-05-01","TambonN":"เกาะตาล","AmphoeN":"ขาณุวรลักษบุรี","ProvinceN":"กำแพงเพชร","Maps":"http://maps.google.com/maps?q=16.10698,99.7928"}},{"type":"Feature","geometry":{"type":"Point","coordinates":[99.7837,16.12488]},"properties":{"hs_id":"VI1202605010614w4ygwxkq0x","hsID":"VI1202605010614w4ygwxkq0x","acq_date":"2026-05-01","Date":"2026-05-01","acq_time":"","year_be":2569,"season_be":2569,"dataset_year_be":2569,"province":"กำแพงเพชร","Province":"กำแพงเพชร","__province":"กำแพงเพชร","district":"ขาณุวรลักษบุรี","Amphoe":"ขาณุวรลักษบุรี","__district":"ขาณุวรลักษบุรี","subdistrict":"เกาะตาล","Tambon":"เกาะตาล","__subdistrict":"เกาะตาล","village":"บ้านโรงสูบ","BaanN":"บ้านโรงสูบ","__village":"บ้านโรงสูบ","land_type":"พื้นที่เกษตร","LandType":"พื้นที่เกษตร","plant_type":"นาข้าว","PlantType":"นาข้าว","crop_type":"นาข้าว","crop_type_raw":"นาข้าว","__crop":"นาข้าว","__plant_type":"นาข้าว","confidence":47,"Q":"47","source":"NASA FIRMS Email Alert - Suomi NPP VIIRS","source_file":"2569-7-20 รวม 67-69 เขต 6.xlsx","filter_rule":"Province=กำแพงเพชร; LandType=พื้นที่เกษตร; PlantType normalized to allowed groups","month":5,"month_key":"2569-05","day_key":"2026-05-01","TambonN":"เกาะตาล","AmphoeN":"ขาณุวรลักษบุรี","ProvinceN":"กำแพงเพชร","Maps":"http://maps.google.com/maps?q=16.12488,99.7837"}},{"type":"Feature","geometry":{"type":"Point","coordinates":[99.80186,16.0891]},"properties":{"hs_id":"VI1202605010614w4ygx0cmzc","hsID":"VI1202605010614w4ygx0cmzc","acq_date":"2026-05-01","Date":"2026-05-01","acq_time":"","year_be":2569,"season_be":2569,"dataset_year_be":2569,"province":"กำแพงเพชร","Province":"กำแพงเพชร","__province":"กำแพงเพชร","district":"ขาณุวรลักษบุรี","Amphoe":"ขาณุวรลักษบุรี","__district":"ขาณุวรลักษบุรี","subdistrict":"เกาะตาล","Tambon":"เกาะตาล","__subdistrict":"เกาะตาล","village":"บ้านโคกสะอาด","BaanN":"บ้านโคกสะอาด","__village":"บ้านโคกสะอาด","land_type":"พื้นที่เกษตร","LandType":"พื้นที่เกษตร","plant_type":"นาข้าว","PlantType":"นาข้าว","crop_type":"นาข้าว","crop_type_raw":"นาข้าว","__crop":"นาข้าว","__plant_type":"นาข้าว","confidence":47,"Q":"47","source":"NASA FIRMS Email Alert - Suomi NPP VIIRS","source_file":"2569-7-20 รวม 67-69 เขต 6.xlsx","filter_rule":"Province=กำแพงเพชร; LandType=พื้นที่เกษตร; PlantType normalized to allowed groups","month":5,"month_key":"2569-05","day_key":"2026-05-01","TambonN":"เกาะตาล","AmphoeN":"ขาณุวรลักษบุรี","ProvinceN":"กำแพงเพชร","Maps":"http://maps.google.com/maps?q=16.0891,99.80186"}},{"type":"Feature","geometry":{"type":"Point","coordinates":[99.80339,16.08865]},"properties":{"hs_id":"VI1202605010614w4ygx0fe5t","hsID":"VI1202605010614w4ygx0fe5t","acq_date":"2026-05-01","Date":"2026-05-01","acq_time":"","year_be":2569,"season_be":2569,"dataset_year_be":2569,"province":"กำแพงเพชร","Province":"กำแพงเพชร","__province":"กำแพงเพชร","district":"ขาณุวรลักษบุรี","Amphoe":"ขาณุวรลักษบุรี","__district":"ขาณุวรลักษบุรี","subdistrict":"เกาะตาล","Tambon":"เกาะตาล","__subdistrict":"เกาะตาล","village":"บ้านโนนตารอด","BaanN":"บ้านโนนตารอด","__village":"บ้านโนนตารอด","land_type":"พื้นที่เกษตร","LandType":"พื้นที่เกษตร","plant_type":"นาข้าว","PlantType":"นาข้าว","crop_type":"นาข้าว","crop_type_raw":"นาข้าว","__crop":"นาข้าว","__plant_type":"นาข้าว","confidence":47,"Q":"47","source":"NASA FIRMS Email Alert - Suomi NPP VIIRS","source_file":"2569-7-20 รวม 67-69 เขต 6.xlsx","filter_rule":"Province=กำแพงเพชร; LandType=พื้นที่เกษตร; PlantType normalized to allowed groups","month":5,"month_key":"2569-05","day_key":"2026-05-01","TambonN":"เกาะตาล","AmphoeN":"ขาณุวรลักษบุรี","ProvinceN":"กำแพงเพชร","Maps":"http://maps.google.com/maps?q=16.08865,99.80339"}},{"type":"Feature","geometry":{"type":"Point","coordinates":[99.80243,16.09338]},"properties":{"hs_id":"VI1202605010614w4ygx19ytp","hsID":"VI1202605010614w4ygx19ytp","acq_date":"2026-05-01","Date":"2026-05-01","acq_time":"","year_be":2569,"season_be":2569,"dataset_year_be":2569,"province":"กำแพงเพชร","Province":"กำแพงเพชร","__province":"กำแพงเพชร","district":"ขาณุวรลักษบุรี","Amphoe":"ขาณุวรลักษบุรี","__district":"ขาณุวรลักษบุรี","subdistrict":"เกาะตาล","Tambon":"เกาะตาล","__subdistrict":"เกาะตาล","village":"บ้านโคกสะอาด","BaanN":"บ้านโคกสะอาด","__village":"บ้านโคกสะอาด","land_type":"พื้นที่เกษตร","LandType":"พื้นที่เกษตร","plant_type":"นาข้าว","PlantType":"นาข้าว","crop_type":"นาข้าว","crop_type_raw":"นาข้าว","__crop":"นาข้าว","__plant_type":"นาข้าว","confidence":47,"Q":"47","source":"NASA FIRMS Email Alert - Suomi NPP VIIRS","source_file":"2569-7-20 รวม 67-69 เขต 6.xlsx","filter_rule":"Province=กำแพงเพชร; LandType=พื้นที่เกษตร; PlantType normalized to allowed groups","month":5,"month_key":"2569-05","day_key":"2026-05-01","TambonN":"เกาะตาล","AmphoeN":"ขาณุวรลักษบุรี","ProvinceN":"กำแพงเพชร","Maps":"http://maps.google.com/maps?q=16.09338,99.80243"}},{"type":"Feature","geometry":{"type":"Point","coordinates":[99.81851,16.08745]},"properties":{"hs_id":"VI1202605010614w4ygx2ts5y","hsID":"VI1202605010614w4ygx2ts5y","acq_date":"2026-05-01","Date":"2026-05-01","acq_time":"","year_be":2569,"season_be":2569,"dataset_year_be":2569,"province":"กำแพงเพชร","Province":"กำแพงเพชร","__province":"กำแพงเพชร","district":"ขาณุวรลักษบุรี","Amphoe":"ขาณุวรลักษบุรี","__district":"ขาณุวรลักษบุรี","subdistrict":"เกาะตาล","Tambon":"เกาะตาล","__subdistrict":"เกาะตาล","village":"บ้านโนนตารอด","BaanN":"บ้านโนนตารอด","__village":"บ้านโนนตารอด","land_type":"พื้นที่เกษตร","LandType":"พื้นที่เกษตร","plant_type":"นาข้าว","PlantType":"นาข้าว","crop_type":"นาข้าว","crop_type_raw":"นาข้าว","__crop":"นาข้าว","__plant_type":"นาข้าว","confidence":47,"Q":"47","source":"NASA FIRMS Email Alert - Suomi NPP VIIRS","source_file":"2569-7-20 รวม 67-69 เขต 6.xlsx","filter_rule":"Province=กำแพงเพชร; LandType=พื้นที่เกษตร; PlantType normalized to allowed groups","month":5,"month_key":"2569-05","day_key":"2026-05-01","TambonN":"เกาะตาล","AmphoeN":"ขาณุวรลักษบุรี","ProvinceN":"กำแพงเพชร","Maps":"http://maps.google.com/maps?q=16.08745,99.81851"}},{"type":"Feature","geometry":{"type":"Point","coordinates":[99.81757,16.09217]},"properties":{"hs_id":"VI1202605010614w4ygx3kztv","hsID":"VI1202605010614w4ygx3kztv","acq_date":"2026-05-01","Date":"2026-05-01","acq_time":"","year_be":2569,"season_be":2569,"dataset_year_be":2569,"province":"กำแพงเพชร","Province":"กำแพงเพชร","__province":"กำแพงเพชร","district":"ขาณุวรลักษบุรี","Amphoe":"ขาณุวรลักษบุรี","__district":"ขาณุวรลักษบุรี","subdistrict":"เกาะตาล","Tambon":"เกาะตาล","__subdistrict":"เกาะตาล","village":"บ้านโนนตารอด","BaanN":"บ้านโนนตารอด","__village":"บ้านโนนตารอด","land_type":"พื้นที่เกษตร","LandType":"พื้นที่เกษตร","plant_type":"เกษตรอื่น ๆ","PlantType":"เกษตรอื่น ๆ","crop_type":"เกษตรอื่น ๆ","crop_type_raw":"เกษตรอื่น ๆ","__crop":"เกษตรอื่น ๆ","__plant_type":"เกษตรอื่น ๆ","confidence":47,"Q":"47","source":"NASA FIRMS Email Alert - Suomi NPP VIIRS","source_file":"2569-7-20 รวม 67-69 เขต 6.xlsx","filter_rule":"Province=กำแพงเพชร; LandType=พื้นที่เกษตร; PlantType normalized to allowed groups","month":5,"month_key":"2569-05","day_key":"2026-05-01","TambonN":"เกาะตาล","AmphoeN":"ขาณุวรลักษบุรี","ProvinceN":"กำแพงเพชร","Maps":"http://maps.google.com/maps?q=16.09217,99.81757"}},{"type":"Feature","geometry":{"type":"Point","coordinates":[99.81915,16.09162]},"properties":{"hs_id":"VI1202605010614w4ygx3qh6z","hsID":"VI1202605010614w4ygx3qh6z","acq_date":"2026-05-01","Date":"2026-05-01","acq_time":"","year_be":2569,"season_be":2569,"dataset_year_be":2569,"province":"กำแพงเพชร","Province":"กำแพงเพชร","__province":"กำแพงเพชร","district":"ขาณุวรลักษบุรี","Amphoe":"ขาณุวรลักษบุรี","__district":"ขาณุวรลักษบุรี","subdistrict":"เกาะตาล","Tambon":"เกาะตาล","__subdistrict":"เกาะตาล","village":"บ้านโนนตารอด","BaanN":"บ้านโนนตารอด","__village":"บ้านโนนตารอด","land_type":"พื้นที่เกษตร","LandType":"พื้นที่เกษตร","plant_type":"นาข้าว","PlantType":"นาข้าว","crop_type":"นาข้าว","crop_type_raw":"นาข้าว","__crop":"นาข้าว","__plant_type":"นาข้าว","confidence":47,"Q":"47","source":"NASA FIRMS Email Alert - Suomi NPP VIIRS","source_file":"2569-7-20 รวม 67-69 เขต 6.xlsx","filter_rule":"Province=กำแพงเพชร; LandType=พื้นที่เกษตร; PlantType normalized to allowed groups","month":5,"month_key":"2569-05","day_key":"2026-05-01","TambonN":"เกาะตาล","AmphoeN":"ขาณุวรลักษบุรี","ProvinceN":"กำแพงเพชร","Maps":"http://maps.google.com/maps?q=16.09162,99.81915"}},{"type":"Feature","geometry":{"type":"Point","coordinates":[99.79995,16.09855]},"properties":{"hs_id":"VI1202605010614w4ygx48hg7","hsID":"VI1202605010614w4ygx48hg7","acq_date":"2026-05-01","Date":"2026-05-01","acq_time":"","year_be":2569,"season_be":2569,"dataset_year_be":2569,"province":"กำแพงเพชร","Province":"กำแพงเพชร","__province":"กำแพงเพชร","district":"ขาณุวรลักษบุรี","Amphoe":"ขาณุวรลักษบุรี","__district":"ขาณุวรลักษบุรี","subdistrict":"เกาะตาล","Tambon":"เกาะตาล","__subdistrict":"เกาะตาล","village":"บ้านโคกสะอาด","BaanN":"บ้านโคกสะอาด","__village":"บ้านโคกสะอาด","land_type":"พื้นที่เกษตร","LandType":"พื้นที่เกษตร","plant_type":"นาข้าว","PlantType":"นาข้าว","crop_type":"นาข้าว","crop_type_raw":"นาข้าว","__crop":"นาข้าว","__plant_type":"นาข้าว","confidence":47,"Q":"47","source":"NASA FIRMS Email Alert - Suomi NPP VIIRS","source_file":"2569-7-20 รวม 67-69 เขต 6.xlsx","filter_rule":"Province=กำแพงเพชร; LandType=พื้นที่เกษตร; PlantType normalized to allowed groups","month":5,"month_key":"2569-05","day_key":"2026-05-01","TambonN":"เกาะตาล","AmphoeN":"ขาณุวรลักษบุรี","ProvinceN":"กำแพงเพชร","Maps":"http://maps.google.com/maps?q=16.09855,99.79995"}},{"type":"Feature","geometry":{"type":"Point","coordinates":[99.81818,16.09634]},"properties":{"hs_id":"VI1202605010614w4ygx6jrup","hsID":"VI1202605010614w4ygx6jrup","acq_date":"2026-05-01","Date":"2026-05-01","acq_time":"","year_be":2569,"season_be":2569,"dataset_year_be":2569,"province":"กำแพงเพชร","Province":"กำแพงเพชร","__province":"กำแพงเพชร","district":"ขาณุวรลักษบุรี","Amphoe":"ขาณุวรลักษบุรี","__district":"ขาณุวรลักษบุรี","subdistrict":"เกาะตาล","Tambon":"เกาะตาล","__subdistrict":"เกาะตาล","village":"บ้านโนนตารอด","BaanN":"บ้านโนนตารอด","__village":"บ้านโนนตารอด","land_type":"พื้นที่เกษตร","LandType":"พื้นที่เกษตร","plant_type":"นาข้าว","PlantType":"นาข้าว","crop_type":"นาข้าว","crop_type_raw":"นาข้าว","__crop":"นาข้าว","__plant_type":"นาข้าว","confidence":47,"Q":"47","source":"NASA FIRMS Email Alert - Suomi NPP VIIRS","source_file":"2569-7-20 รวม 67-69 เขต 6.xlsx","filter_rule":"Province=กำแพงเพชร; LandType=พื้นที่เกษตร; PlantType normalized to allowed groups","month":5,"month_key":"2569-05","day_key":"2026-05-01","TambonN":"เกาะตาล","AmphoeN":"ขาณุวรลักษบุรี","ProvinceN":"กำแพงเพชร","Maps":"http://maps.google.com/maps?q=16.09634,99.81818"}},{"type":"Feature","geometry":{"type":"Point","coordinates":[99.81568,16.10162]},"properties":{"hs_id":"VI1202605010614w4ygx75w9z","hsID":"VI1202605010614w4ygx75w9z","acq_date":"2026-05-01","Date":"2026-05-01","acq_time":"","year_be":2569,"season_be":2569,"dataset_year_be":2569,"province":"กำแพงเพชร","Province":"กำแพงเพชร","__province":"กำแพงเพชร","district":"ขาณุวรลักษบุรี","Amphoe":"ขาณุวรลักษบุรี","__district":"ขาณุวรลักษบุรี","subdistrict":"เกาะตาล","Tambon":"เกาะตาล","__subdistrict":"เกาะตาล","village":"บ้านดงยาง","BaanN":"บ้านดงยาง","__village":"บ้านดงยาง","land_type":"พื้นที่เกษตร","LandType":"พื้นที่เกษตร","plant_type":"นาข้าว","PlantType":"นาข้าว","crop_type":"นาข้าว","crop_type_raw":"นาข้าว","__crop":"นาข้าว","__plant_type":"นาข้าว","confidence":47,"Q":"47","source":"NASA FIRMS Email Alert - Suomi NPP VIIRS","source_file":"2569-7-20 รวม 67-69 เขต 6.xlsx","filter_rule":"Province=กำแพงเพชร; LandType=พื้นที่เกษตร; PlantType normalized to allowed groups","month":5,"month_key":"2569-05","day_key":"2026-05-01","TambonN":"เกาะตาล","AmphoeN":"ขาณุวรลักษบุรี","ProvinceN":"กำแพงเพชร","Maps":"http://maps.google.com/maps?q=16.10162,99.81568"}},{"type":"Feature","geometry":{"type":"Point","coordinates":[99.80758,16.11476]},"properties":{"hs_id":"VI1202605010614w4ygxjtem0","hsID":"VI1202605010614w4ygxjtem0","acq_date":"2026-05-01","Date":"2026-05-01","acq_time":"","year_be":2569,"season_be":2569,"dataset_year_be":2569,"province":"กำแพงเพชร","Province":"กำแพงเพชร","__province":"กำแพงเพชร","district":"ขาณุวรลักษบุรี","Amphoe":"ขาณุวรลักษบุรี","__district":"ขาณุวรลักษบุรี","subdistrict":"เกาะตาล","Tambon":"เกาะตาล","__subdistrict":"เกาะตาล","village":"บ้านเกาะตาล","BaanN":"บ้านเกาะตาล","__village":"บ้านเกาะตาล","land_type":"พื้นที่เกษตร","LandType":"พื้นที่เกษตร","plant_type":"นาข้าว","PlantType":"นาข้าว","crop_type":"นาข้าว","crop_type_raw":"นาข้าว","__crop":"นาข้าว","__plant_type":"นาข้าว","confidence":47,"Q":"47","source":"NASA FIRMS Email Alert - Suomi NPP VIIRS","source_file":"2569-7-20 รวม 67-69 เขต 6.xlsx","filter_rule":"Province=กำแพงเพชร; LandType=พื้นที่เกษตร; PlantType normalized to allowed groups","month":5,"month_key":"2569-05","day_key":"2026-05-01","TambonN":"เกาะตาล","AmphoeN":"ขาณุวรลักษบุรี","ProvinceN":"กำแพงเพชร","Maps":"http://maps.google.com/maps?q=16.11476,99.80758"}},{"type":"Feature","geometry":{"type":"Point","coordinates":[99.80138,16.11847]},"properties":{"hs_id":"VI1202605010614w4ygxn30us","hsID":"VI1202605010614w4ygxn30us","acq_date":"2026-05-01","Date":"2026-05-01","acq_time":"","year_be":2569,"season_be":2569,"dataset_year_be":2569,"province":"กำแพงเพชร","Province":"กำแพงเพชร","__province":"กำแพงเพชร","district":"ขาณุวรลักษบุรี","Amphoe":"ขาณุวรลักษบุรี","__district":"ขาณุวรลักษบุรี","subdistrict":"เกาะตาล","Tambon":"เกาะตาล","__subdistrict":"เกาะตาล","village":"บ้านโรงสูบ","BaanN":"บ้านโรงสูบ","__village":"บ้านโรงสูบ","land_type":"พื้นที่เกษตร","LandType":"พื้นที่เกษตร","plant_type":"นาข้าว","PlantType":"นาข้าว","crop_type":"นาข้าว","crop_type_raw":"นาข้าว","__crop":"นาข้าว","__plant_type":"นาข้าว","confidence":47,"Q":"47","source":"NASA FIRMS Email Alert - Suomi NPP VIIRS","source_file":"2569-7-20 รวม 67-69 เขต 6.xlsx","filter_rule":"Province=กำแพงเพชร; LandType=พื้นที่เกษตร; PlantType normalized to allowed groups","month":5,"month_key":"2569-05","day_key":"2026-05-01","TambonN":"เกาะตาล","AmphoeN":"ขาณุวรลักษบุรี","ProvinceN":"กำแพงเพชร","Maps":"http://maps.google.com/maps?q=16.11847,99.80138"}},{"type":"Feature","geometry":{"type":"Point","coordinates":[99.60278,16.33642]},"properties":{"hs_id":"VI1202605010614w4yuftbw8c","hsID":"VI1202605010614w4yuftbw8c","acq_date":"2026-05-01","Date":"2026-05-01","acq_time":"","year_be":2569,"season_be":2569,"dataset_year_be":2569,"province":"กำแพงเพชร","Province":"กำแพงเพชร","__province":"กำแพงเพชร","district":"เมืองกำแพงเพชร","Amphoe":"เมืองกำแพงเพชร","__district":"เมืองกำแพงเพชร","subdistrict":"ธำมรงค์","Tambon":"ธำมรงค์","__subdistrict":"ธำมรงค์","village":"บ้านคลองสีนวล","BaanN":"บ้านคลองสีนวล","__village":"บ้านคลองสีนวล","land_type":"พื้นที่เกษตร","LandType":"พื้นที่เกษตร","plant_type":"นาข้าว","PlantType":"นาข้าว","crop_type":"นาข้าว","crop_type_raw":"นาข้าว","__crop":"นาข้าว","__plant_type":"นาข้าว","confidence":47,"Q":"47","source":"NASA FIRMS Email Alert - Suomi NPP VIIRS","source_file":"2569-7-20 รวม 67-69 เขต 6.xlsx","filter_rule":"Province=กำแพงเพชร; LandType=พื้นที่เกษตร; PlantType normalized to allowed groups","month":5,"month_key":"2569-05","day_key":"2026-05-01","TambonN":"ธำมรงค์","AmphoeN":"เมืองกำแพงเพชร","ProvinceN":"กำแพงเพชร","Maps":"http://maps.google.com/maps?q=16.33642,99.60278"}},{"type":"Feature","geometry":{"type":"Point","coordinates":[99.70045,16.19715]},"properties":{"hs_id":"VI1202605010614w4yuhsxehz","hsID":"VI1202605010614w4yuhsxehz","acq_date":"2026-05-01","Date":"2026-05-01","acq_time":"","year_be":2569,"season_be":2569,"dataset_year_be":2569,"province":"กำแพงเพชร","Province":"กำแพงเพชร","__province":"กำแพงเพชร","district":"คลองขลุง","Amphoe":"คลองขลุง","__district":"คลองขลุง","subdistrict":"คลองขลุง","Tambon":"คลองขลุง","__subdistrict":"คลองขลุง","village":"บ้านถนนเพิ่ม","BaanN":"บ้านถนนเพิ่ม","__village":"บ้านถนนเพิ่ม","land_type":"พื้นที่เกษตร","LandType":"พื้นที่เกษตร","plant_type":"นาข้าว","PlantType":"นาข้าว","crop_type":"นาข้าว","crop_type_raw":"นาข้าว","__crop":"นาข้าว","__plant_type":"นาข้าว","confidence":47,"Q":"47","source":"NASA FIRMS Email Alert - Suomi NPP VIIRS","source_file":"2569-7-20 รวม 67-69 เขต 6.xlsx","filter_rule":"Province=กำแพงเพชร; LandType=พื้นที่เกษตร; PlantType normalized to allowed groups","month":5,"month_key":"2569-05","day_key":"2026-05-01","TambonN":"คลองขลุง","AmphoeN":"คลองขลุง","ProvinceN":"กำแพงเพชร","Maps":"http://maps.google.com/maps?q=16.19715,99.70045"}},{"type":"Feature","geometry":{"type":"Point","coordinates":[99.69949,16.2019]},"properties":{"hs_id":"VI1202605010614w4yuhtqyym","hsID":"VI1202605010614w4yuhtqyym","acq_date":"2026-05-01","Date":"2026-05-01","acq_time":"","year_be":2569,"season_be":2569,"dataset_year_be":2569,"province":"กำแพงเพชร","Province":"กำแพงเพชร","__province":"กำแพงเพชร","district":"คลองขลุง","Amphoe":"คลองขลุง","__district":"คลองขลุง","subdistrict":"คลองขลุง","Tambon":"คลองขลุง","__subdistrict":"คลองขลุง","village":"บ้านถนนเพิ่ม","BaanN":"บ้านถนนเพิ่ม","__village":"บ้านถนนเพิ่ม","land_type":"พื้นที่เกษตร","LandType":"พื้นที่เกษตร","plant_type":"นาข้าว","PlantType":"นาข้าว","crop_type":"นาข้าว","crop_type_raw":"นาข้าว","__crop":"นาข้าว","__plant_type":"นาข้าว","confidence":47,"Q":"47","source":"NASA FIRMS Email Alert - Suomi NPP VIIRS","source_file":"2569-7-20 รวม 67-69 เขต 6.xlsx","filter_rule":"Province=กำแพงเพชร; LandType=พื้นที่เกษตร; PlantType normalized to allowed groups","month":5,"month_key":"2569-05","day_key":"2026-05-01","TambonN":"คลองขลุง","AmphoeN":"คลองขลุง","ProvinceN":"กำแพงเพชร","Maps":"http://maps.google.com/maps?q=16.2019,99.69949"}},{"type":"Feature","geometry":{"type":"Point","coordinates":[99.71104,16.19922]},"properties":{"hs_id":"VI1202605010614w4yuhuzr79","hsID":"VI1202605010614w4yuhuzr79","acq_date":"2026-05-01","Date":"2026-05-01","acq_time":"","year_be":2569,"season_be":2569,"dataset_year_be":2569,"province":"กำแพงเพชร","Province":"กำแพงเพชร","__province":"กำแพงเพชร","district":"คลองขลุง","Amphoe":"คลองขลุง","__district":"คลองขลุง","subdistrict":"คลองขลุง","Tambon":"คลองขลุง","__subdistrict":"คลองขลุง","village":"บ้านนา","BaanN":"บ้านนา","__village":"บ้านนา","land_type":"พื้นที่เกษตร","LandType":"พื้นที่เกษตร","plant_type":"เกษตรอื่น ๆ","PlantType":"เกษตรอื่น ๆ","crop_type":"เกษตรอื่น ๆ","crop_type_raw":"เกษตรอื่น ๆ","__crop":"เกษตรอื่น ๆ","__plant_type":"เกษตรอื่น ๆ","confidence":47,"Q":"47","source":"NASA FIRMS Email Alert - Suomi NPP VIIRS","source_file":"2569-7-20 รวม 67-69 เขต 6.xlsx","filter_rule":"Province=กำแพงเพชร; LandType=พื้นที่เกษตร; PlantType normalized to allowed groups","month":5,"month_key":"2569-05","day_key":"2026-05-01","TambonN":"คลองขลุง","AmphoeN":"คลองขลุง","ProvinceN":"กำแพงเพชร","Maps":"http://maps.google.com/maps?q=16.19922,99.71104"}},{"type":"Feature","geometry":{"type":"Point","coordinates":[99.72252,16.25071]},"properties":{"hs_id":"VI1202605010614w4yumnrepp","hsID":"VI1202605010614w4yumnrepp","acq_date":"2026-05-01","Date":"2026-05-01","acq_time":"","year_be":2569,"season_be":2569,"dataset_year_be":2569,"province":"กำแพงเพชร","Province":"กำแพงเพชร","__province":"กำแพงเพชร","district":"คลองขลุง","Amphoe":"คลองขลุง","__district":"คลองขลุง","subdistrict":"ท่ามะเขือ","Tambon":"ท่ามะเขือ","__subdistrict":"ท่ามะเขือ","village":"บ้านเกาะหมู","BaanN":"บ้านเกาะหมู","__village":"บ้านเกาะหมู","land_type":"พื้นที่เกษตร","LandType":"พื้นที่เกษตร","plant_type":"นาข้าว","PlantType":"นาข้าว","crop_type":"นาข้าว","crop_type_raw":"นาข้าว","__crop":"นาข้าว","__plant_type":"นาข้าว","confidence":47,"Q":"47","source":"NASA FIRMS Email Alert - Suomi NPP VIIRS","source_file":"2569-7-20 รวม 67-69 เขต 6.xlsx","filter_rule":"Province=กำแพงเพชร; LandType=พื้นที่เกษตร; PlantType normalized to allowed groups","month":5,"month_key":"2569-05","day_key":"2026-05-01","TambonN":"ท่ามะเขือ","AmphoeN":"คลองขลุง","ProvinceN":"กำแพงเพชร","Maps":"http://maps.google.com/maps?q=16.25071,99.72252"}},{"type":"Feature","geometry":{"type":"Point","coordinates":[99.72778,16.25171]},"properties":{"hs_id":"VI1202605010614w4yumqe91d","hsID":"VI1202605010614w4yumqe91d","acq_date":"2026-05-01","Date":"2026-05-01","acq_time":"","year_be":2569,"season_be":2569,"dataset_year_be":2569,"province":"กำแพงเพชร","Province":"กำแพงเพชร","__province":"กำแพงเพชร","district":"คลองขลุง","Amphoe":"คลองขลุง","__district":"คลองขลุง","subdistrict":"ท่ามะเขือ","Tambon":"ท่ามะเขือ","__subdistrict":"ท่ามะเขือ","village":"บ้านดงประดา","BaanN":"บ้านดงประดา","__village":"บ้านดงประดา","land_type":"พื้นที่เกษตร","LandType":"พื้นที่เกษตร","plant_type":"นาข้าว","PlantType":"นาข้าว","crop_type":"นาข้าว","crop_type_raw":"นาข้าว","__crop":"นาข้าว","__plant_type":"นาข้าว","confidence":47,"Q":"47","source":"NASA FIRMS Email Alert - Suomi NPP VIIRS","source_file":"2569-7-20 รวม 67-69 เขต 6.xlsx","filter_rule":"Province=กำแพงเพชร; LandType=พื้นที่เกษตร; PlantType normalized to allowed groups","month":5,"month_key":"2569-05","day_key":"2026-05-01","TambonN":"ท่ามะเขือ","AmphoeN":"คลองขลุง","ProvinceN":"กำแพงเพชร","Maps":"http://maps.google.com/maps?q=16.25171,99.72778"}},{"type":"Feature","geometry":{"type":"Point","coordinates":[99.70055,16.29116]},"properties":{"hs_id":"VI1202605010614w4yustxwzh","hsID":"VI1202605010614w4yustxwzh","acq_date":"2026-05-01","Date":"2026-05-01","acq_time":"","year_be":2569,"season_be":2569,"dataset_year_be":2569,"province":"กำแพงเพชร","Province":"กำแพงเพชร","__province":"กำแพงเพชร","district":"คลองขลุง","Amphoe":"คลองขลุง","__district":"คลองขลุง","subdistrict":"วังบัว","Tambon":"วังบัว","__subdistrict":"วังบัว","village":"บ้านเกาะลำใย","BaanN":"บ้านเกาะลำใย","__village":"บ้านเกาะลำใย","land_type":"พื้นที่เกษตร","LandType":"พื้นที่เกษตร","plant_type":"นาข้าว","PlantType":"นาข้าว","crop_type":"นาข้าว","crop_type_raw":"นาข้าว","__crop":"นาข้าว","__plant_type":"นาข้าว","confidence":47,"Q":"47","source":"NASA FIRMS Email Alert - Suomi NPP VIIRS","source_file":"2569-7-20 รวม 67-69 เขต 6.xlsx","filter_rule":"Province=กำแพงเพชร; LandType=พื้นที่เกษตร; PlantType normalized to allowed groups","month":5,"month_key":"2569-05","day_key":"2026-05-01","TambonN":"วังบัว","AmphoeN":"คลองขลุง","ProvinceN":"กำแพงเพชร","Maps":"http://maps.google.com/maps?q=16.29116,99.70055"}},{"type":"Feature","geometry":{"type":"Point","coordinates":[99.70773,16.28272]},"properties":{"hs_id":"VI1202605010614w4yusuhvwx","hsID":"VI1202605010614w4yusuhvwx","acq_date":"2026-05-01","Date":"2026-05-01","acq_time":"","year_be":2569,"season_be":2569,"dataset_year_be":2569,"province":"กำแพงเพชร","Province":"กำแพงเพชร","__province":"กำแพงเพชร","district":"คลองขลุง","Amphoe":"คลองขลุง","__district":"คลองขลุง","subdistrict":"วังบัว","Tambon":"วังบัว","__subdistrict":"วังบัว","village":"บ้านเกาะลำใย","BaanN":"บ้านเกาะลำใย","__village":"บ้านเกาะลำใย","land_type":"พื้นที่เกษตร","LandType":"พื้นที่เกษตร","plant_type":"นาข้าว","PlantType":"นาข้าว","crop_type":"นาข้าว","crop_type_raw":"นาข้าว","__crop":"นาข้าว","__plant_type":"นาข้าว","confidence":47,"Q":"47","source":"NASA FIRMS Email Alert - Suomi NPP VIIRS","source_file":"2569-7-20 รวม 67-69 เขต 6.xlsx","filter_rule":"Province=กำแพงเพชร; LandType=พื้นที่เกษตร; PlantType normalized to allowed groups","month":5,"month_key":"2569-05","day_key":"2026-05-01","TambonN":"วังบัว","AmphoeN":"คลองขลุง","ProvinceN":"กำแพงเพชร","Maps":"http://maps.google.com/maps?q=16.28272,99.70773"}},{"type":"Feature","geometry":{"type":"Point","coordinates":[99.71041,16.28286]},"properties":{"hs_id":"VI1202605010614w4yusunysc","hsID":"VI1202605010614w4yusunysc","acq_date":"2026-05-01","Date":"2026-05-01","acq_time":"","year_be":2569,"season_be":2569,"dataset_year_be":2569,"province":"กำแพงเพชร","Province":"กำแพงเพชร","__province":"กำแพงเพชร","district":"คลองขลุง","Amphoe":"คลองขลุง","__district":"คลองขลุง","subdistrict":"วังบัว","Tambon":"วังบัว","__subdistrict":"วังบัว","village":"บ้านละหาน","BaanN":"บ้านละหาน","__village":"บ้านละหาน","land_type":"พื้นที่เกษตร","LandType":"พื้นที่เกษตร","plant_type":"นาข้าว","PlantType":"นาข้าว","crop_type":"นาข้าว","crop_type_raw":"นาข้าว","__crop":"นาข้าว","__plant_type":"นาข้าว","confidence":47,"Q":"47","source":"NASA FIRMS Email Alert - Suomi NPP VIIRS","source_file":"2569-7-20 รวม 67-69 เขต 6.xlsx","filter_rule":"Province=กำแพงเพชร; LandType=พื้นที่เกษตร; PlantType normalized to allowed groups","month":5,"month_key":"2569-05","day_key":"2026-05-01","TambonN":"วังบัว","AmphoeN":"คลองขลุง","ProvinceN":"กำแพงเพชร","Maps":"http://maps.google.com/maps?q=16.28286,99.71041"}},{"type":"Feature","geometry":{"type":"Point","coordinates":[99.70319,16.29134]},"properties":{"hs_id":"VI1202605010614w4yusv9xut","hsID":"VI1202605010614w4yusv9xut","acq_date":"2026-05-01","Date":"2026-05-01","acq_time":"","year_be":2569,"season_be":2569,"dataset_year_be":2569,"province":"กำแพงเพชร","Province":"กำแพงเพชร","__province":"กำแพงเพชร","district":"คลองขลุง","Amphoe":"คลองขลุง","__district":"คลองขลุง","subdistrict":"วังบัว","Tambon":"วังบัว","__subdistrict":"วังบัว","village":"บ้านเกาะลำใย","BaanN":"บ้านเกาะลำใย","__village":"บ้านเกาะลำใย","land_type":"พื้นที่เกษตร","LandType":"พื้นที่เกษตร","plant_type":"นาข้าว","PlantType":"นาข้าว","crop_type":"นาข้าว","crop_type_raw":"นาข้าว","__crop":"นาข้าว","__plant_type":"นาข้าว","confidence":47,"Q":"47","source":"NASA FIRMS Email Alert - Suomi NPP VIIRS","source_file":"2569-7-20 รวม 67-69 เขต 6.xlsx","filter_rule":"Province=กำแพงเพชร; LandType=พื้นที่เกษตร; PlantType normalized to allowed groups","month":5,"month_key":"2569-05","day_key":"2026-05-01","TambonN":"วังบัว","AmphoeN":"คลองขลุง","ProvinceN":"กำแพงเพชร","Maps":"http://maps.google.com/maps?q=16.29134,99.70319"}},{"type":"Feature","geometry":{"type":"Point","coordinates":[99.71012,16.29796]},"properties":{"hs_id":"VI1202605010614w4yusyywqp","hsID":"VI1202605010614w4yusyywqp","acq_date":"2026-05-01","Date":"2026-05-01","acq_time":"","year_be":2569,"season_be":2569,"dataset_year_be":2569,"province":"กำแพงเพชร","Province":"กำแพงเพชร","__province":"กำแพงเพชร","district":"คลองขลุง","Amphoe":"คลองขลุง","__district":"คลองขลุง","subdistrict":"วังบัว","Tambon":"วังบัว","__subdistrict":"วังบัว","village":"บ้านวังบัว","BaanN":"บ้านวังบัว","__village":"บ้านวังบัว","land_type":"พื้นที่เกษตร","LandType":"พื้นที่เกษตร","plant_type":"นาข้าว","PlantType":"นาข้าว","crop_type":"นาข้าว","crop_type_raw":"นาข้าว","__crop":"นาข้าว","__plant_type":"นาข้าว","confidence":47,"Q":"47","source":"NASA FIRMS Email Alert - Suomi NPP VIIRS","source_file":"2569-7-20 รวม 67-69 เขต 6.xlsx","filter_rule":"Province=กำแพงเพชร; LandType=พื้นที่เกษตร; PlantType normalized to allowed groups","month":5,"month_key":"2569-05","day_key":"2026-05-01","TambonN":"วังบัว","AmphoeN":"คลองขลุง","ProvinceN":"กำแพงเพชร","Maps":"http://maps.google.com/maps?q=16.29796,99.71012"}},{"type":"Feature","geometry":{"type":"Point","coordinates":[99.71301,16.28375]},"properties":{"hs_id":"VI1202605010614w4yuth2g9x","hsID":"VI1202605010614w4yuth2g9x","acq_date":"2026-05-01","Date":"2026-05-01","acq_time":"","year_be":2569,"season_be":2569,"dataset_year_be":2569,"province":"กำแพงเพชร","Province":"กำแพงเพชร","__province":"กำแพงเพชร","district":"คลองขลุง","Amphoe":"คลองขลุง","__district":"คลองขลุง","subdistrict":"วังบัว","Tambon":"วังบัว","__subdistrict":"วังบัว","village":"บ้านละหาน","BaanN":"บ้านละหาน","__village":"บ้านละหาน","land_type":"พื้นที่เกษตร","LandType":"พื้นที่เกษตร","plant_type":"นาข้าว","PlantType":"นาข้าว","crop_type":"นาข้าว","crop_type_raw":"นาข้าว","__crop":"นาข้าว","__plant_type":"นาข้าว","confidence":47,"Q":"47","source":"NASA FIRMS Email Alert - Suomi NPP VIIRS","source_file":"2569-7-20 รวม 67-69 เขต 6.xlsx","filter_rule":"Province=กำแพงเพชร; LandType=พื้นที่เกษตร; PlantType normalized to allowed groups","month":5,"month_key":"2569-05","day_key":"2026-05-01","TambonN":"วังบัว","AmphoeN":"คลองขลุง","ProvinceN":"กำแพงเพชร","Maps":"http://maps.google.com/maps?q=16.28375,99.71301"}},{"type":"Feature","geometry":{"type":"Point","coordinates":[99.71204,16.28849]},"properties":{"hs_id":"VI1202605010614w4yutj0p6f","hsID":"VI1202605010614w4yutj0p6f","acq_date":"2026-05-01","Date":"2026-05-01","acq_time":"","year_be":2569,"season_be":2569,"dataset_year_be":2569,"province":"กำแพงเพชร","Province":"กำแพงเพชร","__province":"กำแพงเพชร","district":"คลองขลุง","Amphoe":"คลองขลุง","__district":"คลองขลุง","subdistrict":"วังบัว","Tambon":"วังบัว","__subdistrict":"วังบัว","village":"บ้านละหาน","BaanN":"บ้านละหาน","__village":"บ้านละหาน","land_type":"พื้นที่เกษตร","LandType":"พื้นที่เกษตร","plant_type":"นาข้าว","PlantType":"นาข้าว","crop_type":"นาข้าว","crop_type_raw":"นาข้าว","__crop":"นาข้าว","__plant_type":"นาข้าว","confidence":47,"Q":"47","source":"NASA FIRMS Email Alert - Suomi NPP VIIRS","source_file":"2569-7-20 รวม 67-69 เขต 6.xlsx","filter_rule":"Province=กำแพงเพชร; LandType=พื้นที่เกษตร; PlantType normalized to allowed groups","month":5,"month_key":"2569-05","day_key":"2026-05-01","TambonN":"วังบัว","AmphoeN":"คลองขลุง","ProvinceN":"กำแพงเพชร","Maps":"http://maps.google.com/maps?q=16.28849,99.71204"}},{"type":"Feature","geometry":{"type":"Point","coordinates":[99.71474,16.28859]},"properties":{"hs_id":"VI1202605010614w4yutj4pcv","hsID":"VI1202605010614w4yutj4pcv","acq_date":"2026-05-01","Date":"2026-05-01","acq_time":"","year_be":2569,"season_be":2569,"dataset_year_be":2569,"province":"กำแพงเพชร","Province":"กำแพงเพชร","__province":"กำแพงเพชร","district":"คลองขลุง","Amphoe":"คลองขลุง","__district":"คลองขลุง","subdistrict":"วังบัว","Tambon":"วังบัว","__subdistrict":"วังบัว","village":"บ้านละหาน","BaanN":"บ้านละหาน","__village":"บ้านละหาน","land_type":"พื้นที่เกษตร","LandType":"พื้นที่เกษตร","plant_type":"นาข้าว","PlantType":"นาข้าว","crop_type":"นาข้าว","crop_type_raw":"นาข้าว","__crop":"นาข้าว","__plant_type":"นาข้าว","confidence":47,"Q":"47","source":"NASA FIRMS Email Alert - Suomi NPP VIIRS","source_file":"2569-7-20 รวม 67-69 เขต 6.xlsx","filter_rule":"Province=กำแพงเพชร; LandType=พื้นที่เกษตร; PlantType normalized to allowed groups","month":5,"month_key":"2569-05","day_key":"2026-05-01","TambonN":"วังบัว","AmphoeN":"คลองขลุง","ProvinceN":"กำแพงเพชร","Maps":"http://maps.google.com/maps?q=16.28859,99.71474"}},{"type":"Feature","geometry":{"type":"Point","coordinates":[99.72163,16.29529]},"properties":{"hs_id":"VI1202605010614w4yutnrnfq","hsID":"VI1202605010614w4yutnrnfq","acq_date":"2026-05-01","Date":"2026-05-01","acq_time":"","year_be":2569,"season_be":2569,"dataset_year_be":2569,"province":"กำแพงเพชร","Province":"กำแพงเพชร","__province":"กำแพงเพชร","district":"คลองขลุง","Amphoe":"คลองขลุง","__district":"คลองขลุง","subdistrict":"วังบัว","Tambon":"วังบัว","__subdistrict":"วังบัว","village":"บ้านวังบัว","BaanN":"บ้านวังบัว","__village":"บ้านวังบัว","land_type":"พื้นที่เกษตร","LandType":"พื้นที่เกษตร","plant_type":"นาข้าว","PlantType":"นาข้าว","crop_type":"นาข้าว","crop_type_raw":"นาข้าว","__crop":"นาข้าว","__plant_type":"นาข้าว","confidence":47,"Q":"47","source":"NASA FIRMS Email Alert - Suomi NPP VIIRS","source_file":"2569-7-20 รวม 67-69 เขต 6.xlsx","filter_rule":"Province=กำแพงเพชร; LandType=พื้นที่เกษตร; PlantType normalized to allowed groups","month":5,"month_key":"2569-05","day_key":"2026-05-01","TambonN":"วังบัว","AmphoeN":"คลองขลุง","ProvinceN":"กำแพงเพชร","Maps":"http://maps.google.com/maps?q=16.29529,99.72163"}},{"type":"Feature","geometry":{"type":"Point","coordinates":[99.72433,16.29532]},"properties":{"hs_id":"VI1202605010614w4yutq3p17","hsID":"VI1202605010614w4yutq3p17","acq_date":"2026-05-01","Date":"2026-05-01","acq_time":"","year_be":2569,"season_be":2569,"dataset_year_be":2569,"province":"กำแพงเพชร","Province":"กำแพงเพชร","__province":"กำแพงเพชร","district":"คลองขลุง","Amphoe":"คลองขลุง","__district":"คลองขลุง","subdistrict":"วังบัว","Tambon":"วังบัว","__subdistrict":"วังบัว","village":"บ้านวังบัว","BaanN":"บ้านวังบัว","__village":"บ้านวังบัว","land_type":"พื้นที่เกษตร","LandType":"พื้นที่เกษตร","plant_type":"นาข้าว","PlantType":"นาข้าว","crop_type":"นาข้าว","crop_type_raw":"นาข้าว","__crop":"นาข้าว","__plant_type":"นาข้าว","confidence":47,"Q":"47","source":"NASA FIRMS Email Alert - Suomi NPP VIIRS","source_file":"2569-7-20 รวม 67-69 เขต 6.xlsx","filter_rule":"Province=กำแพงเพชร; LandType=พื้นที่เกษตร; PlantType normalized to allowed groups","month":5,"month_key":"2569-05","day_key":"2026-05-01","TambonN":"วังบัว","AmphoeN":"คลองขลุง","ProvinceN":"กำแพงเพชร","Maps":"http://maps.google.com/maps?q=16.29532,99.72433"}},{"type":"Feature","geometry":{"type":"Point","coordinates":[99.68657,16.33279]},"properties":{"hs_id":"VI1202605010614w4yuumm93k","hsID":"VI1202605010614w4yuumm93k","acq_date":"2026-05-01","Date":"2026-05-01","acq_time":"","year_be":2569,"season_be":2569,"dataset_year_be":2569,"province":"กำแพงเพชร","Province":"กำแพงเพชร","__province":"กำแพงเพชร","district":"เมืองกำแพงเพชร","Amphoe":"เมืองกำแพงเพชร","__district":"เมืองกำแพงเพชร","subdistrict":"คณฑี","Tambon":"คณฑี","__subdistrict":"คณฑี","village":"บ้านท่าเสลี่ยง","BaanN":"บ้านท่าเสลี่ยง","__village":"บ้านท่าเสลี่ยง","land_type":"พื้นที่เกษตร","LandType":"พื้นที่เกษตร","plant_type":"อ้อย","PlantType":"อ้อย","crop_type":"อ้อย","crop_type_raw":"อ้อย","__crop":"อ้อย","__plant_type":"อ้อย","confidence":47,"Q":"47","source":"NASA FIRMS Email Alert - Suomi NPP VIIRS","source_file":"2569-7-20 รวม 67-69 เขต 6.xlsx","filter_rule":"Province=กำแพงเพชร; LandType=พื้นที่เกษตร; PlantType normalized to allowed groups","month":5,"month_key":"2569-05","day_key":"2026-05-01","TambonN":"คณฑี","AmphoeN":"เมืองกำแพงเพชร","ProvinceN":"กำแพงเพชร","Maps":"http://maps.google.com/maps?q=16.33279,99.68657"}},{"type":"Feature","geometry":{"type":"Point","coordinates":[99.72497,16.30579]},"properties":{"hs_id":"VI1202605010614w4yuv23s05","hsID":"VI1202605010614w4yuv23s05","acq_date":"2026-05-01","Date":"2026-05-01","acq_time":"","year_be":2569,"season_be":2569,"dataset_year_be":2569,"province":"กำแพงเพชร","Province":"กำแพงเพชร","__province":"กำแพงเพชร","district":"คลองขลุง","Amphoe":"คลองขลุง","__district":"คลองขลุง","subdistrict":"วังบัว","Tambon":"วังบัว","__subdistrict":"วังบัว","village":"บ้านวังบัว","BaanN":"บ้านวังบัว","__village":"บ้านวังบัว","land_type":"พื้นที่เกษตร","LandType":"พื้นที่เกษตร","plant_type":"นาข้าว","PlantType":"นาข้าว","crop_type":"นาข้าว","crop_type_raw":"นาข้าว","__crop":"นาข้าว","__plant_type":"นาข้าว","confidence":47,"Q":"47","source":"NASA FIRMS Email Alert - Suomi NPP VIIRS","source_file":"2569-7-20 รวม 67-69 เขต 6.xlsx","filter_rule":"Province=กำแพงเพชร; LandType=พื้นที่เกษตร; PlantType normalized to allowed groups","month":5,"month_key":"2569-05","day_key":"2026-05-01","TambonN":"วังบัว","AmphoeN":"คลองขลุง","ProvinceN":"กำแพงเพชร","Maps":"http://maps.google.com/maps?q=16.30579,99.72497"}},{"type":"Feature","geometry":{"type":"Point","coordinates":[99.72926,16.31154]},"properties":{"hs_id":"VI1202605010614w4yuv3kts5","hsID":"VI1202605010614w4yuv3kts5","acq_date":"2026-05-01","Date":"2026-05-01","acq_time":"","year_be":2569,"season_be":2569,"dataset_year_be":2569,"province":"กำแพงเพชร","Province":"กำแพงเพชร","__province":"กำแพงเพชร","district":"คลองขลุง","Amphoe":"คลองขลุง","__district":"คลองขลุง","subdistrict":"วังบัว","Tambon":"วังบัว","__subdistrict":"วังบัว","village":"บ้านโนนสว่าง","BaanN":"บ้านโนนสว่าง","__village":"บ้านโนนสว่าง","land_type":"พื้นที่เกษตร","LandType":"พื้นที่เกษตร","plant_type":"อ้อย","PlantType":"อ้อย","crop_type":"อ้อย","crop_type_raw":"อ้อย","__crop":"อ้อย","__plant_type":"อ้อย","confidence":47,"Q":"47","source":"NASA FIRMS Email Alert - Suomi NPP VIIRS","source_file":"2569-7-20 รวม 67-69 เขต 6.xlsx","filter_rule":"Province=กำแพงเพชร; LandType=พื้นที่เกษตร; PlantType normalized to allowed groups","month":5,"month_key":"2569-05","day_key":"2026-05-01","TambonN":"วังบัว","AmphoeN":"คลองขลุง","ProvinceN":"กำแพงเพชร","Maps":"http://maps.google.com/maps?q=16.31154,99.72926"}},{"type":"Feature","geometry":{"type":"Point","coordinates":[99.79164,16.29921]},"properties":{"hs_id":"VI1202605010614w4yuwz4jc8","hsID":"VI1202605010614w4yuwz4jc8","acq_date":"2026-05-01","Date":"2026-05-01","acq_time":"","year_be":2569,"season_be":2569,"dataset_year_be":2569,"province":"กำแพงเพชร","Province":"กำแพงเพชร","__province":"กำแพงเพชร","district":"ทรายทองวัฒนา","Amphoe":"ทรายทองวัฒนา","__district":"ทรายทองวัฒนา","subdistrict":"ทุ่งทราย","Tambon":"ทุ่งทราย","__subdistrict":"ทุ่งทราย","village":"บ้านหนองนกชุม","BaanN":"บ้านหนองนกชุม","__village":"บ้านหนองนกชุม","land_type":"พื้นที่เกษตร","LandType":"พื้นที่เกษตร","plant_type":"นาข้าว","PlantType":"นาข้าว","crop_type":"นาข้าว","crop_type_raw":"นาข้าว","__crop":"นาข้าว","__plant_type":"นาข้าว","confidence":47,"Q":"47","source":"NASA FIRMS Email Alert - Suomi NPP VIIRS","source_file":"2569-7-20 รวม 67-69 เขต 6.xlsx","filter_rule":"Province=กำแพงเพชร; LandType=พื้นที่เกษตร; PlantType normalized to allowed groups","month":5,"month_key":"2569-05","day_key":"2026-05-01","TambonN":"ทุ่งทราย","AmphoeN":"ทรายทองวัฒนา","ProvinceN":"กำแพงเพชร","Maps":"http://maps.google.com/maps?q=16.29921,99.79164"}},{"type":"Feature","geometry":{"type":"Point","coordinates":[99.79451,16.29873]},"properties":{"hs_id":"VI1202605010614w4yuwzh4ux","hsID":"VI1202605010614w4yuwzh4ux","acq_date":"2026-05-01","Date":"2026-05-01","acq_time":"","year_be":2569,"season_be":2569,"dataset_year_be":2569,"province":"กำแพงเพชร","Province":"กำแพงเพชร","__province":"กำแพงเพชร","district":"ทรายทองวัฒนา","Amphoe":"ทรายทองวัฒนา","__district":"ทรายทองวัฒนา","subdistrict":"ทุ่งทราย","Tambon":"ทุ่งทราย","__subdistrict":"ทุ่งทราย","village":"บ้านหนองนกชุมใต้","BaanN":"บ้านหนองนกชุมใต้","__village":"บ้านหนองนกชุมใต้","land_type":"พื้นที่เกษตร","LandType":"พื้นที่เกษตร","plant_type":"นาข้าว","PlantType":"นาข้าว","crop_type":"นาข้าว","crop_type_raw":"นาข้าว","__crop":"นาข้าว","__plant_type":"นาข้าว","confidence":47,"Q":"47","source":"NASA FIRMS Email Alert - Suomi NPP VIIRS","source_file":"2569-7-20 รวม 67-69 เขต 6.xlsx","filter_rule":"Province=กำแพงเพชร; LandType=พื้นที่เกษตร; PlantType normalized to allowed groups","month":5,"month_key":"2569-05","day_key":"2026-05-01","TambonN":"ทุ่งทราย","AmphoeN":"ทรายทองวัฒนา","ProvinceN":"กำแพงเพชร","Maps":"http://maps.google.com/maps?q=16.29873,99.79451"}},{"type":"Feature","geometry":{"type":"Point","coordinates":[99.81303,16.28757]},"properties":{"hs_id":"VI1202605010614w4yuxm19up","hsID":"VI1202605010614w4yuxm19up","acq_date":"2026-05-01","Date":"2026-05-01","acq_time":"","year_be":2569,"season_be":2569,"dataset_year_be":2569,"province":"กำแพงเพชร","Province":"กำแพงเพชร","__province":"กำแพงเพชร","district":"ทรายทองวัฒนา","Amphoe":"ทรายทองวัฒนา","__district":"ทรายทองวัฒนา","subdistrict":"ทุ่งทราย","Tambon":"ทุ่งทราย","__subdistrict":"ทุ่งทราย","village":"บ้านทุ่งทราย","BaanN":"บ้านทุ่งทราย","__village":"บ้านทุ่งทราย","land_type":"พื้นที่เกษตร","LandType":"พื้นที่เกษตร","plant_type":"นาข้าว","PlantType":"นาข้าว","crop_type":"นาข้าว","crop_type_raw":"นาข้าว","__crop":"นาข้าว","__plant_type":"นาข้าว","confidence":47,"Q":"47","source":"NASA FIRMS Email Alert - Suomi NPP VIIRS","source_file":"2569-7-20 รวม 67-69 เขต 6.xlsx","filter_rule":"Province=กำแพงเพชร; LandType=พื้นที่เกษตร; PlantType normalized to allowed groups","month":5,"month_key":"2569-05","day_key":"2026-05-01","TambonN":"ทุ่งทราย","AmphoeN":"ทรายทองวัฒนา","ProvinceN":"กำแพงเพชร","Maps":"http://maps.google.com/maps?q=16.28757,99.81303"}},{"type":"Feature","geometry":{"type":"Point","coordinates":[99.81995,16.31942]},"properties":{"hs_id":"VI1202605010614w4yuz6yet2","hsID":"VI1202605010614w4yuz6yet2","acq_date":"2026-05-01","Date":"2026-05-01","acq_time":"","year_be":2569,"season_be":2569,"dataset_year_be":2569,"province":"กำแพงเพชร","Province":"กำแพงเพชร","__province":"กำแพงเพชร","district":"ทรายทองวัฒนา","Amphoe":"ทรายทองวัฒนา","__district":"ทรายทองวัฒนา","subdistrict":"ทุ่งทราย","Tambon":"ทุ่งทราย","__subdistrict":"ทุ่งทราย","village":"บ้านร่มเย็น","BaanN":"บ้านร่มเย็น","__village":"บ้านร่มเย็น","land_type":"พื้นที่เกษตร","LandType":"พื้นที่เกษตร","plant_type":"นาข้าว","PlantType":"นาข้าว","crop_type":"นาข้าว","crop_type_raw":"นาข้าว","__crop":"นาข้าว","__plant_type":"นาข้าว","confidence":47,"Q":"47","source":"NASA FIRMS Email Alert - Suomi NPP VIIRS","source_file":"2569-7-20 รวม 67-69 เขต 6.xlsx","filter_rule":"Province=กำแพงเพชร; LandType=พื้นที่เกษตร; PlantType normalized to allowed groups","month":5,"month_key":"2569-05","day_key":"2026-05-01","TambonN":"ทุ่งทราย","AmphoeN":"ทรายทองวัฒนา","ProvinceN":"กำแพงเพชร","Maps":"http://maps.google.com/maps?q=16.31942,99.81995"}},{"type":"Feature","geometry":{"type":"Point","coordinates":[99.55908,16.40134]},"properties":{"hs_id":"VI1202605010614w4yv39b8wx","hsID":"VI1202605010614w4yv39b8wx","acq_date":"2026-05-01","Date":"2026-05-01","acq_time":"","year_be":2569,"season_be":2569,"dataset_year_be":2569,"province":"กำแพงเพชร","Province":"กำแพงเพชร","__province":"กำแพงเพชร","district":"เมืองกำแพงเพชร","Amphoe":"เมืองกำแพงเพชร","__district":"เมืองกำแพงเพชร","subdistrict":"เทพนคร","Tambon":"เทพนคร","__subdistrict":"เทพนคร","village":"บ้านนครอินทร์","BaanN":"บ้านนครอินทร์","__village":"บ้านนครอินทร์","land_type":"พื้นที่เกษตร","LandType":"พื้นที่เกษตร","plant_type":"อื่น ๆ","PlantType":"อื่น ๆ","crop_type":"อื่น ๆ","crop_type_raw":"อื่น ๆ","__crop":"อื่น ๆ","__plant_type":"อื่น ๆ","confidence":47,"Q":"47","source":"NASA FIRMS Email Alert - Suomi NPP VIIRS","source_file":"2569-7-20 รวม 67-69 เขต 6.xlsx","filter_rule":"Province=กำแพงเพชร; LandType=พื้นที่เกษตร; PlantType normalized to allowed groups","month":5,"month_key":"2569-05","day_key":"2026-05-01","TambonN":"เทพนคร","AmphoeN":"เมืองกำแพงเพชร","ProvinceN":"กำแพงเพชร","Maps":"http://maps.google.com/maps?q=16.40134,99.55908"}},{"type":"Feature","geometry":{"type":"Point","coordinates":[99.57763,16.41982]},"properties":{"hs_id":"VI1202605010614w4yv3vnhqu","hsID":"VI1202605010614w4yv3vnhqu","acq_date":"2026-05-01","Date":"2026-05-01","acq_time":"","year_be":2569,"season_be":2569,"dataset_year_be":2569,"province":"กำแพงเพชร","Province":"กำแพงเพชร","__province":"กำแพงเพชร","district":"เมืองกำแพงเพชร","Amphoe":"เมืองกำแพงเพชร","__district":"เมืองกำแพงเพชร","subdistrict":"เทพนคร","Tambon":"เทพนคร","__subdistrict":"เทพนคร","village":"บ้านวังทองหลาง","BaanN":"บ้านวังทองหลาง","__village":"บ้านวังทองหลาง","land_type":"พื้นที่เกษตร","LandType":"พื้นที่เกษตร","plant_type":"นาข้าว","PlantType":"นาข้าว","crop_type":"นาข้าว","crop_type_raw":"นาข้าว","__crop":"นาข้าว","__plant_type":"นาข้าว","confidence":47,"Q":"47","source":"NASA FIRMS Email Alert - Suomi NPP VIIRS","source_file":"2569-7-20 รวม 67-69 เขต 6.xlsx","filter_rule":"Province=กำแพงเพชร; LandType=พื้นที่เกษตร; PlantType normalized to allowed groups","month":5,"month_key":"2569-05","day_key":"2026-05-01","TambonN":"เทพนคร","AmphoeN":"เมืองกำแพงเพชร","ProvinceN":"กำแพงเพชร","Maps":"http://maps.google.com/maps?q=16.41982,99.57763"}},{"type":"Feature","geometry":{"type":"Point","coordinates":[99.58544,16.38169]},"properties":{"hs_id":"VI1202605010614w4yv4n5ykb","hsID":"VI1202605010614w4yv4n5ykb","acq_date":"2026-05-01","Date":"2026-05-01","acq_time":"","year_be":2569,"season_be":2569,"dataset_year_be":2569,"province":"กำแพงเพชร","Province":"กำแพงเพชร","__province":"กำแพงเพชร","district":"เมืองกำแพงเพชร","Amphoe":"เมืองกำแพงเพชร","__district":"เมืองกำแพงเพชร","subdistrict":"เทพนคร","Tambon":"เทพนคร","__subdistrict":"เทพนคร","village":"บ้านศรีนคร","BaanN":"บ้านศรีนคร","__village":"บ้านศรีนคร","land_type":"พื้นที่เกษตร","LandType":"พื้นที่เกษตร","plant_type":"นาข้าว","PlantType":"นาข้าว","crop_type":"นาข้าว","crop_type_raw":"นาข้าว","__crop":"นาข้าว","__plant_type":"นาข้าว","confidence":47,"Q":"47","source":"NASA FIRMS Email Alert - Suomi NPP VIIRS","source_file":"2569-7-20 รวม 67-69 เขต 6.xlsx","filter_rule":"Province=กำแพงเพชร; LandType=พื้นที่เกษตร; PlantType normalized to allowed groups","month":5,"month_key":"2569-05","day_key":"2026-05-01","TambonN":"เทพนคร","AmphoeN":"เมืองกำแพงเพชร","ProvinceN":"กำแพงเพชร","Maps":"http://maps.google.com/maps?q=16.38169,99.58544"}},{"type":"Feature","geometry":{"type":"Point","coordinates":[99.59081,16.38275]},"properties":{"hs_id":"VI1202605010614w4yv4nru6j","hsID":"VI1202605010614w4yv4nru6j","acq_date":"2026-05-01","Date":"2026-05-01","acq_time":"","year_be":2569,"season_be":2569,"dataset_year_be":2569,"province":"กำแพงเพชร","Province":"กำแพงเพชร","__province":"กำแพงเพชร","district":"เมืองกำแพงเพชร","Amphoe":"เมืองกำแพงเพชร","__district":"เมืองกำแพงเพชร","subdistrict":"เทพนคร","Tambon":"เทพนคร","__subdistrict":"เทพนคร","village":"บ้านศรีนคร","BaanN":"บ้านศรีนคร","__village":"บ้านศรีนคร","land_type":"พื้นที่เกษตร","LandType":"พื้นที่เกษตร","plant_type":"นาข้าว","PlantType":"นาข้าว","crop_type":"นาข้าว","crop_type_raw":"นาข้าว","__crop":"นาข้าว","__plant_type":"นาข้าว","confidence":47,"Q":"47","source":"NASA FIRMS Email Alert - Suomi NPP VIIRS","source_file":"2569-7-20 รวม 67-69 เขต 6.xlsx","filter_rule":"Province=กำแพงเพชร; LandType=พื้นที่เกษตร; PlantType normalized to allowed groups","month":5,"month_key":"2569-05","day_key":"2026-05-01","TambonN":"เทพนคร","AmphoeN":"เมืองกำแพงเพชร","ProvinceN":"กำแพงเพชร","Maps":"http://maps.google.com/maps?q=16.38275,99.59081"}},{"type":"Feature","geometry":{"type":"Point","coordinates":[99.60246,16.38009]},"properties":{"hs_id":"VI1202605010614w4yv4tbkcw","hsID":"VI1202605010614w4yv4tbkcw","acq_date":"2026-05-01","Date":"2026-05-01","acq_time":"","year_be":2569,"season_be":2569,"dataset_year_be":2569,"province":"กำแพงเพชร","Province":"กำแพงเพชร","__province":"กำแพงเพชร","district":"เมืองกำแพงเพชร","Amphoe":"เมืองกำแพงเพชร","__district":"เมืองกำแพงเพชร","subdistrict":"เทพนคร","Tambon":"เทพนคร","__subdistrict":"เทพนคร","village":"บ้านท่าตะคล้อ","BaanN":"บ้านท่าตะคล้อ","__village":"บ้านท่าตะคล้อ","land_type":"พื้นที่เกษตร","LandType":"พื้นที่เกษตร","plant_type":"นาข้าว","PlantType":"นาข้าว","crop_type":"นาข้าว","crop_type_raw":"นาข้าว","__crop":"นาข้าว","__plant_type":"นาข้าว","confidence":47,"Q":"47","source":"NASA FIRMS Email Alert - Suomi NPP VIIRS","source_file":"2569-7-20 รวม 67-69 เขต 6.xlsx","filter_rule":"Province=กำแพงเพชร; LandType=พื้นที่เกษตร; PlantType normalized to allowed groups","month":5,"month_key":"2569-05","day_key":"2026-05-01","TambonN":"เทพนคร","AmphoeN":"เมืองกำแพงเพชร","ProvinceN":"กำแพงเพชร","Maps":"http://maps.google.com/maps?q=16.38009,99.60246"}},{"type":"Feature","geometry":{"type":"Point","coordinates":[99.60465,16.38133]},"properties":{"hs_id":"VI1202605010614w4yv4w1uht","hsID":"VI1202605010614w4yv4w1uht","acq_date":"2026-05-01","Date":"2026-05-01","acq_time":"","year_be":2569,"season_be":2569,"dataset_year_be":2569,"province":"กำแพงเพชร","Province":"กำแพงเพชร","__province":"กำแพงเพชร","district":"เมืองกำแพงเพชร","Amphoe":"เมืองกำแพงเพชร","__district":"เมืองกำแพงเพชร","subdistrict":"เทพนคร","Tambon":"เทพนคร","__subdistrict":"เทพนคร","village":"บ้านท่าตะคล้อ","BaanN":"บ้านท่าตะคล้อ","__village":"บ้านท่าตะคล้อ","land_type":"พื้นที่เกษตร","LandType":"พื้นที่เกษตร","plant_type":"นาข้าว","PlantType":"นาข้าว","crop_type":"นาข้าว","crop_type_raw":"นาข้าว","__crop":"นาข้าว","__plant_type":"นาข้าว","confidence":47,"Q":"47","source":"NASA FIRMS Email Alert - Suomi NPP VIIRS","source_file":"2569-7-20 รวม 67-69 เขต 6.xlsx","filter_rule":"Province=กำแพงเพชร; LandType=พื้นที่เกษตร; PlantType normalized to allowed groups","month":5,"month_key":"2569-05","day_key":"2026-05-01","TambonN":"เทพนคร","AmphoeN":"เมืองกำแพงเพชร","ProvinceN":"กำแพงเพชร","Maps":"http://maps.google.com/maps?q=16.38133,99.60465"}},{"type":"Feature","geometry":{"type":"Point","coordinates":[99.60098,16.41445]},"properties":{"hs_id":"VI1202605010614w4yv6kpjp5","hsID":"VI1202605010614w4yv6kpjp5","acq_date":"2026-05-01","Date":"2026-05-01","acq_time":"","year_be":2569,"season_be":2569,"dataset_year_be":2569,"province":"กำแพงเพชร","Province":"กำแพงเพชร","__province":"กำแพงเพชร","district":"เมืองกำแพงเพชร","Amphoe":"เมืองกำแพงเพชร","__district":"เมืองกำแพงเพชร","subdistrict":"เทพนคร","Tambon":"เทพนคร","__subdistrict":"เทพนคร","village":"บ้านไทรย้อย","BaanN":"บ้านไทรย้อย","__village":"บ้านไทรย้อย","land_type":"พื้นที่เกษตร","LandType":"พื้นที่เกษตร","plant_type":"นาข้าว","PlantType":"นาข้าว","crop_type":"นาข้าว","crop_type_raw":"นาข้าว","__crop":"นาข้าว","__plant_type":"นาข้าว","confidence":47,"Q":"47","source":"NASA FIRMS Email Alert - Suomi NPP VIIRS","source_file":"2569-7-20 รวม 67-69 เขต 6.xlsx","filter_rule":"Province=กำแพงเพชร; LandType=พื้นที่เกษตร; PlantType normalized to allowed groups","month":5,"month_key":"2569-05","day_key":"2026-05-01","TambonN":"เทพนคร","AmphoeN":"เมืองกำแพงเพชร","ProvinceN":"กำแพงเพชร","Maps":"http://maps.google.com/maps?q=16.41445,99.60098"}},{"type":"Feature","geometry":{"type":"Point","coordinates":[99.64792,16.4285]},"properties":{"hs_id":"VI1202605010614w4yv7w9quy","hsID":"VI1202605010614w4yv7w9quy","acq_date":"2026-05-01","Date":"2026-05-01","acq_time":"","year_be":2569,"season_be":2569,"dataset_year_be":2569,"province":"กำแพงเพชร","Province":"กำแพงเพชร","__province":"กำแพงเพชร","district":"เมืองกำแพงเพชร","Amphoe":"เมืองกำแพงเพชร","__district":"เมืองกำแพงเพชร","subdistrict":"เทพนคร","Tambon":"เทพนคร","__subdistrict":"เทพนคร","village":"บ้านสุกรพันธ์","BaanN":"บ้านสุกรพันธ์","__village":"บ้านสุกรพันธ์","land_type":"พื้นที่เกษตร","LandType":"พื้นที่เกษตร","plant_type":"นาข้าว","PlantType":"นาข้าว","crop_type":"นาข้าว","crop_type_raw":"นาข้าว","__crop":"นาข้าว","__plant_type":"นาข้าว","confidence":47,"Q":"47","source":"NASA FIRMS Email Alert - Suomi NPP VIIRS","source_file":"2569-7-20 รวม 67-69 เขต 6.xlsx","filter_rule":"Province=กำแพงเพชร; LandType=พื้นที่เกษตร; PlantType normalized to allowed groups","month":5,"month_key":"2569-05","day_key":"2026-05-01","TambonN":"เทพนคร","AmphoeN":"เมืองกำแพงเพชร","ProvinceN":"กำแพงเพชร","Maps":"http://maps.google.com/maps?q=16.4285,99.64792"}},{"type":"Feature","geometry":{"type":"Point","coordinates":[99.56963,16.47261]},"properties":{"hs_id":"VI1202605010614w4yv9y8rut","hsID":"VI1202605010614w4yv9y8rut","acq_date":"2026-05-01","Date":"2026-05-01","acq_time":"","year_be":2569,"season_be":2569,"dataset_year_be":2569,"province":"กำแพงเพชร","Province":"กำแพงเพชร","__province":"กำแพงเพชร","district":"เมืองกำแพงเพชร","Amphoe":"เมืองกำแพงเพชร","__district":"เมืองกำแพงเพชร","subdistrict":"เทพนคร","Tambon":"เทพนคร","__subdistrict":"เทพนคร","village":"บ้านหนองกรด","BaanN":"บ้านหนองกรด","__village":"บ้านหนองกรด","land_type":"พื้นที่เกษตร","LandType":"พื้นที่เกษตร","plant_type":"นาข้าว","PlantType":"นาข้าว","crop_type":"นาข้าว","crop_type_raw":"นาข้าว","__crop":"นาข้าว","__plant_type":"นาข้าว","confidence":47,"Q":"47","source":"NASA FIRMS Email Alert - Suomi NPP VIIRS","source_file":"2569-7-20 รวม 67-69 เขต 6.xlsx","filter_rule":"Province=กำแพงเพชร; LandType=พื้นที่เกษตร; PlantType normalized to allowed groups","month":5,"month_key":"2569-05","day_key":"2026-05-01","TambonN":"สระแก้ว","AmphoeN":"เมืองกำแพงเพชร","ProvinceN":"กำแพงเพชร","Maps":"http://maps.google.com/maps?q=16.47261,99.56963"}},{"type":"Feature","geometry":{"type":"Point","coordinates":[99.57218,16.47326]},"properties":{"hs_id":"VI1202605010614w4yv9yf5xy","hsID":"VI1202605010614w4yv9yf5xy","acq_date":"2026-05-01","Date":"2026-05-01","acq_time":"","year_be":2569,"season_be":2569,"dataset_year_be":2569,"province":"กำแพงเพชร","Province":"กำแพงเพชร","__province":"กำแพงเพชร","district":"เมืองกำแพงเพชร","Amphoe":"เมืองกำแพงเพชร","__district":"เมืองกำแพงเพชร","subdistrict":"เทพนคร","Tambon":"เทพนคร","__subdistrict":"เทพนคร","village":"บ้านหนองกรด","BaanN":"บ้านหนองกรด","__village":"บ้านหนองกรด","land_type":"พื้นที่เกษตร","LandType":"พื้นที่เกษตร","plant_type":"นาข้าว","PlantType":"นาข้าว","crop_type":"นาข้าว","crop_type_raw":"นาข้าว","__crop":"นาข้าว","__plant_type":"นาข้าว","confidence":47,"Q":"47","source":"NASA FIRMS Email Alert - Suomi NPP VIIRS","source_file":"2569-7-20 รวม 67-69 เขต 6.xlsx","filter_rule":"Province=กำแพงเพชร; LandType=พื้นที่เกษตร; PlantType normalized to allowed groups","month":5,"month_key":"2569-05","day_key":"2026-05-01","TambonN":"สระแก้ว","AmphoeN":"เมืองกำแพงเพชร","ProvinceN":"กำแพงเพชร","Maps":"http://maps.google.com/maps?q=16.47326,99.57218"}},{"type":"Feature","geometry":{"type":"Point","coordinates":[99.57498,16.47367]},"properties":{"hs_id":"VI1202605010614w4yv9yuq14","hsID":"VI1202605010614w4yv9yuq14","acq_date":"2026-05-01","Date":"2026-05-01","acq_time":"","year_be":2569,"season_be":2569,"dataset_year_be":2569,"province":"กำแพงเพชร","Province":"กำแพงเพชร","__province":"กำแพงเพชร","district":"เมืองกำแพงเพชร","Amphoe":"เมืองกำแพงเพชร","__district":"เมืองกำแพงเพชร","subdistrict":"เทพนคร","Tambon":"เทพนคร","__subdistrict":"เทพนคร","village":"บ้านหนองกรด","BaanN":"บ้านหนองกรด","__village":"บ้านหนองกรด","land_type":"พื้นที่เกษตร","LandType":"พื้นที่เกษตร","plant_type":"นาข้าว","PlantType":"นาข้าว","crop_type":"นาข้าว","crop_type_raw":"นาข้าว","__crop":"นาข้าว","__plant_type":"นาข้าว","confidence":47,"Q":"47","source":"NASA FIRMS Email Alert - Suomi NPP VIIRS","source_file":"2569-7-20 รวม 67-69 เขต 6.xlsx","filter_rule":"Province=กำแพงเพชร; LandType=พื้นที่เกษตร; PlantType normalized to allowed groups","month":5,"month_key":"2569-05","day_key":"2026-05-01","TambonN":"สระแก้ว","AmphoeN":"เมืองกำแพงเพชร","ProvinceN":"กำแพงเพชร","Maps":"http://maps.google.com/maps?q=16.47367,99.57498"}},{"type":"Feature","geometry":{"type":"Point","coordinates":[99.61452,16.45661]},"properties":{"hs_id":"VI1202605010614w4yvdgc4dw","hsID":"VI1202605010614w4yvdgc4dw","acq_date":"2026-05-01","Date":"2026-05-01","acq_time":"","year_be":2569,"season_be":2569,"dataset_year_be":2569,"province":"กำแพงเพชร","Province":"กำแพงเพชร","__province":"กำแพงเพชร","district":"เมืองกำแพงเพชร","Amphoe":"เมืองกำแพงเพชร","__district":"เมืองกำแพงเพชร","subdistrict":"เทพนคร","Tambon":"เทพนคร","__subdistrict":"เทพนคร","village":"บ้านตลกแรด","BaanN":"บ้านตลกแรด","__village":"บ้านตลกแรด","land_type":"พื้นที่เกษตร","LandType":"พื้นที่เกษตร","plant_type":"นาข้าว","PlantType":"นาข้าว","crop_type":"นาข้าว","crop_type_raw":"นาข้าว","__crop":"นาข้าว","__plant_type":"นาข้าว","confidence":47,"Q":"47","source":"NASA FIRMS Email Alert - Suomi NPP VIIRS","source_file":"2569-7-20 รวม 67-69 เขต 6.xlsx","filter_rule":"Province=กำแพงเพชร; LandType=พื้นที่เกษตร; PlantType normalized to allowed groups","month":5,"month_key":"2569-05","day_key":"2026-05-01","TambonN":"เทพนคร","AmphoeN":"เมืองกำแพงเพชร","ProvinceN":"กำแพงเพชร","Maps":"http://maps.google.com/maps?q=16.45661,99.61452"}},{"type":"Feature","geometry":{"type":"Point","coordinates":[99.60821,16.46034]},"properties":{"hs_id":"VI1202605010614w4yvdss2rt","hsID":"VI1202605010614w4yvdss2rt","acq_date":"2026-05-01","Date":"2026-05-01","acq_time":"","year_be":2569,"season_be":2569,"dataset_year_be":2569,"province":"กำแพงเพชร","Province":"กำแพงเพชร","__province":"กำแพงเพชร","district":"เมืองกำแพงเพชร","Amphoe":"เมืองกำแพงเพชร","__district":"เมืองกำแพงเพชร","subdistrict":"เทพนคร","Tambon":"เทพนคร","__subdistrict":"เทพนคร","village":"บ้านโนนสมอ","BaanN":"บ้านโนนสมอ","__village":"บ้านโนนสมอ","land_type":"พื้นที่เกษตร","LandType":"พื้นที่เกษตร","plant_type":"อ้อย","PlantType":"อ้อย","crop_type":"อ้อย","crop_type_raw":"อ้อย","__crop":"อ้อย","__plant_type":"อ้อย","confidence":47,"Q":"47","source":"NASA FIRMS Email Alert - Suomi NPP VIIRS","source_file":"2569-7-20 รวม 67-69 เขต 6.xlsx","filter_rule":"Province=กำแพงเพชร; LandType=พื้นที่เกษตร; PlantType normalized to allowed groups","month":5,"month_key":"2569-05","day_key":"2026-05-01","TambonN":"เทพนคร","AmphoeN":"เมืองกำแพงเพชร","ProvinceN":"กำแพงเพชร","Maps":"http://maps.google.com/maps?q=16.46034,99.60821"}},{"type":"Feature","geometry":{"type":"Point","coordinates":[99.62419,16.4634]},"properties":{"hs_id":"VI1202605010614w4yvej047b","hsID":"VI1202605010614w4yvej047b","acq_date":"2026-05-01","Date":"2026-05-01","acq_time":"","year_be":2569,"season_be":2569,"dataset_year_be":2569,"province":"กำแพงเพชร","Province":"กำแพงเพชร","__province":"กำแพงเพชร","district":"เมืองกำแพงเพชร","Amphoe":"เมืองกำแพงเพชร","__district":"เมืองกำแพงเพชร","subdistrict":"เทพนคร","Tambon":"เทพนคร","__subdistrict":"เทพนคร","village":"บ้านมะกอกหวาน","BaanN":"บ้านมะกอกหวาน","__village":"บ้านมะกอกหวาน","land_type":"พื้นที่เกษตร","LandType":"พื้นที่เกษตร","plant_type":"นาข้าว","PlantType":"นาข้าว","crop_type":"นาข้าว","crop_type_raw":"นาข้าว","__crop":"นาข้าว","__plant_type":"นาข้าว","confidence":47,"Q":"47","source":"NASA FIRMS Email Alert - Suomi NPP VIIRS","source_file":"2569-7-20 รวม 67-69 เขต 6.xlsx","filter_rule":"Province=กำแพงเพชร; LandType=พื้นที่เกษตร; PlantType normalized to allowed groups","month":5,"month_key":"2569-05","day_key":"2026-05-01","TambonN":"เทพนคร","AmphoeN":"เมืองกำแพงเพชร","ProvinceN":"กำแพงเพชร","Maps":"http://maps.google.com/maps?q=16.4634,99.62419"}},{"type":"Feature","geometry":{"type":"Point","coordinates":[99.6774,16.35074]},"properties":{"hs_id":"VI1202605010614w4yvh0wcgy","hsID":"VI1202605010614w4yvh0wcgy","acq_date":"2026-05-01","Date":"2026-05-01","acq_time":"","year_be":2569,"season_be":2569,"dataset_year_be":2569,"province":"กำแพงเพชร","Province":"กำแพงเพชร","__province":"กำแพงเพชร","district":"เมืองกำแพงเพชร","Amphoe":"เมืองกำแพงเพชร","__district":"เมืองกำแพงเพชร","subdistrict":"คณฑี","Tambon":"คณฑี","__subdistrict":"คณฑี","village":"บ้านเกาะธำมรงค์","BaanN":"บ้านเกาะธำมรงค์","__village":"บ้านเกาะธำมรงค์","land_type":"พื้นที่เกษตร","LandType":"พื้นที่เกษตร","plant_type":"นาข้าว","PlantType":"นาข้าว","crop_type":"นาข้าว","crop_type_raw":"นาข้าว","__crop":"นาข้าว","__plant_type":"นาข้าว","confidence":47,"Q":"47","source":"NASA FIRMS Email Alert - Suomi NPP VIIRS","source_file":"2569-7-20 รวม 67-69 เขต 6.xlsx","filter_rule":"Province=กำแพงเพชร; LandType=พื้นที่เกษตร; PlantType normalized to allowed groups","month":5,"month_key":"2569-05","day_key":"2026-05-01","TambonN":"ธำมรงค์","AmphoeN":"เมืองกำแพงเพชร","ProvinceN":"กำแพงเพชร","Maps":"http://maps.google.com/maps?q=16.35074,99.6774"}},{"type":"Feature","geometry":{"type":"Point","coordinates":[99.67142,16.48779]},"properties":{"hs_id":"VI1202605010614w4yvu1d826","hsID":"VI1202605010614w4yvu1d826","acq_date":"2026-05-01","Date":"2026-05-01","acq_time":"","year_be":2569,"season_be":2569,"dataset_year_be":2569,"province":"กำแพงเพชร","Province":"กำแพงเพชร","__province":"กำแพงเพชร","district":"เมืองกำแพงเพชร","Amphoe":"เมืองกำแพงเพชร","__district":"เมืองกำแพงเพชร","subdistrict":"นิคมทุ่งโพธิ์ทะเล","Tambon":"นิคมทุ่งโพธิ์ทะเล","__subdistrict":"นิคมทุ่งโพธิ์ทะเล","village":"บ้านโพธิ์ทะเล","BaanN":"บ้านโพธิ์ทะเล","__village":"บ้านโพธิ์ทะเล","land_type":"พื้นที่เกษตร","LandType":"พื้นที่เกษตร","plant_type":"นาข้าว","PlantType":"นาข้าว","crop_type":"นาข้าว","crop_type_raw":"นาข้าว","__crop":"นาข้าว","__plant_type":"นาข้าว","confidence":47,"Q":"47","source":"NASA FIRMS Email Alert - Suomi NPP VIIRS","source_file":"2569-7-20 รวม 67-69 เขต 6.xlsx","filter_rule":"Province=กำแพงเพชร; LandType=พื้นที่เกษตร; PlantType normalized to allowed groups","month":5,"month_key":"2569-05","day_key":"2026-05-01","TambonN":"นิคมทุ่งโพธิ์ทะเล","AmphoeN":"เมืองกำแพงเพชร","ProvinceN":"กำแพงเพชร","Maps":"http://maps.google.com/maps?q=16.48779,99.67142"}},{"type":"Feature","geometry":{"type":"Point","coordinates":[99.66798,16.49143]},"properties":{"hs_id":"VI1202605010614w4yvu40j83","hsID":"VI1202605010614w4yvu40j83","acq_date":"2026-05-01","Date":"2026-05-01","acq_time":"","year_be":2569,"season_be":2569,"dataset_year_be":2569,"province":"กำแพงเพชร","Province":"กำแพงเพชร","__province":"กำแพงเพชร","district":"เมืองกำแพงเพชร","Amphoe":"เมืองกำแพงเพชร","__district":"เมืองกำแพงเพชร","subdistrict":"นิคมทุ่งโพธิ์ทะเล","Tambon":"นิคมทุ่งโพธิ์ทะเล","__subdistrict":"นิคมทุ่งโพธิ์ทะเล","village":"บ้านหนองเต่า","BaanN":"บ้านหนองเต่า","__village":"บ้านหนองเต่า","land_type":"พื้นที่เกษตร","LandType":"พื้นที่เกษตร","plant_type":"นาข้าว","PlantType":"นาข้าว","crop_type":"นาข้าว","crop_type_raw":"นาข้าว","__crop":"นาข้าว","__plant_type":"นาข้าว","confidence":47,"Q":"47","source":"NASA FIRMS Email Alert - Suomi NPP VIIRS","source_file":"2569-7-20 รวม 67-69 เขต 6.xlsx","filter_rule":"Province=กำแพงเพชร; LandType=พื้นที่เกษตร; PlantType normalized to allowed groups","month":5,"month_key":"2569-05","day_key":"2026-05-01","TambonN":"สระแก้ว","AmphoeN":"เมืองกำแพงเพชร","ProvinceN":"กำแพงเพชร","Maps":"http://maps.google.com/maps?q=16.49143,99.66798"}},{"type":"Feature","geometry":{"type":"Point","coordinates":[99.67046,16.49252]},"properties":{"hs_id":"VI1202605010614w4yvu43gfh","hsID":"VI1202605010614w4yvu43gfh","acq_date":"2026-05-01","Date":"2026-05-01","acq_time":"","year_be":2569,"season_be":2569,"dataset_year_be":2569,"province":"กำแพงเพชร","Province":"กำแพงเพชร","__province":"กำแพงเพชร","district":"เมืองกำแพงเพชร","Amphoe":"เมืองกำแพงเพชร","__district":"เมืองกำแพงเพชร","subdistrict":"นิคมทุ่งโพธิ์ทะเล","Tambon":"นิคมทุ่งโพธิ์ทะเล","__subdistrict":"นิคมทุ่งโพธิ์ทะเล","village":"บ้านโพธิ์ทะเล","BaanN":"บ้านโพธิ์ทะเล","__village":"บ้านโพธิ์ทะเล","land_type":"พื้นที่เกษตร","LandType":"พื้นที่เกษตร","plant_type":"นาข้าว","PlantType":"นาข้าว","crop_type":"นาข้าว","crop_type_raw":"นาข้าว","__crop":"นาข้าว","__plant_type":"นาข้าว","confidence":47,"Q":"47","source":"NASA FIRMS Email Alert - Suomi NPP VIIRS","source_file":"2569-7-20 รวม 67-69 เขต 6.xlsx","filter_rule":"Province=กำแพงเพชร; LandType=พื้นที่เกษตร; PlantType normalized to allowed groups","month":5,"month_key":"2569-05","day_key":"2026-05-01","TambonN":"นิคมทุ่งโพธิ์ทะเล","AmphoeN":"เมืองกำแพงเพชร","ProvinceN":"กำแพงเพชร","Maps":"http://maps.google.com/maps?q=16.49252,99.67046"}},{"type":"Feature","geometry":{"type":"Point","coordinates":[99.70874,16.47953]},"properties":{"hs_id":"VI1202605010614w4yvubj8np","hsID":"VI1202605010614w4yvubj8np","acq_date":"2026-05-01","Date":"2026-05-01","acq_time":"","year_be":2569,"season_be":2569,"dataset_year_be":2569,"province":"กำแพงเพชร","Province":"กำแพงเพชร","__province":"กำแพงเพชร","district":"เมืองกำแพงเพชร","Amphoe":"เมืองกำแพงเพชร","__district":"เมืองกำแพงเพชร","subdistrict":"นิคมทุ่งโพธิ์ทะเล","Tambon":"นิคมทุ่งโพธิ์ทะเล","__subdistrict":"นิคมทุ่งโพธิ์ทะเล","village":"บ้านวังอ้อ","BaanN":"บ้านวังอ้อ","__village":"บ้านวังอ้อ","land_type":"พื้นที่เกษตร","LandType":"พื้นที่เกษตร","plant_type":"เกษตรอื่น ๆ","PlantType":"เกษตรอื่น ๆ","crop_type":"เกษตรอื่น ๆ","crop_type_raw":"เกษตรอื่น ๆ","__crop":"เกษตรอื่น ๆ","__plant_type":"เกษตรอื่น ๆ","confidence":47,"Q":"47","source":"NASA FIRMS Email Alert - Suomi NPP VIIRS","source_file":"2569-7-20 รวม 67-69 เขต 6.xlsx","filter_rule":"Province=กำแพงเพชร; LandType=พื้นที่เกษตร; PlantType normalized to allowed groups","month":5,"month_key":"2569-05","day_key":"2026-05-01","TambonN":"นิคมทุ่งโพธิ์ทะเล","AmphoeN":"เมืองกำแพงเพชร","ProvinceN":"กำแพงเพชร","Maps":"http://maps.google.com/maps?q=16.47953,99.70874"}},{"type":"Feature","geometry":{"type":"Point","coordinates":[99.70912,16.50412]},"properties":{"hs_id":"VI1202605010614w4yvuumzqy","hsID":"VI1202605010614w4yvuumzqy","acq_date":"2026-05-01","Date":"2026-05-01","acq_time":"","year_be":2569,"season_be":2569,"dataset_year_be":2569,"province":"กำแพงเพชร","Province":"กำแพงเพชร","__province":"กำแพงเพชร","district":"เมืองกำแพงเพชร","Amphoe":"เมืองกำแพงเพชร","__district":"เมืองกำแพงเพชร","subdistrict":"นิคมทุ่งโพธิ์ทะเล","Tambon":"นิคมทุ่งโพธิ์ทะเล","__subdistrict":"นิคมทุ่งโพธิ์ทะเล","village":"บ้านบ่อทอง","BaanN":"บ้านบ่อทอง","__village":"บ้านบ่อทอง","land_type":"พื้นที่เกษตร","LandType":"พื้นที่เกษตร","plant_type":"เกษตรอื่น ๆ","PlantType":"เกษตรอื่น ๆ","crop_type":"เกษตรอื่น ๆ","crop_type_raw":"เกษตรอื่น ๆ","__crop":"เกษตรอื่น ๆ","__plant_type":"เกษตรอื่น ๆ","confidence":47,"Q":"47","source":"NASA FIRMS Email Alert - Suomi NPP VIIRS","source_file":"2569-7-20 รวม 67-69 เขต 6.xlsx","filter_rule":"Province=กำแพงเพชร; LandType=พื้นที่เกษตร; PlantType normalized to allowed groups","month":5,"month_key":"2569-05","day_key":"2026-05-01","TambonN":"นิคมทุ่งโพธิ์ทะเล","AmphoeN":"เมืองกำแพงเพชร","ProvinceN":"กำแพงเพชร","Maps":"http://maps.google.com/maps?q=16.50412,99.70912"}},{"type":"Feature","geometry":{"type":"Point","coordinates":[99.71149,16.50551]},"properties":{"hs_id":"VI1202605010614w4yvuuxxw4","hsID":"VI1202605010614w4yvuuxxw4","acq_date":"2026-05-01","Date":"2026-05-01","acq_time":"","year_be":2569,"season_be":2569,"dataset_year_be":2569,"province":"กำแพงเพชร","Province":"กำแพงเพชร","__province":"กำแพงเพชร","district":"เมืองกำแพงเพชร","Amphoe":"เมืองกำแพงเพชร","__district":"เมืองกำแพงเพชร","subdistrict":"นิคมทุ่งโพธิ์ทะเล","Tambon":"นิคมทุ่งโพธิ์ทะเล","__subdistrict":"นิคมทุ่งโพธิ์ทะเล","village":"บ้านบ่อทอง","BaanN":"บ้านบ่อทอง","__village":"บ้านบ่อทอง","land_type":"พื้นที่เกษตร","LandType":"พื้นที่เกษตร","plant_type":"อ้อย","PlantType":"อ้อย","crop_type":"อ้อย","crop_type_raw":"อ้อย","__crop":"อ้อย","__plant_type":"อ้อย","confidence":47,"Q":"47","source":"NASA FIRMS Email Alert - Suomi NPP VIIRS","source_file":"2569-7-20 รวม 67-69 เขต 6.xlsx","filter_rule":"Province=กำแพงเพชร; LandType=พื้นที่เกษตร; PlantType normalized to allowed groups","month":5,"month_key":"2569-05","day_key":"2026-05-01","TambonN":"นิคมทุ่งโพธิ์ทะเล","AmphoeN":"เมืองกำแพงเพชร","ProvinceN":"กำแพงเพชร","Maps":"http://maps.google.com/maps?q=16.50551,99.71149"}},{"type":"Feature","geometry":{"type":"Point","coordinates":[99.71535,16.5004]},"properties":{"hs_id":"VI1202605010614w4yvv5f9b1","hsID":"VI1202605010614w4yvv5f9b1","acq_date":"2026-05-01","Date":"2026-05-01","acq_time":"","year_be":2569,"season_be":2569,"dataset_year_be":2569,"province":"กำแพงเพชร","Province":"กำแพงเพชร","__province":"กำแพงเพชร","district":"เมืองกำแพงเพชร","Amphoe":"เมืองกำแพงเพชร","__district":"เมืองกำแพงเพชร","subdistrict":"นิคมทุ่งโพธิ์ทะเล","Tambon":"นิคมทุ่งโพธิ์ทะเล","__subdistrict":"นิคมทุ่งโพธิ์ทะเล","village":"บ้านแปดอ้อม","BaanN":"บ้านแปดอ้อม","__village":"บ้านแปดอ้อม","land_type":"พื้นที่เกษตร","LandType":"พื้นที่เกษตร","plant_type":"นาข้าว","PlantType":"นาข้าว","crop_type":"นาข้าว","crop_type_raw":"นาข้าว","__crop":"นาข้าว","__plant_type":"นาข้าว","confidence":47,"Q":"47","source":"NASA FIRMS Email Alert - Suomi NPP VIIRS","source_file":"2569-7-20 รวม 67-69 เขต 6.xlsx","filter_rule":"Province=กำแพงเพชร; LandType=พื้นที่เกษตร; PlantType normalized to allowed groups","month":5,"month_key":"2569-05","day_key":"2026-05-01","TambonN":"นิคมทุ่งโพธิ์ทะเล","AmphoeN":"เมืองกำแพงเพชร","ProvinceN":"กำแพงเพชร","Maps":"http://maps.google.com/maps?q=16.5004,99.71535"}},{"type":"Feature","geometry":{"type":"Point","coordinates":[99.72057,16.50139]},"properties":{"hs_id":"VI1202605010614w4yvv5yr9d","hsID":"VI1202605010614w4yvv5yr9d","acq_date":"2026-05-01","Date":"2026-05-01","acq_time":"","year_be":2569,"season_be":2569,"dataset_year_be":2569,"province":"กำแพงเพชร","Province":"กำแพงเพชร","__province":"กำแพงเพชร","district":"เมืองกำแพงเพชร","Amphoe":"เมืองกำแพงเพชร","__district":"เมืองกำแพงเพชร","subdistrict":"นิคมทุ่งโพธิ์ทะเล","Tambon":"นิคมทุ่งโพธิ์ทะเล","__subdistrict":"นิคมทุ่งโพธิ์ทะเล","village":"บ้านแปดอ้อม","BaanN":"บ้านแปดอ้อม","__village":"บ้านแปดอ้อม","land_type":"พื้นที่เกษตร","LandType":"พื้นที่เกษตร","plant_type":"นาข้าว","PlantType":"นาข้าว","crop_type":"นาข้าว","crop_type_raw":"นาข้าว","__crop":"นาข้าว","__plant_type":"นาข้าว","confidence":47,"Q":"47","source":"NASA FIRMS Email Alert - Suomi NPP VIIRS","source_file":"2569-7-20 รวม 67-69 เขต 6.xlsx","filter_rule":"Province=กำแพงเพชร; LandType=พื้นที่เกษตร; PlantType normalized to allowed groups","month":5,"month_key":"2569-05","day_key":"2026-05-01","TambonN":"นิคมทุ่งโพธิ์ทะเล","AmphoeN":"เมืองกำแพงเพชร","ProvinceN":"กำแพงเพชร","Maps":"http://maps.google.com/maps?q=16.50139,99.72057"}},{"type":"Feature","geometry":{"type":"Point","coordinates":[99.71767,16.50182]},"properties":{"hs_id":"VI1202605010614w4yvvhh4n4","hsID":"VI1202605010614w4yvvhh4n4","acq_date":"2026-05-01","Date":"2026-05-01","acq_time":"","year_be":2569,"season_be":2569,"dataset_year_be":2569,"province":"กำแพงเพชร","Province":"กำแพงเพชร","__province":"กำแพงเพชร","district":"เมืองกำแพงเพชร","Amphoe":"เมืองกำแพงเพชร","__district":"เมืองกำแพงเพชร","subdistrict":"นิคมทุ่งโพธิ์ทะเล","Tambon":"นิคมทุ่งโพธิ์ทะเล","__subdistrict":"นิคมทุ่งโพธิ์ทะเล","village":"บ้านแปดอ้อม","BaanN":"บ้านแปดอ้อม","__village":"บ้านแปดอ้อม","land_type":"พื้นที่เกษตร","LandType":"พื้นที่เกษตร","plant_type":"นาข้าว","PlantType":"นาข้าว","crop_type":"นาข้าว","crop_type_raw":"นาข้าว","__crop":"นาข้าว","__plant_type":"นาข้าว","confidence":47,"Q":"47","source":"NASA FIRMS Email Alert - Suomi NPP VIIRS","source_file":"2569-7-20 รวม 67-69 เขต 6.xlsx","filter_rule":"Province=กำแพงเพชร; LandType=พื้นที่เกษตร; PlantType normalized to allowed groups","month":5,"month_key":"2569-05","day_key":"2026-05-01","TambonN":"นิคมทุ่งโพธิ์ทะเล","AmphoeN":"เมืองกำแพงเพชร","ProvinceN":"กำแพงเพชร","Maps":"http://maps.google.com/maps?q=16.50182,99.71767"}},{"type":"Feature","geometry":{"type":"Point","coordinates":[99.71999,16.51698]},"properties":{"hs_id":"VI1202605010614w4yvvnvfkh","hsID":"VI1202605010614w4yvvnvfkh","acq_date":"2026-05-01","Date":"2026-05-01","acq_time":"","year_be":2569,"season_be":2569,"dataset_year_be":2569,"province":"กำแพงเพชร","Province":"กำแพงเพชร","__province":"กำแพงเพชร","district":"เมืองกำแพงเพชร","Amphoe":"เมืองกำแพงเพชร","__district":"เมืองกำแพงเพชร","subdistrict":"นิคมทุ่งโพธิ์ทะเล","Tambon":"นิคมทุ่งโพธิ์ทะเล","__subdistrict":"นิคมทุ่งโพธิ์ทะเล","village":"บ้านแปดอ้อม","BaanN":"บ้านแปดอ้อม","__village":"บ้านแปดอ้อม","land_type":"พื้นที่เกษตร","LandType":"พื้นที่เกษตร","plant_type":"นาข้าว","PlantType":"นาข้าว","crop_type":"นาข้าว","crop_type_raw":"นาข้าว","__crop":"นาข้าว","__plant_type":"นาข้าว","confidence":47,"Q":"47","source":"NASA FIRMS Email Alert - Suomi NPP VIIRS","source_file":"2569-7-20 รวม 67-69 เขต 6.xlsx","filter_rule":"Province=กำแพงเพชร; LandType=พื้นที่เกษตร; PlantType normalized to allowed groups","month":5,"month_key":"2569-05","day_key":"2026-05-01","TambonN":"นิคมทุ่งโพธิ์ทะเล","AmphoeN":"เมืองกำแพงเพชร","ProvinceN":"กำแพงเพชร","Maps":"http://maps.google.com/maps?q=16.51698,99.71999"}},{"type":"Feature","geometry":{"type":"Point","coordinates":[99.74049,16.51005]},"properties":{"hs_id":"VI1202605010614w4yvvtsf1b","hsID":"VI1202605010614w4yvvtsf1b","acq_date":"2026-05-01","Date":"2026-05-01","acq_time":"","year_be":2569,"season_be":2569,"dataset_year_be":2569,"province":"กำแพงเพชร","Province":"กำแพงเพชร","__province":"กำแพงเพชร","district":"เมืองกำแพงเพชร","Amphoe":"เมืองกำแพงเพชร","__district":"เมืองกำแพงเพชร","subdistrict":"นิคมทุ่งโพธิ์ทะเล","Tambon":"นิคมทุ่งโพธิ์ทะเล","__subdistrict":"นิคมทุ่งโพธิ์ทะเล","village":"บ้านแปดอ้อม","BaanN":"บ้านแปดอ้อม","__village":"บ้านแปดอ้อม","land_type":"พื้นที่เกษตร","LandType":"พื้นที่เกษตร","plant_type":"นาข้าว","PlantType":"นาข้าว","crop_type":"นาข้าว","crop_type_raw":"นาข้าว","__crop":"นาข้าว","__plant_type":"นาข้าว","confidence":47,"Q":"47","source":"NASA FIRMS Email Alert - Suomi NPP VIIRS","source_file":"2569-7-20 รวม 67-69 เขต 6.xlsx","filter_rule":"Province=กำแพงเพชร; LandType=พื้นที่เกษตร; PlantType normalized to allowed groups","month":5,"month_key":"2569-05","day_key":"2026-05-01","TambonN":"นิคมทุ่งโพธิ์ทะเล","AmphoeN":"เมืองกำแพงเพชร","ProvinceN":"กำแพงเพชร","Maps":"http://maps.google.com/maps?q=16.51005,99.74049"}},{"type":"Feature","geometry":{"type":"Point","coordinates":[99.74276,16.51165]},"properties":{"hs_id":"VI1202605010614w4yvvty7qf","hsID":"VI1202605010614w4yvvty7qf","acq_date":"2026-05-01","Date":"2026-05-01","acq_time":"","year_be":2569,"season_be":2569,"dataset_year_be":2569,"province":"กำแพงเพชร","Province":"กำแพงเพชร","__province":"กำแพงเพชร","district":"เมืองกำแพงเพชร","Amphoe":"เมืองกำแพงเพชร","__district":"เมืองกำแพงเพชร","subdistrict":"นิคมทุ่งโพธิ์ทะเล","Tambon":"นิคมทุ่งโพธิ์ทะเล","__subdistrict":"นิคมทุ่งโพธิ์ทะเล","village":"บ้านแปดอ้อม","BaanN":"บ้านแปดอ้อม","__village":"บ้านแปดอ้อม","land_type":"พื้นที่เกษตร","LandType":"พื้นที่เกษตร","plant_type":"นาข้าว","PlantType":"นาข้าว","crop_type":"นาข้าว","crop_type_raw":"นาข้าว","__crop":"นาข้าว","__plant_type":"นาข้าว","confidence":47,"Q":"47","source":"NASA FIRMS Email Alert - Suomi NPP VIIRS","source_file":"2569-7-20 รวม 67-69 เขต 6.xlsx","filter_rule":"Province=กำแพงเพชร; LandType=พื้นที่เกษตร; PlantType normalized to allowed groups","month":5,"month_key":"2569-05","day_key":"2026-05-01","TambonN":"นิคมทุ่งโพธิ์ทะเล","AmphoeN":"เมืองกำแพงเพชร","ProvinceN":"กำแพงเพชร","Maps":"http://maps.google.com/maps?q=16.51165,99.74276"}},{"type":"Feature","geometry":{"type":"Point","coordinates":[99.73952,16.51476]},"properties":{"hs_id":"VI1202605010614w4yvvwkj7q","hsID":"VI1202605010614w4yvvwkj7q","acq_date":"2026-05-01","Date":"2026-05-01","acq_time":"","year_be":2569,"season_be":2569,"dataset_year_be":2569,"province":"กำแพงเพชร","Province":"กำแพงเพชร","__province":"กำแพงเพชร","district":"เมืองกำแพงเพชร","Amphoe":"เมืองกำแพงเพชร","__district":"เมืองกำแพงเพชร","subdistrict":"นิคมทุ่งโพธิ์ทะเล","Tambon":"นิคมทุ่งโพธิ์ทะเล","__subdistrict":"นิคมทุ่งโพธิ์ทะเล","village":"บ้านแปดอ้อม","BaanN":"บ้านแปดอ้อม","__village":"บ้านแปดอ้อม","land_type":"พื้นที่เกษตร","LandType":"พื้นที่เกษตร","plant_type":"นาข้าว","PlantType":"นาข้าว","crop_type":"นาข้าว","crop_type_raw":"นาข้าว","__crop":"นาข้าว","__plant_type":"นาข้าว","confidence":47,"Q":"47","source":"NASA FIRMS Email Alert - Suomi NPP VIIRS","source_file":"2569-7-20 รวม 67-69 เขต 6.xlsx","filter_rule":"Province=กำแพงเพชร; LandType=พื้นที่เกษตร; PlantType normalized to allowed groups","month":5,"month_key":"2569-05","day_key":"2026-05-01","TambonN":"นิคมทุ่งโพธิ์ทะเล","AmphoeN":"เมืองกำแพงเพชร","ProvinceN":"กำแพงเพชร","Maps":"http://maps.google.com/maps?q=16.51476,99.73952"}},{"type":"Feature","geometry":{"type":"Point","coordinates":[99.7418,16.51636]},"properties":{"hs_id":"VI1202605010614w4yvvwtyb2","hsID":"VI1202605010614w4yvvwtyb2","acq_date":"2026-05-01","Date":"2026-05-01","acq_time":"","year_be":2569,"season_be":2569,"dataset_year_be":2569,"province":"กำแพงเพชร","Province":"กำแพงเพชร","__province":"กำแพงเพชร","district":"เมืองกำแพงเพชร","Amphoe":"เมืองกำแพงเพชร","__district":"เมืองกำแพงเพชร","subdistrict":"นิคมทุ่งโพธิ์ทะเล","Tambon":"นิคมทุ่งโพธิ์ทะเล","__subdistrict":"นิคมทุ่งโพธิ์ทะเล","village":"บ้านแปดอ้อม","BaanN":"บ้านแปดอ้อม","__village":"บ้านแปดอ้อม","land_type":"พื้นที่เกษตร","LandType":"พื้นที่เกษตร","plant_type":"นาข้าว","PlantType":"นาข้าว","crop_type":"นาข้าว","crop_type_raw":"นาข้าว","__crop":"นาข้าว","__plant_type":"นาข้าว","confidence":47,"Q":"47","source":"NASA FIRMS Email Alert - Suomi NPP VIIRS","source_file":"2569-7-20 รวม 67-69 เขต 6.xlsx","filter_rule":"Province=กำแพงเพชร; LandType=พื้นที่เกษตร; PlantType normalized to allowed groups","month":5,"month_key":"2569-05","day_key":"2026-05-01","TambonN":"นิคมทุ่งโพธิ์ทะเล","AmphoeN":"เมืองกำแพงเพชร","ProvinceN":"กำแพงเพชร","Maps":"http://maps.google.com/maps?q=16.51636,99.7418"}},{"type":"Feature","geometry":{"type":"Point","coordinates":[99.73563,16.52004]},"properties":{"hs_id":"VI1202605010614w4yvvx3k0w","hsID":"VI1202605010614w4yvvx3k0w","acq_date":"2026-05-01","Date":"2026-05-01","acq_time":"","year_be":2569,"season_be":2569,"dataset_year_be":2569,"province":"กำแพงเพชร","Province":"กำแพงเพชร","__province":"กำแพงเพชร","district":"เมืองกำแพงเพชร","Amphoe":"เมืองกำแพงเพชร","__district":"เมืองกำแพงเพชร","subdistrict":"นิคมทุ่งโพธิ์ทะเล","Tambon":"นิคมทุ่งโพธิ์ทะเล","__subdistrict":"นิคมทุ่งโพธิ์ทะเล","village":"บ้านแปดอ้อม","BaanN":"บ้านแปดอ้อม","__village":"บ้านแปดอ้อม","land_type":"พื้นที่เกษตร","LandType":"พื้นที่เกษตร","plant_type":"นาข้าว","PlantType":"นาข้าว","crop_type":"นาข้าว","crop_type_raw":"นาข้าว","__crop":"นาข้าว","__plant_type":"นาข้าว","confidence":47,"Q":"47","source":"NASA FIRMS Email Alert - Suomi NPP VIIRS","source_file":"2569-7-20 รวม 67-69 เขต 6.xlsx","filter_rule":"Province=กำแพงเพชร; LandType=พื้นที่เกษตร; PlantType normalized to allowed groups","month":5,"month_key":"2569-05","day_key":"2026-05-01","TambonN":"นิคมทุ่งโพธิ์ทะเล","AmphoeN":"เมืองกำแพงเพชร","ProvinceN":"กำแพงเพชร","Maps":"http://maps.google.com/maps?q=16.52004,99.73563"}},{"type":"Feature","geometry":{"type":"Point","coordinates":[99.41424,16.62]},"properties":{"hs_id":"VI1202605010614w4yww1x4x8","hsID":"VI1202605010614w4yww1x4x8","acq_date":"2026-05-01","Date":"2026-05-01","acq_time":"","year_be":2569,"season_be":2569,"dataset_year_be":2569,"province":"กำแพงเพชร","Province":"กำแพงเพชร","__province":"กำแพงเพชร","district":"โกสัมพีนคร","Amphoe":"โกสัมพีนคร","__district":"โกสัมพีนคร","subdistrict":"ลานดอกไม้ตก","Tambon":"ลานดอกไม้ตก","__subdistrict":"ลานดอกไม้ตก","village":"บ้านเกาะพิมูล","BaanN":"บ้านเกาะพิมูล","__village":"บ้านเกาะพิมูล","land_type":"พื้นที่เกษตร","LandType":"พื้นที่เกษตร","plant_type":"นาข้าว","PlantType":"นาข้าว","crop_type":"นาข้าว","crop_type_raw":"นาข้าว","__crop":"นาข้าว","__plant_type":"นาข้าว","confidence":47,"Q":"47","source":"NASA FIRMS Email Alert - Suomi NPP VIIRS","source_file":"2569-7-20 รวม 67-69 เขต 6.xlsx","filter_rule":"Province=กำแพงเพชร; LandType=พื้นที่เกษตร; PlantType normalized to allowed groups","month":5,"month_key":"2569-05","day_key":"2026-05-01","TambonN":"ลานดอกไม้ตก","AmphoeN":"โกสัมพีนคร","ProvinceN":"กำแพงเพชร","Maps":"http://maps.google.com/maps?q=16.62,99.41424"}},{"type":"Feature","geometry":{"type":"Point","coordinates":[99.57967,16.55869]},"properties":{"hs_id":"VI1202605010614w4yy1yrtq7","hsID":"VI1202605010614w4yy1yrtq7","acq_date":"2026-05-01","Date":"2026-05-01","acq_time":"","year_be":2569,"season_be":2569,"dataset_year_be":2569,"province":"กำแพงเพชร","Province":"กำแพงเพชร","__province":"กำแพงเพชร","district":"เมืองกำแพงเพชร","Amphoe":"เมืองกำแพงเพชร","__district":"เมืองกำแพงเพชร","subdistrict":"สระแก้ว","Tambon":"สระแก้ว","__subdistrict":"สระแก้ว","village":"บ้านดงขวัญ","BaanN":"บ้านดงขวัญ","__village":"บ้านดงขวัญ","land_type":"พื้นที่เกษตร","LandType":"พื้นที่เกษตร","plant_type":"นาข้าว","PlantType":"นาข้าว","crop_type":"นาข้าว","crop_type_raw":"นาข้าว","__crop":"นาข้าว","__plant_type":"นาข้าว","confidence":47,"Q":"47","source":"NASA FIRMS Email Alert - Suomi NPP VIIRS","source_file":"2569-7-20 รวม 67-69 เขต 6.xlsx","filter_rule":"Province=กำแพงเพชร; LandType=พื้นที่เกษตร; PlantType normalized to allowed groups","month":5,"month_key":"2569-05","day_key":"2026-05-01","TambonN":"หนองปลิง","AmphoeN":"เมืองกำแพงเพชร","ProvinceN":"กำแพงเพชร","Maps":"http://maps.google.com/maps?q=16.55869,99.57967"}},{"type":"Feature","geometry":{"type":"Point","coordinates":[99.5691,16.57581]},"properties":{"hs_id":"VI1202605010614w4yy3c8104","hsID":"VI1202605010614w4yy3c8104","acq_date":"2026-05-01","Date":"2026-05-01","acq_time":"","year_be":2569,"season_be":2569,"dataset_year_be":2569,"province":"กำแพงเพชร","Province":"กำแพงเพชร","__province":"กำแพงเพชร","district":"เมืองกำแพงเพชร","Amphoe":"เมืองกำแพงเพชร","__district":"เมืองกำแพงเพชร","subdistrict":"หนองปลิง","Tambon":"หนองปลิง","__subdistrict":"หนองปลิง","village":"บ้านดงขวัญ","BaanN":"บ้านดงขวัญ","__village":"บ้านดงขวัญ","land_type":"พื้นที่เกษตร","LandType":"พื้นที่เกษตร","plant_type":"เกษตรอื่น ๆ","PlantType":"เกษตรอื่น ๆ","crop_type":"เกษตรอื่น ๆ","crop_type_raw":"เกษตรอื่น ๆ","__crop":"เกษตรอื่น ๆ","__plant_type":"เกษตรอื่น ๆ","confidence":47,"Q":"47","source":"NASA FIRMS Email Alert - Suomi NPP VIIRS","source_file":"2569-7-20 รวม 67-69 เขต 6.xlsx","filter_rule":"Province=กำแพงเพชร; LandType=พื้นที่เกษตร; PlantType normalized to allowed groups","month":5,"month_key":"2569-05","day_key":"2026-05-01","TambonN":"หนองปลิง","AmphoeN":"เมืองกำแพงเพชร","ProvinceN":"กำแพงเพชร","Maps":"http://maps.google.com/maps?q=16.57581,99.5691"}},{"type":"Feature","geometry":{"type":"Point","coordinates":[99.57043,16.57669]},"properties":{"hs_id":"VI1202605010614w4yy3c8ypn","hsID":"VI1202605010614w4yy3c8ypn","acq_date":"2026-05-01","Date":"2026-05-01","acq_time":"","year_be":2569,"season_be":2569,"dataset_year_be":2569,"province":"กำแพงเพชร","Province":"กำแพงเพชร","__province":"กำแพงเพชร","district":"เมืองกำแพงเพชร","Amphoe":"เมืองกำแพงเพชร","__district":"เมืองกำแพงเพชร","subdistrict":"หนองปลิง","Tambon":"หนองปลิง","__subdistrict":"หนองปลิง","village":"บ้านดงขวัญ","BaanN":"บ้านดงขวัญ","__village":"บ้านดงขวัญ","land_type":"พื้นที่เกษตร","LandType":"พื้นที่เกษตร","plant_type":"นาข้าว","PlantType":"นาข้าว","crop_type":"นาข้าว","crop_type_raw":"นาข้าว","__crop":"นาข้าว","__plant_type":"นาข้าว","confidence":47,"Q":"47","source":"NASA FIRMS Email Alert - Suomi NPP VIIRS","source_file":"2569-7-20 รวม 67-69 เขต 6.xlsx","filter_rule":"Province=กำแพงเพชร; LandType=พื้นที่เกษตร; PlantType normalized to allowed groups","month":5,"month_key":"2569-05","day_key":"2026-05-01","TambonN":"หนองปลิง","AmphoeN":"เมืองกำแพงเพชร","ProvinceN":"กำแพงเพชร","Maps":"http://maps.google.com/maps?q=16.57669,99.57043"}},{"type":"Feature","geometry":{"type":"Point","coordinates":[99.6169,16.56582]},"properties":{"hs_id":"VI1202605010614w4yy4zdyfh","hsID":"VI1202605010614w4yy4zdyfh","acq_date":"2026-05-01","Date":"2026-05-01","acq_time":"","year_be":2569,"season_be":2569,"dataset_year_be":2569,"province":"กำแพงเพชร","Province":"กำแพงเพชร","__province":"กำแพงเพชร","district":"พรานกระต่าย","Amphoe":"พรานกระต่าย","__district":"พรานกระต่าย","subdistrict":"เขาคีริส","Tambon":"เขาคีริส","__subdistrict":"เขาคีริส","village":"บ้านวังพาน","BaanN":"บ้านวังพาน","__village":"บ้านวังพาน","land_type":"พื้นที่เกษตร","LandType":"พื้นที่เกษตร","plant_type":"นาข้าว","PlantType":"นาข้าว","crop_type":"นาข้าว","crop_type_raw":"นาข้าว","__crop":"นาข้าว","__plant_type":"นาข้าว","confidence":47,"Q":"47","source":"NASA FIRMS Email Alert - Suomi NPP VIIRS","source_file":"2569-7-20 รวม 67-69 เขต 6.xlsx","filter_rule":"Province=กำแพงเพชร; LandType=พื้นที่เกษตร; PlantType normalized to allowed groups","month":5,"month_key":"2569-05","day_key":"2026-05-01","TambonN":"เขาคีริส","AmphoeN":"พรานกระต่าย","ProvinceN":"กำแพงเพชร","Maps":"http://maps.google.com/maps?q=16.56582,99.6169"}},{"type":"Feature","geometry":{"type":"Point","coordinates":[99.62219,16.56684]},"properties":{"hs_id":"VI1202605010614w4yy4zysv6","hsID":"VI1202605010614w4yy4zysv6","acq_date":"2026-05-01","Date":"2026-05-01","acq_time":"","year_be":2569,"season_be":2569,"dataset_year_be":2569,"province":"กำแพงเพชร","Province":"กำแพงเพชร","__province":"กำแพงเพชร","district":"พรานกระต่าย","Amphoe":"พรานกระต่าย","__district":"พรานกระต่าย","subdistrict":"เขาคีริส","Tambon":"เขาคีริส","__subdistrict":"เขาคีริส","village":"บ้านคุยขยัน","BaanN":"บ้านคุยขยัน","__village":"บ้านคุยขยัน","land_type":"พื้นที่เกษตร","LandType":"พื้นที่เกษตร","plant_type":"นาข้าว","PlantType":"นาข้าว","crop_type":"นาข้าว","crop_type_raw":"นาข้าว","__crop":"นาข้าว","__plant_type":"นาข้าว","confidence":47,"Q":"47","source":"NASA FIRMS Email Alert - Suomi NPP VIIRS","source_file":"2569-7-20 รวม 67-69 เขต 6.xlsx","filter_rule":"Province=กำแพงเพชร; LandType=พื้นที่เกษตร; PlantType normalized to allowed groups","month":5,"month_key":"2569-05","day_key":"2026-05-01","TambonN":"เขาคีริส","AmphoeN":"พรานกระต่าย","ProvinceN":"กำแพงเพชร","Maps":"http://maps.google.com/maps?q=16.56684,99.62219"}},{"type":"Feature","geometry":{"type":"Point","coordinates":[99.62849,16.56312]},"properties":{"hs_id":"VI1202605010614w4yy5p5r0j","hsID":"VI1202605010614w4yy5p5r0j","acq_date":"2026-05-01","Date":"2026-05-01","acq_time":"","year_be":2569,"season_be":2569,"dataset_year_be":2569,"province":"กำแพงเพชร","Province":"กำแพงเพชร","__province":"กำแพงเพชร","district":"พรานกระต่าย","Amphoe":"พรานกระต่าย","__district":"พรานกระต่าย","subdistrict":"เขาคีริส","Tambon":"เขาคีริส","__subdistrict":"เขาคีริส","village":"บ้านคุยขยัน","BaanN":"บ้านคุยขยัน","__village":"บ้านคุยขยัน","land_type":"พื้นที่เกษตร","LandType":"พื้นที่เกษตร","plant_type":"เกษตรอื่น ๆ","PlantType":"เกษตรอื่น ๆ","crop_type":"เกษตรอื่น ๆ","crop_type_raw":"เกษตรอื่น ๆ","__crop":"เกษตรอื่น ๆ","__plant_type":"เกษตรอื่น ๆ","confidence":47,"Q":"47","source":"NASA FIRMS Email Alert - Suomi NPP VIIRS","source_file":"2569-7-20 รวม 67-69 เขต 6.xlsx","filter_rule":"Province=กำแพงเพชร; LandType=พื้นที่เกษตร; PlantType normalized to allowed groups","month":5,"month_key":"2569-05","day_key":"2026-05-01","TambonN":"เขาคีริส","AmphoeN":"พรานกระต่าย","ProvinceN":"กำแพงเพชร","Maps":"http://maps.google.com/maps?q=16.56312,99.62849"}},{"type":"Feature","geometry":{"type":"Point","coordinates":[99.6338,16.56414]},"properties":{"hs_id":"VI1202605010614w4yy5prj5g","hsID":"VI1202605010614w4yy5prj5g","acq_date":"2026-05-01","Date":"2026-05-01","acq_time":"","year_be":2569,"season_be":2569,"dataset_year_be":2569,"province":"กำแพงเพชร","Province":"กำแพงเพชร","__province":"กำแพงเพชร","district":"พรานกระต่าย","Amphoe":"พรานกระต่าย","__district":"พรานกระต่าย","subdistrict":"เขาคีริส","Tambon":"เขาคีริส","__subdistrict":"เขาคีริส","village":"บ้านราษฏร์ขยัน","BaanN":"บ้านราษฏร์ขยัน","__village":"บ้านราษฏร์ขยัน","land_type":"พื้นที่เกษตร","LandType":"พื้นที่เกษตร","plant_type":"นาข้าว","PlantType":"นาข้าว","crop_type":"นาข้าว","crop_type_raw":"นาข้าว","__crop":"นาข้าว","__plant_type":"นาข้าว","confidence":47,"Q":"47","source":"NASA FIRMS Email Alert - Suomi NPP VIIRS","source_file":"2569-7-20 รวม 67-69 เขต 6.xlsx","filter_rule":"Province=กำแพงเพชร; LandType=พื้นที่เกษตร; PlantType normalized to allowed groups","month":5,"month_key":"2569-05","day_key":"2026-05-01","TambonN":"เขาคีริส","AmphoeN":"พรานกระต่าย","ProvinceN":"กำแพงเพชร","Maps":"http://maps.google.com/maps?q=16.56414,99.6338"}},{"type":"Feature","geometry":{"type":"Point","coordinates":[99.58166,16.56841]},"properties":{"hs_id":"VI1202605010614w4yy601juz","hsID":"VI1202605010614w4yy601juz","acq_date":"2026-05-01","Date":"2026-05-01","acq_time":"","year_be":2569,"season_be":2569,"dataset_year_be":2569,"province":"กำแพงเพชร","Province":"กำแพงเพชร","__province":"กำแพงเพชร","district":"เมืองกำแพงเพชร","Amphoe":"เมืองกำแพงเพชร","__district":"เมืองกำแพงเพชร","subdistrict":"หนองปลิง","Tambon":"หนองปลิง","__subdistrict":"หนองปลิง","village":"บ้านดงขวัญ","BaanN":"บ้านดงขวัญ","__village":"บ้านดงขวัญ","land_type":"พื้นที่เกษตร","LandType":"พื้นที่เกษตร","plant_type":"นาข้าว","PlantType":"นาข้าว","crop_type":"นาข้าว","crop_type_raw":"นาข้าว","__crop":"นาข้าว","__plant_type":"นาข้าว","confidence":47,"Q":"47","source":"NASA FIRMS Email Alert - Suomi NPP VIIRS","source_file":"2569-7-20 รวม 67-69 เขต 6.xlsx","filter_rule":"Province=กำแพงเพชร; LandType=พื้นที่เกษตร; PlantType normalized to allowed groups","month":5,"month_key":"2569-05","day_key":"2026-05-01","TambonN":"หนองปลิง","AmphoeN":"เมืองกำแพงเพชร","ProvinceN":"กำแพงเพชร","Maps":"http://maps.google.com/maps?q=16.56841,99.58166"}},{"type":"Feature","geometry":{"type":"Point","coordinates":[99.58305,16.56921]},"properties":{"hs_id":"VI1202605010614w4yy6064th","hsID":"VI1202605010614w4yy6064th","acq_date":"2026-05-01","Date":"2026-05-01","acq_time":"","year_be":2569,"season_be":2569,"dataset_year_be":2569,"province":"กำแพงเพชร","Province":"กำแพงเพชร","__province":"กำแพงเพชร","district":"เมืองกำแพงเพชร","Amphoe":"เมืองกำแพงเพชร","__district":"เมืองกำแพงเพชร","subdistrict":"หนองปลิง","Tambon":"หนองปลิง","__subdistrict":"หนองปลิง","village":"บ้านดงขวัญ","BaanN":"บ้านดงขวัญ","__village":"บ้านดงขวัญ","land_type":"พื้นที่เกษตร","LandType":"พื้นที่เกษตร","plant_type":"นาข้าว","PlantType":"นาข้าว","crop_type":"นาข้าว","crop_type_raw":"นาข้าว","__crop":"นาข้าว","__plant_type":"นาข้าว","confidence":47,"Q":"47","source":"NASA FIRMS Email Alert - Suomi NPP VIIRS","source_file":"2569-7-20 รวม 67-69 เขต 6.xlsx","filter_rule":"Province=กำแพงเพชร; LandType=พื้นที่เกษตร; PlantType normalized to allowed groups","month":5,"month_key":"2569-05","day_key":"2026-05-01","TambonN":"หนองปลิง","AmphoeN":"เมืองกำแพงเพชร","ProvinceN":"กำแพงเพชร","Maps":"http://maps.google.com/maps?q=16.56921,99.58305"}},{"type":"Feature","geometry":{"type":"Point","coordinates":[99.59759,16.57158]},"properties":{"hs_id":"VI1202605010614w4yy62ub2n","hsID":"VI1202605010614w4yy62ub2n","acq_date":"2026-05-01","Date":"2026-05-01","acq_time":"","year_be":2569,"season_be":2569,"dataset_year_be":2569,"province":"กำแพงเพชร","Province":"กำแพงเพชร","__province":"กำแพงเพชร","district":"พรานกระต่าย","Amphoe":"พรานกระต่าย","__district":"พรานกระต่าย","subdistrict":"เขาคีริส","Tambon":"เขาคีริส","__subdistrict":"เขาคีริส","village":"บ้านวังพาน","BaanN":"บ้านวังพาน","__village":"บ้านวังพาน","land_type":"พื้นที่เกษตร","LandType":"พื้นที่เกษตร","plant_type":"นาข้าว","PlantType":"นาข้าว","crop_type":"นาข้าว","crop_type_raw":"นาข้าว","__crop":"นาข้าว","__plant_type":"นาข้าว","confidence":47,"Q":"47","source":"NASA FIRMS Email Alert - Suomi NPP VIIRS","source_file":"2569-7-20 รวม 67-69 เขต 6.xlsx","filter_rule":"Province=กำแพงเพชร; LandType=พื้นที่เกษตร; PlantType normalized to allowed groups","month":5,"month_key":"2569-05","day_key":"2026-05-01","TambonN":"เขาคีริส","AmphoeN":"พรานกระต่าย","ProvinceN":"กำแพงเพชร","Maps":"http://maps.google.com/maps?q=16.57158,99.59759"}},{"type":"Feature","geometry":{"type":"Point","coordinates":[99.59901,16.57227]},"properties":{"hs_id":"VI1202605010614w4yy62vu3p","hsID":"VI1202605010614w4yy62vu3p","acq_date":"2026-05-01","Date":"2026-05-01","acq_time":"","year_be":2569,"season_be":2569,"dataset_year_be":2569,"province":"กำแพงเพชร","Province":"กำแพงเพชร","__province":"กำแพงเพชร","district":"พรานกระต่าย","Amphoe":"พรานกระต่าย","__district":"พรานกระต่าย","subdistrict":"เขาคีริส","Tambon":"เขาคีริส","__subdistrict":"เขาคีริส","village":"บ้านวังพาน","BaanN":"บ้านวังพาน","__village":"บ้านวังพาน","land_type":"พื้นที่เกษตร","LandType":"พื้นที่เกษตร","plant_type":"นาข้าว","PlantType":"นาข้าว","crop_type":"นาข้าว","crop_type_raw":"นาข้าว","__crop":"นาข้าว","__plant_type":"นาข้าว","confidence":47,"Q":"47","source":"NASA FIRMS Email Alert - Suomi NPP VIIRS","source_file":"2569-7-20 รวม 67-69 เขต 6.xlsx","filter_rule":"Province=กำแพงเพชร; LandType=พื้นที่เกษตร; PlantType normalized to allowed groups","month":5,"month_key":"2569-05","day_key":"2026-05-01","TambonN":"เขาคีริส","AmphoeN":"พรานกระต่าย","ProvinceN":"กำแพงเพชร","Maps":"http://maps.google.com/maps?q=16.57227,99.59901"}},{"type":"Feature","geometry":{"type":"Point","coordinates":[99.60531,16.56854]},"properties":{"hs_id":"VI1202605010614w4yy684qez","hsID":"VI1202605010614w4yy684qez","acq_date":"2026-05-01","Date":"2026-05-01","acq_time":"","year_be":2569,"season_be":2569,"dataset_year_be":2569,"province":"กำแพงเพชร","Province":"กำแพงเพชร","__province":"กำแพงเพชร","district":"พรานกระต่าย","Amphoe":"พรานกระต่าย","__district":"พรานกระต่าย","subdistrict":"เขาคีริส","Tambon":"เขาคีริส","__subdistrict":"เขาคีริส","village":"บ้านวังพาน","BaanN":"บ้านวังพาน","__village":"บ้านวังพาน","land_type":"พื้นที่เกษตร","LandType":"พื้นที่เกษตร","plant_type":"นาข้าว","PlantType":"นาข้าว","crop_type":"นาข้าว","crop_type_raw":"นาข้าว","__crop":"นาข้าว","__plant_type":"นาข้าว","confidence":47,"Q":"47","source":"NASA FIRMS Email Alert - Suomi NPP VIIRS","source_file":"2569-7-20 รวม 67-69 เขต 6.xlsx","filter_rule":"Province=กำแพงเพชร; LandType=พื้นที่เกษตร; PlantType normalized to allowed groups","month":5,"month_key":"2569-05","day_key":"2026-05-01","TambonN":"เขาคีริส","AmphoeN":"พรานกระต่าย","ProvinceN":"กำแพงเพชร","Maps":"http://maps.google.com/maps?q=16.56854,99.60531"}},{"type":"Feature","geometry":{"type":"Point","coordinates":[99.61063,16.56955]},"properties":{"hs_id":"VI1202605010614w4yy68qhxg","hsID":"VI1202605010614w4yy68qhxg","acq_date":"2026-05-01","Date":"2026-05-01","acq_time":"","year_be":2569,"season_be":2569,"dataset_year_be":2569,"province":"กำแพงเพชร","Province":"กำแพงเพชร","__province":"กำแพงเพชร","district":"พรานกระต่าย","Amphoe":"พรานกระต่าย","__district":"พรานกระต่าย","subdistrict":"เขาคีริส","Tambon":"เขาคีริส","__subdistrict":"เขาคีริส","village":"บ้านวังพาน","BaanN":"บ้านวังพาน","__village":"บ้านวังพาน","land_type":"พื้นที่เกษตร","LandType":"พื้นที่เกษตร","plant_type":"นาข้าว","PlantType":"นาข้าว","crop_type":"นาข้าว","crop_type_raw":"นาข้าว","__crop":"นาข้าว","__plant_type":"นาข้าว","confidence":47,"Q":"47","source":"NASA FIRMS Email Alert - Suomi NPP VIIRS","source_file":"2569-7-20 รวม 67-69 เขต 6.xlsx","filter_rule":"Province=กำแพงเพชร; LandType=พื้นที่เกษตร; PlantType normalized to allowed groups","month":5,"month_key":"2569-05","day_key":"2026-05-01","TambonN":"เขาคีริส","AmphoeN":"พรานกระต่าย","ProvinceN":"กำแพงเพชร","Maps":"http://maps.google.com/maps?q=16.56955,99.61063"}},{"type":"Feature","geometry":{"type":"Point","coordinates":[99.61592,16.57056]},"properties":{"hs_id":"VI1202605010614w4yy6bd4e0","hsID":"VI1202605010614w4yy6bd4e0","acq_date":"2026-05-01","Date":"2026-05-01","acq_time":"","year_be":2569,"season_be":2569,"dataset_year_be":2569,"province":"กำแพงเพชร","Province":"กำแพงเพชร","__province":"กำแพงเพชร","district":"พรานกระต่าย","Amphoe":"พรานกระต่าย","__district":"พรานกระต่าย","subdistrict":"เขาคีริส","Tambon":"เขาคีริส","__subdistrict":"เขาคีริส","village":"บ้านเขานางทอง","BaanN":"บ้านเขานางทอง","__village":"บ้านเขานางทอง","land_type":"พื้นที่เกษตร","LandType":"พื้นที่เกษตร","plant_type":"นาข้าว","PlantType":"นาข้าว","crop_type":"นาข้าว","crop_type_raw":"นาข้าว","__crop":"นาข้าว","__plant_type":"นาข้าว","confidence":47,"Q":"47","source":"NASA FIRMS Email Alert - Suomi NPP VIIRS","source_file":"2569-7-20 รวม 67-69 เขต 6.xlsx","filter_rule":"Province=กำแพงเพชร; LandType=พื้นที่เกษตร; PlantType normalized to allowed groups","month":5,"month_key":"2569-05","day_key":"2026-05-01","TambonN":"เขาคีริส","AmphoeN":"พรานกระต่าย","ProvinceN":"กำแพงเพชร","Maps":"http://maps.google.com/maps?q=16.57056,99.61592"}},{"type":"Feature","geometry":{"type":"Point","coordinates":[99.6275,16.56785]},"properties":{"hs_id":"VI1202605010614w4yy704d9p","hsID":"VI1202605010614w4yy704d9p","acq_date":"2026-05-01","Date":"2026-05-01","acq_time":"","year_be":2569,"season_be":2569,"dataset_year_be":2569,"province":"กำแพงเพชร","Province":"กำแพงเพชร","__province":"กำแพงเพชร","district":"พรานกระต่าย","Amphoe":"พรานกระต่าย","__district":"พรานกระต่าย","subdistrict":"เขาคีริส","Tambon":"เขาคีริส","__subdistrict":"เขาคีริส","village":"บ้านคุยขยัน","BaanN":"บ้านคุยขยัน","__village":"บ้านคุยขยัน","land_type":"พื้นที่เกษตร","LandType":"พื้นที่เกษตร","plant_type":"นาข้าว","PlantType":"นาข้าว","crop_type":"นาข้าว","crop_type_raw":"นาข้าว","__crop":"นาข้าว","__plant_type":"นาข้าว","confidence":47,"Q":"47","source":"NASA FIRMS Email Alert - Suomi NPP VIIRS","source_file":"2569-7-20 รวม 67-69 เขต 6.xlsx","filter_rule":"Province=กำแพงเพชร; LandType=พื้นที่เกษตร; PlantType normalized to allowed groups","month":5,"month_key":"2569-05","day_key":"2026-05-01","TambonN":"เขาคีริส","AmphoeN":"พรานกระต่าย","ProvinceN":"กำแพงเพชร","Maps":"http://maps.google.com/maps?q=16.56785,99.6275"}},{"type":"Feature","geometry":{"type":"Point","coordinates":[99.6328,16.56887]},"properties":{"hs_id":"VI1202605010614w4yy70q2st","hsID":"VI1202605010614w4yy70q2st","acq_date":"2026-05-01","Date":"2026-05-01","acq_time":"","year_be":2569,"season_be":2569,"dataset_year_be":2569,"province":"กำแพงเพชร","Province":"กำแพงเพชร","__province":"กำแพงเพชร","district":"พรานกระต่าย","Amphoe":"พรานกระต่าย","__district":"พรานกระต่าย","subdistrict":"เขาคีริส","Tambon":"เขาคีริส","__subdistrict":"เขาคีริส","village":"บ้านราษฏร์ขยัน","BaanN":"บ้านราษฏร์ขยัน","__village":"บ้านราษฏร์ขยัน","land_type":"พื้นที่เกษตร","LandType":"พื้นที่เกษตร","plant_type":"นาข้าว","PlantType":"นาข้าว","crop_type":"นาข้าว","crop_type_raw":"นาข้าว","__crop":"นาข้าว","__plant_type":"นาข้าว","confidence":47,"Q":"47","source":"NASA FIRMS Email Alert - Suomi NPP VIIRS","source_file":"2569-7-20 รวม 67-69 เขต 6.xlsx","filter_rule":"Province=กำแพงเพชร; LandType=พื้นที่เกษตร; PlantType normalized to allowed groups","month":5,"month_key":"2569-05","day_key":"2026-05-01","TambonN":"เขาคีริส","AmphoeN":"พรานกระต่าย","ProvinceN":"กำแพงเพชร","Maps":"http://maps.google.com/maps?q=16.56887,99.6328"}},{"type":"Feature","geometry":{"type":"Point","coordinates":[99.62933,16.57788]},"properties":{"hs_id":"VI1202605010614w4yy71gv5s","hsID":"VI1202605010614w4yy71gv5s","acq_date":"2026-05-01","Date":"2026-05-01","acq_time":"","year_be":2569,"season_be":2569,"dataset_year_be":2569,"province":"กำแพงเพชร","Province":"กำแพงเพชร","__province":"กำแพงเพชร","district":"พรานกระต่าย","Amphoe":"พรานกระต่าย","__district":"พรานกระต่าย","subdistrict":"เขาคีริส","Tambon":"เขาคีริส","__subdistrict":"เขาคีริส","village":"บ้านราษฏร์ขยัน","BaanN":"บ้านราษฏร์ขยัน","__village":"บ้านราษฏร์ขยัน","land_type":"พื้นที่เกษตร","LandType":"พื้นที่เกษตร","plant_type":"นาข้าว","PlantType":"นาข้าว","crop_type":"นาข้าว","crop_type_raw":"นาข้าว","__crop":"นาข้าว","__plant_type":"นาข้าว","confidence":47,"Q":"47","source":"NASA FIRMS Email Alert - Suomi NPP VIIRS","source_file":"2569-7-20 รวม 67-69 เขต 6.xlsx","filter_rule":"Province=กำแพงเพชร; LandType=พื้นที่เกษตร; PlantType normalized to allowed groups","month":5,"month_key":"2569-05","day_key":"2026-05-01","TambonN":"เขาคีริส","AmphoeN":"พรานกระต่าย","ProvinceN":"กำแพงเพชร","Maps":"http://maps.google.com/maps?q=16.57788,99.62933"}},{"type":"Feature","geometry":{"type":"Point","coordinates":[99.63083,16.57834]},"properties":{"hs_id":"VI1202605010614w4yy71uzyd","hsID":"VI1202605010614w4yy71uzyd","acq_date":"2026-05-01","Date":"2026-05-01","acq_time":"","year_be":2569,"season_be":2569,"dataset_year_be":2569,"province":"กำแพงเพชร","Province":"กำแพงเพชร","__province":"กำแพงเพชร","district":"พรานกระต่าย","Amphoe":"พรานกระต่าย","__district":"พรานกระต่าย","subdistrict":"เขาคีริส","Tambon":"เขาคีริส","__subdistrict":"เขาคีริส","village":"บ้านราษฏร์ขยัน","BaanN":"บ้านราษฏร์ขยัน","__village":"บ้านราษฏร์ขยัน","land_type":"พื้นที่เกษตร","LandType":"พื้นที่เกษตร","plant_type":"นาข้าว","PlantType":"นาข้าว","crop_type":"นาข้าว","crop_type_raw":"นาข้าว","__crop":"นาข้าว","__plant_type":"นาข้าว","confidence":47,"Q":"47","source":"NASA FIRMS Email Alert - Suomi NPP VIIRS","source_file":"2569-7-20 รวม 67-69 เขต 6.xlsx","filter_rule":"Province=กำแพงเพชร; LandType=พื้นที่เกษตร; PlantType normalized to allowed groups","month":5,"month_key":"2569-05","day_key":"2026-05-01","TambonN":"เขาคีริส","AmphoeN":"พรานกระต่าย","ProvinceN":"กำแพงเพชร","Maps":"http://maps.google.com/maps?q=16.57834,99.63083"}},{"type":"Feature","geometry":{"type":"Point","coordinates":[99.63462,16.57893]},"properties":{"hs_id":"VI1202605010614w4yy74peqb","hsID":"VI1202605010614w4yy74peqb","acq_date":"2026-05-01","Date":"2026-05-01","acq_time":"","year_be":2569,"season_be":2569,"dataset_year_be":2569,"province":"กำแพงเพชร","Province":"กำแพงเพชร","__province":"กำแพงเพชร","district":"พรานกระต่าย","Amphoe":"พรานกระต่าย","__district":"พรานกระต่าย","subdistrict":"เขาคีริส","Tambon":"เขาคีริส","__subdistrict":"เขาคีริส","village":"บ้านเขาคีรีส","BaanN":"บ้านเขาคีรีส","__village":"บ้านเขาคีรีส","land_type":"พื้นที่เกษตร","LandType":"พื้นที่เกษตร","plant_type":"นาข้าว","PlantType":"นาข้าว","crop_type":"นาข้าว","crop_type_raw":"นาข้าว","__crop":"นาข้าว","__plant_type":"นาข้าว","confidence":47,"Q":"47","source":"NASA FIRMS Email Alert - Suomi NPP VIIRS","source_file":"2569-7-20 รวม 67-69 เขต 6.xlsx","filter_rule":"Province=กำแพงเพชร; LandType=พื้นที่เกษตร; PlantType normalized to allowed groups","month":5,"month_key":"2569-05","day_key":"2026-05-01","TambonN":"เขาคีริส","AmphoeN":"พรานกระต่าย","ProvinceN":"กำแพงเพชร","Maps":"http://maps.google.com/maps?q=16.57893,99.63462"}},{"type":"Feature","geometry":{"type":"Point","coordinates":[99.63613,16.57935]},"properties":{"hs_id":"VI1202605010614w4yy760vdn","hsID":"VI1202605010614w4yy760vdn","acq_date":"2026-05-01","Date":"2026-05-01","acq_time":"","year_be":2569,"season_be":2569,"dataset_year_be":2569,"province":"กำแพงเพชร","Province":"กำแพงเพชร","__province":"กำแพงเพชร","district":"พรานกระต่าย","Amphoe":"พรานกระต่าย","__district":"พรานกระต่าย","subdistrict":"เขาคีริส","Tambon":"เขาคีริส","__subdistrict":"เขาคีริส","village":"บ้านเขาคีรีส","BaanN":"บ้านเขาคีรีส","__village":"บ้านเขาคีรีส","land_type":"พื้นที่เกษตร","LandType":"พื้นที่เกษตร","plant_type":"นาข้าว","PlantType":"นาข้าว","crop_type":"นาข้าว","crop_type_raw":"นาข้าว","__crop":"นาข้าว","__plant_type":"นาข้าว","confidence":47,"Q":"47","source":"NASA FIRMS Email Alert - Suomi NPP VIIRS","source_file":"2569-7-20 รวม 67-69 เขต 6.xlsx","filter_rule":"Province=กำแพงเพชร; LandType=พื้นที่เกษตร; PlantType normalized to allowed groups","month":5,"month_key":"2569-05","day_key":"2026-05-01","TambonN":"เขาคีริส","AmphoeN":"พรานกระต่าย","ProvinceN":"กำแพงเพชร","Maps":"http://maps.google.com/maps?q=16.57935,99.63613"}},{"type":"Feature","geometry":{"type":"Point","coordinates":[99.66619,16.5852]},"properties":{"hs_id":"VI1202605010614w4yy7gnxy9","hsID":"VI1202605010614w4yy7gnxy9","acq_date":"2026-05-01","Date":"2026-05-01","acq_time":"","year_be":2569,"season_be":2569,"dataset_year_be":2569,"province":"กำแพงเพชร","Province":"กำแพงเพชร","__province":"กำแพงเพชร","district":"พรานกระต่าย","Amphoe":"พรานกระต่าย","__district":"พรานกระต่าย","subdistrict":"เขาคีริส","Tambon":"เขาคีริส","__subdistrict":"เขาคีริส","village":"บ้านคุยปอขาว","BaanN":"บ้านคุยปอขาว","__village":"บ้านคุยปอขาว","land_type":"พื้นที่เกษตร","LandType":"พื้นที่เกษตร","plant_type":"เกษตรอื่น ๆ","PlantType":"เกษตรอื่น ๆ","crop_type":"เกษตรอื่น ๆ","crop_type_raw":"เกษตรอื่น ๆ","__crop":"เกษตรอื่น ๆ","__plant_type":"เกษตรอื่น ๆ","confidence":47,"Q":"47","source":"NASA FIRMS Email Alert - Suomi NPP VIIRS","source_file":"2569-7-20 รวม 67-69 เขต 6.xlsx","filter_rule":"Province=กำแพงเพชร; LandType=พื้นที่เกษตร; PlantType normalized to allowed groups","month":5,"month_key":"2569-05","day_key":"2026-05-01","TambonN":"เขาคีริส","AmphoeN":"พรานกระต่าย","ProvinceN":"กำแพงเพชร","Maps":"http://maps.google.com/maps?q=16.5852,99.66619"}},{"type":"Feature","geometry":{"type":"Point","coordinates":[99.66778,16.58538]},"properties":{"hs_id":"VI1202605010614w4yy7grbgd","hsID":"VI1202605010614w4yy7grbgd","acq_date":"2026-05-01","Date":"2026-05-01","acq_time":"","year_be":2569,"season_be":2569,"dataset_year_be":2569,"province":"กำแพงเพชร","Province":"กำแพงเพชร","__province":"กำแพงเพชร","district":"พรานกระต่าย","Amphoe":"พรานกระต่าย","__district":"พรานกระต่าย","subdistrict":"เขาคีริส","Tambon":"เขาคีริส","__subdistrict":"เขาคีริส","village":"บ้านคุยปอขาว","BaanN":"บ้านคุยปอขาว","__village":"บ้านคุยปอขาว","land_type":"พื้นที่เกษตร","LandType":"พื้นที่เกษตร","plant_type":"อ้อย","PlantType":"อ้อย","crop_type":"อ้อย","crop_type_raw":"อ้อย","__crop":"อ้อย","__plant_type":"อ้อย","confidence":47,"Q":"47","source":"NASA FIRMS Email Alert - Suomi NPP VIIRS","source_file":"2569-7-20 รวม 67-69 เขต 6.xlsx","filter_rule":"Province=กำแพงเพชร; LandType=พื้นที่เกษตร; PlantType normalized to allowed groups","month":5,"month_key":"2569-05","day_key":"2026-05-01","TambonN":"เขาคีริส","AmphoeN":"พรานกระต่าย","ProvinceN":"กำแพงเพชร","Maps":"http://maps.google.com/maps?q=16.58538,99.66778"}},{"type":"Feature","geometry":{"type":"Point","coordinates":[99.6317,16.59313]},"properties":{"hs_id":"VI1202605010614w4yy7httfz","hsID":"VI1202605010614w4yy7httfz","acq_date":"2026-05-01","Date":"2026-05-01","acq_time":"","year_be":2569,"season_be":2569,"dataset_year_be":2569,"province":"กำแพงเพชร","Province":"กำแพงเพชร","__province":"กำแพงเพชร","district":"พรานกระต่าย","Amphoe":"พรานกระต่าย","__district":"พรานกระต่าย","subdistrict":"เขาคีริส","Tambon":"เขาคีริส","__subdistrict":"เขาคีริส","village":"บ้านเขาคีริส","BaanN":"บ้านเขาคีริส","__village":"บ้านเขาคีริส","land_type":"พื้นที่เกษตร","LandType":"พื้นที่เกษตร","plant_type":"นาข้าว","PlantType":"นาข้าว","crop_type":"นาข้าว","crop_type_raw":"นาข้าว","__crop":"นาข้าว","__plant_type":"นาข้าว","confidence":47,"Q":"47","source":"NASA FIRMS Email Alert - Suomi NPP VIIRS","source_file":"2569-7-20 รวม 67-69 เขต 6.xlsx","filter_rule":"Province=กำแพงเพชร; LandType=พื้นที่เกษตร; PlantType normalized to allowed groups","month":5,"month_key":"2569-05","day_key":"2026-05-01","TambonN":"เขาคีริส","AmphoeN":"พรานกระต่าย","ProvinceN":"กำแพงเพชร","Maps":"http://maps.google.com/maps?q=16.59313,99.6317"}},{"type":"Feature","geometry":{"type":"Point","coordinates":[99.63503,16.60363]},"properties":{"hs_id":"VI1202605010614w4yy7q850k","hsID":"VI1202605010614w4yy7q850k","acq_date":"2026-05-01","Date":"2026-05-01","acq_time":"","year_be":2569,"season_be":2569,"dataset_year_be":2569,"province":"กำแพงเพชร","Province":"กำแพงเพชร","__province":"กำแพงเพชร","district":"พรานกระต่าย","Amphoe":"พรานกระต่าย","__district":"พรานกระต่าย","subdistrict":"เขาคีริส","Tambon":"เขาคีริส","__subdistrict":"เขาคีริส","village":"บ้านดอนขมิ้น","BaanN":"บ้านดอนขมิ้น","__village":"บ้านดอนขมิ้น","land_type":"พื้นที่เกษตร","LandType":"พื้นที่เกษตร","plant_type":"นาข้าว","PlantType":"นาข้าว","crop_type":"นาข้าว","crop_type_raw":"นาข้าว","__crop":"นาข้าว","__plant_type":"นาข้าว","confidence":47,"Q":"47","source":"NASA FIRMS Email Alert - Suomi NPP VIIRS","source_file":"2569-7-20 รวม 67-69 เขต 6.xlsx","filter_rule":"Province=กำแพงเพชร; LandType=พื้นที่เกษตร; PlantType normalized to allowed groups","month":5,"month_key":"2569-05","day_key":"2026-05-01","TambonN":"เขาคีริส","AmphoeN":"พรานกระต่าย","ProvinceN":"กำแพงเพชร","Maps":"http://maps.google.com/maps?q=16.60363,99.63503"}},{"type":"Feature","geometry":{"type":"Point","coordinates":[99.63652,16.60401]},"properties":{"hs_id":"VI1202605010614w4yy7q9j75","hsID":"VI1202605010614w4yy7q9j75","acq_date":"2026-05-01","Date":"2026-05-01","acq_time":"","year_be":2569,"season_be":2569,"dataset_year_be":2569,"province":"กำแพงเพชร","Province":"กำแพงเพชร","__province":"กำแพงเพชร","district":"พรานกระต่าย","Amphoe":"พรานกระต่าย","__district":"พรานกระต่าย","subdistrict":"เขาคีริส","Tambon":"เขาคีริส","__subdistrict":"เขาคีริส","village":"บ้านดอนขมิ้น","BaanN":"บ้านดอนขมิ้น","__village":"บ้านดอนขมิ้น","land_type":"พื้นที่เกษตร","LandType":"พื้นที่เกษตร","plant_type":"นาข้าว","PlantType":"นาข้าว","crop_type":"นาข้าว","crop_type_raw":"นาข้าว","__crop":"นาข้าว","__plant_type":"นาข้าว","confidence":47,"Q":"47","source":"NASA FIRMS Email Alert - Suomi NPP VIIRS","source_file":"2569-7-20 รวม 67-69 เขต 6.xlsx","filter_rule":"Province=กำแพงเพชร; LandType=พื้นที่เกษตร; PlantType normalized to allowed groups","month":5,"month_key":"2569-05","day_key":"2026-05-01","TambonN":"เขาคีริส","AmphoeN":"พรานกระต่าย","ProvinceN":"กำแพงเพชร","Maps":"http://maps.google.com/maps?q=16.60401,99.63652"}},{"type":"Feature","geometry":{"type":"Point","coordinates":[99.65899,16.5936]},"properties":{"hs_id":"VI1202605010614w4yy7uc2wz","hsID":"VI1202605010614w4yy7uc2wz","acq_date":"2026-05-01","Date":"2026-05-01","acq_time":"","year_be":2569,"season_be":2569,"dataset_year_be":2569,"province":"กำแพงเพชร","Province":"กำแพงเพชร","__province":"กำแพงเพชร","district":"พรานกระต่าย","Amphoe":"พรานกระต่าย","__district":"พรานกระต่าย","subdistrict":"เขาคีริส","Tambon":"เขาคีริส","__subdistrict":"เขาคีริส","village":"บ้านคุยป่ายาง","BaanN":"บ้านคุยป่ายาง","__village":"บ้านคุยป่ายาง","land_type":"พื้นที่เกษตร","LandType":"พื้นที่เกษตร","plant_type":"นาข้าว","PlantType":"นาข้าว","crop_type":"นาข้าว","crop_type_raw":"นาข้าว","__crop":"นาข้าว","__plant_type":"นาข้าว","confidence":47,"Q":"47","source":"NASA FIRMS Email Alert - Suomi NPP VIIRS","source_file":"2569-7-20 รวม 67-69 เขต 6.xlsx","filter_rule":"Province=กำแพงเพชร; LandType=พื้นที่เกษตร; PlantType normalized to allowed groups","month":5,"month_key":"2569-05","day_key":"2026-05-01","TambonN":"เขาคีริส","AmphoeN":"พรานกระต่าย","ProvinceN":"กำแพงเพชร","Maps":"http://maps.google.com/maps?q=16.5936,99.65899"}},{"type":"Feature","geometry":{"type":"Point","coordinates":[99.66055,16.59382]},"properties":{"hs_id":"VI1202605010614w4yy7ufd50","hsID":"VI1202605010614w4yy7ufd50","acq_date":"2026-05-01","Date":"2026-05-01","acq_time":"","year_be":2569,"season_be":2569,"dataset_year_be":2569,"province":"กำแพงเพชร","Province":"กำแพงเพชร","__province":"กำแพงเพชร","district":"พรานกระต่าย","Amphoe":"พรานกระต่าย","__district":"พรานกระต่าย","subdistrict":"เขาคีริส","Tambon":"เขาคีริส","__subdistrict":"เขาคีริส","village":"บ้านคุยป่ายาง","BaanN":"บ้านคุยป่ายาง","__village":"บ้านคุยป่ายาง","land_type":"พื้นที่เกษตร","LandType":"พื้นที่เกษตร","plant_type":"นาข้าว","PlantType":"นาข้าว","crop_type":"นาข้าว","crop_type_raw":"นาข้าว","__crop":"นาข้าว","__plant_type":"นาข้าว","confidence":47,"Q":"47","source":"NASA FIRMS Email Alert - Suomi NPP VIIRS","source_file":"2569-7-20 รวม 67-69 เขต 6.xlsx","filter_rule":"Province=กำแพงเพชร; LandType=พื้นที่เกษตร; PlantType normalized to allowed groups","month":5,"month_key":"2569-05","day_key":"2026-05-01","TambonN":"เขาคีริส","AmphoeN":"พรานกระต่าย","ProvinceN":"กำแพงเพชร","Maps":"http://maps.google.com/maps?q=16.59382,99.66055"}},{"type":"Feature","geometry":{"type":"Point","coordinates":[99.65958,16.59855]},"properties":{"hs_id":"VI1202605010614w4yy7v9vs9","hsID":"VI1202605010614w4yy7v9vs9","acq_date":"2026-05-01","Date":"2026-05-01","acq_time":"","year_be":2569,"season_be":2569,"dataset_year_be":2569,"province":"กำแพงเพชร","Province":"กำแพงเพชร","__province":"กำแพงเพชร","district":"พรานกระต่าย","Amphoe":"พรานกระต่าย","__district":"พรานกระต่าย","subdistrict":"เขาคีริส","Tambon":"เขาคีริส","__subdistrict":"เขาคีริส","village":"บ้านคุยป่ายาง","BaanN":"บ้านคุยป่ายาง","__village":"บ้านคุยป่ายาง","land_type":"พื้นที่เกษตร","LandType":"พื้นที่เกษตร","plant_type":"นาข้าว","PlantType":"นาข้าว","crop_type":"นาข้าว","crop_type_raw":"นาข้าว","__crop":"นาข้าว","__plant_type":"นาข้าว","confidence":47,"Q":"47","source":"NASA FIRMS Email Alert - Suomi NPP VIIRS","source_file":"2569-7-20 รวม 67-69 เขต 6.xlsx","filter_rule":"Province=กำแพงเพชร; LandType=พื้นที่เกษตร; PlantType normalized to allowed groups","month":5,"month_key":"2569-05","day_key":"2026-05-01","TambonN":"เขาคีริส","AmphoeN":"พรานกระต่าย","ProvinceN":"กำแพงเพชร","Maps":"http://maps.google.com/maps?q=16.59855,99.65958"}},{"type":"Feature","geometry":{"type":"Point","coordinates":[99.66328,16.59936]},"properties":{"hs_id":"VI1202605010614w4yy7vud68","hsID":"VI1202605010614w4yy7vud68","acq_date":"2026-05-01","Date":"2026-05-01","acq_time":"","year_be":2569,"season_be":2569,"dataset_year_be":2569,"province":"กำแพงเพชร","Province":"กำแพงเพชร","__province":"กำแพงเพชร","district":"พรานกระต่าย","Amphoe":"พรานกระต่าย","__district":"พรานกระต่าย","subdistrict":"เขาคีริส","Tambon":"เขาคีริส","__subdistrict":"เขาคีริส","village":"บ้านคุยป่ายาง","BaanN":"บ้านคุยป่ายาง","__village":"บ้านคุยป่ายาง","land_type":"พื้นที่เกษตร","LandType":"พื้นที่เกษตร","plant_type":"นาข้าว","PlantType":"นาข้าว","crop_type":"นาข้าว","crop_type_raw":"นาข้าว","__crop":"นาข้าว","__plant_type":"นาข้าว","confidence":47,"Q":"47","source":"NASA FIRMS Email Alert - Suomi NPP VIIRS","source_file":"2569-7-20 รวม 67-69 เขต 6.xlsx","filter_rule":"Province=กำแพงเพชร; LandType=พื้นที่เกษตร; PlantType normalized to allowed groups","month":5,"month_key":"2569-05","day_key":"2026-05-01","TambonN":"เขาคีริส","AmphoeN":"พรานกระต่าย","ProvinceN":"กำแพงเพชร","Maps":"http://maps.google.com/maps?q=16.59936,99.66328"}},{"type":"Feature","geometry":{"type":"Point","coordinates":[99.66484,16.59955]},"properties":{"hs_id":"VI1202605010614w4yy7vverh","hsID":"VI1202605010614w4yy7vverh","acq_date":"2026-05-01","Date":"2026-05-01","acq_time":"","year_be":2569,"season_be":2569,"dataset_year_be":2569,"province":"กำแพงเพชร","Province":"กำแพงเพชร","__province":"กำแพงเพชร","district":"พรานกระต่าย","Amphoe":"พรานกระต่าย","__district":"พรานกระต่าย","subdistrict":"เขาคีริส","Tambon":"เขาคีริส","__subdistrict":"เขาคีริส","village":"บ้านคุยป่ายาง","BaanN":"บ้านคุยป่ายาง","__village":"บ้านคุยป่ายาง","land_type":"พื้นที่เกษตร","LandType":"พื้นที่เกษตร","plant_type":"นาข้าว","PlantType":"นาข้าว","crop_type":"นาข้าว","crop_type_raw":"นาข้าว","__crop":"นาข้าว","__plant_type":"นาข้าว","confidence":47,"Q":"47","source":"NASA FIRMS Email Alert - Suomi NPP VIIRS","source_file":"2569-7-20 รวม 67-69 เขต 6.xlsx","filter_rule":"Province=กำแพงเพชร; LandType=พื้นที่เกษตร; PlantType normalized to allowed groups","month":5,"month_key":"2569-05","day_key":"2026-05-01","TambonN":"เขาคีริส","AmphoeN":"พรานกระต่าย","ProvinceN":"กำแพงเพชร","Maps":"http://maps.google.com/maps?q=16.59955,99.66484"}},{"type":"Feature","geometry":{"type":"Point","coordinates":[99.65858,16.60327]},"properties":{"hs_id":"VI1202605010614w4yy7y91j1","hsID":"VI1202605010614w4yy7y91j1","acq_date":"2026-05-01","Date":"2026-05-01","acq_time":"","year_be":2569,"season_be":2569,"dataset_year_be":2569,"province":"กำแพงเพชร","Province":"กำแพงเพชร","__province":"กำแพงเพชร","district":"พรานกระต่าย","Amphoe":"พรานกระต่าย","__district":"พรานกระต่าย","subdistrict":"เขาคีริส","Tambon":"เขาคีริส","__subdistrict":"เขาคีริส","village":"บ้านคุยป่ายาง","BaanN":"บ้านคุยป่ายาง","__village":"บ้านคุยป่ายาง","land_type":"พื้นที่เกษตร","LandType":"พื้นที่เกษตร","plant_type":"นาข้าว","PlantType":"นาข้าว","crop_type":"นาข้าว","crop_type_raw":"นาข้าว","__crop":"นาข้าว","__plant_type":"นาข้าว","confidence":47,"Q":"47","source":"NASA FIRMS Email Alert - Suomi NPP VIIRS","source_file":"2569-7-20 รวม 67-69 เขต 6.xlsx","filter_rule":"Province=กำแพงเพชร; LandType=พื้นที่เกษตร; PlantType normalized to allowed groups","month":5,"month_key":"2569-05","day_key":"2026-05-01","TambonN":"เขาคีริส","AmphoeN":"พรานกระต่าย","ProvinceN":"กำแพงเพชร","Maps":"http://maps.google.com/maps?q=16.60327,99.65858"}},{"type":"Feature","geometry":{"type":"Point","coordinates":[99.60567,16.61265]},"properties":{"hs_id":"VI1202605010614w4yyd84xsq","hsID":"VI1202605010614w4yyd84xsq","acq_date":"2026-05-01","Date":"2026-05-01","acq_time":"","year_be":2569,"season_be":2569,"dataset_year_be":2569,"province":"กำแพงเพชร","Province":"กำแพงเพชร","__province":"กำแพงเพชร","district":"พรานกระต่าย","Amphoe":"พรานกระต่าย","__district":"พรานกระต่าย","subdistrict":"ถ้ำกระต่ายทอง","Tambon":"ถ้ำกระต่ายทอง","__subdistrict":"ถ้ำกระต่ายทอง","village":"บ้านเขานางทอง","BaanN":"บ้านเขานางทอง","__village":"บ้านเขานางทอง","land_type":"พื้นที่เกษตร","LandType":"พื้นที่เกษตร","plant_type":"นาข้าว","PlantType":"นาข้าว","crop_type":"นาข้าว","crop_type_raw":"นาข้าว","__crop":"นาข้าว","__plant_type":"นาข้าว","confidence":47,"Q":"47","source":"NASA FIRMS Email Alert - Suomi NPP VIIRS","source_file":"2569-7-20 รวม 67-69 เขต 6.xlsx","filter_rule":"Province=กำแพงเพชร; LandType=พื้นที่เกษตร; PlantType normalized to allowed groups","month":5,"month_key":"2569-05","day_key":"2026-05-01","TambonN":"ถ้ำกระต่ายทอง","AmphoeN":"พรานกระต่าย","ProvinceN":"กำแพงเพชร","Maps":"http://maps.google.com/maps?q=16.61265,99.60567"}},{"type":"Feature","geometry":{"type":"Point","coordinates":[99.60371,16.62212]},"properties":{"hs_id":"VI1202605010614w4yyd9cnye","hsID":"VI1202605010614w4yyd9cnye","acq_date":"2026-05-01","Date":"2026-05-01","acq_time":"","year_be":2569,"season_be":2569,"dataset_year_be":2569,"province":"กำแพงเพชร","Province":"กำแพงเพชร","__province":"กำแพงเพชร","district":"พรานกระต่าย","Amphoe":"พรานกระต่าย","__district":"พรานกระต่าย","subdistrict":"ถ้ำกระต่ายทอง","Tambon":"ถ้ำกระต่ายทอง","__subdistrict":"ถ้ำกระต่ายทอง","village":"บ้านเขานางทอง","BaanN":"บ้านเขานางทอง","__village":"บ้านเขานางทอง","land_type":"พื้นที่เกษตร","LandType":"พื้นที่เกษตร","plant_type":"นาข้าว","PlantType":"นาข้าว","crop_type":"นาข้าว","crop_type_raw":"นาข้าว","__crop":"นาข้าว","__plant_type":"นาข้าว","confidence":47,"Q":"47","source":"NASA FIRMS Email Alert - Suomi NPP VIIRS","source_file":"2569-7-20 รวม 67-69 เขต 6.xlsx","filter_rule":"Province=กำแพงเพชร; LandType=พื้นที่เกษตร; PlantType normalized to allowed groups","month":5,"month_key":"2569-05","day_key":"2026-05-01","TambonN":"ถ้ำกระต่ายทอง","AmphoeN":"พรานกระต่าย","ProvinceN":"กำแพงเพชร","Maps":"http://maps.google.com/maps?q=16.62212,99.60371"}},{"type":"Feature","geometry":{"type":"Point","coordinates":[99.62154,16.61576]},"properties":{"hs_id":"VI1202605010614w4yydby1y4","hsID":"VI1202605010614w4yydby1y4","acq_date":"2026-05-01","Date":"2026-05-01","acq_time":"","year_be":2569,"season_be":2569,"dataset_year_be":2569,"province":"กำแพงเพชร","Province":"กำแพงเพชร","__province":"กำแพงเพชร","district":"พรานกระต่าย","Amphoe":"พรานกระต่าย","__district":"พรานกระต่าย","subdistrict":"เขาคีริส","Tambon":"เขาคีริส","__subdistrict":"เขาคีริส","village":"บ้านดอนขมิ้น","BaanN":"บ้านดอนขมิ้น","__village":"บ้านดอนขมิ้น","land_type":"พื้นที่เกษตร","LandType":"พื้นที่เกษตร","plant_type":"นาข้าว","PlantType":"นาข้าว","crop_type":"นาข้าว","crop_type_raw":"นาข้าว","__crop":"นาข้าว","__plant_type":"นาข้าว","confidence":47,"Q":"47","source":"NASA FIRMS Email Alert - Suomi NPP VIIRS","source_file":"2569-7-20 รวม 67-69 เขต 6.xlsx","filter_rule":"Province=กำแพงเพชร; LandType=พื้นที่เกษตร; PlantType normalized to allowed groups","month":5,"month_key":"2569-05","day_key":"2026-05-01","TambonN":"เขาคีริส","AmphoeN":"พรานกระต่าย","ProvinceN":"กำแพงเพชร","Maps":"http://maps.google.com/maps?q=16.61576,99.62154"}},{"type":"Feature","geometry":{"type":"Point","coordinates":[99.62057,16.62049]},"properties":{"hs_id":"VI1202605010614w4yydctmre","hsID":"VI1202605010614w4yydctmre","acq_date":"2026-05-01","Date":"2026-05-01","acq_time":"","year_be":2569,"season_be":2569,"dataset_year_be":2569,"province":"กำแพงเพชร","Province":"กำแพงเพชร","__province":"กำแพงเพชร","district":"พรานกระต่าย","Amphoe":"พรานกระต่าย","__district":"พรานกระต่าย","subdistrict":"ถ้ำกระต่ายทอง","Tambon":"ถ้ำกระต่ายทอง","__subdistrict":"ถ้ำกระต่ายทอง","village":"บ้านดอนขมิ้น","BaanN":"บ้านดอนขมิ้น","__village":"บ้านดอนขมิ้น","land_type":"พื้นที่เกษตร","LandType":"พื้นที่เกษตร","plant_type":"นาข้าว","PlantType":"นาข้าว","crop_type":"นาข้าว","crop_type_raw":"นาข้าว","__crop":"นาข้าว","__plant_type":"นาข้าว","confidence":47,"Q":"47","source":"NASA FIRMS Email Alert - Suomi NPP VIIRS","source_file":"2569-7-20 รวม 67-69 เขต 6.xlsx","filter_rule":"Province=กำแพงเพชร; LandType=พื้นที่เกษตร; PlantType normalized to allowed groups","month":5,"month_key":"2569-05","day_key":"2026-05-01","TambonN":"เขาคีริส","AmphoeN":"พรานกระต่าย","ProvinceN":"กำแพงเพชร","Maps":"http://maps.google.com/maps?q=16.62049,99.62057"}},{"type":"Feature","geometry":{"type":"Point","coordinates":[99.64166,16.62461]},"properties":{"hs_id":"VI1202605010614w4yye6kv6g","hsID":"VI1202605010614w4yye6kv6g","acq_date":"2026-05-01","Date":"2026-05-01","acq_time":"","year_be":2569,"season_be":2569,"dataset_year_be":2569,"province":"กำแพงเพชร","Province":"กำแพงเพชร","__province":"กำแพงเพชร","district":"พรานกระต่าย","Amphoe":"พรานกระต่าย","__district":"พรานกระต่าย","subdistrict":"เขาคีริส","Tambon":"เขาคีริส","__subdistrict":"เขาคีริส","village":"บ้านดอนขมิ้น","BaanN":"บ้านดอนขมิ้น","__village":"บ้านดอนขมิ้น","land_type":"พื้นที่เกษตร","LandType":"พื้นที่เกษตร","plant_type":"นาข้าว","PlantType":"นาข้าว","crop_type":"นาข้าว","crop_type_raw":"นาข้าว","__crop":"นาข้าว","__plant_type":"นาข้าว","confidence":47,"Q":"47","source":"NASA FIRMS Email Alert - Suomi NPP VIIRS","source_file":"2569-7-20 รวม 67-69 เขต 6.xlsx","filter_rule":"Province=กำแพงเพชร; LandType=พื้นที่เกษตร; PlantType normalized to allowed groups","month":5,"month_key":"2569-05","day_key":"2026-05-01","TambonN":"เขาคีริส","AmphoeN":"พรานกระต่าย","ProvinceN":"กำแพงเพชร","Maps":"http://maps.google.com/maps?q=16.62461,99.64166"}},{"type":"Feature","geometry":{"type":"Point","coordinates":[99.64985,16.61146]},"properties":{"hs_id":"VI1202605010614w4yye84bcb","hsID":"VI1202605010614w4yye84bcb","acq_date":"2026-05-01","Date":"2026-05-01","acq_time":"","year_be":2569,"season_be":2569,"dataset_year_be":2569,"province":"กำแพงเพชร","Province":"กำแพงเพชร","__province":"กำแพงเพชร","district":"พรานกระต่าย","Amphoe":"พรานกระต่าย","__district":"พรานกระต่าย","subdistrict":"เขาคีริส","Tambon":"เขาคีริส","__subdistrict":"เขาคีริส","village":"บ้านเขาคีริส","BaanN":"บ้านเขาคีริส","__village":"บ้านเขาคีริส","land_type":"พื้นที่เกษตร","LandType":"พื้นที่เกษตร","plant_type":"นาข้าว","PlantType":"นาข้าว","crop_type":"นาข้าว","crop_type_raw":"นาข้าว","__crop":"นาข้าว","__plant_type":"นาข้าว","confidence":47,"Q":"47","source":"NASA FIRMS Email Alert - Suomi NPP VIIRS","source_file":"2569-7-20 รวม 67-69 เขต 6.xlsx","filter_rule":"Province=กำแพงเพชร; LandType=พื้นที่เกษตร; PlantType normalized to allowed groups","month":5,"month_key":"2569-05","day_key":"2026-05-01","TambonN":"เขาคีริส","AmphoeN":"พรานกระต่าย","ProvinceN":"กำแพงเพชร","Maps":"http://maps.google.com/maps?q=16.61146,99.64985"}},{"type":"Feature","geometry":{"type":"Point","coordinates":[99.65511,16.6125]},"properties":{"hs_id":"VI1202605010614w4yye8nwu6","hsID":"VI1202605010614w4yye8nwu6","acq_date":"2026-05-01","Date":"2026-05-01","acq_time":"","year_be":2569,"season_be":2569,"dataset_year_be":2569,"province":"กำแพงเพชร","Province":"กำแพงเพชร","__province":"กำแพงเพชร","district":"พรานกระต่าย","Amphoe":"พรานกระต่าย","__district":"พรานกระต่าย","subdistrict":"เขาคีริส","Tambon":"เขาคีริส","__subdistrict":"เขาคีริส","village":"บ้านเขาคีริส","BaanN":"บ้านเขาคีริส","__village":"บ้านเขาคีริส","land_type":"พื้นที่เกษตร","LandType":"พื้นที่เกษตร","plant_type":"นาข้าว","PlantType":"นาข้าว","crop_type":"นาข้าว","crop_type_raw":"นาข้าว","__crop":"นาข้าว","__plant_type":"นาข้าว","confidence":47,"Q":"47","source":"NASA FIRMS Email Alert - Suomi NPP VIIRS","source_file":"2569-7-20 รวม 67-69 เขต 6.xlsx","filter_rule":"Province=กำแพงเพชร; LandType=พื้นที่เกษตร; PlantType normalized to allowed groups","month":5,"month_key":"2569-05","day_key":"2026-05-01","TambonN":"เขาคีริส","AmphoeN":"พรานกระต่าย","ProvinceN":"กำแพงเพชร","Maps":"http://maps.google.com/maps?q=16.6125,99.65511"}},{"type":"Feature","geometry":{"type":"Point","coordinates":[99.65414,16.61722]},"properties":{"hs_id":"VI1202605010614w4yye9jfmf","hsID":"VI1202605010614w4yye9jfmf","acq_date":"2026-05-01","Date":"2026-05-01","acq_time":"","year_be":2569,"season_be":2569,"dataset_year_be":2569,"province":"กำแพงเพชร","Province":"กำแพงเพชร","__province":"กำแพงเพชร","district":"พรานกระต่าย","Amphoe":"พรานกระต่าย","__district":"พรานกระต่าย","subdistrict":"เขาคีริส","Tambon":"เขาคีริส","__subdistrict":"เขาคีริส","village":"บ้านคุยตาแข","BaanN":"บ้านคุยตาแข","__village":"บ้านคุยตาแข","land_type":"พื้นที่เกษตร","LandType":"พื้นที่เกษตร","plant_type":"นาข้าว","PlantType":"นาข้าว","crop_type":"นาข้าว","crop_type_raw":"นาข้าว","__crop":"นาข้าว","__plant_type":"นาข้าว","confidence":47,"Q":"47","source":"NASA FIRMS Email Alert - Suomi NPP VIIRS","source_file":"2569-7-20 รวม 67-69 เขต 6.xlsx","filter_rule":"Province=กำแพงเพชร; LandType=พื้นที่เกษตร; PlantType normalized to allowed groups","month":5,"month_key":"2569-05","day_key":"2026-05-01","TambonN":"คุยบ้านโอง","AmphoeN":"พรานกระต่าย","ProvinceN":"กำแพงเพชร","Maps":"http://maps.google.com/maps?q=16.61722,99.65414"}},{"type":"Feature","geometry":{"type":"Point","coordinates":[99.6627,16.62872]},"properties":{"hs_id":"VI1202605010614w4yyeghjm4","hsID":"VI1202605010614w4yyeghjm4","acq_date":"2026-05-01","Date":"2026-05-01","acq_time":"","year_be":2569,"season_be":2569,"dataset_year_be":2569,"province":"กำแพงเพชร","Province":"กำแพงเพชร","__province":"กำแพงเพชร","district":"พรานกระต่าย","Amphoe":"พรานกระต่าย","__district":"พรานกระต่าย","subdistrict":"คุยบ้านโอง","Tambon":"คุยบ้านโอง","__subdistrict":"คุยบ้านโอง","village":"บ้านคุยตาแข","BaanN":"บ้านคุยตาแข","__village":"บ้านคุยตาแข","land_type":"พื้นที่เกษตร","LandType":"พื้นที่เกษตร","plant_type":"นาข้าว","PlantType":"นาข้าว","crop_type":"นาข้าว","crop_type_raw":"นาข้าว","__crop":"นาข้าว","__plant_type":"นาข้าว","confidence":47,"Q":"47","source":"NASA FIRMS Email Alert - Suomi NPP VIIRS","source_file":"2569-7-20 รวม 67-69 เขต 6.xlsx","filter_rule":"Province=กำแพงเพชร; LandType=พื้นที่เกษตร; PlantType normalized to allowed groups","month":5,"month_key":"2569-05","day_key":"2026-05-01","TambonN":"คุยบ้านโอง","AmphoeN":"พรานกระต่าย","ProvinceN":"กำแพงเพชร","Maps":"http://maps.google.com/maps?q=16.62872,99.6627"}},{"type":"Feature","geometry":{"type":"Point","coordinates":[99.63054,16.65195]},"properties":{"hs_id":"VI1202605010614w4yyepksxu","hsID":"VI1202605010614w4yyepksxu","acq_date":"2026-05-01","Date":"2026-05-01","acq_time":"","year_be":2569,"season_be":2569,"dataset_year_be":2569,"province":"กำแพงเพชร","Province":"กำแพงเพชร","__province":"กำแพงเพชร","district":"พรานกระต่าย","Amphoe":"พรานกระต่าย","__district":"พรานกระต่าย","subdistrict":"ถ้ำกระต่ายทอง","Tambon":"ถ้ำกระต่ายทอง","__subdistrict":"ถ้ำกระต่ายทอง","village":"บ้านนาทอง","BaanN":"บ้านนาทอง","__village":"บ้านนาทอง","land_type":"พื้นที่เกษตร","LandType":"พื้นที่เกษตร","plant_type":"นาข้าว","PlantType":"นาข้าว","crop_type":"นาข้าว","crop_type_raw":"นาข้าว","__crop":"นาข้าว","__plant_type":"นาข้าว","confidence":47,"Q":"47","source":"NASA FIRMS Email Alert - Suomi NPP VIIRS","source_file":"2569-7-20 รวม 67-69 เขต 6.xlsx","filter_rule":"Province=กำแพงเพชร; LandType=พื้นที่เกษตร; PlantType normalized to allowed groups","month":5,"month_key":"2569-05","day_key":"2026-05-01","TambonN":"ถ้ำกระต่ายทอง","AmphoeN":"พรานกระต่าย","ProvinceN":"กำแพงเพชร","Maps":"http://maps.google.com/maps?q=16.65195,99.63054"}},{"type":"Feature","geometry":{"type":"Point","coordinates":[99.61277,16.65836]},"properties":{"hs_id":"VI1202605010614w4yyf8xccz","hsID":"VI1202605010614w4yyf8xccz","acq_date":"2026-05-01","Date":"2026-05-01","acq_time":"","year_be":2569,"season_be":2569,"dataset_year_be":2569,"province":"กำแพงเพชร","Province":"กำแพงเพชร","__province":"กำแพงเพชร","district":"พรานกระต่าย","Amphoe":"พรานกระต่าย","__district":"พรานกระต่าย","subdistrict":"ถ้ำกระต่ายทอง","Tambon":"ถ้ำกระต่ายทอง","__subdistrict":"ถ้ำกระต่ายทอง","village":"บ้านนาทอง","BaanN":"บ้านนาทอง","__village":"บ้านนาทอง","land_type":"พื้นที่เกษตร","LandType":"พื้นที่เกษตร","plant_type":"นาข้าว","PlantType":"นาข้าว","crop_type":"นาข้าว","crop_type_raw":"นาข้าว","__crop":"นาข้าว","__plant_type":"นาข้าว","confidence":47,"Q":"47","source":"NASA FIRMS Email Alert - Suomi NPP VIIRS","source_file":"2569-7-20 รวม 67-69 เขต 6.xlsx","filter_rule":"Province=กำแพงเพชร; LandType=พื้นที่เกษตร; PlantType normalized to allowed groups","month":5,"month_key":"2569-05","day_key":"2026-05-01","TambonN":"ถ้ำกระต่ายทอง","AmphoeN":"พรานกระต่าย","ProvinceN":"กำแพงเพชร","Maps":"http://maps.google.com/maps?q=16.65836,99.61277"}},{"type":"Feature","geometry":{"type":"Point","coordinates":[99.62138,16.66985]},"properties":{"hs_id":"VI1202605010614w4yyffwhfm","hsID":"VI1202605010614w4yyffwhfm","acq_date":"2026-05-01","Date":"2026-05-01","acq_time":"","year_be":2569,"season_be":2569,"dataset_year_be":2569,"province":"กำแพงเพชร","Province":"กำแพงเพชร","__province":"กำแพงเพชร","district":"พรานกระต่าย","Amphoe":"พรานกระต่าย","__district":"พรานกระต่าย","subdistrict":"ถ้ำกระต่ายทอง","Tambon":"ถ้ำกระต่ายทอง","__subdistrict":"ถ้ำกระต่ายทอง","village":"บ้านคุยแขวน","BaanN":"บ้านคุยแขวน","__village":"บ้านคุยแขวน","land_type":"พื้นที่เกษตร","LandType":"พื้นที่เกษตร","plant_type":"นาข้าว","PlantType":"นาข้าว","crop_type":"นาข้าว","crop_type_raw":"นาข้าว","__crop":"นาข้าว","__plant_type":"นาข้าว","confidence":47,"Q":"47","source":"NASA FIRMS Email Alert - Suomi NPP VIIRS","source_file":"2569-7-20 รวม 67-69 เขต 6.xlsx","filter_rule":"Province=กำแพงเพชร; LandType=พื้นที่เกษตร; PlantType normalized to allowed groups","month":5,"month_key":"2569-05","day_key":"2026-05-01","TambonN":"หนองหัววัว","AmphoeN":"พรานกระต่าย","ProvinceN":"กำแพงเพชร","Maps":"http://maps.google.com/maps?q=16.66985,99.62138"}},{"type":"Feature","geometry":{"type":"Point","coordinates":[99.62372,16.68505]},"properties":{"hs_id":"VI1202605010614w4yyfvrv2y","hsID":"VI1202605010614w4yyfvrv2y","acq_date":"2026-05-01","Date":"2026-05-01","acq_time":"","year_be":2569,"season_be":2569,"dataset_year_be":2569,"province":"กำแพงเพชร","Province":"กำแพงเพชร","__province":"กำแพงเพชร","district":"พรานกระต่าย","Amphoe":"พรานกระต่าย","__district":"พรานกระต่าย","subdistrict":"ถ้ำกระต่ายทอง","Tambon":"ถ้ำกระต่ายทอง","__subdistrict":"ถ้ำกระต่ายทอง","village":"บ้านคุยแขวน","BaanN":"บ้านคุยแขวน","__village":"บ้านคุยแขวน","land_type":"พื้นที่เกษตร","LandType":"พื้นที่เกษตร","plant_type":"นาข้าว","PlantType":"นาข้าว","crop_type":"นาข้าว","crop_type_raw":"นาข้าว","__crop":"นาข้าว","__plant_type":"นาข้าว","confidence":47,"Q":"47","source":"NASA FIRMS Email Alert - Suomi NPP VIIRS","source_file":"2569-7-20 รวม 67-69 เขต 6.xlsx","filter_rule":"Province=กำแพงเพชร; LandType=พื้นที่เกษตร; PlantType normalized to allowed groups","month":5,"month_key":"2569-05","day_key":"2026-05-01","TambonN":"หนองหัววัว","AmphoeN":"พรานกระต่าย","ProvinceN":"กำแพงเพชร","Maps":"http://maps.google.com/maps?q=16.68505,99.62372"}},{"type":"Feature","geometry":{"type":"Point","coordinates":[99.62956,16.65668]},"properties":{"hs_id":"VI1202605010614w4yyg0k01n","hsID":"VI1202605010614w4yyg0k01n","acq_date":"2026-05-01","Date":"2026-05-01","acq_time":"","year_be":2569,"season_be":2569,"dataset_year_be":2569,"province":"กำแพงเพชร","Province":"กำแพงเพชร","__province":"กำแพงเพชร","district":"พรานกระต่าย","Amphoe":"พรานกระต่าย","__district":"พรานกระต่าย","subdistrict":"ถ้ำกระต่ายทอง","Tambon":"ถ้ำกระต่ายทอง","__subdistrict":"ถ้ำกระต่ายทอง","village":"บ้านคุยแขวน","BaanN":"บ้านคุยแขวน","__village":"บ้านคุยแขวน","land_type":"พื้นที่เกษตร","LandType":"พื้นที่เกษตร","plant_type":"นาข้าว","PlantType":"นาข้าว","crop_type":"นาข้าว","crop_type_raw":"นาข้าว","__crop":"นาข้าว","__plant_type":"นาข้าว","confidence":47,"Q":"47","source":"NASA FIRMS Email Alert - Suomi NPP VIIRS","source_file":"2569-7-20 รวม 67-69 เขต 6.xlsx","filter_rule":"Province=กำแพงเพชร; LandType=พื้นที่เกษตร; PlantType normalized to allowed groups","month":5,"month_key":"2569-05","day_key":"2026-05-01","TambonN":"หนองหัววัว","AmphoeN":"พรานกระต่าย","ProvinceN":"กำแพงเพชร","Maps":"http://maps.google.com/maps?q=16.65668,99.62956"}},{"type":"Feature","geometry":{"type":"Point","coordinates":[99.63912,16.66343]},"properties":{"hs_id":"VI1202605010614w4yyg36zxb","hsID":"VI1202605010614w4yyg36zxb","acq_date":"2026-05-01","Date":"2026-05-01","acq_time":"","year_be":2569,"season_be":2569,"dataset_year_be":2569,"province":"กำแพงเพชร","Province":"กำแพงเพชร","__province":"กำแพงเพชร","district":"พรานกระต่าย","Amphoe":"พรานกระต่าย","__district":"พรานกระต่าย","subdistrict":"ถ้ำกระต่ายทอง","Tambon":"ถ้ำกระต่ายทอง","__subdistrict":"ถ้ำกระต่ายทอง","village":"บ้านคุยแขวน","BaanN":"บ้านคุยแขวน","__village":"บ้านคุยแขวน","land_type":"พื้นที่เกษตร","LandType":"พื้นที่เกษตร","plant_type":"นาข้าว","PlantType":"นาข้าว","crop_type":"นาข้าว","crop_type_raw":"นาข้าว","__crop":"นาข้าว","__plant_type":"นาข้าว","confidence":47,"Q":"47","source":"NASA FIRMS Email Alert - Suomi NPP VIIRS","source_file":"2569-7-20 รวม 67-69 เขต 6.xlsx","filter_rule":"Province=กำแพงเพชร; LandType=พื้นที่เกษตร; PlantType normalized to allowed groups","month":5,"month_key":"2569-05","day_key":"2026-05-01","TambonN":"หนองหัววัว","AmphoeN":"พรานกระต่าย","ProvinceN":"กำแพงเพชร","Maps":"http://maps.google.com/maps?q=16.66343,99.63912"}},{"type":"Feature","geometry":{"type":"Point","coordinates":[99.62568,16.67559]},"properties":{"hs_id":"VI1202605010614w4yyg59nqe","hsID":"VI1202605010614w4yyg59nqe","acq_date":"2026-05-01","Date":"2026-05-01","acq_time":"","year_be":2569,"season_be":2569,"dataset_year_be":2569,"province":"กำแพงเพชร","Province":"กำแพงเพชร","__province":"กำแพงเพชร","district":"พรานกระต่าย","Amphoe":"พรานกระต่าย","__district":"พรานกระต่าย","subdistrict":"ถ้ำกระต่ายทอง","Tambon":"ถ้ำกระต่ายทอง","__subdistrict":"ถ้ำกระต่ายทอง","village":"บ้านคุยแขวน","BaanN":"บ้านคุยแขวน","__village":"บ้านคุยแขวน","land_type":"พื้นที่เกษตร","LandType":"พื้นที่เกษตร","plant_type":"นาข้าว","PlantType":"นาข้าว","crop_type":"นาข้าว","crop_type_raw":"นาข้าว","__crop":"นาข้าว","__plant_type":"นาข้าว","confidence":47,"Q":"47","source":"NASA FIRMS Email Alert - Suomi NPP VIIRS","source_file":"2569-7-20 รวม 67-69 เขต 6.xlsx","filter_rule":"Province=กำแพงเพชร; LandType=พื้นที่เกษตร; PlantType normalized to allowed groups","month":5,"month_key":"2569-05","day_key":"2026-05-01","TambonN":"หนองหัววัว","AmphoeN":"พรานกระต่าย","ProvinceN":"กำแพงเพชร","Maps":"http://maps.google.com/maps?q=16.67559,99.62568"}},{"type":"Feature","geometry":{"type":"Point","coordinates":[99.63718,16.67289]},"properties":{"hs_id":"VI1202605010614w4yyg71wde","hsID":"VI1202605010614w4yyg71wde","acq_date":"2026-05-01","Date":"2026-05-01","acq_time":"","year_be":2569,"season_be":2569,"dataset_year_be":2569,"province":"กำแพงเพชร","Province":"กำแพงเพชร","__province":"กำแพงเพชร","district":"พรานกระต่าย","Amphoe":"พรานกระต่าย","__district":"พรานกระต่าย","subdistrict":"คุยบ้านโอง","Tambon":"คุยบ้านโอง","__subdistrict":"คุยบ้านโอง","village":"บ้านคุยแขวน","BaanN":"บ้านคุยแขวน","__village":"บ้านคุยแขวน","land_type":"พื้นที่เกษตร","LandType":"พื้นที่เกษตร","plant_type":"นาข้าว","PlantType":"นาข้าว","crop_type":"นาข้าว","crop_type_raw":"นาข้าว","__crop":"นาข้าว","__plant_type":"นาข้าว","confidence":47,"Q":"47","source":"NASA FIRMS Email Alert - Suomi NPP VIIRS","source_file":"2569-7-20 รวม 67-69 เขต 6.xlsx","filter_rule":"Province=กำแพงเพชร; LandType=พื้นที่เกษตร; PlantType normalized to allowed groups","month":5,"month_key":"2569-05","day_key":"2026-05-01","TambonN":"หนองหัววัว","AmphoeN":"พรานกระต่าย","ProvinceN":"กำแพงเพชร","Maps":"http://maps.google.com/maps?q=16.67289,99.63718"}},{"type":"Feature","geometry":{"type":"Point","coordinates":[99.62644,16.68623]},"properties":{"hs_id":"VI1202605010614w4yygj9u26","hsID":"VI1202605010614w4yygj9u26","acq_date":"2026-05-01","Date":"2026-05-01","acq_time":"","year_be":2569,"season_be":2569,"dataset_year_be":2569,"province":"กำแพงเพชร","Province":"กำแพงเพชร","__province":"กำแพงเพชร","district":"พรานกระต่าย","Amphoe":"พรานกระต่าย","__district":"พรานกระต่าย","subdistrict":"ถ้ำกระต่ายทอง","Tambon":"ถ้ำกระต่ายทอง","__subdistrict":"ถ้ำกระต่ายทอง","village":"บ้านคุยแขวน","BaanN":"บ้านคุยแขวน","__village":"บ้านคุยแขวน","land_type":"พื้นที่เกษตร","LandType":"พื้นที่เกษตร","plant_type":"นาข้าว","PlantType":"นาข้าว","crop_type":"นาข้าว","crop_type_raw":"นาข้าว","__crop":"นาข้าว","__plant_type":"นาข้าว","confidence":47,"Q":"47","source":"NASA FIRMS Email Alert - Suomi NPP VIIRS","source_file":"2569-7-20 รวม 67-69 เขต 6.xlsx","filter_rule":"Province=กำแพงเพชร; LandType=พื้นที่เกษตร; PlantType normalized to allowed groups","month":5,"month_key":"2569-05","day_key":"2026-05-01","TambonN":"หนองหัววัว","AmphoeN":"พรานกระต่าย","ProvinceN":"กำแพงเพชร","Maps":"http://maps.google.com/maps?q=16.68623,99.62644"}},{"type":"Feature","geometry":{"type":"Point","coordinates":[99.63621,16.67761]},"properties":{"hs_id":"VI1202605010614w4yygk0f5g","hsID":"VI1202605010614w4yygk0f5g","acq_date":"2026-05-01","Date":"2026-05-01","acq_time":"","year_be":2569,"season_be":2569,"dataset_year_be":2569,"province":"กำแพงเพชร","Province":"กำแพงเพชร","__province":"กำแพงเพชร","district":"พรานกระต่าย","Amphoe":"พรานกระต่าย","__district":"พรานกระต่าย","subdistrict":"คุยบ้านโอง","Tambon":"คุยบ้านโอง","__subdistrict":"คุยบ้านโอง","village":"บ้านคุยแขวน","BaanN":"บ้านคุยแขวน","__village":"บ้านคุยแขวน","land_type":"พื้นที่เกษตร","LandType":"พื้นที่เกษตร","plant_type":"นาข้าว","PlantType":"นาข้าว","crop_type":"นาข้าว","crop_type_raw":"นาข้าว","__crop":"นาข้าว","__plant_type":"นาข้าว","confidence":47,"Q":"47","source":"NASA FIRMS Email Alert - Suomi NPP VIIRS","source_file":"2569-7-20 รวม 67-69 เขต 6.xlsx","filter_rule":"Province=กำแพงเพชร; LandType=พื้นที่เกษตร; PlantType normalized to allowed groups","month":5,"month_key":"2569-05","day_key":"2026-05-01","TambonN":"หนองหัววัว","AmphoeN":"พรานกระต่าย","ProvinceN":"กำแพงเพชร","Maps":"http://maps.google.com/maps?q=16.67761,99.63621"}},{"type":"Feature","geometry":{"type":"Point","coordinates":[99.68707,16.5449]},"properties":{"hs_id":"VI1202605010614w4yyh7vvj0","hsID":"VI1202605010614w4yyh7vvj0","acq_date":"2026-05-01","Date":"2026-05-01","acq_time":"","year_be":2569,"season_be":2569,"dataset_year_be":2569,"province":"กำแพงเพชร","Province":"กำแพงเพชร","__province":"กำแพงเพชร","district":"เมืองกำแพงเพชร","Amphoe":"เมืองกำแพงเพชร","__district":"เมืองกำแพงเพชร","subdistrict":"นิคมทุ่งโพธิ์ทะเล","Tambon":"นิคมทุ่งโพธิ์ทะเล","__subdistrict":"นิคมทุ่งโพธิ์ทะเล","village":"บ้านทุ่งรวงทอง","BaanN":"บ้านทุ่งรวงทอง","__village":"บ้านทุ่งรวงทอง","land_type":"พื้นที่เกษตร","LandType":"พื้นที่เกษตร","plant_type":"อ้อย","PlantType":"อ้อย","crop_type":"อ้อย","crop_type_raw":"อ้อย","__crop":"อ้อย","__plant_type":"อ้อย","confidence":47,"Q":"47","source":"NASA FIRMS Email Alert - Suomi NPP VIIRS","source_file":"2569-7-20 รวม 67-69 เขต 6.xlsx","filter_rule":"Province=กำแพงเพชร; LandType=พื้นที่เกษตร; PlantType normalized to allowed groups","month":5,"month_key":"2569-05","day_key":"2026-05-01","TambonN":"เขาคีริส","AmphoeN":"พรานกระต่าย","ProvinceN":"กำแพงเพชร","Maps":"http://maps.google.com/maps?q=16.5449,99.68707"}},{"type":"Feature","geometry":{"type":"Point","coordinates":[99.70609,16.55839]},"properties":{"hs_id":"VI1202605010614w4yyhy7g87","hsID":"VI1202605010614w4yyhy7g87","acq_date":"2026-05-01","Date":"2026-05-01","acq_time":"","year_be":2569,"season_be":2569,"dataset_year_be":2569,"province":"กำแพงเพชร","Province":"กำแพงเพชร","__province":"กำแพงเพชร","district":"พรานกระต่าย","Amphoe":"พรานกระต่าย","__district":"พรานกระต่าย","subdistrict":"เขาคีริส","Tambon":"เขาคีริส","__subdistrict":"เขาคีริส","village":"บ้านทุ่งรวงทอง","BaanN":"บ้านทุ่งรวงทอง","__village":"บ้านทุ่งรวงทอง","land_type":"พื้นที่เกษตร","LandType":"พื้นที่เกษตร","plant_type":"เกษตรอื่น ๆ","PlantType":"เกษตรอื่น ๆ","crop_type":"เกษตรอื่น ๆ","crop_type_raw":"เกษตรอื่น ๆ","__crop":"เกษตรอื่น ๆ","__plant_type":"เกษตรอื่น ๆ","confidence":47,"Q":"47","source":"NASA FIRMS Email Alert - Suomi NPP VIIRS","source_file":"2569-7-20 รวม 67-69 เขต 6.xlsx","filter_rule":"Province=กำแพงเพชร; LandType=พื้นที่เกษตร; PlantType normalized to allowed groups","month":5,"month_key":"2569-05","day_key":"2026-05-01","TambonN":"เขาคีริส","AmphoeN":"พรานกระต่าย","ProvinceN":"กำแพงเพชร","Maps":"http://maps.google.com/maps?q=16.55839,99.70609"}},{"type":"Feature","geometry":{"type":"Point","coordinates":[99.71131,16.55939]},"properties":{"hs_id":"VI1202605010614w4yyhyx93y","hsID":"VI1202605010614w4yyhyx93y","acq_date":"2026-05-01","Date":"2026-05-01","acq_time":"","year_be":2569,"season_be":2569,"dataset_year_be":2569,"province":"กำแพงเพชร","Province":"กำแพงเพชร","__province":"กำแพงเพชร","district":"พรานกระต่าย","Amphoe":"พรานกระต่าย","__district":"พรานกระต่าย","subdistrict":"เขาคีริส","Tambon":"เขาคีริส","__subdistrict":"เขาคีริส","village":"บ้านทุ่งรวงทอง","BaanN":"บ้านทุ่งรวงทอง","__village":"บ้านทุ่งรวงทอง","land_type":"พื้นที่เกษตร","LandType":"พื้นที่เกษตร","plant_type":"นาข้าว","PlantType":"นาข้าว","crop_type":"นาข้าว","crop_type_raw":"นาข้าว","__crop":"นาข้าว","__plant_type":"นาข้าว","confidence":47,"Q":"47","source":"NASA FIRMS Email Alert - Suomi NPP VIIRS","source_file":"2569-7-20 รวม 67-69 เขต 6.xlsx","filter_rule":"Province=กำแพงเพชร; LandType=พื้นที่เกษตร; PlantType normalized to allowed groups","month":5,"month_key":"2569-05","day_key":"2026-05-01","TambonN":"เขาคีริส","AmphoeN":"พรานกระต่าย","ProvinceN":"กำแพงเพชร","Maps":"http://maps.google.com/maps?q=16.55939,99.71131"}},{"type":"Feature","geometry":{"type":"Point","coordinates":[99.73988,16.52577]},"properties":{"hs_id":"VI1202605010614w4yyj8kmed","hsID":"VI1202605010614w4yyj8kmed","acq_date":"2026-05-01","Date":"2026-05-01","acq_time":"","year_be":2569,"season_be":2569,"dataset_year_be":2569,"province":"กำแพงเพชร","Province":"กำแพงเพชร","__province":"กำแพงเพชร","district":"เมืองกำแพงเพชร","Amphoe":"เมืองกำแพงเพชร","__district":"เมืองกำแพงเพชร","subdistrict":"นิคมทุ่งโพธิ์ทะเล","Tambon":"นิคมทุ่งโพธิ์ทะเล","__subdistrict":"นิคมทุ่งโพธิ์ทะเล","village":"บ้านทุ่งมหาศาล","BaanN":"บ้านทุ่งมหาศาล","__village":"บ้านทุ่งมหาศาล","land_type":"พื้นที่เกษตร","LandType":"พื้นที่เกษตร","plant_type":"นาข้าว","PlantType":"นาข้าว","crop_type":"นาข้าว","crop_type_raw":"นาข้าว","__crop":"นาข้าว","__plant_type":"นาข้าว","confidence":47,"Q":"47","source":"NASA FIRMS Email Alert - Suomi NPP VIIRS","source_file":"2569-7-20 รวม 67-69 เขต 6.xlsx","filter_rule":"Province=กำแพงเพชร; LandType=พื้นที่เกษตร; PlantType normalized to allowed groups","month":5,"month_key":"2569-05","day_key":"2026-05-01","TambonN":"มหาชัย","AmphoeN":"ไทรงาม","ProvinceN":"กำแพงเพชร","Maps":"http://maps.google.com/maps?q=16.52577,99.73988"}},{"type":"Feature","geometry":{"type":"Point","coordinates":[99.74509,16.52679]},"properties":{"hs_id":"VI1202605010614w4yyjb85t0","hsID":"VI1202605010614w4yyjb85t0","acq_date":"2026-05-01","Date":"2026-05-01","acq_time":"","year_be":2569,"season_be":2569,"dataset_year_be":2569,"province":"กำแพงเพชร","Province":"กำแพงเพชร","__province":"กำแพงเพชร","district":"เมืองกำแพงเพชร","Amphoe":"เมืองกำแพงเพชร","__district":"เมืองกำแพงเพชร","subdistrict":"นิคมทุ่งโพธิ์ทะเล","Tambon":"นิคมทุ่งโพธิ์ทะเล","__subdistrict":"นิคมทุ่งโพธิ์ทะเล","village":"บ้านทุ่งมหาศาล","BaanN":"บ้านทุ่งมหาศาล","__village":"บ้านทุ่งมหาศาล","land_type":"พื้นที่เกษตร","LandType":"พื้นที่เกษตร","plant_type":"นาข้าว","PlantType":"นาข้าว","crop_type":"นาข้าว","crop_type_raw":"นาข้าว","__crop":"นาข้าว","__plant_type":"นาข้าว","confidence":47,"Q":"47","source":"NASA FIRMS Email Alert - Suomi NPP VIIRS","source_file":"2569-7-20 รวม 67-69 เขต 6.xlsx","filter_rule":"Province=กำแพงเพชร; LandType=พื้นที่เกษตร; PlantType normalized to allowed groups","month":5,"month_key":"2569-05","day_key":"2026-05-01","TambonN":"มหาชัย","AmphoeN":"ไทรงาม","ProvinceN":"กำแพงเพชร","Maps":"http://maps.google.com/maps?q=16.52679,99.74509"}},{"type":"Feature","geometry":{"type":"Point","coordinates":[99.71749,16.55569]},"properties":{"hs_id":"VI1202605010614w4yyjju5cu","hsID":"VI1202605010614w4yyjju5cu","acq_date":"2026-05-01","Date":"2026-05-01","acq_time":"","year_be":2569,"season_be":2569,"dataset_year_be":2569,"province":"กำแพงเพชร","Province":"กำแพงเพชร","__province":"กำแพงเพชร","district":"พรานกระต่าย","Amphoe":"พรานกระต่าย","__district":"พรานกระต่าย","subdistrict":"เขาคีริส","Tambon":"เขาคีริส","__subdistrict":"เขาคีริส","village":"บ้านหนองทอง","BaanN":"บ้านหนองทอง","__village":"บ้านหนองทอง","land_type":"พื้นที่เกษตร","LandType":"พื้นที่เกษตร","plant_type":"นาข้าว","PlantType":"นาข้าว","crop_type":"นาข้าว","crop_type_raw":"นาข้าว","__crop":"นาข้าว","__plant_type":"นาข้าว","confidence":47,"Q":"47","source":"NASA FIRMS Email Alert - Suomi NPP VIIRS","source_file":"2569-7-20 รวม 67-69 เขต 6.xlsx","filter_rule":"Province=กำแพงเพชร; LandType=พื้นที่เกษตร; PlantType normalized to allowed groups","month":5,"month_key":"2569-05","day_key":"2026-05-01","TambonN":"เขาคีริส","AmphoeN":"พรานกระต่าย","ProvinceN":"กำแพงเพชร","Maps":"http://maps.google.com/maps?q=16.55569,99.71749"}},{"type":"Feature","geometry":{"type":"Point","coordinates":[99.74644,16.54662]},"properties":{"hs_id":"VI1202605010614w4yyju1ph9","hsID":"VI1202605010614w4yyju1ph9","acq_date":"2026-05-01","Date":"2026-05-01","acq_time":"","year_be":2569,"season_be":2569,"dataset_year_be":2569,"province":"กำแพงเพชร","Province":"กำแพงเพชร","__province":"กำแพงเพชร","district":"พรานกระต่าย","Amphoe":"พรานกระต่าย","__district":"พรานกระต่าย","subdistrict":"เขาคีริส","Tambon":"เขาคีริส","__subdistrict":"เขาคีริส","village":"บ้านหนองโสน","BaanN":"บ้านหนองโสน","__village":"บ้านหนองโสน","land_type":"พื้นที่เกษตร","LandType":"พื้นที่เกษตร","plant_type":"อ้อย","PlantType":"อ้อย","crop_type":"อ้อย","crop_type_raw":"อ้อย","__crop":"อ้อย","__plant_type":"อ้อย","confidence":47,"Q":"47","source":"NASA FIRMS Email Alert - Suomi NPP VIIRS","source_file":"2569-7-20 รวม 67-69 เขต 6.xlsx","filter_rule":"Province=กำแพงเพชร; LandType=พื้นที่เกษตร; PlantType normalized to allowed groups","month":5,"month_key":"2569-05","day_key":"2026-05-01","TambonN":"เขาคีริส","AmphoeN":"พรานกระต่าย","ProvinceN":"กำแพงเพชร","Maps":"http://maps.google.com/maps?q=16.54662,99.74644"}},{"type":"Feature","geometry":{"type":"Point","coordinates":[99.67997,16.59775]},"properties":{"hs_id":"VI1202605010614w4yykm88zs","hsID":"VI1202605010614w4yykm88zs","acq_date":"2026-05-01","Date":"2026-05-01","acq_time":"","year_be":2569,"season_be":2569,"dataset_year_be":2569,"province":"กำแพงเพชร","Province":"กำแพงเพชร","__province":"กำแพงเพชร","district":"พรานกระต่าย","Amphoe":"พรานกระต่าย","__district":"พรานกระต่าย","subdistrict":"เขาคีริส","Tambon":"เขาคีริส","__subdistrict":"เขาคีริส","village":"บ้านทุ่งยาว","BaanN":"บ้านทุ่งยาว","__village":"บ้านทุ่งยาว","land_type":"พื้นที่เกษตร","LandType":"พื้นที่เกษตร","plant_type":"นาข้าว","PlantType":"นาข้าว","crop_type":"นาข้าว","crop_type_raw":"นาข้าว","__crop":"นาข้าว","__plant_type":"นาข้าว","confidence":47,"Q":"47","source":"NASA FIRMS Email Alert - Suomi NPP VIIRS","source_file":"2569-7-20 รวม 67-69 เขต 6.xlsx","filter_rule":"Province=กำแพงเพชร; LandType=พื้นที่เกษตร; PlantType normalized to allowed groups","month":5,"month_key":"2569-05","day_key":"2026-05-01","TambonN":"เขาคีริส","AmphoeN":"พรานกระต่าย","ProvinceN":"กำแพงเพชร","Maps":"http://maps.google.com/maps?q=16.59775,99.67997"}},{"type":"Feature","geometry":{"type":"Point","coordinates":[99.68159,16.59782]},"properties":{"hs_id":"VI1202605010614w4yykm9cm3","hsID":"VI1202605010614w4yykm9cm3","acq_date":"2026-05-01","Date":"2026-05-01","acq_time":"","year_be":2569,"season_be":2569,"dataset_year_be":2569,"province":"กำแพงเพชร","Province":"กำแพงเพชร","__province":"กำแพงเพชร","district":"พรานกระต่าย","Amphoe":"พรานกระต่าย","__district":"พรานกระต่าย","subdistrict":"เขาคีริส","Tambon":"เขาคีริส","__subdistrict":"เขาคีริส","village":"บ้านทุ่งยาว","BaanN":"บ้านทุ่งยาว","__village":"บ้านทุ่งยาว","land_type":"พื้นที่เกษตร","LandType":"พื้นที่เกษตร","plant_type":"นาข้าว","PlantType":"นาข้าว","crop_type":"นาข้าว","crop_type_raw":"นาข้าว","__crop":"นาข้าว","__plant_type":"นาข้าว","confidence":47,"Q":"47","source":"NASA FIRMS Email Alert - Suomi NPP VIIRS","source_file":"2569-7-20 รวม 67-69 เขต 6.xlsx","filter_rule":"Province=กำแพงเพชร; LandType=พื้นที่เกษตร; PlantType normalized to allowed groups","month":5,"month_key":"2569-05","day_key":"2026-05-01","TambonN":"เขาคีริส","AmphoeN":"พรานกระต่าย","ProvinceN":"กำแพงเพชร","Maps":"http://maps.google.com/maps?q=16.59782,99.68159"}},{"type":"Feature","geometry":{"type":"Point","coordinates":[99.84162,16.57961]},"properties":{"hs_id":"VI1202605010614w4yyrfnrnr","hsID":"VI1202605010614w4yyrfnrnr","acq_date":"2026-05-01","Date":"2026-05-01","acq_time":"","year_be":2569,"season_be":2569,"dataset_year_be":2569,"province":"กำแพงเพชร","Province":"กำแพงเพชร","__province":"กำแพงเพชร","district":"ลานกระบือ","Amphoe":"ลานกระบือ","__district":"ลานกระบือ","subdistrict":"โนนพลวง","Tambon":"โนนพลวง","__subdistrict":"โนนพลวง","village":"บ้านฟากทุ่ง","BaanN":"บ้านฟากทุ่ง","__village":"บ้านฟากทุ่ง","land_type":"พื้นที่เกษตร","LandType":"พื้นที่เกษตร","plant_type":"นาข้าว","PlantType":"นาข้าว","crop_type":"นาข้าว","crop_type_raw":"นาข้าว","__crop":"นาข้าว","__plant_type":"นาข้าว","confidence":47,"Q":"47","source":"NASA FIRMS Email Alert - Suomi NPP VIIRS","source_file":"2569-7-20 รวม 67-69 เขต 6.xlsx","filter_rule":"Province=กำแพงเพชร; LandType=พื้นที่เกษตร; PlantType normalized to allowed groups","month":5,"month_key":"2569-05","day_key":"2026-05-01","TambonN":"โนนพลวง","AmphoeN":"ลานกระบือ","ProvinceN":"กำแพงเพชร","Maps":"http://maps.google.com/maps?q=16.57961,99.84162"}},{"type":"Feature","geometry":{"type":"Point","coordinates":[99.84068,16.58429]},"properties":{"hs_id":"VI1202605010614w4yyrgjf2r","hsID":"VI1202605010614w4yyrgjf2r","acq_date":"2026-05-01","Date":"2026-05-01","acq_time":"","year_be":2569,"season_be":2569,"dataset_year_be":2569,"province":"กำแพงเพชร","Province":"กำแพงเพชร","__province":"กำแพงเพชร","district":"ลานกระบือ","Amphoe":"ลานกระบือ","__district":"ลานกระบือ","subdistrict":"โนนพลวง","Tambon":"โนนพลวง","__subdistrict":"โนนพลวง","village":"บ้านฟากทุ่ง","BaanN":"บ้านฟากทุ่ง","__village":"บ้านฟากทุ่ง","land_type":"พื้นที่เกษตร","LandType":"พื้นที่เกษตร","plant_type":"นาข้าว","PlantType":"นาข้าว","crop_type":"นาข้าว","crop_type_raw":"นาข้าว","__crop":"นาข้าว","__plant_type":"นาข้าว","confidence":47,"Q":"47","source":"NASA FIRMS Email Alert - Suomi NPP VIIRS","source_file":"2569-7-20 รวม 67-69 เขต 6.xlsx","filter_rule":"Province=กำแพงเพชร; LandType=พื้นที่เกษตร; PlantType normalized to allowed groups","month":5,"month_key":"2569-05","day_key":"2026-05-01","TambonN":"โนนพลวง","AmphoeN":"ลานกระบือ","ProvinceN":"กำแพงเพชร","Maps":"http://maps.google.com/maps?q=16.58429,99.84068"}},{"type":"Feature","geometry":{"type":"Point","coordinates":[99.67609,16.61661]},"properties":{"hs_id":"VI1202605010614w4yys0vyv0","hsID":"VI1202605010614w4yys0vyv0","acq_date":"2026-05-01","Date":"2026-05-01","acq_time":"","year_be":2569,"season_be":2569,"dataset_year_be":2569,"province":"กำแพงเพชร","Province":"กำแพงเพชร","__province":"กำแพงเพชร","district":"พรานกระต่าย","Amphoe":"พรานกระต่าย","__district":"พรานกระต่าย","subdistrict":"เขาคีริส","Tambon":"เขาคีริส","__subdistrict":"เขาคีริส","village":"บ้านทุ่งยาว","BaanN":"บ้านทุ่งยาว","__village":"บ้านทุ่งยาว","land_type":"พื้นที่เกษตร","LandType":"พื้นที่เกษตร","plant_type":"นาข้าว","PlantType":"นาข้าว","crop_type":"นาข้าว","crop_type_raw":"นาข้าว","__crop":"นาข้าว","__plant_type":"นาข้าว","confidence":47,"Q":"47","source":"NASA FIRMS Email Alert - Suomi NPP VIIRS","source_file":"2569-7-20 รวม 67-69 เขต 6.xlsx","filter_rule":"Province=กำแพงเพชร; LandType=พื้นที่เกษตร; PlantType normalized to allowed groups","month":5,"month_key":"2569-05","day_key":"2026-05-01","TambonN":"เขาคีริส","AmphoeN":"พรานกระต่าย","ProvinceN":"กำแพงเพชร","Maps":"http://maps.google.com/maps?q=16.61661,99.67609"}},{"type":"Feature","geometry":{"type":"Point","coordinates":[99.75517,16.62723]},"properties":{"hs_id":"VI1202605010614w4yytfzkxu","hsID":"VI1202605010614w4yytfzkxu","acq_date":"2026-05-01","Date":"2026-05-01","acq_time":"","year_be":2569,"season_be":2569,"dataset_year_be":2569,"province":"กำแพงเพชร","Province":"กำแพงเพชร","__province":"กำแพงเพชร","district":"ลานกระบือ","Amphoe":"ลานกระบือ","__district":"ลานกระบือ","subdistrict":"หนองหลวง","Tambon":"หนองหลวง","__subdistrict":"หนองหลวง","village":"บ้านหนองมะเกาะ","BaanN":"บ้านหนองมะเกาะ","__village":"บ้านหนองมะเกาะ","land_type":"พื้นที่เกษตร","LandType":"พื้นที่เกษตร","plant_type":"นาข้าว","PlantType":"นาข้าว","crop_type":"นาข้าว","crop_type_raw":"นาข้าว","__crop":"นาข้าว","__plant_type":"นาข้าว","confidence":47,"Q":"47","source":"NASA FIRMS Email Alert - Suomi NPP VIIRS","source_file":"2569-7-20 รวม 67-69 เขต 6.xlsx","filter_rule":"Province=กำแพงเพชร; LandType=พื้นที่เกษตร; PlantType normalized to allowed groups","month":5,"month_key":"2569-05","day_key":"2026-05-01","TambonN":"หนองหลวง","AmphoeN":"ลานกระบือ","ProvinceN":"กำแพงเพชร","Maps":"http://maps.google.com/maps?q=16.62723,99.75517"}},{"type":"Feature","geometry":{"type":"Point","coordinates":[99.76971,16.63495]},"properties":{"hs_id":"VI1202605010614w4yywk61de","hsID":"VI1202605010614w4yywk61de","acq_date":"2026-05-01","Date":"2026-05-01","acq_time":"","year_be":2569,"season_be":2569,"dataset_year_be":2569,"province":"กำแพงเพชร","Province":"กำแพงเพชร","__province":"กำแพงเพชร","district":"ลานกระบือ","Amphoe":"ลานกระบือ","__district":"ลานกระบือ","subdistrict":"หนองหลวง","Tambon":"หนองหลวง","__subdistrict":"หนองหลวง","village":"บ้านหนองสระ","BaanN":"บ้านหนองสระ","__village":"บ้านหนองสระ","land_type":"พื้นที่เกษตร","LandType":"พื้นที่เกษตร","plant_type":"นาข้าว","PlantType":"นาข้าว","crop_type":"นาข้าว","crop_type_raw":"นาข้าว","__crop":"นาข้าว","__plant_type":"นาข้าว","confidence":47,"Q":"47","source":"NASA FIRMS Email Alert - Suomi NPP VIIRS","source_file":"2569-7-20 รวม 67-69 เขต 6.xlsx","filter_rule":"Province=กำแพงเพชร; LandType=พื้นที่เกษตร; PlantType normalized to allowed groups","month":5,"month_key":"2569-05","day_key":"2026-05-01","TambonN":"หนองหลวง","AmphoeN":"ลานกระบือ","ProvinceN":"กำแพงเพชร","Maps":"http://maps.google.com/maps?q=16.63495,99.76971"}},{"type":"Feature","geometry":{"type":"Point","coordinates":[99.76876,16.63964]},"properties":{"hs_id":"VI1202605010614w4yywm1kut","hsID":"VI1202605010614w4yywm1kut","acq_date":"2026-05-01","Date":"2026-05-01","acq_time":"","year_be":2569,"season_be":2569,"dataset_year_be":2569,"province":"กำแพงเพชร","Province":"กำแพงเพชร","__province":"กำแพงเพชร","district":"ลานกระบือ","Amphoe":"ลานกระบือ","__district":"ลานกระบือ","subdistrict":"หนองหลวง","Tambon":"หนองหลวง","__subdistrict":"หนองหลวง","village":"บ้านหนองสระ","BaanN":"บ้านหนองสระ","__village":"บ้านหนองสระ","land_type":"พื้นที่เกษตร","LandType":"พื้นที่เกษตร","plant_type":"นาข้าว","PlantType":"นาข้าว","crop_type":"นาข้าว","crop_type_raw":"นาข้าว","__crop":"นาข้าว","__plant_type":"นาข้าว","confidence":47,"Q":"47","source":"NASA FIRMS Email Alert - Suomi NPP VIIRS","source_file":"2569-7-20 รวม 67-69 เขต 6.xlsx","filter_rule":"Province=กำแพงเพชร; LandType=พื้นที่เกษตร; PlantType normalized to allowed groups","month":5,"month_key":"2569-05","day_key":"2026-05-01","TambonN":"หนองหลวง","AmphoeN":"ลานกระบือ","ProvinceN":"กำแพงเพชร","Maps":"http://maps.google.com/maps?q=16.63964,99.76876"}},{"type":"Feature","geometry":{"type":"Point","coordinates":[99.84006,16.61328]},"properties":{"hs_id":"VI1202605010614w4yyxbm765","hsID":"VI1202605010614w4yyxbm765","acq_date":"2026-05-01","Date":"2026-05-01","acq_time":"","year_be":2569,"season_be":2569,"dataset_year_be":2569,"province":"กำแพงเพชร","Province":"กำแพงเพชร","__province":"กำแพงเพชร","district":"ลานกระบือ","Amphoe":"ลานกระบือ","__district":"ลานกระบือ","subdistrict":"ลานกระบือ","Tambon":"ลานกระบือ","__subdistrict":"ลานกระบือ","village":"บ้านหนองตาสังข์","BaanN":"บ้านหนองตาสังข์","__village":"บ้านหนองตาสังข์","land_type":"พื้นที่เกษตร","LandType":"พื้นที่เกษตร","plant_type":"นาข้าว","PlantType":"นาข้าว","crop_type":"นาข้าว","crop_type_raw":"นาข้าว","__crop":"นาข้าว","__plant_type":"นาข้าว","confidence":47,"Q":"47","source":"NASA FIRMS Email Alert - Suomi NPP VIIRS","source_file":"2569-7-20 รวม 67-69 เขต 6.xlsx","filter_rule":"Province=กำแพงเพชร; LandType=พื้นที่เกษตร; PlantType normalized to allowed groups","month":5,"month_key":"2569-05","day_key":"2026-05-01","TambonN":"ลานกระบือ","AmphoeN":"ลานกระบือ","ProvinceN":"กำแพงเพชร","Maps":"http://maps.google.com/maps?q=16.61328,99.84006"}},{"type":"Feature","geometry":{"type":"Point","coordinates":[99.60817,16.72198]},"properties":{"hs_id":"VI1202605010614w4yz4shkwe","hsID":"VI1202605010614w4yz4shkwe","acq_date":"2026-05-01","Date":"2026-05-01","acq_time":"","year_be":2569,"season_be":2569,"dataset_year_be":2569,"province":"กำแพงเพชร","Province":"กำแพงเพชร","__province":"กำแพงเพชร","district":"พรานกระต่าย","Amphoe":"พรานกระต่าย","__district":"พรานกระต่าย","subdistrict":"หนองหัววัว","Tambon":"หนองหัววัว","__subdistrict":"หนองหัววัว","village":"บ้านหนองหัววัว","BaanN":"บ้านหนองหัววัว","__village":"บ้านหนองหัววัว","land_type":"พื้นที่เกษตร","LandType":"พื้นที่เกษตร","plant_type":"นาข้าว","PlantType":"นาข้าว","crop_type":"นาข้าว","crop_type_raw":"นาข้าว","__crop":"นาข้าว","__plant_type":"นาข้าว","confidence":47,"Q":"47","source":"NASA FIRMS Email Alert - Suomi NPP VIIRS","source_file":"2569-7-20 รวม 67-69 เขต 6.xlsx","filter_rule":"Province=กำแพงเพชร; LandType=พื้นที่เกษตร; PlantType normalized to allowed groups","month":5,"month_key":"2569-05","day_key":"2026-05-01","TambonN":"หนองหัววัว","AmphoeN":"พรานกระต่าย","ProvinceN":"กำแพงเพชร","Maps":"http://maps.google.com/maps?q=16.72198,99.60817"}},{"type":"Feature","geometry":{"type":"Point","coordinates":[99.86726,16.04197]},"properties":{"hs_id":"VI1202605010614w4z528355z","hsID":"VI1202605010614w4z528355z","acq_date":"2026-05-01","Date":"2026-05-01","acq_time":"","year_be":2569,"season_be":2569,"dataset_year_be":2569,"province":"กำแพงเพชร","Province":"กำแพงเพชร","__province":"กำแพงเพชร","district":"ขาณุวรลักษบุรี","Amphoe":"ขาณุวรลักษบุรี","__district":"ขาณุวรลักษบุรี","subdistrict":"แสนตอ","Tambon":"แสนตอ","__subdistrict":"แสนตอ","village":"บ้านหาดชะอม","BaanN":"บ้านหาดชะอม","__village":"บ้านหาดชะอม","land_type":"พื้นที่เกษตร","LandType":"พื้นที่เกษตร","plant_type":"นาข้าว","PlantType":"นาข้าว","crop_type":"นาข้าว","crop_type_raw":"นาข้าว","__crop":"นาข้าว","__plant_type":"นาข้าว","confidence":47,"Q":"47","source":"NASA FIRMS Email Alert - Suomi NPP VIIRS","source_file":"2569-7-20 รวม 67-69 เขต 6.xlsx","filter_rule":"Province=กำแพงเพชร; LandType=พื้นที่เกษตร; PlantType normalized to allowed groups","month":5,"month_key":"2569-05","day_key":"2026-05-01","TambonN":"ป่าพุทรา","AmphoeN":"ขาณุวรลักษบุรี","ProvinceN":"กำแพงเพชร","Maps":"http://maps.google.com/maps?q=16.04197,99.86726"}},{"type":"Feature","geometry":{"type":"Point","coordinates":[99.8663,16.04668]},"properties":{"hs_id":"VI1202605010614w4z5290qtm","hsID":"VI1202605010614w4z5290qtm","acq_date":"2026-05-01","Date":"2026-05-01","acq_time":"","year_be":2569,"season_be":2569,"dataset_year_be":2569,"province":"กำแพงเพชร","Province":"กำแพงเพชร","__province":"กำแพงเพชร","district":"ขาณุวรลักษบุรี","Amphoe":"ขาณุวรลักษบุรี","__district":"ขาณุวรลักษบุรี","subdistrict":"แสนตอ","Tambon":"แสนตอ","__subdistrict":"แสนตอ","village":"บ้านดงชะนีรอง","BaanN":"บ้านดงชะนีรอง","__village":"บ้านดงชะนีรอง","land_type":"พื้นที่เกษตร","LandType":"พื้นที่เกษตร","plant_type":"นาข้าว","PlantType":"นาข้าว","crop_type":"นาข้าว","crop_type_raw":"นาข้าว","__crop":"นาข้าว","__plant_type":"นาข้าว","confidence":47,"Q":"47","source":"NASA FIRMS Email Alert - Suomi NPP VIIRS","source_file":"2569-7-20 รวม 67-69 เขต 6.xlsx","filter_rule":"Province=กำแพงเพชร; LandType=พื้นที่เกษตร; PlantType normalized to allowed groups","month":5,"month_key":"2569-05","day_key":"2026-05-01","TambonN":"แสนตอ","AmphoeN":"ขาณุวรลักษบุรี","ProvinceN":"กำแพงเพชร","Maps":"http://maps.google.com/maps?q=16.04668,99.8663"}},{"type":"Feature","geometry":{"type":"Point","coordinates":[99.86829,16.08252]},"properties":{"hs_id":"VI1202605010614w4z52x9z7z","hsID":"VI1202605010614w4z52x9z7z","acq_date":"2026-05-01","Date":"2026-05-01","acq_time":"","year_be":2569,"season_be":2569,"dataset_year_be":2569,"province":"กำแพงเพชร","Province":"กำแพงเพชร","__province":"กำแพงเพชร","district":"ขาณุวรลักษบุรี","Amphoe":"ขาณุวรลักษบุรี","__district":"ขาณุวรลักษบุรี","subdistrict":"ป่าพุทรา","Tambon":"ป่าพุทรา","__subdistrict":"ป่าพุทรา","village":"บ้านใหม่เนินทราย, บ้านสันเนินท","BaanN":"บ้านใหม่เนินทราย, บ้านสันเนินท","__village":"บ้านใหม่เนินทราย, บ้านสันเนินท","land_type":"พื้นที่เกษตร","LandType":"พื้นที่เกษตร","plant_type":"นาข้าว","PlantType":"นาข้าว","crop_type":"นาข้าว","crop_type_raw":"นาข้าว","__crop":"นาข้าว","__plant_type":"นาข้าว","confidence":47,"Q":"47","source":"NASA FIRMS Email Alert - Suomi NPP VIIRS","source_file":"2569-7-20 รวม 67-69 เขต 6.xlsx","filter_rule":"Province=กำแพงเพชร; LandType=พื้นที่เกษตร; PlantType normalized to allowed groups","month":5,"month_key":"2569-05","day_key":"2026-05-01","TambonN":"ป่าพุทรา","AmphoeN":"ขาณุวรลักษบุรี","ProvinceN":"กำแพงเพชร","Maps":"http://maps.google.com/maps?q=16.08252,99.86829"}},{"type":"Feature","geometry":{"type":"Point","coordinates":[99.87,16.08162]},"properties":{"hs_id":"VI1202605010614w4z52xe45x","hsID":"VI1202605010614w4z52xe45x","acq_date":"2026-05-01","Date":"2026-05-01","acq_time":"","year_be":2569,"season_be":2569,"dataset_year_be":2569,"province":"กำแพงเพชร","Province":"กำแพงเพชร","__province":"กำแพงเพชร","district":"ขาณุวรลักษบุรี","Amphoe":"ขาณุวรลักษบุรี","__district":"ขาณุวรลักษบุรี","subdistrict":"ป่าพุทรา","Tambon":"ป่าพุทรา","__subdistrict":"ป่าพุทรา","village":"บ้านใหม่เนินทราย, บ้านสันเนินท","BaanN":"บ้านใหม่เนินทราย, บ้านสันเนินท","__village":"บ้านใหม่เนินทราย, บ้านสันเนินท","land_type":"พื้นที่เกษตร","LandType":"พื้นที่เกษตร","plant_type":"นาข้าว","PlantType":"นาข้าว","crop_type":"นาข้าว","crop_type_raw":"นาข้าว","__crop":"นาข้าว","__plant_type":"นาข้าว","confidence":47,"Q":"47","source":"NASA FIRMS Email Alert - Suomi NPP VIIRS","source_file":"2569-7-20 รวม 67-69 เขต 6.xlsx","filter_rule":"Province=กำแพงเพชร; LandType=พื้นที่เกษตร; PlantType normalized to allowed groups","month":5,"month_key":"2569-05","day_key":"2026-05-01","TambonN":"ป่าพุทรา","AmphoeN":"ขาณุวรลักษบุรี","ProvinceN":"กำแพงเพชร","Maps":"http://maps.google.com/maps?q=16.08162,99.87"}},{"type":"Feature","geometry":{"type":"Point","coordinates":[99.88901,16.04126]},"properties":{"hs_id":"VI1202605010614w4z5300zne","hsID":"VI1202605010614w4z5300zne","acq_date":"2026-05-01","Date":"2026-05-01","acq_time":"","year_be":2569,"season_be":2569,"dataset_year_be":2569,"province":"กำแพงเพชร","Province":"กำแพงเพชร","__province":"กำแพงเพชร","district":"ขาณุวรลักษบุรี","Amphoe":"ขาณุวรลักษบุรี","__district":"ขาณุวรลักษบุรี","subdistrict":"ป่าพุทรา","Tambon":"ป่าพุทรา","__subdistrict":"ป่าพุทรา","village":"บ้านดงคู้","BaanN":"บ้านดงคู้","__village":"บ้านดงคู้","land_type":"พื้นที่เกษตร","LandType":"พื้นที่เกษตร","plant_type":"นาข้าว","PlantType":"นาข้าว","crop_type":"นาข้าว","crop_type_raw":"นาข้าว","__crop":"นาข้าว","__plant_type":"นาข้าว","confidence":47,"Q":"47","source":"NASA FIRMS Email Alert - Suomi NPP VIIRS","source_file":"2569-7-20 รวม 67-69 เขต 6.xlsx","filter_rule":"Province=กำแพงเพชร; LandType=พื้นที่เกษตร; PlantType normalized to allowed groups","month":5,"month_key":"2569-05","day_key":"2026-05-01","TambonN":"ตาขีด","AmphoeN":"บรรพตพิสัย","ProvinceN":"นครสวรรค์","Maps":"http://maps.google.com/maps?q=16.04126,99.88901"}},{"type":"Feature","geometry":{"type":"Point","coordinates":[99.90495,16.06872]},"properties":{"hs_id":"VI1202605010614w4z53mhx44","hsID":"VI1202605010614w4z53mhx44","acq_date":"2026-05-01","Date":"2026-05-01","acq_time":"","year_be":2569,"season_be":2569,"dataset_year_be":2569,"province":"กำแพงเพชร","Province":"กำแพงเพชร","__province":"กำแพงเพชร","district":"ขาณุวรลักษบุรี","Amphoe":"ขาณุวรลักษบุรี","__district":"ขาณุวรลักษบุรี","subdistrict":"ป่าพุทรา","Tambon":"ป่าพุทรา","__subdistrict":"ป่าพุทรา","village":"บ้านวังพลับ","BaanN":"บ้านวังพลับ","__village":"บ้านวังพลับ","land_type":"พื้นที่เกษตร","LandType":"พื้นที่เกษตร","plant_type":"นาข้าว","PlantType":"นาข้าว","crop_type":"นาข้าว","crop_type_raw":"นาข้าว","__crop":"นาข้าว","__plant_type":"นาข้าว","confidence":47,"Q":"47","source":"NASA FIRMS Email Alert - Suomi NPP VIIRS","source_file":"2569-7-20 รวม 67-69 เขต 6.xlsx","filter_rule":"Province=กำแพงเพชร; LandType=พื้นที่เกษตร; PlantType normalized to allowed groups","month":5,"month_key":"2569-05","day_key":"2026-05-01","TambonN":"ป่าพุทรา","AmphoeN":"ขาณุวรลักษบุรี","ProvinceN":"กำแพงเพชร","Maps":"http://maps.google.com/maps?q=16.06872,99.90495"}},{"type":"Feature","geometry":{"type":"Point","coordinates":[99.89693,16.08183]},"properties":{"hs_id":"VI1202605010614w4z53pwern","hsID":"VI1202605010614w4z53pwern","acq_date":"2026-05-01","Date":"2026-05-01","acq_time":"","year_be":2569,"season_be":2569,"dataset_year_be":2569,"province":"กำแพงเพชร","Province":"กำแพงเพชร","__province":"กำแพงเพชร","district":"ขาณุวรลักษบุรี","Amphoe":"ขาณุวรลักษบุรี","__district":"ขาณุวรลักษบุรี","subdistrict":"ป่าพุทรา","Tambon":"ป่าพุทรา","__subdistrict":"ป่าพุทรา","village":"บ้านวังพัฒนา","BaanN":"บ้านวังพัฒนา","__village":"บ้านวังพัฒนา","land_type":"พื้นที่เกษตร","LandType":"พื้นที่เกษตร","plant_type":"อ้อย","PlantType":"อ้อย","crop_type":"อ้อย","crop_type_raw":"อ้อย","__crop":"อ้อย","__plant_type":"อ้อย","confidence":47,"Q":"47","source":"NASA FIRMS Email Alert - Suomi NPP VIIRS","source_file":"2569-7-20 รวม 67-69 เขต 6.xlsx","filter_rule":"Province=กำแพงเพชร; LandType=พื้นที่เกษตร; PlantType normalized to allowed groups","month":5,"month_key":"2569-05","day_key":"2026-05-01","TambonN":"ป่าพุทรา","AmphoeN":"ขาณุวรลักษบุรี","ProvinceN":"กำแพงเพชร","Maps":"http://maps.google.com/maps?q=16.08183,99.89693"}},{"type":"Feature","geometry":{"type":"Point","coordinates":[99.90823,16.0791]},"properties":{"hs_id":"VI1202605010614w4z53rngw3","hsID":"VI1202605010614w4z53rngw3","acq_date":"2026-05-01","Date":"2026-05-01","acq_time":"","year_be":2569,"season_be":2569,"dataset_year_be":2569,"province":"กำแพงเพชร","Province":"กำแพงเพชร","__province":"กำแพงเพชร","district":"ขาณุวรลักษบุรี","Amphoe":"ขาณุวรลักษบุรี","__district":"ขาณุวรลักษบุรี","subdistrict":"ป่าพุทรา","Tambon":"ป่าพุทรา","__subdistrict":"ป่าพุทรา","village":"บ้านวังพัฒนา","BaanN":"บ้านวังพัฒนา","__village":"บ้านวังพัฒนา","land_type":"พื้นที่เกษตร","LandType":"พื้นที่เกษตร","plant_type":"นาข้าว","PlantType":"นาข้าว","crop_type":"นาข้าว","crop_type_raw":"นาข้าว","__crop":"นาข้าว","__plant_type":"นาข้าว","confidence":47,"Q":"47","source":"NASA FIRMS Email Alert - Suomi NPP VIIRS","source_file":"2569-7-20 รวม 67-69 เขต 6.xlsx","filter_rule":"Province=กำแพงเพชร; LandType=พื้นที่เกษตร; PlantType normalized to allowed groups","month":5,"month_key":"2569-05","day_key":"2026-05-01","TambonN":"ป่าพุทรา","AmphoeN":"ขาณุวรลักษบุรี","ProvinceN":"กำแพงเพชร","Maps":"http://maps.google.com/maps?q=16.0791,99.90823"}},{"type":"Feature","geometry":{"type":"Point","coordinates":[99.92573,16.07267]},"properties":{"hs_id":"VI1202605010614w4z53vgwn6","hsID":"VI1202605010614w4z53vgwn6","acq_date":"2026-05-01","Date":"2026-05-01","acq_time":"","year_be":2569,"season_be":2569,"dataset_year_be":2569,"province":"กำแพงเพชร","Province":"กำแพงเพชร","__province":"กำแพงเพชร","district":"ขาณุวรลักษบุรี","Amphoe":"ขาณุวรลักษบุรี","__district":"ขาณุวรลักษบุรี","subdistrict":"ป่าพุทรา","Tambon":"ป่าพุทรา","__subdistrict":"ป่าพุทรา","village":"บ้านวังเรียง","BaanN":"บ้านวังเรียง","__village":"บ้านวังเรียง","land_type":"พื้นที่เกษตร","LandType":"พื้นที่เกษตร","plant_type":"เกษตรอื่น ๆ","PlantType":"เกษตรอื่น ๆ","crop_type":"เกษตรอื่น ๆ","crop_type_raw":"เกษตรอื่น ๆ","__crop":"เกษตรอื่น ๆ","__plant_type":"เกษตรอื่น ๆ","confidence":47,"Q":"47","source":"NASA FIRMS Email Alert - Suomi NPP VIIRS","source_file":"2569-7-20 รวม 67-69 เขต 6.xlsx","filter_rule":"Province=กำแพงเพชร; LandType=พื้นที่เกษตร; PlantType normalized to allowed groups","month":5,"month_key":"2569-05","day_key":"2026-05-01","TambonN":"ป่าพุทรา","AmphoeN":"ขาณุวรลักษบุรี","ProvinceN":"กำแพงเพชร","Maps":"http://maps.google.com/maps?q=16.07267,99.92573"}},{"type":"Feature","geometry":{"type":"Point","coordinates":[99.86214,16.0862]},"properties":{"hs_id":"VI1202605010614w4z582mkut","hsID":"VI1202605010614w4z582mkut","acq_date":"2026-05-01","Date":"2026-05-01","acq_time":"","year_be":2569,"season_be":2569,"dataset_year_be":2569,"province":"กำแพงเพชร","Province":"กำแพงเพชร","__province":"กำแพงเพชร","district":"ขาณุวรลักษบุรี","Amphoe":"ขาณุวรลักษบุรี","__district":"ขาณุวรลักษบุรี","subdistrict":"ยางสูง","Tambon":"ยางสูง","__subdistrict":"ยางสูง","village":"บ้านบุ่ง","BaanN":"บ้านบุ่ง","__village":"บ้านบุ่ง","land_type":"พื้นที่เกษตร","LandType":"พื้นที่เกษตร","plant_type":"นาข้าว","PlantType":"นาข้าว","crop_type":"นาข้าว","crop_type_raw":"นาข้าว","__crop":"นาข้าว","__plant_type":"นาข้าว","confidence":47,"Q":"47","source":"NASA FIRMS Email Alert - Suomi NPP VIIRS","source_file":"2569-7-20 รวม 67-69 เขต 6.xlsx","filter_rule":"Province=กำแพงเพชร; LandType=พื้นที่เกษตร; PlantType normalized to allowed groups","month":5,"month_key":"2569-05","day_key":"2026-05-01","TambonN":"ยางสูง","AmphoeN":"ขาณุวรลักษบุรี","ProvinceN":"กำแพงเพชร","Maps":"http://maps.google.com/maps?q=16.0862,99.86214"}},{"type":"Feature","geometry":{"type":"Point","coordinates":[99.86383,16.08534]},"properties":{"hs_id":"VI1202605010614w4z582nxgu","hsID":"VI1202605010614w4z582nxgu","acq_date":"2026-05-01","Date":"2026-05-01","acq_time":"","year_be":2569,"season_be":2569,"dataset_year_be":2569,"province":"กำแพงเพชร","Province":"กำแพงเพชร","__province":"กำแพงเพชร","district":"ขาณุวรลักษบุรี","Amphoe":"ขาณุวรลักษบุรี","__district":"ขาณุวรลักษบุรี","subdistrict":"ป่าพุทรา","Tambon":"ป่าพุทรา","__subdistrict":"ป่าพุทรา","village":"บ้านใหม่เนินทราย, บ้านสันเนินท","BaanN":"บ้านใหม่เนินทราย, บ้านสันเนินท","__village":"บ้านใหม่เนินทราย, บ้านสันเนินท","land_type":"พื้นที่เกษตร","LandType":"พื้นที่เกษตร","plant_type":"นาข้าว","PlantType":"นาข้าว","crop_type":"นาข้าว","crop_type_raw":"นาข้าว","__crop":"นาข้าว","__plant_type":"นาข้าว","confidence":47,"Q":"47","source":"NASA FIRMS Email Alert - Suomi NPP VIIRS","source_file":"2569-7-20 รวม 67-69 เขต 6.xlsx","filter_rule":"Province=กำแพงเพชร; LandType=พื้นที่เกษตร; PlantType normalized to allowed groups","month":5,"month_key":"2569-05","day_key":"2026-05-01","TambonN":"ป่าพุทรา","AmphoeN":"ขาณุวรลักษบุรี","ProvinceN":"กำแพงเพชร","Maps":"http://maps.google.com/maps?q=16.08534,99.86383"}},{"type":"Feature","geometry":{"type":"Point","coordinates":[99.86286,16.09005]},"properties":{"hs_id":"VI1202605010614w4z583jgm6","hsID":"VI1202605010614w4z583jgm6","acq_date":"2026-05-01","Date":"2026-05-01","acq_time":"","year_be":2569,"season_be":2569,"dataset_year_be":2569,"province":"กำแพงเพชร","Province":"กำแพงเพชร","__province":"กำแพงเพชร","district":"ขาณุวรลักษบุรี","Amphoe":"ขาณุวรลักษบุรี","__district":"ขาณุวรลักษบุรี","subdistrict":"ยางสูง","Tambon":"ยางสูง","__subdistrict":"ยางสูง","village":"บ้านบุ่ง","BaanN":"บ้านบุ่ง","__village":"บ้านบุ่ง","land_type":"พื้นที่เกษตร","LandType":"พื้นที่เกษตร","plant_type":"นาข้าว","PlantType":"นาข้าว","crop_type":"นาข้าว","crop_type_raw":"นาข้าว","__crop":"นาข้าว","__plant_type":"นาข้าว","confidence":47,"Q":"47","source":"NASA FIRMS Email Alert - Suomi NPP VIIRS","source_file":"2569-7-20 รวม 67-69 เขต 6.xlsx","filter_rule":"Province=กำแพงเพชร; LandType=พื้นที่เกษตร; PlantType normalized to allowed groups","month":5,"month_key":"2569-05","day_key":"2026-05-01","TambonN":"ยางสูง","AmphoeN":"ขาณุวรลักษบุรี","ProvinceN":"กำแพงเพชร","Maps":"http://maps.google.com/maps?q=16.09005,99.86286"}},{"type":"Feature","geometry":{"type":"Point","coordinates":[99.86118,16.09091]},"properties":{"hs_id":"VI1202605010614w4z583k8q5","hsID":"VI1202605010614w4z583k8q5","acq_date":"2026-05-01","Date":"2026-05-01","acq_time":"","year_be":2569,"season_be":2569,"dataset_year_be":2569,"province":"กำแพงเพชร","Province":"กำแพงเพชร","__province":"กำแพงเพชร","district":"ขาณุวรลักษบุรี","Amphoe":"ขาณุวรลักษบุรี","__district":"ขาณุวรลักษบุรี","subdistrict":"ยางสูง","Tambon":"ยางสูง","__subdistrict":"ยางสูง","village":"บ้านบุ่ง","BaanN":"บ้านบุ่ง","__village":"บ้านบุ่ง","land_type":"พื้นที่เกษตร","LandType":"พื้นที่เกษตร","plant_type":"นาข้าว","PlantType":"นาข้าว","crop_type":"นาข้าว","crop_type_raw":"นาข้าว","__crop":"นาข้าว","__plant_type":"นาข้าว","confidence":47,"Q":"47","source":"NASA FIRMS Email Alert - Suomi NPP VIIRS","source_file":"2569-7-20 รวม 67-69 เขต 6.xlsx","filter_rule":"Province=กำแพงเพชร; LandType=พื้นที่เกษตร; PlantType normalized to allowed groups","month":5,"month_key":"2569-05","day_key":"2026-05-01","TambonN":"ยางสูง","AmphoeN":"ขาณุวรลักษบุรี","ProvinceN":"กำแพงเพชร","Maps":"http://maps.google.com/maps?q=16.09091,99.86118"}},{"type":"Feature","geometry":{"type":"Point","coordinates":[99.85313,16.10402]},"properties":{"hs_id":"VI1202605010614w4z585wudw","hsID":"VI1202605010614w4z585wudw","acq_date":"2026-05-01","Date":"2026-05-01","acq_time":"","year_be":2569,"season_be":2569,"dataset_year_be":2569,"province":"กำแพงเพชร","Province":"กำแพงเพชร","__province":"กำแพงเพชร","district":"ขาณุวรลักษบุรี","Amphoe":"ขาณุวรลักษบุรี","__district":"ขาณุวรลักษบุรี","subdistrict":"ยางสูง","Tambon":"ยางสูง","__subdistrict":"ยางสูง","village":"บ้านหนองชายกลอย","BaanN":"บ้านหนองชายกลอย","__village":"บ้านหนองชายกลอย","land_type":"พื้นที่เกษตร","LandType":"พื้นที่เกษตร","plant_type":"นาข้าว","PlantType":"นาข้าว","crop_type":"นาข้าว","crop_type_raw":"นาข้าว","__crop":"นาข้าว","__plant_type":"นาข้าว","confidence":47,"Q":"47","source":"NASA FIRMS Email Alert - Suomi NPP VIIRS","source_file":"2569-7-20 รวม 67-69 เขต 6.xlsx","filter_rule":"Province=กำแพงเพชร; LandType=พื้นที่เกษตร; PlantType normalized to allowed groups","month":5,"month_key":"2569-05","day_key":"2026-05-01","TambonN":"ยางสูง","AmphoeN":"ขาณุวรลักษบุรี","ProvinceN":"กำแพงเพชร","Maps":"http://maps.google.com/maps?q=16.10402,99.85313"}},{"type":"Feature","geometry":{"type":"Point","coordinates":[99.86904,16.08633]},"properties":{"hs_id":"VI1202605010614w4z5886mtm","hsID":"VI1202605010614w4z5886mtm","acq_date":"2026-05-01","Date":"2026-05-01","acq_time":"","year_be":2569,"season_be":2569,"dataset_year_be":2569,"province":"กำแพงเพชร","Province":"กำแพงเพชร","__province":"กำแพงเพชร","district":"ขาณุวรลักษบุรี","Amphoe":"ขาณุวรลักษบุรี","__district":"ขาณุวรลักษบุรี","subdistrict":"ป่าพุทรา","Tambon":"ป่าพุทรา","__subdistrict":"ป่าพุทรา","village":"บ้านใหม่เนินทราย, บ้านสันเนินท","BaanN":"บ้านใหม่เนินทราย, บ้านสันเนินท","__village":"บ้านใหม่เนินทราย, บ้านสันเนินท","land_type":"พื้นที่เกษตร","LandType":"พื้นที่เกษตร","plant_type":"อ้อย","PlantType":"อ้อย","crop_type":"อ้อย","crop_type_raw":"อ้อย","__crop":"อ้อย","__plant_type":"อ้อย","confidence":47,"Q":"47","source":"NASA FIRMS Email Alert - Suomi NPP VIIRS","source_file":"2569-7-20 รวม 67-69 เขต 6.xlsx","filter_rule":"Province=กำแพงเพชร; LandType=พื้นที่เกษตร; PlantType normalized to allowed groups","month":5,"month_key":"2569-05","day_key":"2026-05-01","TambonN":"ป่าพุทรา","AmphoeN":"ขาณุวรลักษบุรี","ProvinceN":"กำแพงเพชร","Maps":"http://maps.google.com/maps?q=16.08633,99.86904"}},{"type":"Feature","geometry":{"type":"Point","coordinates":[99.86734,16.08723]},"properties":{"hs_id":"VI1202605010614w4z58894vt","hsID":"VI1202605010614w4z58894vt","acq_date":"2026-05-01","Date":"2026-05-01","acq_time":"","year_be":2569,"season_be":2569,"dataset_year_be":2569,"province":"กำแพงเพชร","Province":"กำแพงเพชร","__province":"กำแพงเพชร","district":"ขาณุวรลักษบุรี","Amphoe":"ขาณุวรลักษบุรี","__district":"ขาณุวรลักษบุรี","subdistrict":"ป่าพุทรา","Tambon":"ป่าพุทรา","__subdistrict":"ป่าพุทรา","village":"บ้านใหม่เนินทราย, บ้านสันเนินท","BaanN":"บ้านใหม่เนินทราย, บ้านสันเนินท","__village":"บ้านใหม่เนินทราย, บ้านสันเนินท","land_type":"พื้นที่เกษตร","LandType":"พื้นที่เกษตร","plant_type":"นาข้าว","PlantType":"นาข้าว","crop_type":"นาข้าว","crop_type_raw":"นาข้าว","__crop":"นาข้าว","__plant_type":"นาข้าว","confidence":47,"Q":"47","source":"NASA FIRMS Email Alert - Suomi NPP VIIRS","source_file":"2569-7-20 รวม 67-69 เขต 6.xlsx","filter_rule":"Province=กำแพงเพชร; LandType=พื้นที่เกษตร; PlantType normalized to allowed groups","month":5,"month_key":"2569-05","day_key":"2026-05-01","TambonN":"ป่าพุทรา","AmphoeN":"ขาณุวรลักษบุรี","ProvinceN":"กำแพงเพชร","Maps":"http://maps.google.com/maps?q=16.08723,99.86734"}},{"type":"Feature","geometry":{"type":"Point","coordinates":[99.85219,16.10873]},"properties":{"hs_id":"VI1202605010614w4z58hw0hs","hsID":"VI1202605010614w4z58hw0hs","acq_date":"2026-05-01","Date":"2026-05-01","acq_time":"","year_be":2569,"season_be":2569,"dataset_year_be":2569,"province":"กำแพงเพชร","Province":"กำแพงเพชร","__province":"กำแพงเพชร","district":"ขาณุวรลักษบุรี","Amphoe":"ขาณุวรลักษบุรี","__district":"ขาณุวรลักษบุรี","subdistrict":"ยางสูง","Tambon":"ยางสูง","__subdistrict":"ยางสูง","village":"บ้านหนองชายกลอย","BaanN":"บ้านหนองชายกลอย","__village":"บ้านหนองชายกลอย","land_type":"พื้นที่เกษตร","LandType":"พื้นที่เกษตร","plant_type":"เกษตรอื่น ๆ","PlantType":"เกษตรอื่น ๆ","crop_type":"เกษตรอื่น ๆ","crop_type_raw":"เกษตรอื่น ๆ","__crop":"เกษตรอื่น ๆ","__plant_type":"เกษตรอื่น ๆ","confidence":47,"Q":"47","source":"NASA FIRMS Email Alert - Suomi NPP VIIRS","source_file":"2569-7-20 รวม 67-69 เขต 6.xlsx","filter_rule":"Province=กำแพงเพชร; LandType=พื้นที่เกษตร; PlantType normalized to allowed groups","month":5,"month_key":"2569-05","day_key":"2026-05-01","TambonN":"ยางสูง","AmphoeN":"ขาณุวรลักษบุรี","ProvinceN":"กำแพงเพชร","Maps":"http://maps.google.com/maps?q=16.10873,99.85219"}},{"type":"Feature","geometry":{"type":"Point","coordinates":[99.84839,16.12757]},"properties":{"hs_id":"VI1202605010614w4z58pgmuh","hsID":"VI1202605010614w4z58pgmuh","acq_date":"2026-05-01","Date":"2026-05-01","acq_time":"","year_be":2569,"season_be":2569,"dataset_year_be":2569,"province":"กำแพงเพชร","Province":"กำแพงเพชร","__province":"กำแพงเพชร","district":"ขาณุวรลักษบุรี","Amphoe":"ขาณุวรลักษบุรี","__district":"ขาณุวรลักษบุรี","subdistrict":"ยางสูง","Tambon":"ยางสูง","__subdistrict":"ยางสูง","village":"บ้านหนองชายกลอย","BaanN":"บ้านหนองชายกลอย","__village":"บ้านหนองชายกลอย","land_type":"พื้นที่เกษตร","LandType":"พื้นที่เกษตร","plant_type":"นาข้าว","PlantType":"นาข้าว","crop_type":"นาข้าว","crop_type_raw":"นาข้าว","__crop":"นาข้าว","__plant_type":"นาข้าว","confidence":47,"Q":"47","source":"NASA FIRMS Email Alert - Suomi NPP VIIRS","source_file":"2569-7-20 รวม 67-69 เขต 6.xlsx","filter_rule":"Province=กำแพงเพชร; LandType=พื้นที่เกษตร; PlantType normalized to allowed groups","month":5,"month_key":"2569-05","day_key":"2026-05-01","TambonN":"ยางสูง","AmphoeN":"ขาณุวรลักษบุรี","ProvinceN":"กำแพงเพชร","Maps":"http://maps.google.com/maps?q=16.12757,99.84839"}},{"type":"Feature","geometry":{"type":"Point","coordinates":[99.84935,16.12286]},"properties":{"hs_id":"VI1202605010614w4z58ph46q","hsID":"VI1202605010614w4z58ph46q","acq_date":"2026-05-01","Date":"2026-05-01","acq_time":"","year_be":2569,"season_be":2569,"dataset_year_be":2569,"province":"กำแพงเพชร","Province":"กำแพงเพชร","__province":"กำแพงเพชร","district":"ขาณุวรลักษบุรี","Amphoe":"ขาณุวรลักษบุรี","__district":"ขาณุวรลักษบุรี","subdistrict":"ยางสูง","Tambon":"ยางสูง","__subdistrict":"ยางสูง","village":"บ้านหนองชายกลอย","BaanN":"บ้านหนองชายกลอย","__village":"บ้านหนองชายกลอย","land_type":"พื้นที่เกษตร","LandType":"พื้นที่เกษตร","plant_type":"นาข้าว","PlantType":"นาข้าว","crop_type":"นาข้าว","crop_type_raw":"นาข้าว","__crop":"นาข้าว","__plant_type":"นาข้าว","confidence":47,"Q":"47","source":"NASA FIRMS Email Alert - Suomi NPP VIIRS","source_file":"2569-7-20 รวม 67-69 เขต 6.xlsx","filter_rule":"Province=กำแพงเพชร; LandType=พื้นที่เกษตร; PlantType normalized to allowed groups","month":5,"month_key":"2569-05","day_key":"2026-05-01","TambonN":"ยางสูง","AmphoeN":"ขาณุวรลักษบุรี","ProvinceN":"กำแพงเพชร","Maps":"http://maps.google.com/maps?q=16.12286,99.84935"}},{"type":"Feature","geometry":{"type":"Point","coordinates":[99.85976,16.12488]},"properties":{"hs_id":"VI1202605010614w4z58r7wjp","hsID":"VI1202605010614w4z58r7wjp","acq_date":"2026-05-01","Date":"2026-05-01","acq_time":"","year_be":2569,"season_be":2569,"dataset_year_be":2569,"province":"กำแพงเพชร","Province":"กำแพงเพชร","__province":"กำแพงเพชร","district":"ขาณุวรลักษบุรี","Amphoe":"ขาณุวรลักษบุรี","__district":"ขาณุวรลักษบุรี","subdistrict":"ยางสูง","Tambon":"ยางสูง","__subdistrict":"ยางสูง","village":"บ้านหนองชายกลอย","BaanN":"บ้านหนองชายกลอย","__village":"บ้านหนองชายกลอย","land_type":"พื้นที่เกษตร","LandType":"พื้นที่เกษตร","plant_type":"นาข้าว","PlantType":"นาข้าว","crop_type":"นาข้าว","crop_type_raw":"นาข้าว","__crop":"นาข้าว","__plant_type":"นาข้าว","confidence":47,"Q":"47","source":"NASA FIRMS Email Alert - Suomi NPP VIIRS","source_file":"2569-7-20 รวม 67-69 เขต 6.xlsx","filter_rule":"Province=กำแพงเพชร; LandType=พื้นที่เกษตร; PlantType normalized to allowed groups","month":5,"month_key":"2569-05","day_key":"2026-05-01","TambonN":"ยางสูง","AmphoeN":"ขาณุวรลักษบุรี","ProvinceN":"กำแพงเพชร","Maps":"http://maps.google.com/maps?q=16.12488,99.85976"}},{"type":"Feature","geometry":{"type":"Point","coordinates":[99.91494,16.09169]},"properties":{"hs_id":"VI1202605010614w4z5997ufu","hsID":"VI1202605010614w4z5997ufu","acq_date":"2026-05-01","Date":"2026-05-01","acq_time":"","year_be":2569,"season_be":2569,"dataset_year_be":2569,"province":"กำแพงเพชร","Province":"กำแพงเพชร","__province":"กำแพงเพชร","district":"ขาณุวรลักษบุรี","Amphoe":"ขาณุวรลักษบุรี","__district":"ขาณุวรลักษบุรี","subdistrict":"ป่าพุทรา","Tambon":"ป่าพุทรา","__subdistrict":"ป่าพุทรา","village":"บ้านบึงกอก","BaanN":"บ้านบึงกอก","__village":"บ้านบึงกอก","land_type":"พื้นที่เกษตร","LandType":"พื้นที่เกษตร","plant_type":"นาข้าว","PlantType":"นาข้าว","crop_type":"นาข้าว","crop_type_raw":"นาข้าว","__crop":"นาข้าว","__plant_type":"นาข้าว","confidence":47,"Q":"47","source":"NASA FIRMS Email Alert - Suomi NPP VIIRS","source_file":"2569-7-20 รวม 67-69 เขต 6.xlsx","filter_rule":"Province=กำแพงเพชร; LandType=พื้นที่เกษตร; PlantType normalized to allowed groups","month":5,"month_key":"2569-05","day_key":"2026-05-01","TambonN":"ป่าพุทรา","AmphoeN":"ขาณุวรลักษบุรี","ProvinceN":"กำแพงเพชร","Maps":"http://maps.google.com/maps?q=16.09169,99.91494"}},{"type":"Feature","geometry":{"type":"Point","coordinates":[99.91687,16.09048]},"properties":{"hs_id":"VI1202605010614w4z599jjzf","hsID":"VI1202605010614w4z599jjzf","acq_date":"2026-05-01","Date":"2026-05-01","acq_time":"","year_be":2569,"season_be":2569,"dataset_year_be":2569,"province":"กำแพงเพชร","Province":"กำแพงเพชร","__province":"กำแพงเพชร","district":"ขาณุวรลักษบุรี","Amphoe":"ขาณุวรลักษบุรี","__district":"ขาณุวรลักษบุรี","subdistrict":"ป่าพุทรา","Tambon":"ป่าพุทรา","__subdistrict":"ป่าพุทรา","village":"บ้านบึงกอก","BaanN":"บ้านบึงกอก","__village":"บ้านบึงกอก","land_type":"พื้นที่เกษตร","LandType":"พื้นที่เกษตร","plant_type":"นาข้าว","PlantType":"นาข้าว","crop_type":"นาข้าว","crop_type_raw":"นาข้าว","__crop":"นาข้าว","__plant_type":"นาข้าว","confidence":47,"Q":"47","source":"NASA FIRMS Email Alert - Suomi NPP VIIRS","source_file":"2569-7-20 รวม 67-69 เขต 6.xlsx","filter_rule":"Province=กำแพงเพชร; LandType=พื้นที่เกษตร; PlantType normalized to allowed groups","month":5,"month_key":"2569-05","day_key":"2026-05-01","TambonN":"ป่าพุทรา","AmphoeN":"ขาณุวรลักษบุรี","ProvinceN":"กำแพงเพชร","Maps":"http://maps.google.com/maps?q=16.09048,99.91687"}},{"type":"Feature","geometry":{"type":"Point","coordinates":[99.89695,16.1272]},"properties":{"hs_id":"VI1202605010614w4z59pyexx","hsID":"VI1202605010614w4z59pyexx","acq_date":"2026-05-01","Date":"2026-05-01","acq_time":"","year_be":2569,"season_be":2569,"dataset_year_be":2569,"province":"กำแพงเพชร","Province":"กำแพงเพชร","__province":"กำแพงเพชร","district":"บึงสามัคคี","Amphoe":"บึงสามัคคี","__district":"บึงสามัคคี","subdistrict":"เทพนิมิต","Tambon":"เทพนิมิต","__subdistrict":"เทพนิมิต","village":"บ้านบึวเขาควาย","BaanN":"บ้านบึวเขาควาย","__village":"บ้านบึวเขาควาย","land_type":"พื้นที่เกษตร","LandType":"พื้นที่เกษตร","plant_type":"อ้อย","PlantType":"อ้อย","crop_type":"อ้อย","crop_type_raw":"อ้อย","__crop":"อ้อย","__plant_type":"อ้อย","confidence":47,"Q":"47","source":"NASA FIRMS Email Alert - Suomi NPP VIIRS","source_file":"2569-7-20 รวม 67-69 เขต 6.xlsx","filter_rule":"Province=กำแพงเพชร; LandType=พื้นที่เกษตร; PlantType normalized to allowed groups","month":5,"month_key":"2569-05","day_key":"2026-05-01","TambonN":"ป่าพุทรา","AmphoeN":"ขาณุวรลักษบุรี","ProvinceN":"กำแพงเพชร","Maps":"http://maps.google.com/maps?q=16.1272,99.89695"}},{"type":"Feature","geometry":{"type":"Point","coordinates":[99.89599,16.13189]},"properties":{"hs_id":"VI1202605010614w4z5c0wp16","hsID":"VI1202605010614w4z5c0wp16","acq_date":"2026-05-01","Date":"2026-05-01","acq_time":"","year_be":2569,"season_be":2569,"dataset_year_be":2569,"province":"กำแพงเพชร","Province":"กำแพงเพชร","__province":"กำแพงเพชร","district":"บึงสามัคคี","Amphoe":"บึงสามัคคี","__district":"บึงสามัคคี","subdistrict":"เทพนิมิต","Tambon":"เทพนิมิต","__subdistrict":"เทพนิมิต","village":"บ้านบึงแต๋ว","BaanN":"บ้านบึงแต๋ว","__village":"บ้านบึงแต๋ว","land_type":"พื้นที่เกษตร","LandType":"พื้นที่เกษตร","plant_type":"อ้อย","PlantType":"อ้อย","crop_type":"อ้อย","crop_type_raw":"อ้อย","__crop":"อ้อย","__plant_type":"อ้อย","confidence":47,"Q":"47","source":"NASA FIRMS Email Alert - Suomi NPP VIIRS","source_file":"2569-7-20 รวม 67-69 เขต 6.xlsx","filter_rule":"Province=กำแพงเพชร; LandType=พื้นที่เกษตร; PlantType normalized to allowed groups","month":5,"month_key":"2569-05","day_key":"2026-05-01","TambonN":"เทพนิมิต","AmphoeN":"บึงสามัคคี","ProvinceN":"กำแพงเพชร","Maps":"http://maps.google.com/maps?q=16.13189,99.89599"}},{"type":"Feature","geometry":{"type":"Point","coordinates":[99.95079,16.1066]},"properties":{"hs_id":"VI1202605010614w4z5dkjgwp","hsID":"VI1202605010614w4z5dkjgwp","acq_date":"2026-05-01","Date":"2026-05-01","acq_time":"","year_be":2569,"season_be":2569,"dataset_year_be":2569,"province":"กำแพงเพชร","Province":"กำแพงเพชร","__province":"กำแพงเพชร","district":"ขาณุวรลักษบุรี","Amphoe":"ขาณุวรลักษบุรี","__district":"ขาณุวรลักษบุรี","subdistrict":"ป่าพุทรา","Tambon":"ป่าพุทรา","__subdistrict":"ป่าพุทรา","village":"บ้านเนินสว่าง","BaanN":"บ้านเนินสว่าง","__village":"บ้านเนินสว่าง","land_type":"พื้นที่เกษตร","LandType":"พื้นที่เกษตร","plant_type":"นาข้าว","PlantType":"นาข้าว","crop_type":"นาข้าว","crop_type_raw":"นาข้าว","__crop":"นาข้าว","__plant_type":"นาข้าว","confidence":47,"Q":"47","source":"NASA FIRMS Email Alert - Suomi NPP VIIRS","source_file":"2569-7-20 รวม 67-69 เขต 6.xlsx","filter_rule":"Province=กำแพงเพชร; LandType=พื้นที่เกษตร; PlantType normalized to allowed groups","month":5,"month_key":"2569-05","day_key":"2026-05-01","TambonN":"ป่าพุทรา","AmphoeN":"ขาณุวรลักษบุรี","ProvinceN":"กำแพงเพชร","Maps":"http://maps.google.com/maps?q=16.1066,99.95079"}},{"type":"Feature","geometry":{"type":"Point","coordinates":[99.94892,16.1081]},"properties":{"hs_id":"VI1202605010614w4z5dkks6x","hsID":"VI1202605010614w4z5dkks6x","acq_date":"2026-05-01","Date":"2026-05-01","acq_time":"","year_be":2569,"season_be":2569,"dataset_year_be":2569,"province":"กำแพงเพชร","Province":"กำแพงเพชร","__province":"กำแพงเพชร","district":"ขาณุวรลักษบุรี","Amphoe":"ขาณุวรลักษบุรี","__district":"ขาณุวรลักษบุรี","subdistrict":"ป่าพุทรา","Tambon":"ป่าพุทรา","__subdistrict":"ป่าพุทรา","village":"บ้านหนองกระทุ่ม","BaanN":"บ้านหนองกระทุ่ม","__village":"บ้านหนองกระทุ่ม","land_type":"พื้นที่เกษตร","LandType":"พื้นที่เกษตร","plant_type":"นาข้าว","PlantType":"นาข้าว","crop_type":"นาข้าว","crop_type_raw":"นาข้าว","__crop":"นาข้าว","__plant_type":"นาข้าว","confidence":47,"Q":"47","source":"NASA FIRMS Email Alert - Suomi NPP VIIRS","source_file":"2569-7-20 รวม 67-69 เขต 6.xlsx","filter_rule":"Province=กำแพงเพชร; LandType=พื้นที่เกษตร; PlantType normalized to allowed groups","month":5,"month_key":"2569-05","day_key":"2026-05-01","TambonN":"ป่าพุทรา","AmphoeN":"ขาณุวรลักษบุรี","ProvinceN":"กำแพงเพชร","Maps":"http://maps.google.com/maps?q=16.1081,99.94892"}},{"type":"Feature","geometry":{"type":"Point","coordinates":[99.94798,16.11278]},"properties":{"hs_id":"VI1202605010614w4z5dm5zsx","hsID":"VI1202605010614w4z5dm5zsx","acq_date":"2026-05-01","Date":"2026-05-01","acq_time":"","year_be":2569,"season_be":2569,"dataset_year_be":2569,"province":"กำแพงเพชร","Province":"กำแพงเพชร","__province":"กำแพงเพชร","district":"ขาณุวรลักษบุรี","Amphoe":"ขาณุวรลักษบุรี","__district":"ขาณุวรลักษบุรี","subdistrict":"ป่าพุทรา","Tambon":"ป่าพุทรา","__subdistrict":"ป่าพุทรา","village":"บ้านหนองกระทุ่ม","BaanN":"บ้านหนองกระทุ่ม","__village":"บ้านหนองกระทุ่ม","land_type":"พื้นที่เกษตร","LandType":"พื้นที่เกษตร","plant_type":"นาข้าว","PlantType":"นาข้าว","crop_type":"นาข้าว","crop_type_raw":"นาข้าว","__crop":"นาข้าว","__plant_type":"นาข้าว","confidence":47,"Q":"47","source":"NASA FIRMS Email Alert - Suomi NPP VIIRS","source_file":"2569-7-20 รวม 67-69 เขต 6.xlsx","filter_rule":"Province=กำแพงเพชร; LandType=พื้นที่เกษตร; PlantType normalized to allowed groups","month":5,"month_key":"2569-05","day_key":"2026-05-01","TambonN":"ป่าพุทรา","AmphoeN":"ขาณุวรลักษบุรี","ProvinceN":"กำแพงเพชร","Maps":"http://maps.google.com/maps?q=16.11278,99.94798"}},{"type":"Feature","geometry":{"type":"Point","coordinates":[99.94794,16.12064]},"properties":{"hs_id":"VI1202605010614w4z5dqevec","hsID":"VI1202605010614w4z5dqevec","acq_date":"2026-05-01","Date":"2026-05-01","acq_time":"","year_be":2569,"season_be":2569,"dataset_year_be":2569,"province":"กำแพงเพชร","Province":"กำแพงเพชร","__province":"กำแพงเพชร","district":"ขาณุวรลักษบุรี","Amphoe":"ขาณุวรลักษบุรี","__district":"ขาณุวรลักษบุรี","subdistrict":"ป่าพุทรา","Tambon":"ป่าพุทรา","__subdistrict":"ป่าพุทรา","village":"บ้านหนองกระทุ่ม","BaanN":"บ้านหนองกระทุ่ม","__village":"บ้านหนองกระทุ่ม","land_type":"พื้นที่เกษตร","LandType":"พื้นที่เกษตร","plant_type":"นาข้าว","PlantType":"นาข้าว","crop_type":"นาข้าว","crop_type_raw":"นาข้าว","__crop":"นาข้าว","__plant_type":"นาข้าว","confidence":47,"Q":"47","source":"NASA FIRMS Email Alert - Suomi NPP VIIRS","source_file":"2569-7-20 รวม 67-69 เขต 6.xlsx","filter_rule":"Province=กำแพงเพชร; LandType=พื้นที่เกษตร; PlantType normalized to allowed groups","month":5,"month_key":"2569-05","day_key":"2026-05-01","TambonN":"ป่าพุทรา","AmphoeN":"ขาณุวรลักษบุรี","ProvinceN":"กำแพงเพชร","Maps":"http://maps.google.com/maps?q=16.12064,99.94794"}},{"type":"Feature","geometry":{"type":"Point","coordinates":[99.94611,16.12214]},"properties":{"hs_id":"VI1202605010614w4z5dqfw30","hsID":"VI1202605010614w4z5dqfw30","acq_date":"2026-05-01","Date":"2026-05-01","acq_time":"","year_be":2569,"season_be":2569,"dataset_year_be":2569,"province":"กำแพงเพชร","Province":"กำแพงเพชร","__province":"กำแพงเพชร","district":"ขาณุวรลักษบุรี","Amphoe":"ขาณุวรลักษบุรี","__district":"ขาณุวรลักษบุรี","subdistrict":"ป่าพุทรา","Tambon":"ป่าพุทรา","__subdistrict":"ป่าพุทรา","village":"บ้านหนองกระทุ่ม","BaanN":"บ้านหนองกระทุ่ม","__village":"บ้านหนองกระทุ่ม","land_type":"พื้นที่เกษตร","LandType":"พื้นที่เกษตร","plant_type":"นาข้าว","PlantType":"นาข้าว","crop_type":"นาข้าว","crop_type_raw":"นาข้าว","__crop":"นาข้าว","__plant_type":"นาข้าว","confidence":47,"Q":"47","source":"NASA FIRMS Email Alert - Suomi NPP VIIRS","source_file":"2569-7-20 รวม 67-69 เขต 6.xlsx","filter_rule":"Province=กำแพงเพชร; LandType=พื้นที่เกษตร; PlantType normalized to allowed groups","month":5,"month_key":"2569-05","day_key":"2026-05-01","TambonN":"ป่าพุทรา","AmphoeN":"ขาณุวรลักษบุรี","ProvinceN":"กำแพงเพชร","Maps":"http://maps.google.com/maps?q=16.12214,99.94611"}},{"type":"Feature","geometry":{"type":"Point","coordinates":[99.9431,16.18958]},"properties":{"hs_id":"VI1202605010614w4zh470r5h","hsID":"VI1202605010614w4zh470r5h","acq_date":"2026-05-01","Date":"2026-05-01","acq_time":"","year_be":2569,"season_be":2569,"dataset_year_be":2569,"province":"กำแพงเพชร","Province":"กำแพงเพชร","__province":"กำแพงเพชร","district":"บึงสามัคคี","Amphoe":"บึงสามัคคี","__district":"บึงสามัคคี","subdistrict":"เทพนิมิต","Tambon":"เทพนิมิต","__subdistrict":"เทพนิมิต","village":"บ้านดงยาง","BaanN":"บ้านดงยาง","__village":"บ้านดงยาง","land_type":"พื้นที่เกษตร","LandType":"พื้นที่เกษตร","plant_type":"นาข้าว","PlantType":"นาข้าว","crop_type":"นาข้าว","crop_type_raw":"นาข้าว","__crop":"นาข้าว","__plant_type":"นาข้าว","confidence":47,"Q":"47","source":"NASA FIRMS Email Alert - Suomi NPP VIIRS","source_file":"2569-7-20 รวม 67-69 เขต 6.xlsx","filter_rule":"Province=กำแพงเพชร; LandType=พื้นที่เกษตร; PlantType normalized to allowed groups","month":5,"month_key":"2569-05","day_key":"2026-05-01","TambonN":"ระหาน","AmphoeN":"บึงสามัคคี","ProvinceN":"กำแพงเพชร","Maps":"http://maps.google.com/maps?q=16.18958,99.9431"}},{"type":"Feature","geometry":{"type":"Point","coordinates":[99.86911,16.57521]},"properties":{"hs_id":"VI1202605010614w4zn296mwg","hsID":"VI1202605010614w4zn296mwg","acq_date":"2026-05-01","Date":"2026-05-01","acq_time":"","year_be":2569,"season_be":2569,"dataset_year_be":2569,"province":"กำแพงเพชร","Province":"กำแพงเพชร","__province":"กำแพงเพชร","district":"ลานกระบือ","Amphoe":"ลานกระบือ","__district":"ลานกระบือ","subdistrict":"โนนพลวง","Tambon":"โนนพลวง","__subdistrict":"โนนพลวง","village":"บ้านอินทรานุสรณ์","BaanN":"บ้านอินทรานุสรณ์","__village":"บ้านอินทรานุสรณ์","land_type":"พื้นที่เกษตร","LandType":"พื้นที่เกษตร","plant_type":"นาข้าว","PlantType":"นาข้าว","crop_type":"นาข้าว","crop_type_raw":"นาข้าว","__crop":"นาข้าว","__plant_type":"นาข้าว","confidence":47,"Q":"47","source":"NASA FIRMS Email Alert - Suomi NPP VIIRS","source_file":"2569-7-20 รวม 67-69 เขต 6.xlsx","filter_rule":"Province=กำแพงเพชร; LandType=พื้นที่เกษตร; PlantType normalized to allowed groups","month":5,"month_key":"2569-05","day_key":"2026-05-01","TambonN":"โนนพลวง","AmphoeN":"ลานกระบือ","ProvinceN":"กำแพงเพชร","Maps":"http://maps.google.com/maps?q=16.57521,99.86911"}},{"type":"Feature","geometry":{"type":"Point","coordinates":[99.86813,16.57987]},"properties":{"hs_id":"VI1202605010614w4zn2d3b8p","hsID":"VI1202605010614w4zn2d3b8p","acq_date":"2026-05-01","Date":"2026-05-01","acq_time":"","year_be":2569,"season_be":2569,"dataset_year_be":2569,"province":"กำแพงเพชร","Province":"กำแพงเพชร","__province":"กำแพงเพชร","district":"ลานกระบือ","Amphoe":"ลานกระบือ","__district":"ลานกระบือ","subdistrict":"โนนพลวง","Tambon":"โนนพลวง","__subdistrict":"โนนพลวง","village":"บ้านอินทรานุสรณ์","BaanN":"บ้านอินทรานุสรณ์","__village":"บ้านอินทรานุสรณ์","land_type":"พื้นที่เกษตร","LandType":"พื้นที่เกษตร","plant_type":"นาข้าว","PlantType":"นาข้าว","crop_type":"นาข้าว","crop_type_raw":"นาข้าว","__crop":"นาข้าว","__plant_type":"นาข้าว","confidence":47,"Q":"47","source":"NASA FIRMS Email Alert - Suomi NPP VIIRS","source_file":"2569-7-20 รวม 67-69 เขต 6.xlsx","filter_rule":"Province=กำแพงเพชร; LandType=พื้นที่เกษตร; PlantType normalized to allowed groups","month":5,"month_key":"2569-05","day_key":"2026-05-01","TambonN":"โนนพลวง","AmphoeN":"ลานกระบือ","ProvinceN":"กำแพงเพชร","Maps":"http://maps.google.com/maps?q=16.57987,99.86813"}},{"type":"Feature","geometry":{"type":"Point","coordinates":[99.87836,16.58184]},"properties":{"hs_id":"VI1202605010614w4zn2f9hnr","hsID":"VI1202605010614w4zn2f9hnr","acq_date":"2026-05-01","Date":"2026-05-01","acq_time":"","year_be":2569,"season_be":2569,"dataset_year_be":2569,"province":"กำแพงเพชร","Province":"กำแพงเพชร","__province":"กำแพงเพชร","district":"ลานกระบือ","Amphoe":"ลานกระบือ","__district":"ลานกระบือ","subdistrict":"โนนพลวง","Tambon":"โนนพลวง","__subdistrict":"โนนพลวง","village":"บ้านทุ่งทับเต่า","BaanN":"บ้านทุ่งทับเต่า","__village":"บ้านทุ่งทับเต่า","land_type":"พื้นที่เกษตร","LandType":"พื้นที่เกษตร","plant_type":"นาข้าว","PlantType":"นาข้าว","crop_type":"นาข้าว","crop_type_raw":"นาข้าว","__crop":"นาข้าว","__plant_type":"นาข้าว","confidence":47,"Q":"47","source":"NASA FIRMS Email Alert - Suomi NPP VIIRS","source_file":"2569-7-20 รวม 67-69 เขต 6.xlsx","filter_rule":"Province=กำแพงเพชร; LandType=พื้นที่เกษตร; PlantType normalized to allowed groups","month":5,"month_key":"2569-05","day_key":"2026-05-01","TambonN":"ช่องลม","AmphoeN":"ลานกระบือ","ProvinceN":"กำแพงเพชร","Maps":"http://maps.google.com/maps?q=16.58184,99.87836"}},{"type":"Feature","geometry":{"type":"Point","coordinates":[99.84991,16.66032]},"properties":{"hs_id":"VI1202605010614w4znb0umrs","hsID":"VI1202605010614w4znb0umrs","acq_date":"2026-05-01","Date":"2026-05-01","acq_time":"","year_be":2569,"season_be":2569,"dataset_year_be":2569,"province":"กำแพงเพชร","Province":"กำแพงเพชร","__province":"กำแพงเพชร","district":"ลานกระบือ","Amphoe":"ลานกระบือ","__district":"ลานกระบือ","subdistrict":"บึงทับแรต","Tambon":"บึงทับแรต","__subdistrict":"บึงทับแรต","village":"บ้านหนองละมั่งทอง","BaanN":"บ้านหนองละมั่งทอง","__village":"บ้านหนองละมั่งทอง","land_type":"พื้นที่เกษตร","LandType":"พื้นที่เกษตร","plant_type":"นาข้าว","PlantType":"นาข้าว","crop_type":"นาข้าว","crop_type_raw":"นาข้าว","__crop":"นาข้าว","__plant_type":"นาข้าว","confidence":47,"Q":"47","source":"NASA FIRMS Email Alert - Suomi NPP VIIRS","source_file":"2569-7-20 รวม 67-69 เขต 6.xlsx","filter_rule":"Province=กำแพงเพชร; LandType=พื้นที่เกษตร; PlantType normalized to allowed groups","month":5,"month_key":"2569-05","day_key":"2026-05-01","TambonN":"บึงทับแรต","AmphoeN":"ลานกระบือ","ProvinceN":"กำแพงเพชร","Maps":"http://maps.google.com/maps?q=16.66032,99.84991"}},{"type":"Feature","geometry":{"type":"Point","coordinates":[99.3759,16.62824]},"properties":{"hs_id":"VI1202605011843w4ywt756d2","hsID":"VI1202605011843w4ywt756d2","acq_date":"2026-05-02","Date":"2026-05-02","acq_time":"","year_be":2569,"season_be":2569,"dataset_year_be":2569,"province":"กำแพงเพชร","Province":"กำแพงเพชร","__province":"กำแพงเพชร","district":"โกสัมพีนคร","Amphoe":"โกสัมพีนคร","__district":"โกสัมพีนคร","subdistrict":"เพชรชมภู","Tambon":"เพชรชมภู","__subdistrict":"เพชรชมภู","village":"บ้านวังชมพู","BaanN":"บ้านวังชมพู","__village":"บ้านวังชมพู","land_type":"พื้นที่เกษตร","LandType":"พื้นที่เกษตร","plant_type":"เกษตรอื่น ๆ","PlantType":"เกษตรอื่น ๆ","crop_type":"เกษตรอื่น ๆ","crop_type_raw":"เกษตรอื่น ๆ","__crop":"เกษตรอื่น ๆ","__plant_type":"เกษตรอื่น ๆ","confidence":47,"Q":"47","source":"NASA FIRMS Email Alert - Suomi NPP VIIRS","source_file":"2569-7-20 รวม 67-69 เขต 6.xlsx","filter_rule":"Province=กำแพงเพชร; LandType=พื้นที่เกษตร; PlantType normalized to allowed groups","month":5,"month_key":"2569-05","day_key":"2026-05-02","TambonN":"เพชรชมภู","AmphoeN":"โกสัมพีนคร","ProvinceN":"กำแพงเพชร","Maps":"http://maps.google.com/maps?q=16.62824,99.3759"}},{"type":"Feature","geometry":{"type":"Point","coordinates":[99.37566,16.6317]},"properties":{"hs_id":"VI1202605011843w4ywt7enst","hsID":"VI1202605011843w4ywt7enst","acq_date":"2026-05-02","Date":"2026-05-02","acq_time":"","year_be":2569,"season_be":2569,"dataset_year_be":2569,"province":"กำแพงเพชร","Province":"กำแพงเพชร","__province":"กำแพงเพชร","district":"โกสัมพีนคร","Amphoe":"โกสัมพีนคร","__district":"โกสัมพีนคร","subdistrict":"เพชรชมภู","Tambon":"เพชรชมภู","__subdistrict":"เพชรชมภู","village":"บ้านวังชมพู","BaanN":"บ้านวังชมพู","__village":"บ้านวังชมพู","land_type":"พื้นที่เกษตร","LandType":"พื้นที่เกษตร","plant_type":"เกษตรอื่น ๆ","PlantType":"เกษตรอื่น ๆ","crop_type":"เกษตรอื่น ๆ","crop_type_raw":"เกษตรอื่น ๆ","__crop":"เกษตรอื่น ๆ","__plant_type":"เกษตรอื่น ๆ","confidence":47,"Q":"47","source":"NASA FIRMS Email Alert - Suomi NPP VIIRS","source_file":"2569-7-20 รวม 67-69 เขต 6.xlsx","filter_rule":"Province=กำแพงเพชร; LandType=พื้นที่เกษตร; PlantType normalized to allowed groups","month":5,"month_key":"2569-05","day_key":"2026-05-02","TambonN":"เพชรชมภู","AmphoeN":"โกสัมพีนคร","ProvinceN":"กำแพงเพชร","Maps":"http://maps.google.com/maps?q=16.6317,99.37566"}},{"type":"Feature","geometry":{"type":"Point","coordinates":[99.73622,15.9682]},"properties":{"hs_id":"VI1202605020553w4yfvdctw2","hsID":"VI1202605020553w4yfvdctw2","acq_date":"2026-05-02","Date":"2026-05-02","acq_time":"","year_be":2569,"season_be":2569,"dataset_year_be":2569,"province":"กำแพงเพชร","Province":"กำแพงเพชร","__province":"กำแพงเพชร","district":"ขาณุวรลักษบุรี","Amphoe":"ขาณุวรลักษบุรี","__district":"ขาณุวรลักษบุรี","subdistrict":"วังชะพลู","Tambon":"วังชะพลู","__subdistrict":"วังชะพลู","village":"บ้านเปาะสวอง","BaanN":"บ้านเปาะสวอง","__village":"บ้านเปาะสวอง","land_type":"พื้นที่เกษตร","LandType":"พื้นที่เกษตร","plant_type":"นาข้าว","PlantType":"นาข้าว","crop_type":"นาข้าว","crop_type_raw":"นาข้าว","__crop":"นาข้าว","__plant_type":"นาข้าว","confidence":47,"Q":"47","source":"NASA FIRMS Email Alert - Suomi NPP VIIRS","source_file":"2569-7-20 รวม 67-69 เขต 6.xlsx","filter_rule":"Province=กำแพงเพชร; LandType=พื้นที่เกษตร; PlantType normalized to allowed groups","month":5,"month_key":"2569-05","day_key":"2026-05-02","TambonN":"บ่อถ้ำ","AmphoeN":"ขาณุวรลักษบุรี","ProvinceN":"กำแพงเพชร","Maps":"http://maps.google.com/maps?q=15.9682,99.73622"}},{"type":"Feature","geometry":{"type":"Point","coordinates":[99.73845,15.9689]},"properties":{"hs_id":"VI1202605020553w4yfve53d6","hsID":"VI1202605020553w4yfve53d6","acq_date":"2026-05-02","Date":"2026-05-02","acq_time":"","year_be":2569,"season_be":2569,"dataset_year_be":2569,"province":"กำแพงเพชร","Province":"กำแพงเพชร","__province":"กำแพงเพชร","district":"ขาณุวรลักษบุรี","Amphoe":"ขาณุวรลักษบุรี","__district":"ขาณุวรลักษบุรี","subdistrict":"วังชะพลู","Tambon":"วังชะพลู","__subdistrict":"วังชะพลู","village":"บ้านนาเหนือ","BaanN":"บ้านนาเหนือ","__village":"บ้านนาเหนือ","land_type":"พื้นที่เกษตร","LandType":"พื้นที่เกษตร","plant_type":"เกษตรอื่น ๆ","PlantType":"เกษตรอื่น ๆ","crop_type":"เกษตรอื่น ๆ","crop_type_raw":"เกษตรอื่น ๆ","__crop":"เกษตรอื่น ๆ","__plant_type":"เกษตรอื่น ๆ","confidence":47,"Q":"47","source":"NASA FIRMS Email Alert - Suomi NPP VIIRS","source_file":"2569-7-20 รวม 67-69 เขต 6.xlsx","filter_rule":"Province=กำแพงเพชร; LandType=พื้นที่เกษตร; PlantType normalized to allowed groups","month":5,"month_key":"2569-05","day_key":"2026-05-02","TambonN":"วังชะพลู","AmphoeN":"ขาณุวรลักษบุรี","ProvinceN":"กำแพงเพชร","Maps":"http://maps.google.com/maps?q=15.9689,99.73845"}},{"type":"Feature","geometry":{"type":"Point","coordinates":[99.79442,16.08313]},"properties":{"hs_id":"VI1202605020553w4ygqzu548","hsID":"VI1202605020553w4ygqzu548","acq_date":"2026-05-02","Date":"2026-05-02","acq_time":"","year_be":2569,"season_be":2569,"dataset_year_be":2569,"province":"กำแพงเพชร","Province":"กำแพงเพชร","__province":"กำแพงเพชร","district":"ขาณุวรลักษบุรี","Amphoe":"ขาณุวรลักษบุรี","__district":"ขาณุวรลักษบุรี","subdistrict":"เกาะตาล","Tambon":"เกาะตาล","__subdistrict":"เกาะตาล","village":"บ้านดอนขวาง","BaanN":"บ้านดอนขวาง","__village":"บ้านดอนขวาง","land_type":"พื้นที่เกษตร","LandType":"พื้นที่เกษตร","plant_type":"นาข้าว","PlantType":"นาข้าว","crop_type":"นาข้าว","crop_type_raw":"นาข้าว","__crop":"นาข้าว","__plant_type":"นาข้าว","confidence":47,"Q":"47","source":"NASA FIRMS Email Alert - Suomi NPP VIIRS","source_file":"2569-7-20 รวม 67-69 เขต 6.xlsx","filter_rule":"Province=กำแพงเพชร; LandType=พื้นที่เกษตร; PlantType normalized to allowed groups","month":5,"month_key":"2569-05","day_key":"2026-05-02","TambonN":"เกาะตาล","AmphoeN":"ขาณุวรลักษบุรี","ProvinceN":"กำแพงเพชร","Maps":"http://maps.google.com/maps?q=16.08313,99.79442"}},{"type":"Feature","geometry":{"type":"Point","coordinates":[99.79787,16.08207]},"properties":{"hs_id":"VI1202605020553w4ygqzwsfg","hsID":"VI1202605020553w4ygqzwsfg","acq_date":"2026-05-02","Date":"2026-05-02","acq_time":"","year_be":2569,"season_be":2569,"dataset_year_be":2569,"province":"กำแพงเพชร","Province":"กำแพงเพชร","__province":"กำแพงเพชร","district":"ขาณุวรลักษบุรี","Amphoe":"ขาณุวรลักษบุรี","__district":"ขาณุวรลักษบุรี","subdistrict":"เกาะตาล","Tambon":"เกาะตาล","__subdistrict":"เกาะตาล","village":"บ้านดอนขวาง","BaanN":"บ้านดอนขวาง","__village":"บ้านดอนขวาง","land_type":"พื้นที่เกษตร","LandType":"พื้นที่เกษตร","plant_type":"นาข้าว","PlantType":"นาข้าว","crop_type":"นาข้าว","crop_type_raw":"นาข้าว","__crop":"นาข้าว","__plant_type":"นาข้าว","confidence":47,"Q":"47","source":"NASA FIRMS Email Alert - Suomi NPP VIIRS","source_file":"2569-7-20 รวม 67-69 เขต 6.xlsx","filter_rule":"Province=กำแพงเพชร; LandType=พื้นที่เกษตร; PlantType normalized to allowed groups","month":5,"month_key":"2569-05","day_key":"2026-05-02","TambonN":"เกาะตาล","AmphoeN":"ขาณุวรลักษบุรี","ProvinceN":"กำแพงเพชร","Maps":"http://maps.google.com/maps?q=16.08207,99.79787"}},{"type":"Feature","geometry":{"type":"Point","coordinates":[99.82188,16.10054]},"properties":{"hs_id":"VI1202605020553w4ygxe006q","hsID":"VI1202605020553w4ygxe006q","acq_date":"2026-05-02","Date":"2026-05-02","acq_time":"","year_be":2569,"season_be":2569,"dataset_year_be":2569,"province":"กำแพงเพชร","Province":"กำแพงเพชร","__province":"กำแพงเพชร","district":"ขาณุวรลักษบุรี","Amphoe":"ขาณุวรลักษบุรี","__district":"ขาณุวรลักษบุรี","subdistrict":"เกาะตาล","Tambon":"เกาะตาล","__subdistrict":"เกาะตาล","village":"บ้านดงยาง","BaanN":"บ้านดงยาง","__village":"บ้านดงยาง","land_type":"พื้นที่เกษตร","LandType":"พื้นที่เกษตร","plant_type":"นาข้าว","PlantType":"นาข้าว","crop_type":"นาข้าว","crop_type_raw":"นาข้าว","__crop":"นาข้าว","__plant_type":"นาข้าว","confidence":47,"Q":"47","source":"NASA FIRMS Email Alert - Suomi NPP VIIRS","source_file":"2569-7-20 รวม 67-69 เขต 6.xlsx","filter_rule":"Province=กำแพงเพชร; LandType=พื้นที่เกษตร; PlantType normalized to allowed groups","month":5,"month_key":"2569-05","day_key":"2026-05-02","TambonN":"เกาะตาล","AmphoeN":"ขาณุวรลักษบุรี","ProvinceN":"กำแพงเพชร","Maps":"http://maps.google.com/maps?q=16.10054,99.82188"}},{"type":"Feature","geometry":{"type":"Point","coordinates":[99.47233,16.44296]},"properties":{"hs_id":"VI1202605020553w4ytx93e1m","hsID":"VI1202605020553w4ytx93e1m","acq_date":"2026-05-02","Date":"2026-05-02","acq_time":"","year_be":2569,"season_be":2569,"dataset_year_be":2569,"province":"กำแพงเพชร","Province":"กำแพงเพชร","__province":"กำแพงเพชร","district":"เมืองกำแพงเพชร","Amphoe":"เมืองกำแพงเพชร","__district":"เมืองกำแพงเพชร","subdistrict":"ท่าขุนราม","Tambon":"ท่าขุนราม","__subdistrict":"ท่าขุนราม","village":"บ้านใหม่","BaanN":"บ้านใหม่","__village":"บ้านใหม่","land_type":"พื้นที่เกษตร","LandType":"พื้นที่เกษตร","plant_type":"นาข้าว","PlantType":"นาข้าว","crop_type":"นาข้าว","crop_type_raw":"นาข้าว","__crop":"นาข้าว","__plant_type":"นาข้าว","confidence":47,"Q":"47","source":"NASA FIRMS Email Alert - Suomi NPP VIIRS","source_file":"2569-7-20 รวม 67-69 เขต 6.xlsx","filter_rule":"Province=กำแพงเพชร; LandType=พื้นที่เกษตร; PlantType normalized to allowed groups","month":5,"month_key":"2569-05","day_key":"2026-05-02","TambonN":"ท่าขุนราม","AmphoeN":"เมืองกำแพงเพชร","ProvinceN":"กำแพงเพชร","Maps":"http://maps.google.com/maps?q=16.44296,99.47233"}},{"type":"Feature","geometry":{"type":"Point","coordinates":[99.70036,16.30483]},"properties":{"hs_id":"VI1202605020553w4yuu8pwdb","hsID":"VI1202605020553w4yuu8pwdb","acq_date":"2026-05-02","Date":"2026-05-02","acq_time":"","year_be":2569,"season_be":2569,"dataset_year_be":2569,"province":"กำแพงเพชร","Province":"กำแพงเพชร","__province":"กำแพงเพชร","district":"คลองขลุง","Amphoe":"คลองขลุง","__district":"คลองขลุง","subdistrict":"วังบัว","Tambon":"วังบัว","__subdistrict":"วังบัว","village":"บ้านสามง่าม","BaanN":"บ้านสามง่าม","__village":"บ้านสามง่าม","land_type":"พื้นที่เกษตร","LandType":"พื้นที่เกษตร","plant_type":"นาข้าว","PlantType":"นาข้าว","crop_type":"นาข้าว","crop_type_raw":"นาข้าว","__crop":"นาข้าว","__plant_type":"นาข้าว","confidence":47,"Q":"47","source":"NASA FIRMS Email Alert - Suomi NPP VIIRS","source_file":"2569-7-20 รวม 67-69 เขต 6.xlsx","filter_rule":"Province=กำแพงเพชร; LandType=พื้นที่เกษตร; PlantType normalized to allowed groups","month":5,"month_key":"2569-05","day_key":"2026-05-02","TambonN":"วังบัว","AmphoeN":"คลองขลุง","ProvinceN":"กำแพงเพชร","Maps":"http://maps.google.com/maps?q=16.30483,99.70036"}},{"type":"Feature","geometry":{"type":"Point","coordinates":[99.69206,16.31634]},"properties":{"hs_id":"VI1202605020553w4yuud3996","hsID":"VI1202605020553w4yuud3996","acq_date":"2026-05-02","Date":"2026-05-02","acq_time":"","year_be":2569,"season_be":2569,"dataset_year_be":2569,"province":"กำแพงเพชร","Province":"กำแพงเพชร","__province":"กำแพงเพชร","district":"คลองขลุง","Amphoe":"คลองขลุง","__district":"คลองขลุง","subdistrict":"วังบัว","Tambon":"วังบัว","__subdistrict":"วังบัว","village":"บ้านท่าคล้อ","BaanN":"บ้านท่าคล้อ","__village":"บ้านท่าคล้อ","land_type":"พื้นที่เกษตร","LandType":"พื้นที่เกษตร","plant_type":"อ้อย","PlantType":"อ้อย","crop_type":"อ้อย","crop_type_raw":"อ้อย","__crop":"อ้อย","__plant_type":"อ้อย","confidence":47,"Q":"47","source":"NASA FIRMS Email Alert - Suomi NPP VIIRS","source_file":"2569-7-20 รวม 67-69 เขต 6.xlsx","filter_rule":"Province=กำแพงเพชร; LandType=พื้นที่เกษตร; PlantType normalized to allowed groups","month":5,"month_key":"2569-05","day_key":"2026-05-02","TambonN":"วังบัว","AmphoeN":"คลองขลุง","ProvinceN":"กำแพงเพชร","Maps":"http://maps.google.com/maps?q=16.31634,99.69206"}},{"type":"Feature","geometry":{"type":"Point","coordinates":[99.56083,16.38807]},"properties":{"hs_id":"VI1202605020553w4yv1x3grm","hsID":"VI1202605020553w4yv1x3grm","acq_date":"2026-05-02","Date":"2026-05-02","acq_time":"","year_be":2569,"season_be":2569,"dataset_year_be":2569,"province":"กำแพงเพชร","Province":"กำแพงเพชร","__province":"กำแพงเพชร","district":"เมืองกำแพงเพชร","Amphoe":"เมืองกำแพงเพชร","__district":"เมืองกำแพงเพชร","subdistrict":"เทพนคร","Tambon":"เทพนคร","__subdistrict":"เทพนคร","village":"บ้านเทพนคร","BaanN":"บ้านเทพนคร","__village":"บ้านเทพนคร","land_type":"พื้นที่เกษตร","LandType":"พื้นที่เกษตร","plant_type":"นาข้าว","PlantType":"นาข้าว","crop_type":"นาข้าว","crop_type_raw":"นาข้าว","__crop":"นาข้าว","__plant_type":"นาข้าว","confidence":47,"Q":"47","source":"NASA FIRMS Email Alert - Suomi NPP VIIRS","source_file":"2569-7-20 รวม 67-69 เขต 6.xlsx","filter_rule":"Province=กำแพงเพชร; LandType=พื้นที่เกษตร; PlantType normalized to allowed groups","month":5,"month_key":"2569-05","day_key":"2026-05-02","TambonN":"เทพนคร","AmphoeN":"เมืองกำแพงเพชร","ProvinceN":"กำแพงเพชร","Maps":"http://maps.google.com/maps?q=16.38807,99.56083"}},{"type":"Feature","geometry":{"type":"Point","coordinates":[99.56361,16.38865]},"properties":{"hs_id":"VI1202605020553w4yv1xknb3","hsID":"VI1202605020553w4yv1xknb3","acq_date":"2026-05-02","Date":"2026-05-02","acq_time":"","year_be":2569,"season_be":2569,"dataset_year_be":2569,"province":"กำแพงเพชร","Province":"กำแพงเพชร","__province":"กำแพงเพชร","district":"เมืองกำแพงเพชร","Amphoe":"เมืองกำแพงเพชร","__district":"เมืองกำแพงเพชร","subdistrict":"เทพนคร","Tambon":"เทพนคร","__subdistrict":"เทพนคร","village":"บ้านเทพนคร","BaanN":"บ้านเทพนคร","__village":"บ้านเทพนคร","land_type":"พื้นที่เกษตร","LandType":"พื้นที่เกษตร","plant_type":"นาข้าว","PlantType":"นาข้าว","crop_type":"นาข้าว","crop_type_raw":"นาข้าว","__crop":"นาข้าว","__plant_type":"นาข้าว","confidence":47,"Q":"47","source":"NASA FIRMS Email Alert - Suomi NPP VIIRS","source_file":"2569-7-20 รวม 67-69 เขต 6.xlsx","filter_rule":"Province=กำแพงเพชร; LandType=พื้นที่เกษตร; PlantType normalized to allowed groups","month":5,"month_key":"2569-05","day_key":"2026-05-02","TambonN":"เทพนคร","AmphoeN":"เมืองกำแพงเพชร","ProvinceN":"กำแพงเพชร","Maps":"http://maps.google.com/maps?q=16.38865,99.56361"}},{"type":"Feature","geometry":{"type":"Point","coordinates":[99.55516,16.40021]},"properties":{"hs_id":"VI1202605020553w4yv33tf5k","hsID":"VI1202605020553w4yv33tf5k","acq_date":"2026-05-02","Date":"2026-05-02","acq_time":"","year_be":2569,"season_be":2569,"dataset_year_be":2569,"province":"กำแพงเพชร","Province":"กำแพงเพชร","__province":"กำแพงเพชร","district":"เมืองกำแพงเพชร","Amphoe":"เมืองกำแพงเพชร","__district":"เมืองกำแพงเพชร","subdistrict":"เทพนคร","Tambon":"เทพนคร","__subdistrict":"เทพนคร","village":"บ้านนครอินทร์","BaanN":"บ้านนครอินทร์","__village":"บ้านนครอินทร์","land_type":"พื้นที่เกษตร","LandType":"พื้นที่เกษตร","plant_type":"นาข้าว","PlantType":"นาข้าว","crop_type":"นาข้าว","crop_type_raw":"นาข้าว","__crop":"นาข้าว","__plant_type":"นาข้าว","confidence":47,"Q":"47","source":"NASA FIRMS Email Alert - Suomi NPP VIIRS","source_file":"2569-7-20 รวม 67-69 เขต 6.xlsx","filter_rule":"Province=กำแพงเพชร; LandType=พื้นที่เกษตร; PlantType normalized to allowed groups","month":5,"month_key":"2569-05","day_key":"2026-05-02","TambonN":"เทพนคร","AmphoeN":"เมืองกำแพงเพชร","ProvinceN":"กำแพงเพชร","Maps":"http://maps.google.com/maps?q=16.40021,99.55516"}},{"type":"Feature","geometry":{"type":"Point","coordinates":[99.73121,16.45245]},"properties":{"hs_id":"VI1202605020553w4yvt7n43w","hsID":"VI1202605020553w4yvt7n43w","acq_date":"2026-05-02","Date":"2026-05-02","acq_time":"","year_be":2569,"season_be":2569,"dataset_year_be":2569,"province":"กำแพงเพชร","Province":"กำแพงเพชร","__province":"กำแพงเพชร","district":"เมืองกำแพงเพชร","Amphoe":"เมืองกำแพงเพชร","__district":"เมืองกำแพงเพชร","subdistrict":"นิคมทุ่งโพธิ์ทะเล","Tambon":"นิคมทุ่งโพธิ์ทะเล","__subdistrict":"นิคมทุ่งโพธิ์ทะเล","village":"บ้านจิกคันซ้อน","BaanN":"บ้านจิกคันซ้อน","__village":"บ้านจิกคันซ้อน","land_type":"พื้นที่เกษตร","LandType":"พื้นที่เกษตร","plant_type":"เกษตรอื่น ๆ","PlantType":"เกษตรอื่น ๆ","crop_type":"เกษตรอื่น ๆ","crop_type_raw":"เกษตรอื่น ๆ","__crop":"เกษตรอื่น ๆ","__plant_type":"เกษตรอื่น ๆ","confidence":47,"Q":"47","source":"NASA FIRMS Email Alert - Suomi NPP VIIRS","source_file":"2569-7-20 รวม 67-69 เขต 6.xlsx","filter_rule":"Province=กำแพงเพชร; LandType=พื้นที่เกษตร; PlantType normalized to allowed groups","month":5,"month_key":"2569-05","day_key":"2026-05-02","TambonN":"หนองทอง","AmphoeN":"ไทรงาม","ProvinceN":"กำแพงเพชร","Maps":"http://maps.google.com/maps?q=16.45245,99.73121"}},{"type":"Feature","geometry":{"type":"Point","coordinates":[99.71817,16.51813]},"properties":{"hs_id":"VI1202605020553w4yvvph91f","hsID":"VI1202605020553w4yvvph91f","acq_date":"2026-05-02","Date":"2026-05-02","acq_time":"","year_be":2569,"season_be":2569,"dataset_year_be":2569,"province":"กำแพงเพชร","Province":"กำแพงเพชร","__province":"กำแพงเพชร","district":"เมืองกำแพงเพชร","Amphoe":"เมืองกำแพงเพชร","__district":"เมืองกำแพงเพชร","subdistrict":"นิคมทุ่งโพธิ์ทะเล","Tambon":"นิคมทุ่งโพธิ์ทะเล","__subdistrict":"นิคมทุ่งโพธิ์ทะเล","village":"บ้านแปดอ้อม","BaanN":"บ้านแปดอ้อม","__village":"บ้านแปดอ้อม","land_type":"พื้นที่เกษตร","LandType":"พื้นที่เกษตร","plant_type":"นาข้าว","PlantType":"นาข้าว","crop_type":"นาข้าว","crop_type_raw":"นาข้าว","__crop":"นาข้าว","__plant_type":"นาข้าว","confidence":47,"Q":"47","source":"NASA FIRMS Email Alert - Suomi NPP VIIRS","source_file":"2569-7-20 รวม 67-69 เขต 6.xlsx","filter_rule":"Province=กำแพงเพชร; LandType=พื้นที่เกษตร; PlantType normalized to allowed groups","month":5,"month_key":"2569-05","day_key":"2026-05-02","TambonN":"นิคมทุ่งโพธิ์ทะเล","AmphoeN":"เมืองกำแพงเพชร","ProvinceN":"กำแพงเพชร","Maps":"http://maps.google.com/maps?q=16.51813,99.71817"}},{"type":"Feature","geometry":{"type":"Point","coordinates":[99.90485,16.11432]},"properties":{"hs_id":"VI1202605020553w4z59ms2xw","hsID":"VI1202605020553w4z59ms2xw","acq_date":"2026-05-02","Date":"2026-05-02","acq_time":"","year_be":2569,"season_be":2569,"dataset_year_be":2569,"province":"กำแพงเพชร","Province":"กำแพงเพชร","__province":"กำแพงเพชร","district":"ขาณุวรลักษบุรี","Amphoe":"ขาณุวรลักษบุรี","__district":"ขาณุวรลักษบุรี","subdistrict":"ป่าพุทรา","Tambon":"ป่าพุทรา","__subdistrict":"ป่าพุทรา","village":"บ้านบึวเขาควาย","BaanN":"บ้านบึวเขาควาย","__village":"บ้านบึวเขาควาย","land_type":"พื้นที่เกษตร","LandType":"พื้นที่เกษตร","plant_type":"อ้อย","PlantType":"อ้อย","crop_type":"อ้อย","crop_type_raw":"อ้อย","__crop":"อ้อย","__plant_type":"อ้อย","confidence":47,"Q":"47","source":"NASA FIRMS Email Alert - Suomi NPP VIIRS","source_file":"2569-7-20 รวม 67-69 เขต 6.xlsx","filter_rule":"Province=กำแพงเพชร; LandType=พื้นที่เกษตร; PlantType normalized to allowed groups","month":5,"month_key":"2569-05","day_key":"2026-05-02","TambonN":"ป่าพุทรา","AmphoeN":"ขาณุวรลักษบุรี","ProvinceN":"กำแพงเพชร","Maps":"http://maps.google.com/maps?q=16.11432,99.90485"}},{"type":"Feature","geometry":{"type":"Point","coordinates":[99.9071,16.11883]},"properties":{"hs_id":"VI1202605020553w4z59qq4up","hsID":"VI1202605020553w4z59qq4up","acq_date":"2026-05-02","Date":"2026-05-02","acq_time":"","year_be":2569,"season_be":2569,"dataset_year_be":2569,"province":"กำแพงเพชร","Province":"กำแพงเพชร","__province":"กำแพงเพชร","district":"ขาณุวรลักษบุรี","Amphoe":"ขาณุวรลักษบุรี","__district":"ขาณุวรลักษบุรี","subdistrict":"ป่าพุทรา","Tambon":"ป่าพุทรา","__subdistrict":"ป่าพุทรา","village":"บ้านบึวเขาควาย","BaanN":"บ้านบึวเขาควาย","__village":"บ้านบึวเขาควาย","land_type":"พื้นที่เกษตร","LandType":"พื้นที่เกษตร","plant_type":"อ้อย","PlantType":"อ้อย","crop_type":"อ้อย","crop_type_raw":"อ้อย","__crop":"อ้อย","__plant_type":"อ้อย","confidence":47,"Q":"47","source":"NASA FIRMS Email Alert - Suomi NPP VIIRS","source_file":"2569-7-20 รวม 67-69 เขต 6.xlsx","filter_rule":"Province=กำแพงเพชร; LandType=พื้นที่เกษตร; PlantType normalized to allowed groups","month":5,"month_key":"2569-05","day_key":"2026-05-02","TambonN":"ป่าพุทรา","AmphoeN":"ขาณุวรลักษบุรี","ProvinceN":"กำแพงเพชร","Maps":"http://maps.google.com/maps?q=16.11883,99.9071"}},{"type":"Feature","geometry":{"type":"Point","coordinates":[99.88186,16.60051]},"properties":{"hs_id":"VI1202605020553w4zn2y5bbp","hsID":"VI1202605020553w4zn2y5bbp","acq_date":"2026-05-02","Date":"2026-05-02","acq_time":"","year_be":2569,"season_be":2569,"dataset_year_be":2569,"province":"กำแพงเพชร","Province":"กำแพงเพชร","__province":"กำแพงเพชร","district":"ลานกระบือ","Amphoe":"ลานกระบือ","__district":"ลานกระบือ","subdistrict":"ช่องลม","Tambon":"ช่องลม","__subdistrict":"ช่องลม","village":"บ้านโป่งเป้า","BaanN":"บ้านโป่งเป้า","__village":"บ้านโป่งเป้า","land_type":"พื้นที่เกษตร","LandType":"พื้นที่เกษตร","plant_type":"อ้อย","PlantType":"อ้อย","crop_type":"อ้อย","crop_type_raw":"อ้อย","__crop":"อ้อย","__plant_type":"อ้อย","confidence":47,"Q":"47","source":"NASA FIRMS Email Alert - Suomi NPP VIIRS","source_file":"2569-7-20 รวม 67-69 เขต 6.xlsx","filter_rule":"Province=กำแพงเพชร; LandType=พื้นที่เกษตร; PlantType normalized to allowed groups","month":5,"month_key":"2569-05","day_key":"2026-05-02","TambonN":"ลานกระบือ","AmphoeN":"ลานกระบือ","ProvinceN":"กำแพงเพชร","Maps":"http://maps.google.com/maps?q=16.60051,99.88186"}},{"type":"Feature","geometry":{"type":"Point","coordinates":[99.80381,16.03968]},"properties":{"hs_id":"VI1202605020733w4ygppfvvm","hsID":"VI1202605020733w4ygppfvvm","acq_date":"2026-05-02","Date":"2026-05-02","acq_time":"","year_be":2569,"season_be":2569,"dataset_year_be":2569,"province":"กำแพงเพชร","Province":"กำแพงเพชร","__province":"กำแพงเพชร","district":"ขาณุวรลักษบุรี","Amphoe":"ขาณุวรลักษบุรี","__district":"ขาณุวรลักษบุรี","subdistrict":"แสนตอ","Tambon":"แสนตอ","__subdistrict":"แสนตอ","village":"บ้านหนองเหมือดเหนือ","BaanN":"บ้านหนองเหมือดเหนือ","__village":"บ้านหนองเหมือดเหนือ","land_type":"พื้นที่เกษตร","LandType":"พื้นที่เกษตร","plant_type":"นาข้าว","PlantType":"นาข้าว","crop_type":"นาข้าว","crop_type_raw":"นาข้าว","__crop":"นาข้าว","__plant_type":"นาข้าว","confidence":47,"Q":"47","source":"NASA FIRMS Email Alert - Suomi NPP VIIRS","source_file":"2569-7-20 รวม 67-69 เขต 6.xlsx","filter_rule":"Province=กำแพงเพชร; LandType=พื้นที่เกษตร; PlantType normalized to allowed groups","month":5,"month_key":"2569-05","day_key":"2026-05-02","TambonN":"แสนตอ","AmphoeN":"ขาณุวรลักษบุรี","ProvinceN":"กำแพงเพชร","Maps":"http://maps.google.com/maps?q=16.03968,99.80381"}},{"type":"Feature","geometry":{"type":"Point","coordinates":[99.79726,16.08342]},"properties":{"hs_id":"VI1202605020733w4ygqzyhsw","hsID":"VI1202605020733w4ygqzyhsw","acq_date":"2026-05-02","Date":"2026-05-02","acq_time":"","year_be":2569,"season_be":2569,"dataset_year_be":2569,"province":"กำแพงเพชร","Province":"กำแพงเพชร","__province":"กำแพงเพชร","district":"ขาณุวรลักษบุรี","Amphoe":"ขาณุวรลักษบุรี","__district":"ขาณุวรลักษบุรี","subdistrict":"เกาะตาล","Tambon":"เกาะตาล","__subdistrict":"เกาะตาล","village":"บ้านดอนขวาง","BaanN":"บ้านดอนขวาง","__village":"บ้านดอนขวาง","land_type":"พื้นที่เกษตร","LandType":"พื้นที่เกษตร","plant_type":"นาข้าว","PlantType":"นาข้าว","crop_type":"นาข้าว","crop_type_raw":"นาข้าว","__crop":"นาข้าว","__plant_type":"นาข้าว","confidence":47,"Q":"47","source":"NASA FIRMS Email Alert - Suomi NPP VIIRS","source_file":"2569-7-20 รวม 67-69 เขต 6.xlsx","filter_rule":"Province=กำแพงเพชร; LandType=พื้นที่เกษตร; PlantType normalized to allowed groups","month":5,"month_key":"2569-05","day_key":"2026-05-02","TambonN":"เกาะตาล","AmphoeN":"ขาณุวรลักษบุรี","ProvinceN":"กำแพงเพชร","Maps":"http://maps.google.com/maps?q=16.08342,99.79726"}},{"type":"Feature","geometry":{"type":"Point","coordinates":[99.80926,16.08457]},"properties":{"hs_id":"VI1202605020733w4ygx0ngkm","hsID":"VI1202605020733w4ygx0ngkm","acq_date":"2026-05-02","Date":"2026-05-02","acq_time":"","year_be":2569,"season_be":2569,"dataset_year_be":2569,"province":"กำแพงเพชร","Province":"กำแพงเพชร","__province":"กำแพงเพชร","district":"ขาณุวรลักษบุรี","Amphoe":"ขาณุวรลักษบุรี","__district":"ขาณุวรลักษบุรี","subdistrict":"เกาะตาล","Tambon":"เกาะตาล","__subdistrict":"เกาะตาล","village":"บ้านโนนตารอด","BaanN":"บ้านโนนตารอด","__village":"บ้านโนนตารอด","land_type":"พื้นที่เกษตร","LandType":"พื้นที่เกษตร","plant_type":"นาข้าว","PlantType":"นาข้าว","crop_type":"นาข้าว","crop_type_raw":"นาข้าว","__crop":"นาข้าว","__plant_type":"นาข้าว","confidence":47,"Q":"47","source":"NASA FIRMS Email Alert - Suomi NPP VIIRS","source_file":"2569-7-20 รวม 67-69 เขต 6.xlsx","filter_rule":"Province=กำแพงเพชร; LandType=พื้นที่เกษตร; PlantType normalized to allowed groups","month":5,"month_key":"2569-05","day_key":"2026-05-02","TambonN":"เกาะตาล","AmphoeN":"ขาณุวรลักษบุรี","ProvinceN":"กำแพงเพชร","Maps":"http://maps.google.com/maps?q=16.08457,99.80926"}},{"type":"Feature","geometry":{"type":"Point","coordinates":[99.71681,16.29155]},"properties":{"hs_id":"VI1202605020733w4yutjg94j","hsID":"VI1202605020733w4yutjg94j","acq_date":"2026-05-02","Date":"2026-05-02","acq_time":"","year_be":2569,"season_be":2569,"dataset_year_be":2569,"province":"กำแพงเพชร","Province":"กำแพงเพชร","__province":"กำแพงเพชร","district":"คลองขลุง","Amphoe":"คลองขลุง","__district":"คลองขลุง","subdistrict":"วังบัว","Tambon":"วังบัว","__subdistrict":"วังบัว","village":"บ้านละหาน","BaanN":"บ้านละหาน","__village":"บ้านละหาน","land_type":"พื้นที่เกษตร","LandType":"พื้นที่เกษตร","plant_type":"อ้อย","PlantType":"อ้อย","crop_type":"อ้อย","crop_type_raw":"อ้อย","__crop":"อ้อย","__plant_type":"อ้อย","confidence":47,"Q":"47","source":"NASA FIRMS Email Alert - Suomi NPP VIIRS","source_file":"2569-7-20 รวม 67-69 เขต 6.xlsx","filter_rule":"Province=กำแพงเพชร; LandType=พื้นที่เกษตร; PlantType normalized to allowed groups","month":5,"month_key":"2569-05","day_key":"2026-05-02","TambonN":"วังบัว","AmphoeN":"คลองขลุง","ProvinceN":"กำแพงเพชร","Maps":"http://maps.google.com/maps?q=16.29155,99.71681"}},{"type":"Feature","geometry":{"type":"Point","coordinates":[99.64005,16.62894]},"properties":{"hs_id":"VI1202605020733w4yye75wt7","hsID":"VI1202605020733w4yye75wt7","acq_date":"2026-05-02","Date":"2026-05-02","acq_time":"","year_be":2569,"season_be":2569,"dataset_year_be":2569,"province":"กำแพงเพชร","Province":"กำแพงเพชร","__province":"กำแพงเพชร","district":"พรานกระต่าย","Amphoe":"พรานกระต่าย","__district":"พรานกระต่าย","subdistrict":"คุยบ้านโอง","Tambon":"คุยบ้านโอง","__subdistrict":"คุยบ้านโอง","village":"บ้านดอนขมิ้น","BaanN":"บ้านดอนขมิ้น","__village":"บ้านดอนขมิ้น","land_type":"พื้นที่เกษตร","LandType":"พื้นที่เกษตร","plant_type":"นาข้าว","PlantType":"นาข้าว","crop_type":"นาข้าว","crop_type_raw":"นาข้าว","__crop":"นาข้าว","__plant_type":"นาข้าว","confidence":47,"Q":"47","source":"NASA FIRMS Email Alert - Suomi NPP VIIRS","source_file":"2569-7-20 รวม 67-69 เขต 6.xlsx","filter_rule":"Province=กำแพงเพชร; LandType=พื้นที่เกษตร; PlantType normalized to allowed groups","month":5,"month_key":"2569-05","day_key":"2026-05-02","TambonN":"เขาคีริส","AmphoeN":"พรานกระต่าย","ProvinceN":"กำแพงเพชร","Maps":"http://maps.google.com/maps?q=16.62894,99.64005"}},{"type":"Feature","geometry":{"type":"Point","coordinates":[99.646,16.62947]},"properties":{"hs_id":"VI1202605020733w4yyee218j","hsID":"VI1202605020733w4yyee218j","acq_date":"2026-05-02","Date":"2026-05-02","acq_time":"","year_be":2569,"season_be":2569,"dataset_year_be":2569,"province":"กำแพงเพชร","Province":"กำแพงเพชร","__province":"กำแพงเพชร","district":"พรานกระต่าย","Amphoe":"พรานกระต่าย","__district":"พรานกระต่าย","subdistrict":"คุยบ้านโอง","Tambon":"คุยบ้านโอง","__subdistrict":"คุยบ้านโอง","village":"บ้านคุยตาแข","BaanN":"บ้านคุยตาแข","__village":"บ้านคุยตาแข","land_type":"พื้นที่เกษตร","LandType":"พื้นที่เกษตร","plant_type":"นาข้าว","PlantType":"นาข้าว","crop_type":"นาข้าว","crop_type_raw":"นาข้าว","__crop":"นาข้าว","__plant_type":"นาข้าว","confidence":47,"Q":"47","source":"NASA FIRMS Email Alert - Suomi NPP VIIRS","source_file":"2569-7-20 รวม 67-69 เขต 6.xlsx","filter_rule":"Province=กำแพงเพชร; LandType=พื้นที่เกษตร; PlantType normalized to allowed groups","month":5,"month_key":"2569-05","day_key":"2026-05-02","TambonN":"คุยบ้านโอง","AmphoeN":"พรานกระต่าย","ProvinceN":"กำแพงเพชร","Maps":"http://maps.google.com/maps?q=16.62947,99.646"}},{"type":"Feature","geometry":{"type":"Point","coordinates":[99.68273,16.68665]},"properties":{"hs_id":"VI1202605020733w4yyumdwzc","hsID":"VI1202605020733w4yyumdwzc","acq_date":"2026-05-02","Date":"2026-05-02","acq_time":"","year_be":2569,"season_be":2569,"dataset_year_be":2569,"province":"กำแพงเพชร","Province":"กำแพงเพชร","__province":"กำแพงเพชร","district":"พรานกระต่าย","Amphoe":"พรานกระต่าย","__district":"พรานกระต่าย","subdistrict":"วังตะแบก","Tambon":"วังตะแบก","__subdistrict":"วังตะแบก","village":"บ้านนาป่าแดง","BaanN":"บ้านนาป่าแดง","__village":"บ้านนาป่าแดง","land_type":"พื้นที่เกษตร","LandType":"พื้นที่เกษตร","plant_type":"นาข้าว","PlantType":"นาข้าว","crop_type":"นาข้าว","crop_type_raw":"นาข้าว","__crop":"นาข้าว","__plant_type":"นาข้าว","confidence":47,"Q":"47","source":"NASA FIRMS Email Alert - Suomi NPP VIIRS","source_file":"2569-7-20 รวม 67-69 เขต 6.xlsx","filter_rule":"Province=กำแพงเพชร; LandType=พื้นที่เกษตร; PlantType normalized to allowed groups","month":5,"month_key":"2569-05","day_key":"2026-05-02","TambonN":"คุยบ้านโอง","AmphoeN":"พรานกระต่าย","ProvinceN":"กำแพงเพชร","Maps":"http://maps.google.com/maps?q=16.68665,99.68273"}},{"type":"Feature","geometry":{"type":"Point","coordinates":[99.56657,15.91771]},"properties":{"hs_id":"VI1202605030716w4yf99wpmh","hsID":"VI1202605030716w4yf99wpmh","acq_date":"2026-05-03","Date":"2026-05-03","acq_time":"","year_be":2569,"season_be":2569,"dataset_year_be":2569,"province":"กำแพงเพชร","Province":"กำแพงเพชร","__province":"กำแพงเพชร","district":"ขาณุวรลักษบุรี","Amphoe":"ขาณุวรลักษบุรี","__district":"ขาณุวรลักษบุรี","subdistrict":"ปางมะค่า","Tambon":"ปางมะค่า","__subdistrict":"ปางมะค่า","village":"บ้านศรีไพศาล","BaanN":"บ้านศรีไพศาล","__village":"บ้านศรีไพศาล","land_type":"พื้นที่เกษตร","LandType":"พื้นที่เกษตร","plant_type":"นาข้าว","PlantType":"นาข้าว","crop_type":"นาข้าว","crop_type_raw":"นาข้าว","__crop":"นาข้าว","__plant_type":"นาข้าว","confidence":47,"Q":"47","source":"NASA FIRMS Email Alert - Suomi NPP VIIRS","source_file":"2569-7-20 รวม 67-69 เขต 6.xlsx","filter_rule":"Province=กำแพงเพชร; LandType=พื้นที่เกษตร; PlantType normalized to allowed groups","month":5,"month_key":"2569-05","day_key":"2026-05-03","TambonN":"ปางมะค่า","AmphoeN":"ขาณุวรลักษบุรี","ProvinceN":"กำแพงเพชร","Maps":"http://maps.google.com/maps?q=15.91771,99.56657"}},{"type":"Feature","geometry":{"type":"Point","coordinates":[99.79962,15.95568]},"properties":{"hs_id":"VI1202605030716w4yfybxued","hsID":"VI1202605030716w4yfybxued","acq_date":"2026-05-03","Date":"2026-05-03","acq_time":"","year_be":2569,"season_be":2569,"dataset_year_be":2569,"province":"กำแพงเพชร","Province":"กำแพงเพชร","__province":"กำแพงเพชร","district":"ขาณุวรลักษบุรี","Amphoe":"ขาณุวรลักษบุรี","__district":"ขาณุวรลักษบุรี","subdistrict":"บ่อถ้ำ","Tambon":"บ่อถ้ำ","__subdistrict":"บ่อถ้ำ","village":"บ้านดงดำ, บ้านดงคำน้อย","BaanN":"บ้านดงดำ, บ้านดงคำน้อย","__village":"บ้านดงดำ, บ้านดงคำน้อย","land_type":"พื้นที่เกษตร","LandType":"พื้นที่เกษตร","plant_type":"นาข้าว","PlantType":"นาข้าว","crop_type":"นาข้าว","crop_type_raw":"นาข้าว","__crop":"นาข้าว","__plant_type":"นาข้าว","confidence":47,"Q":"47","source":"NASA FIRMS Email Alert - Suomi NPP VIIRS","source_file":"2569-7-20 รวม 67-69 เขต 6.xlsx","filter_rule":"Province=กำแพงเพชร; LandType=พื้นที่เกษตร; PlantType normalized to allowed groups","month":5,"month_key":"2569-05","day_key":"2026-05-03","TambonN":"บ่อถ้ำ","AmphoeN":"ขาณุวรลักษบุรี","ProvinceN":"กำแพงเพชร","Maps":"http://maps.google.com/maps?q=15.95568,99.79962"}},{"type":"Feature","geometry":{"type":"Point","coordinates":[99.79808,15.95691]},"properties":{"hs_id":"VI1202605030716w4yfybyexz","hsID":"VI1202605030716w4yfybyexz","acq_date":"2026-05-03","Date":"2026-05-03","acq_time":"","year_be":2569,"season_be":2569,"dataset_year_be":2569,"province":"กำแพงเพชร","Province":"กำแพงเพชร","__province":"กำแพงเพชร","district":"ขาณุวรลักษบุรี","Amphoe":"ขาณุวรลักษบุรี","__district":"ขาณุวรลักษบุรี","subdistrict":"บ่อถ้ำ","Tambon":"บ่อถ้ำ","__subdistrict":"บ่อถ้ำ","village":"บ้านดงดำ, บ้านดงคำน้อย","BaanN":"บ้านดงดำ, บ้านดงคำน้อย","__village":"บ้านดงดำ, บ้านดงคำน้อย","land_type":"พื้นที่เกษตร","LandType":"พื้นที่เกษตร","plant_type":"นาข้าว","PlantType":"นาข้าว","crop_type":"นาข้าว","crop_type_raw":"นาข้าว","__crop":"นาข้าว","__plant_type":"นาข้าว","confidence":47,"Q":"47","source":"NASA FIRMS Email Alert - Suomi NPP VIIRS","source_file":"2569-7-20 รวม 67-69 เขต 6.xlsx","filter_rule":"Province=กำแพงเพชร; LandType=พื้นที่เกษตร; PlantType normalized to allowed groups","month":5,"month_key":"2569-05","day_key":"2026-05-03","TambonN":"บ่อถ้ำ","AmphoeN":"ขาณุวรลักษบุรี","ProvinceN":"กำแพงเพชร","Maps":"http://maps.google.com/maps?q=15.95691,99.79808"}},{"type":"Feature","geometry":{"type":"Point","coordinates":[99.81604,15.96265]},"properties":{"hs_id":"VI1202605030716w4yfz3gv4m","hsID":"VI1202605030716w4yfz3gv4m","acq_date":"2026-05-03","Date":"2026-05-03","acq_time":"","year_be":2569,"season_be":2569,"dataset_year_be":2569,"province":"กำแพงเพชร","Province":"กำแพงเพชร","__province":"กำแพงเพชร","district":"ขาณุวรลักษบุรี","Amphoe":"ขาณุวรลักษบุรี","__district":"ขาณุวรลักษบุรี","subdistrict":"สลกบาตร","Tambon":"สลกบาตร","__subdistrict":"สลกบาตร","village":"บ้านโนนปอแดง","BaanN":"บ้านโนนปอแดง","__village":"บ้านโนนปอแดง","land_type":"พื้นที่เกษตร","LandType":"พื้นที่เกษตร","plant_type":"นาข้าว","PlantType":"นาข้าว","crop_type":"นาข้าว","crop_type_raw":"นาข้าว","__crop":"นาข้าว","__plant_type":"นาข้าว","confidence":47,"Q":"47","source":"NASA FIRMS Email Alert - Suomi NPP VIIRS","source_file":"2569-7-20 รวม 67-69 เขต 6.xlsx","filter_rule":"Province=กำแพงเพชร; LandType=พื้นที่เกษตร; PlantType normalized to allowed groups","month":5,"month_key":"2569-05","day_key":"2026-05-03","TambonN":"สลกบาตร","AmphoeN":"ขาณุวรลักษบุรี","ProvinceN":"กำแพงเพชร","Maps":"http://maps.google.com/maps?q=15.96265,99.81604"}},{"type":"Feature","geometry":{"type":"Point","coordinates":[99.80254,15.9674]},"properties":{"hs_id":"VI1202605030716w4yfz4cbze","hsID":"VI1202605030716w4yfz4cbze","acq_date":"2026-05-03","Date":"2026-05-03","acq_time":"","year_be":2569,"season_be":2569,"dataset_year_be":2569,"province":"กำแพงเพชร","Province":"กำแพงเพชร","__province":"กำแพงเพชร","district":"ขาณุวรลักษบุรี","Amphoe":"ขาณุวรลักษบุรี","__district":"ขาณุวรลักษบุรี","subdistrict":"บ่อถ้ำ","Tambon":"บ่อถ้ำ","__subdistrict":"บ่อถ้ำ","village":"บ้านมะม่วงงาม","BaanN":"บ้านมะม่วงงาม","__village":"บ้านมะม่วงงาม","land_type":"พื้นที่เกษตร","LandType":"พื้นที่เกษตร","plant_type":"นาข้าว","PlantType":"นาข้าว","crop_type":"นาข้าว","crop_type_raw":"นาข้าว","__crop":"นาข้าว","__plant_type":"นาข้าว","confidence":47,"Q":"47","source":"NASA FIRMS Email Alert - Suomi NPP VIIRS","source_file":"2569-7-20 รวม 67-69 เขต 6.xlsx","filter_rule":"Province=กำแพงเพชร; LandType=พื้นที่เกษตร; PlantType normalized to allowed groups","month":5,"month_key":"2569-05","day_key":"2026-05-03","TambonN":"สลกบาตร","AmphoeN":"ขาณุวรลักษบุรี","ProvinceN":"กำแพงเพชร","Maps":"http://maps.google.com/maps?q=15.9674,99.80254"}},{"type":"Feature","geometry":{"type":"Point","coordinates":[99.81453,15.96377]},"properties":{"hs_id":"VI1202605030716w4yfz64exn","hsID":"VI1202605030716w4yfz64exn","acq_date":"2026-05-03","Date":"2026-05-03","acq_time":"","year_be":2569,"season_be":2569,"dataset_year_be":2569,"province":"กำแพงเพชร","Province":"กำแพงเพชร","__province":"กำแพงเพชร","district":"ขาณุวรลักษบุรี","Amphoe":"ขาณุวรลักษบุรี","__district":"ขาณุวรลักษบุรี","subdistrict":"สลกบาตร","Tambon":"สลกบาตร","__subdistrict":"สลกบาตร","village":"บ้านโนนปอแดง","BaanN":"บ้านโนนปอแดง","__village":"บ้านโนนปอแดง","land_type":"พื้นที่เกษตร","LandType":"พื้นที่เกษตร","plant_type":"นาข้าว","PlantType":"นาข้าว","crop_type":"นาข้าว","crop_type_raw":"นาข้าว","__crop":"นาข้าว","__plant_type":"นาข้าว","confidence":47,"Q":"47","source":"NASA FIRMS Email Alert - Suomi NPP VIIRS","source_file":"2569-7-20 รวม 67-69 เขต 6.xlsx","filter_rule":"Province=กำแพงเพชร; LandType=พื้นที่เกษตร; PlantType normalized to allowed groups","month":5,"month_key":"2569-05","day_key":"2026-05-03","TambonN":"สลกบาตร","AmphoeN":"ขาณุวรลักษบุรี","ProvinceN":"กำแพงเพชร","Maps":"http://maps.google.com/maps?q=15.96377,99.81453"}},{"type":"Feature","geometry":{"type":"Point","coordinates":[99.81271,15.97855]},"properties":{"hs_id":"VI1202605030716w4yfzkc3u9","hsID":"VI1202605030716w4yfzkc3u9","acq_date":"2026-05-03","Date":"2026-05-03","acq_time":"","year_be":2569,"season_be":2569,"dataset_year_be":2569,"province":"กำแพงเพชร","Province":"กำแพงเพชร","__province":"กำแพงเพชร","district":"ขาณุวรลักษบุรี","Amphoe":"ขาณุวรลักษบุรี","__district":"ขาณุวรลักษบุรี","subdistrict":"สลกบาตร","Tambon":"สลกบาตร","__subdistrict":"สลกบาตร","village":"บ้านโนนปอแดง","BaanN":"บ้านโนนปอแดง","__village":"บ้านโนนปอแดง","land_type":"พื้นที่เกษตร","LandType":"พื้นที่เกษตร","plant_type":"นาข้าว","PlantType":"นาข้าว","crop_type":"นาข้าว","crop_type_raw":"นาข้าว","__crop":"นาข้าว","__plant_type":"นาข้าว","confidence":47,"Q":"47","source":"NASA FIRMS Email Alert - Suomi NPP VIIRS","source_file":"2569-7-20 รวม 67-69 เขต 6.xlsx","filter_rule":"Province=กำแพงเพชร; LandType=พื้นที่เกษตร; PlantType normalized to allowed groups","month":5,"month_key":"2569-05","day_key":"2026-05-03","TambonN":"สลกบาตร","AmphoeN":"ขาณุวรลักษบุรี","ProvinceN":"กำแพงเพชร","Maps":"http://maps.google.com/maps?q=15.97855,99.81271"}},{"type":"Feature","geometry":{"type":"Point","coordinates":[99.81426,15.97744]},"properties":{"hs_id":"VI1202605030716w4yfzkde2f","hsID":"VI1202605030716w4yfzkde2f","acq_date":"2026-05-03","Date":"2026-05-03","acq_time":"","year_be":2569,"season_be":2569,"dataset_year_be":2569,"province":"กำแพงเพชร","Province":"กำแพงเพชร","__province":"กำแพงเพชร","district":"ขาณุวรลักษบุรี","Amphoe":"ขาณุวรลักษบุรี","__district":"ขาณุวรลักษบุรี","subdistrict":"สลกบาตร","Tambon":"สลกบาตร","__subdistrict":"สลกบาตร","village":"บ้านโนนปอแดง","BaanN":"บ้านโนนปอแดง","__village":"บ้านโนนปอแดง","land_type":"พื้นที่เกษตร","LandType":"พื้นที่เกษตร","plant_type":"นาข้าว","PlantType":"นาข้าว","crop_type":"นาข้าว","crop_type_raw":"นาข้าว","__crop":"นาข้าว","__plant_type":"นาข้าว","confidence":47,"Q":"47","source":"NASA FIRMS Email Alert - Suomi NPP VIIRS","source_file":"2569-7-20 รวม 67-69 เขต 6.xlsx","filter_rule":"Province=กำแพงเพชร; LandType=พื้นที่เกษตร; PlantType normalized to allowed groups","month":5,"month_key":"2569-05","day_key":"2026-05-03","TambonN":"สลกบาตร","AmphoeN":"ขาณุวรลักษบุรี","ProvinceN":"กำแพงเพชร","Maps":"http://maps.google.com/maps?q=15.97744,99.81426"}},{"type":"Feature","geometry":{"type":"Point","coordinates":[99.71154,16.08356]},"properties":{"hs_id":"VI1202605030716w4ygkzztx2","hsID":"VI1202605030716w4ygkzztx2","acq_date":"2026-05-03","Date":"2026-05-03","acq_time":"","year_be":2569,"season_be":2569,"dataset_year_be":2569,"province":"กำแพงเพชร","Province":"กำแพงเพชร","__province":"กำแพงเพชร","district":"ขาณุวรลักษบุรี","Amphoe":"ขาณุวรลักษบุรี","__district":"ขาณุวรลักษบุรี","subdistrict":"โค้งไผ่","Tambon":"โค้งไผ่","__subdistrict":"โค้งไผ่","village":"บ้านโคกสำราญ","BaanN":"บ้านโคกสำราญ","__village":"บ้านโคกสำราญ","land_type":"พื้นที่เกษตร","LandType":"พื้นที่เกษตร","plant_type":"นาข้าว","PlantType":"นาข้าว","crop_type":"นาข้าว","crop_type_raw":"นาข้าว","__crop":"นาข้าว","__plant_type":"นาข้าว","confidence":47,"Q":"47","source":"NASA FIRMS Email Alert - Suomi NPP VIIRS","source_file":"2569-7-20 รวม 67-69 เขต 6.xlsx","filter_rule":"Province=กำแพงเพชร; LandType=พื้นที่เกษตร; PlantType normalized to allowed groups","month":5,"month_key":"2569-05","day_key":"2026-05-03","TambonN":"ดอนแตง","AmphoeN":"ขาณุวรลักษบุรี","ProvinceN":"กำแพงเพชร","Maps":"http://maps.google.com/maps?q=16.08356,99.71154"}},{"type":"Feature","geometry":{"type":"Point","coordinates":[99.71406,16.08154]},"properties":{"hs_id":"VI1202605030716w4ygmp99f0","hsID":"VI1202605030716w4ygmp99f0","acq_date":"2026-05-03","Date":"2026-05-03","acq_time":"","year_be":2569,"season_be":2569,"dataset_year_be":2569,"province":"กำแพงเพชร","Province":"กำแพงเพชร","__province":"กำแพงเพชร","district":"ขาณุวรลักษบุรี","Amphoe":"ขาณุวรลักษบุรี","__district":"ขาณุวรลักษบุรี","subdistrict":"โค้งไผ่","Tambon":"โค้งไผ่","__subdistrict":"โค้งไผ่","village":"บ้านโคกสำราญ","BaanN":"บ้านโคกสำราญ","__village":"บ้านโคกสำราญ","land_type":"พื้นที่เกษตร","LandType":"พื้นที่เกษตร","plant_type":"นาข้าว","PlantType":"นาข้าว","crop_type":"นาข้าว","crop_type_raw":"นาข้าว","__crop":"นาข้าว","__plant_type":"นาข้าว","confidence":47,"Q":"47","source":"NASA FIRMS Email Alert - Suomi NPP VIIRS","source_file":"2569-7-20 รวม 67-69 เขต 6.xlsx","filter_rule":"Province=กำแพงเพชร; LandType=พื้นที่เกษตร; PlantType normalized to allowed groups","month":5,"month_key":"2569-05","day_key":"2026-05-03","TambonN":"ดอนแตง","AmphoeN":"ขาณุวรลักษบุรี","ProvinceN":"กำแพงเพชร","Maps":"http://maps.google.com/maps?q=16.08154,99.71406"}},{"type":"Feature","geometry":{"type":"Point","coordinates":[99.75414,16.06353]},"properties":{"hs_id":"VI1202605030716w4ygmuq8zg","hsID":"VI1202605030716w4ygmuq8zg","acq_date":"2026-05-03","Date":"2026-05-03","acq_time":"","year_be":2569,"season_be":2569,"dataset_year_be":2569,"province":"กำแพงเพชร","Province":"กำแพงเพชร","__province":"กำแพงเพชร","district":"ขาณุวรลักษบุรี","Amphoe":"ขาณุวรลักษบุรี","__district":"ขาณุวรลักษบุรี","subdistrict":"ดอนแตง","Tambon":"ดอนแตง","__subdistrict":"ดอนแตง","village":"บ้านดงดำ","BaanN":"บ้านดงดำ","__village":"บ้านดงดำ","land_type":"พื้นที่เกษตร","LandType":"พื้นที่เกษตร","plant_type":"นาข้าว","PlantType":"นาข้าว","crop_type":"นาข้าว","crop_type_raw":"นาข้าว","__crop":"นาข้าว","__plant_type":"นาข้าว","confidence":47,"Q":"47","source":"NASA FIRMS Email Alert - Suomi NPP VIIRS","source_file":"2569-7-20 รวม 67-69 เขต 6.xlsx","filter_rule":"Province=กำแพงเพชร; LandType=พื้นที่เกษตร; PlantType normalized to allowed groups","month":5,"month_key":"2569-05","day_key":"2026-05-03","TambonN":"ดอนแตง","AmphoeN":"ขาณุวรลักษบุรี","ProvinceN":"กำแพงเพชร","Maps":"http://maps.google.com/maps?q=16.06353,99.75414"}},{"type":"Feature","geometry":{"type":"Point","coordinates":[99.78276,16.035]},"properties":{"hs_id":"VI1202605030716w4ygnx5ddu","hsID":"VI1202605030716w4ygnx5ddu","acq_date":"2026-05-03","Date":"2026-05-03","acq_time":"","year_be":2569,"season_be":2569,"dataset_year_be":2569,"province":"กำแพงเพชร","Province":"กำแพงเพชร","__province":"กำแพงเพชร","district":"ขาณุวรลักษบุรี","Amphoe":"ขาณุวรลักษบุรี","__district":"ขาณุวรลักษบุรี","subdistrict":"ดอนแตง","Tambon":"ดอนแตง","__subdistrict":"ดอนแตง","village":"บ้านสระตาพรม","BaanN":"บ้านสระตาพรม","__village":"บ้านสระตาพรม","land_type":"พื้นที่เกษตร","LandType":"พื้นที่เกษตร","plant_type":"นาข้าว","PlantType":"นาข้าว","crop_type":"นาข้าว","crop_type_raw":"นาข้าว","__crop":"นาข้าว","__plant_type":"นาข้าว","confidence":47,"Q":"47","source":"NASA FIRMS Email Alert - Suomi NPP VIIRS","source_file":"2569-7-20 รวม 67-69 เขต 6.xlsx","filter_rule":"Province=กำแพงเพชร; LandType=พื้นที่เกษตร; PlantType normalized to allowed groups","month":5,"month_key":"2569-05","day_key":"2026-05-03","TambonN":"ดอนแตง","AmphoeN":"ขาณุวรลักษบุรี","ProvinceN":"กำแพงเพชร","Maps":"http://maps.google.com/maps?q=16.035,99.78276"}},{"type":"Feature","geometry":{"type":"Point","coordinates":[99.8169,16.03904]},"properties":{"hs_id":"VI1202605030716w4ygpru6nm","hsID":"VI1202605030716w4ygpru6nm","acq_date":"2026-05-03","Date":"2026-05-03","acq_time":"","year_be":2569,"season_be":2569,"dataset_year_be":2569,"province":"กำแพงเพชร","Province":"กำแพงเพชร","__province":"กำแพงเพชร","district":"ขาณุวรลักษบุรี","Amphoe":"ขาณุวรลักษบุรี","__district":"ขาณุวรลักษบุรี","subdistrict":"แสนตอ","Tambon":"แสนตอ","__subdistrict":"แสนตอ","village":"บ้านหนองเหมือดเหนือ","BaanN":"บ้านหนองเหมือดเหนือ","__village":"บ้านหนองเหมือดเหนือ","land_type":"พื้นที่เกษตร","LandType":"พื้นที่เกษตร","plant_type":"นาข้าว","PlantType":"นาข้าว","crop_type":"นาข้าว","crop_type_raw":"นาข้าว","__crop":"นาข้าว","__plant_type":"นาข้าว","confidence":47,"Q":"47","source":"NASA FIRMS Email Alert - Suomi NPP VIIRS","source_file":"2569-7-20 รวม 67-69 เขต 6.xlsx","filter_rule":"Province=กำแพงเพชร; LandType=พื้นที่เกษตร; PlantType normalized to allowed groups","month":5,"month_key":"2569-05","day_key":"2026-05-03","TambonN":"แสนตอ","AmphoeN":"ขาณุวรลักษบุรี","ProvinceN":"กำแพงเพชร","Maps":"http://maps.google.com/maps?q=16.03904,99.8169"}},{"type":"Feature","geometry":{"type":"Point","coordinates":[99.75981,16.06417]},"properties":{"hs_id":"VI1202605030716w4ygqh6us4","hsID":"VI1202605030716w4ygqh6us4","acq_date":"2026-05-03","Date":"2026-05-03","acq_time":"","year_be":2569,"season_be":2569,"dataset_year_be":2569,"province":"กำแพงเพชร","Province":"กำแพงเพชร","__province":"กำแพงเพชร","district":"ขาณุวรลักษบุรี","Amphoe":"ขาณุวรลักษบุรี","__district":"ขาณุวรลักษบุรี","subdistrict":"ดอนแตง","Tambon":"ดอนแตง","__subdistrict":"ดอนแตง","village":"บ้านมาบกระทุ่ม","BaanN":"บ้านมาบกระทุ่ม","__village":"บ้านมาบกระทุ่ม","land_type":"พื้นที่เกษตร","LandType":"พื้นที่เกษตร","plant_type":"นาข้าว","PlantType":"นาข้าว","crop_type":"นาข้าว","crop_type_raw":"นาข้าว","__crop":"นาข้าว","__plant_type":"นาข้าว","confidence":47,"Q":"47","source":"NASA FIRMS Email Alert - Suomi NPP VIIRS","source_file":"2569-7-20 รวม 67-69 เขต 6.xlsx","filter_rule":"Province=กำแพงเพชร; LandType=พื้นที่เกษตร; PlantType normalized to allowed groups","month":5,"month_key":"2569-05","day_key":"2026-05-03","TambonN":"เกาะตาล","AmphoeN":"ขาณุวรลักษบุรี","ProvinceN":"กำแพงเพชร","Maps":"http://maps.google.com/maps?q=16.06417,99.75981"}},{"type":"Feature","geometry":{"type":"Point","coordinates":[99.81153,16.08344]},"properties":{"hs_id":"VI1202605030716w4ygrrbsc4","hsID":"VI1202605030716w4ygrrbsc4","acq_date":"2026-05-03","Date":"2026-05-03","acq_time":"","year_be":2569,"season_be":2569,"dataset_year_be":2569,"province":"กำแพงเพชร","Province":"กำแพงเพชร","__province":"กำแพงเพชร","district":"ขาณุวรลักษบุรี","Amphoe":"ขาณุวรลักษบุรี","__district":"ขาณุวรลักษบุรี","subdistrict":"เกาะตาล","Tambon":"เกาะตาล","__subdistrict":"เกาะตาล","village":"บ้านโนนตารอด","BaanN":"บ้านโนนตารอด","__village":"บ้านโนนตารอด","land_type":"พื้นที่เกษตร","LandType":"พื้นที่เกษตร","plant_type":"นาข้าว","PlantType":"นาข้าว","crop_type":"นาข้าว","crop_type_raw":"นาข้าว","__crop":"นาข้าว","__plant_type":"นาข้าว","confidence":47,"Q":"47","source":"NASA FIRMS Email Alert - Suomi NPP VIIRS","source_file":"2569-7-20 รวม 67-69 เขต 6.xlsx","filter_rule":"Province=กำแพงเพชร; LandType=พื้นที่เกษตร; PlantType normalized to allowed groups","month":5,"month_key":"2569-05","day_key":"2026-05-03","TambonN":"เกาะตาล","AmphoeN":"ขาณุวรลักษบุรี","ProvinceN":"กำแพงเพชร","Maps":"http://maps.google.com/maps?q=16.08344,99.81153"}},{"type":"Feature","geometry":{"type":"Point","coordinates":[99.67865,16.11946]},"properties":{"hs_id":"VI1202605030716w4ygsnry8v","hsID":"VI1202605030716w4ygsnry8v","acq_date":"2026-05-03","Date":"2026-05-03","acq_time":"","year_be":2569,"season_be":2569,"dataset_year_be":2569,"province":"กำแพงเพชร","Province":"กำแพงเพชร","__province":"กำแพงเพชร","district":"ขาณุวรลักษบุรี","Amphoe":"ขาณุวรลักษบุรี","__district":"ขาณุวรลักษบุรี","subdistrict":"โค้งไผ่","Tambon":"โค้งไผ่","__subdistrict":"โค้งไผ่","village":"บ้านหนองงูเห่า","BaanN":"บ้านหนองงูเห่า","__village":"บ้านหนองงูเห่า","land_type":"พื้นที่เกษตร","LandType":"พื้นที่เกษตร","plant_type":"อ้อย","PlantType":"อ้อย","crop_type":"อ้อย","crop_type_raw":"อ้อย","__crop":"อ้อย","__plant_type":"อ้อย","confidence":47,"Q":"47","source":"NASA FIRMS Email Alert - Suomi NPP VIIRS","source_file":"2569-7-20 รวม 67-69 เขต 6.xlsx","filter_rule":"Province=กำแพงเพชร; LandType=พื้นที่เกษตร; PlantType normalized to allowed groups","month":5,"month_key":"2569-05","day_key":"2026-05-03","TambonN":"โค้งไผ่","AmphoeN":"ขาณุวรลักษบุรี","ProvinceN":"กำแพงเพชร","Maps":"http://maps.google.com/maps?q=16.11946,99.67865"}},{"type":"Feature","geometry":{"type":"Point","coordinates":[99.77319,16.09562]},"properties":{"hs_id":"VI1202605030716w4ygw6hegc","hsID":"VI1202605030716w4ygw6hegc","acq_date":"2026-05-03","Date":"2026-05-03","acq_time":"","year_be":2569,"season_be":2569,"dataset_year_be":2569,"province":"กำแพงเพชร","Province":"กำแพงเพชร","__province":"กำแพงเพชร","district":"ขาณุวรลักษบุรี","Amphoe":"ขาณุวรลักษบุรี","__district":"ขาณุวรลักษบุรี","subdistrict":"เกาะตาล","Tambon":"เกาะตาล","__subdistrict":"เกาะตาล","village":"บ้านดอนขวาง","BaanN":"บ้านดอนขวาง","__village":"บ้านดอนขวาง","land_type":"พื้นที่เกษตร","LandType":"พื้นที่เกษตร","plant_type":"นาข้าว","PlantType":"นาข้าว","crop_type":"นาข้าว","crop_type_raw":"นาข้าว","__crop":"นาข้าว","__plant_type":"นาข้าว","confidence":47,"Q":"47","source":"NASA FIRMS Email Alert - Suomi NPP VIIRS","source_file":"2569-7-20 รวม 67-69 เขต 6.xlsx","filter_rule":"Province=กำแพงเพชร; LandType=พื้นที่เกษตร; PlantType normalized to allowed groups","month":5,"month_key":"2569-05","day_key":"2026-05-03","TambonN":"เกาะตาล","AmphoeN":"ขาณุวรลักษบุรี","ProvinceN":"กำแพงเพชร","Maps":"http://maps.google.com/maps?q=16.09562,99.77319"}},{"type":"Feature","geometry":{"type":"Point","coordinates":[99.83364,16.12261]},"properties":{"hs_id":"VI1202605030716w4ygxz09h2","hsID":"VI1202605030716w4ygxz09h2","acq_date":"2026-05-03","Date":"2026-05-03","acq_time":"","year_be":2569,"season_be":2569,"dataset_year_be":2569,"province":"กำแพงเพชร","Province":"กำแพงเพชร","__province":"กำแพงเพชร","district":"ขาณุวรลักษบุรี","Amphoe":"ขาณุวรลักษบุรี","__district":"ขาณุวรลักษบุรี","subdistrict":"ยางสูง","Tambon":"ยางสูง","__subdistrict":"ยางสูง","village":"บ้านกล้วย","BaanN":"บ้านกล้วย","__village":"บ้านกล้วย","land_type":"พื้นที่เกษตร","LandType":"พื้นที่เกษตร","plant_type":"นาข้าว","PlantType":"นาข้าว","crop_type":"นาข้าว","crop_type_raw":"นาข้าว","__crop":"นาข้าว","__plant_type":"นาข้าว","confidence":47,"Q":"47","source":"NASA FIRMS Email Alert - Suomi NPP VIIRS","source_file":"2569-7-20 รวม 67-69 เขต 6.xlsx","filter_rule":"Province=กำแพงเพชร; LandType=พื้นที่เกษตร; PlantType normalized to allowed groups","month":5,"month_key":"2569-05","day_key":"2026-05-03","TambonN":"ยางสูง","AmphoeN":"ขาณุวรลักษบุรี","ProvinceN":"กำแพงเพชร","Maps":"http://maps.google.com/maps?q=16.12261,99.83364"}},{"type":"Feature","geometry":{"type":"Point","coordinates":[99.48208,16.4536]},"properties":{"hs_id":"VI1202605030716w4ytxg29hm","hsID":"VI1202605030716w4ytxg29hm","acq_date":"2026-05-03","Date":"2026-05-03","acq_time":"","year_be":2569,"season_be":2569,"dataset_year_be":2569,"province":"กำแพงเพชร","Province":"กำแพงเพชร","__province":"กำแพงเพชร","district":"เมืองกำแพงเพชร","Amphoe":"เมืองกำแพงเพชร","__district":"เมืองกำแพงเพชร","subdistrict":"ท่าขุนราม","Tambon":"ท่าขุนราม","__subdistrict":"ท่าขุนราม","village":"บ้านทุ่งเศรษฐี","BaanN":"บ้านทุ่งเศรษฐี","__village":"บ้านทุ่งเศรษฐี","land_type":"พื้นที่เกษตร","LandType":"พื้นที่เกษตร","plant_type":"นาข้าว","PlantType":"นาข้าว","crop_type":"นาข้าว","crop_type_raw":"นาข้าว","__crop":"นาข้าว","__plant_type":"นาข้าว","confidence":47,"Q":"47","source":"NASA FIRMS Email Alert - Suomi NPP VIIRS","source_file":"2569-7-20 รวม 67-69 เขต 6.xlsx","filter_rule":"Province=กำแพงเพชร; LandType=พื้นที่เกษตร; PlantType normalized to allowed groups","month":5,"month_key":"2569-05","day_key":"2026-05-03","TambonN":"นครชุม","AmphoeN":"เมืองกำแพงเพชร","ProvinceN":"กำแพงเพชร","Maps":"http://maps.google.com/maps?q=16.4536,99.48208"}},{"type":"Feature","geometry":{"type":"Point","coordinates":[99.64219,16.3282]},"properties":{"hs_id":"VI1202605030716w4yugkmnxm","hsID":"VI1202605030716w4yugkmnxm","acq_date":"2026-05-03","Date":"2026-05-03","acq_time":"","year_be":2569,"season_be":2569,"dataset_year_be":2569,"province":"กำแพงเพชร","Province":"กำแพงเพชร","__province":"กำแพงเพชร","district":"เมืองกำแพงเพชร","Amphoe":"เมืองกำแพงเพชร","__district":"เมืองกำแพงเพชร","subdistrict":"ธำมรงค์","Tambon":"ธำมรงค์","__subdistrict":"ธำมรงค์","village":"บ้านเกาะธำมรงค์","BaanN":"บ้านเกาะธำมรงค์","__village":"บ้านเกาะธำมรงค์","land_type":"พื้นที่เกษตร","LandType":"พื้นที่เกษตร","plant_type":"นาข้าว","PlantType":"นาข้าว","crop_type":"นาข้าว","crop_type_raw":"นาข้าว","__crop":"นาข้าว","__plant_type":"นาข้าว","confidence":47,"Q":"47","source":"NASA FIRMS Email Alert - Suomi NPP VIIRS","source_file":"2569-7-20 รวม 67-69 เขต 6.xlsx","filter_rule":"Province=กำแพงเพชร; LandType=พื้นที่เกษตร; PlantType normalized to allowed groups","month":5,"month_key":"2569-05","day_key":"2026-05-03","TambonN":"ธำมรงค์","AmphoeN":"เมืองกำแพงเพชร","ProvinceN":"กำแพงเพชร","Maps":"http://maps.google.com/maps?q=16.3282,99.64219"}},{"type":"Feature","geometry":{"type":"Point","coordinates":[99.6685,16.3462]},"properties":{"hs_id":"VI1202605030716w4yuup8rs2","hsID":"VI1202605030716w4yuup8rs2","acq_date":"2026-05-03","Date":"2026-05-03","acq_time":"","year_be":2569,"season_be":2569,"dataset_year_be":2569,"province":"กำแพงเพชร","Province":"กำแพงเพชร","__province":"กำแพงเพชร","district":"เมืองกำแพงเพชร","Amphoe":"เมืองกำแพงเพชร","__district":"เมืองกำแพงเพชร","subdistrict":"คณฑี","Tambon":"คณฑี","__subdistrict":"คณฑี","village":"บ้านเกาะธำมรงค์","BaanN":"บ้านเกาะธำมรงค์","__village":"บ้านเกาะธำมรงค์","land_type":"พื้นที่เกษตร","LandType":"พื้นที่เกษตร","plant_type":"อ้อย","PlantType":"อ้อย","crop_type":"อ้อย","crop_type_raw":"อ้อย","__crop":"อ้อย","__plant_type":"อ้อย","confidence":47,"Q":"47","source":"NASA FIRMS Email Alert - Suomi NPP VIIRS","source_file":"2569-7-20 รวม 67-69 เขต 6.xlsx","filter_rule":"Province=กำแพงเพชร; LandType=พื้นที่เกษตร; PlantType normalized to allowed groups","month":5,"month_key":"2569-05","day_key":"2026-05-03","TambonN":"ธำมรงค์","AmphoeN":"เมืองกำแพงเพชร","ProvinceN":"กำแพงเพชร","Maps":"http://maps.google.com/maps?q=16.3462,99.6685"}},{"type":"Feature","geometry":{"type":"Point","coordinates":[99.60938,16.44553]},"properties":{"hs_id":"VI1202605030716w4yvd9v64u","hsID":"VI1202605030716w4yvd9v64u","acq_date":"2026-05-03","Date":"2026-05-03","acq_time":"","year_be":2569,"season_be":2569,"dataset_year_be":2569,"province":"กำแพงเพชร","Province":"กำแพงเพชร","__province":"กำแพงเพชร","district":"เมืองกำแพงเพชร","Amphoe":"เมืองกำแพงเพชร","__district":"เมืองกำแพงเพชร","subdistrict":"เทพนคร","Tambon":"เทพนคร","__subdistrict":"เทพนคร","village":"บ้านตลกแรด","BaanN":"บ้านตลกแรด","__village":"บ้านตลกแรด","land_type":"พื้นที่เกษตร","LandType":"พื้นที่เกษตร","plant_type":"นาข้าว","PlantType":"นาข้าว","crop_type":"นาข้าว","crop_type_raw":"นาข้าว","__crop":"นาข้าว","__plant_type":"นาข้าว","confidence":47,"Q":"47","source":"NASA FIRMS Email Alert - Suomi NPP VIIRS","source_file":"2569-7-20 รวม 67-69 เขต 6.xlsx","filter_rule":"Province=กำแพงเพชร; LandType=พื้นที่เกษตร; PlantType normalized to allowed groups","month":5,"month_key":"2569-05","day_key":"2026-05-03","TambonN":"เทพนคร","AmphoeN":"เมืองกำแพงเพชร","ProvinceN":"กำแพงเพชร","Maps":"http://maps.google.com/maps?q=16.44553,99.60938"}},{"type":"Feature","geometry":{"type":"Point","coordinates":[99.6008,16.46931]},"properties":{"hs_id":"VI1202605030716w4yvdqphdv","hsID":"VI1202605030716w4yvdqphdv","acq_date":"2026-05-03","Date":"2026-05-03","acq_time":"","year_be":2569,"season_be":2569,"dataset_year_be":2569,"province":"กำแพงเพชร","Province":"กำแพงเพชร","__province":"กำแพงเพชร","district":"เมืองกำแพงเพชร","Amphoe":"เมืองกำแพงเพชร","__district":"เมืองกำแพงเพชร","subdistrict":"เทพนคร","Tambon":"เทพนคร","__subdistrict":"เทพนคร","village":"บ้านบ่อเงิน","BaanN":"บ้านบ่อเงิน","__village":"บ้านบ่อเงิน","land_type":"พื้นที่เกษตร","LandType":"พื้นที่เกษตร","plant_type":"นาข้าว","PlantType":"นาข้าว","crop_type":"นาข้าว","crop_type_raw":"นาข้าว","__crop":"นาข้าว","__plant_type":"นาข้าว","confidence":47,"Q":"47","source":"NASA FIRMS Email Alert - Suomi NPP VIIRS","source_file":"2569-7-20 รวม 67-69 เขต 6.xlsx","filter_rule":"Province=กำแพงเพชร; LandType=พื้นที่เกษตร; PlantType normalized to allowed groups","month":5,"month_key":"2569-05","day_key":"2026-05-03","TambonN":"เทพนคร","AmphoeN":"เมืองกำแพงเพชร","ProvinceN":"กำแพงเพชร","Maps":"http://maps.google.com/maps?q=16.46931,99.6008"}},{"type":"Feature","geometry":{"type":"Point","coordinates":[99.69111,16.34887]},"properties":{"hs_id":"VI1202605030716w4yvh80z54","hsID":"VI1202605030716w4yvh80z54","acq_date":"2026-05-03","Date":"2026-05-03","acq_time":"","year_be":2569,"season_be":2569,"dataset_year_be":2569,"province":"กำแพงเพชร","Province":"กำแพงเพชร","__province":"กำแพงเพชร","district":"เมืองกำแพงเพชร","Amphoe":"เมืองกำแพงเพชร","__district":"เมืองกำแพงเพชร","subdistrict":"คณฑี","Tambon":"คณฑี","__subdistrict":"คณฑี","village":"บ้านท่าเสลี่ยง","BaanN":"บ้านท่าเสลี่ยง","__village":"บ้านท่าเสลี่ยง","land_type":"พื้นที่เกษตร","LandType":"พื้นที่เกษตร","plant_type":"นาข้าว","PlantType":"นาข้าว","crop_type":"นาข้าว","crop_type_raw":"นาข้าว","__crop":"นาข้าว","__plant_type":"นาข้าว","confidence":47,"Q":"47","source":"NASA FIRMS Email Alert - Suomi NPP VIIRS","source_file":"2569-7-20 รวม 67-69 เขต 6.xlsx","filter_rule":"Province=กำแพงเพชร; LandType=พื้นที่เกษตร; PlantType normalized to allowed groups","month":5,"month_key":"2569-05","day_key":"2026-05-03","TambonN":"คณฑี","AmphoeN":"เมืองกำแพงเพชร","ProvinceN":"กำแพงเพชร","Maps":"http://maps.google.com/maps?q=16.34887,99.69111"}},{"type":"Feature","geometry":{"type":"Point","coordinates":[99.68242,16.48604]},"properties":{"hs_id":"VI1202605030716w4yvu34w0s","hsID":"VI1202605030716w4yvu34w0s","acq_date":"2026-05-03","Date":"2026-05-03","acq_time":"","year_be":2569,"season_be":2569,"dataset_year_be":2569,"province":"กำแพงเพชร","Province":"กำแพงเพชร","__province":"กำแพงเพชร","district":"เมืองกำแพงเพชร","Amphoe":"เมืองกำแพงเพชร","__district":"เมืองกำแพงเพชร","subdistrict":"นิคมทุ่งโพธิ์ทะเล","Tambon":"นิคมทุ่งโพธิ์ทะเล","__subdistrict":"นิคมทุ่งโพธิ์ทะเล","village":"บ้านใหม่บ่อทอง","BaanN":"บ้านใหม่บ่อทอง","__village":"บ้านใหม่บ่อทอง","land_type":"พื้นที่เกษตร","LandType":"พื้นที่เกษตร","plant_type":"นาข้าว","PlantType":"นาข้าว","crop_type":"นาข้าว","crop_type_raw":"นาข้าว","__crop":"นาข้าว","__plant_type":"นาข้าว","confidence":47,"Q":"47","source":"NASA FIRMS Email Alert - Suomi NPP VIIRS","source_file":"2569-7-20 รวม 67-69 เขต 6.xlsx","filter_rule":"Province=กำแพงเพชร; LandType=พื้นที่เกษตร; PlantType normalized to allowed groups","month":5,"month_key":"2569-05","day_key":"2026-05-03","TambonN":"นิคมทุ่งโพธิ์ทะเล","AmphoeN":"เมืองกำแพงเพชร","ProvinceN":"กำแพงเพชร","Maps":"http://maps.google.com/maps?q=16.48604,99.68242"}},{"type":"Feature","geometry":{"type":"Point","coordinates":[99.62906,16.61606]},"properties":{"hs_id":"VI1202605030716w4yye0get6","hsID":"VI1202605030716w4yye0get6","acq_date":"2026-05-03","Date":"2026-05-03","acq_time":"","year_be":2569,"season_be":2569,"dataset_year_be":2569,"province":"กำแพงเพชร","Province":"กำแพงเพชร","__province":"กำแพงเพชร","district":"พรานกระต่าย","Amphoe":"พรานกระต่าย","__district":"พรานกระต่าย","subdistrict":"เขาคีริส","Tambon":"เขาคีริส","__subdistrict":"เขาคีริส","village":"บ้านดอนขมิ้น","BaanN":"บ้านดอนขมิ้น","__village":"บ้านดอนขมิ้น","land_type":"พื้นที่เกษตร","LandType":"พื้นที่เกษตร","plant_type":"เกษตรอื่น ๆ","PlantType":"เกษตรอื่น ๆ","crop_type":"เกษตรอื่น ๆ","crop_type_raw":"เกษตรอื่น ๆ","__crop":"เกษตรอื่น ๆ","__plant_type":"เกษตรอื่น ๆ","confidence":47,"Q":"47","source":"NASA FIRMS Email Alert - Suomi NPP VIIRS","source_file":"2569-7-20 รวม 67-69 เขต 6.xlsx","filter_rule":"Province=กำแพงเพชร; LandType=พื้นที่เกษตร; PlantType normalized to allowed groups","month":5,"month_key":"2569-05","day_key":"2026-05-03","TambonN":"เขาคีริส","AmphoeN":"พรานกระต่าย","ProvinceN":"กำแพงเพชร","Maps":"http://maps.google.com/maps?q=16.61606,99.62906"}},{"type":"Feature","geometry":{"type":"Point","coordinates":[99.65055,16.62848]},"properties":{"hs_id":"VI1202605030716w4yyee57fj","hsID":"VI1202605030716w4yyee57fj","acq_date":"2026-05-03","Date":"2026-05-03","acq_time":"","year_be":2569,"season_be":2569,"dataset_year_be":2569,"province":"กำแพงเพชร","Province":"กำแพงเพชร","__province":"กำแพงเพชร","district":"พรานกระต่าย","Amphoe":"พรานกระต่าย","__district":"พรานกระต่าย","subdistrict":"คุยบ้านโอง","Tambon":"คุยบ้านโอง","__subdistrict":"คุยบ้านโอง","village":"บ้านคุยตาแข","BaanN":"บ้านคุยตาแข","__village":"บ้านคุยตาแข","land_type":"พื้นที่เกษตร","LandType":"พื้นที่เกษตร","plant_type":"นาข้าว","PlantType":"นาข้าว","crop_type":"นาข้าว","crop_type_raw":"นาข้าว","__crop":"นาข้าว","__plant_type":"นาข้าว","confidence":47,"Q":"47","source":"NASA FIRMS Email Alert - Suomi NPP VIIRS","source_file":"2569-7-20 รวม 67-69 เขต 6.xlsx","filter_rule":"Province=กำแพงเพชร; LandType=พื้นที่เกษตร; PlantType normalized to allowed groups","month":5,"month_key":"2569-05","day_key":"2026-05-03","TambonN":"คุยบ้านโอง","AmphoeN":"พรานกระต่าย","ProvinceN":"กำแพงเพชร","Maps":"http://maps.google.com/maps?q=16.62848,99.65055"}},{"type":"Feature","geometry":{"type":"Point","coordinates":[99.93237,16.20478]},"properties":{"hs_id":"VI1202605030716w4zh4jbx8v","hsID":"VI1202605030716w4zh4jbx8v","acq_date":"2026-05-03","Date":"2026-05-03","acq_time":"","year_be":2569,"season_be":2569,"dataset_year_be":2569,"province":"กำแพงเพชร","Province":"กำแพงเพชร","__province":"กำแพงเพชร","district":"บึงสามัคคี","Amphoe":"บึงสามัคคี","__district":"บึงสามัคคี","subdistrict":"เทพนิมิต","Tambon":"เทพนิมิต","__subdistrict":"เทพนิมิต","village":"บ้านสามขา","BaanN":"บ้านสามขา","__village":"บ้านสามขา","land_type":"พื้นที่เกษตร","LandType":"พื้นที่เกษตร","plant_type":"นาข้าว","PlantType":"นาข้าว","crop_type":"นาข้าว","crop_type_raw":"นาข้าว","__crop":"นาข้าว","__plant_type":"นาข้าว","confidence":47,"Q":"47","source":"NASA FIRMS Email Alert - Suomi NPP VIIRS","source_file":"2569-7-20 รวม 67-69 เขต 6.xlsx","filter_rule":"Province=กำแพงเพชร; LandType=พื้นที่เกษตร; PlantType normalized to allowed groups","month":5,"month_key":"2569-05","day_key":"2026-05-03","TambonN":"วังชะโอน","AmphoeN":"บึงสามัคคี","ProvinceN":"กำแพงเพชร","Maps":"http://maps.google.com/maps?q=16.20478,99.93237"}},{"type":"Feature","geometry":{"type":"Point","coordinates":[99.70773,16.03133]},"properties":{"hs_id":"VI1202605031949w4yghykvq8","hsID":"VI1202605031949w4yghykvq8","acq_date":"2026-05-04","Date":"2026-05-04","acq_time":"","year_be":2569,"season_be":2569,"dataset_year_be":2569,"province":"กำแพงเพชร","Province":"กำแพงเพชร","__province":"กำแพงเพชร","district":"ขาณุวรลักษบุรี","Amphoe":"ขาณุวรลักษบุรี","__district":"ขาณุวรลักษบุรี","subdistrict":"วังชะพลู","Tambon":"วังชะพลู","__subdistrict":"วังชะพลู","village":"บ้านสองหนอง","BaanN":"บ้านสองหนอง","__village":"บ้านสองหนอง","land_type":"พื้นที่เกษตร","LandType":"พื้นที่เกษตร","plant_type":"เกษตรอื่น ๆ","PlantType":"เกษตรอื่น ๆ","crop_type":"เกษตรอื่น ๆ","crop_type_raw":"เกษตรอื่น ๆ","__crop":"เกษตรอื่น ๆ","__plant_type":"เกษตรอื่น ๆ","confidence":47,"Q":"47","source":"NASA FIRMS Email Alert - Suomi NPP VIIRS","source_file":"2569-7-20 รวม 67-69 เขต 6.xlsx","filter_rule":"Province=กำแพงเพชร; LandType=พื้นที่เกษตร; PlantType normalized to allowed groups","month":5,"month_key":"2569-05","day_key":"2026-05-04","TambonN":"วังชะพลู","AmphoeN":"ขาณุวรลักษบุรี","ProvinceN":"กำแพงเพชร","Maps":"http://maps.google.com/maps?q=16.03133,99.70773"}},{"type":"Feature","geometry":{"type":"Point","coordinates":[99.59902,15.89904]},"properties":{"hs_id":"VI1202605040657w4yf6qmf97","hsID":"VI1202605040657w4yf6qmf97","acq_date":"2026-05-04","Date":"2026-05-04","acq_time":"","year_be":2569,"season_be":2569,"dataset_year_be":2569,"province":"กำแพงเพชร","Province":"กำแพงเพชร","__province":"กำแพงเพชร","district":"ขาณุวรลักษบุรี","Amphoe":"ขาณุวรลักษบุรี","__district":"ขาณุวรลักษบุรี","subdistrict":"บ่อถ้ำ","Tambon":"บ่อถ้ำ","__subdistrict":"บ่อถ้ำ","village":"บ้านวังไทร 1","BaanN":"บ้านวังไทร 1","__village":"บ้านวังไทร 1","land_type":"พื้นที่เกษตร","LandType":"พื้นที่เกษตร","plant_type":"เกษตรอื่น ๆ","PlantType":"เกษตรอื่น ๆ","crop_type":"เกษตรอื่น ๆ","crop_type_raw":"เกษตรอื่น ๆ","__crop":"เกษตรอื่น ๆ","__plant_type":"เกษตรอื่น ๆ","confidence":47,"Q":"47","source":"NASA FIRMS Email Alert - Suomi NPP VIIRS","source_file":"2569-7-20 รวม 67-69 เขต 6.xlsx","filter_rule":"Province=กำแพงเพชร; LandType=พื้นที่เกษตร; PlantType normalized to allowed groups","month":5,"month_key":"2569-05","day_key":"2026-05-04","TambonN":"บ่อถ้ำ","AmphoeN":"ขาณุวรลักษบุรี","ProvinceN":"กำแพงเพชร","Maps":"http://maps.google.com/maps?q=15.89904,99.59902"}},{"type":"Feature","geometry":{"type":"Point","coordinates":[99.79434,16.10784]},"properties":{"hs_id":"VI1202605040657w4ygwuk4bx","hsID":"VI1202605040657w4ygwuk4bx","acq_date":"2026-05-04","Date":"2026-05-04","acq_time":"","year_be":2569,"season_be":2569,"dataset_year_be":2569,"province":"กำแพงเพชร","Province":"กำแพงเพชร","__province":"กำแพงเพชร","district":"ขาณุวรลักษบุรี","Amphoe":"ขาณุวรลักษบุรี","__district":"ขาณุวรลักษบุรี","subdistrict":"เกาะตาล","Tambon":"เกาะตาล","__subdistrict":"เกาะตาล","village":"บ้านดอนแขวน","BaanN":"บ้านดอนแขวน","__village":"บ้านดอนแขวน","land_type":"พื้นที่เกษตร","LandType":"พื้นที่เกษตร","plant_type":"นาข้าว","PlantType":"นาข้าว","crop_type":"นาข้าว","crop_type_raw":"นาข้าว","__crop":"นาข้าว","__plant_type":"นาข้าว","confidence":47,"Q":"47","source":"NASA FIRMS Email Alert - Suomi NPP VIIRS","source_file":"2569-7-20 รวม 67-69 เขต 6.xlsx","filter_rule":"Province=กำแพงเพชร; LandType=พื้นที่เกษตร; PlantType normalized to allowed groups","month":5,"month_key":"2569-05","day_key":"2026-05-04","TambonN":"เกาะตาล","AmphoeN":"ขาณุวรลักษบุรี","ProvinceN":"กำแพงเพชร","Maps":"http://maps.google.com/maps?q=16.10784,99.79434"}},{"type":"Feature","geometry":{"type":"Point","coordinates":[99.34336,16.18384]},"properties":{"hs_id":"VI1202605040657w4yshd5tsn","hsID":"VI1202605040657w4yshd5tsn","acq_date":"2026-05-04","Date":"2026-05-04","acq_time":"","year_be":2569,"season_be":2569,"dataset_year_be":2569,"province":"กำแพงเพชร","Province":"กำแพงเพชร","__province":"กำแพงเพชร","district":"คลองลาน","Amphoe":"คลองลาน","__district":"คลองลาน","subdistrict":"คลองน้ำไหล","Tambon":"คลองน้ำไหล","__subdistrict":"คลองน้ำไหล","village":"บ้านมอเศรษฐี","BaanN":"บ้านมอเศรษฐี","__village":"บ้านมอเศรษฐี","land_type":"พื้นที่เกษตร","LandType":"พื้นที่เกษตร","plant_type":"อ้อย","PlantType":"อ้อย","crop_type":"อ้อย","crop_type_raw":"อ้อย","__crop":"อ้อย","__plant_type":"อ้อย","confidence":47,"Q":"47","source":"NASA FIRMS Email Alert - Suomi NPP VIIRS","source_file":"2569-7-20 รวม 67-69 เขต 6.xlsx","filter_rule":"Province=กำแพงเพชร; LandType=พื้นที่เกษตร; PlantType normalized to allowed groups","month":5,"month_key":"2569-05","day_key":"2026-05-04","TambonN":"คลองน้ำไหล","AmphoeN":"คลองลาน","ProvinceN":"กำแพงเพชร","Maps":"http://maps.google.com/maps?q=16.18384,99.34336"}},{"type":"Feature","geometry":{"type":"Point","coordinates":[99.34284,16.1874]},"properties":{"hs_id":"VI1202605040657w4yshdg4ry","hsID":"VI1202605040657w4yshdg4ry","acq_date":"2026-05-04","Date":"2026-05-04","acq_time":"","year_be":2569,"season_be":2569,"dataset_year_be":2569,"province":"กำแพงเพชร","Province":"กำแพงเพชร","__province":"กำแพงเพชร","district":"คลองลาน","Amphoe":"คลองลาน","__district":"คลองลาน","subdistrict":"คลองน้ำไหล","Tambon":"คลองน้ำไหล","__subdistrict":"คลองน้ำไหล","village":"บ้านมอเศรษฐี","BaanN":"บ้านมอเศรษฐี","__village":"บ้านมอเศรษฐี","land_type":"พื้นที่เกษตร","LandType":"พื้นที่เกษตร","plant_type":"เกษตรอื่น ๆ","PlantType":"เกษตรอื่น ๆ","crop_type":"เกษตรอื่น ๆ","crop_type_raw":"เกษตรอื่น ๆ","__crop":"เกษตรอื่น ๆ","__plant_type":"เกษตรอื่น ๆ","confidence":47,"Q":"47","source":"NASA FIRMS Email Alert - Suomi NPP VIIRS","source_file":"2569-7-20 รวม 67-69 เขต 6.xlsx","filter_rule":"Province=กำแพงเพชร; LandType=พื้นที่เกษตร; PlantType normalized to allowed groups","month":5,"month_key":"2569-05","day_key":"2026-05-04","TambonN":"คลองน้ำไหล","AmphoeN":"คลองลาน","ProvinceN":"กำแพงเพชร","Maps":"http://maps.google.com/maps?q=16.1874,99.34284"}},{"type":"Feature","geometry":{"type":"Point","coordinates":[99.62753,16.19213]},"properties":{"hs_id":"VI1202605040657w4yu55dtcx","hsID":"VI1202605040657w4yu55dtcx","acq_date":"2026-05-04","Date":"2026-05-04","acq_time":"","year_be":2569,"season_be":2569,"dataset_year_be":2569,"province":"กำแพงเพชร","Province":"กำแพงเพชร","__province":"กำแพงเพชร","district":"คลองขลุง","Amphoe":"คลองขลุง","__district":"คลองขลุง","subdistrict":"วังไทร","Tambon":"วังไทร","__subdistrict":"วังไทร","village":"บ้านวังไทร 1","BaanN":"บ้านวังไทร 1","__village":"บ้านวังไทร 1","land_type":"พื้นที่เกษตร","LandType":"พื้นที่เกษตร","plant_type":"นาข้าว","PlantType":"นาข้าว","crop_type":"นาข้าว","crop_type_raw":"นาข้าว","__crop":"นาข้าว","__plant_type":"นาข้าว","confidence":47,"Q":"47","source":"NASA FIRMS Email Alert - Suomi NPP VIIRS","source_file":"2569-7-20 รวม 67-69 เขต 6.xlsx","filter_rule":"Province=กำแพงเพชร; LandType=พื้นที่เกษตร; PlantType normalized to allowed groups","month":5,"month_key":"2569-05","day_key":"2026-05-04","TambonN":"วังไทร","AmphoeN":"คลองขลุง","ProvinceN":"กำแพงเพชร","Maps":"http://maps.google.com/maps?q=16.19213,99.62753"}},{"type":"Feature","geometry":{"type":"Point","coordinates":[99.67668,16.25518]},"properties":{"hs_id":"VI1202605040657w4yukpnm6c","hsID":"VI1202605040657w4yukpnm6c","acq_date":"2026-05-04","Date":"2026-05-04","acq_time":"","year_be":2569,"season_be":2569,"dataset_year_be":2569,"province":"กำแพงเพชร","Province":"กำแพงเพชร","__province":"กำแพงเพชร","district":"คลองขลุง","Amphoe":"คลองขลุง","__district":"คลองขลุง","subdistrict":"ท่าพุทรา","Tambon":"ท่าพุทรา","__subdistrict":"ท่าพุทรา","village":"บ้านคลองยาง","BaanN":"บ้านคลองยาง","__village":"บ้านคลองยาง","land_type":"พื้นที่เกษตร","LandType":"พื้นที่เกษตร","plant_type":"นาข้าว","PlantType":"นาข้าว","crop_type":"นาข้าว","crop_type_raw":"นาข้าว","__crop":"นาข้าว","__plant_type":"นาข้าว","confidence":47,"Q":"47","source":"NASA FIRMS Email Alert - Suomi NPP VIIRS","source_file":"2569-7-20 รวม 67-69 เขต 6.xlsx","filter_rule":"Province=กำแพงเพชร; LandType=พื้นที่เกษตร; PlantType normalized to allowed groups","month":5,"month_key":"2569-05","day_key":"2026-05-04","TambonN":"ท่าพุทรา","AmphoeN":"คลองขลุง","ProvinceN":"กำแพงเพชร","Maps":"http://maps.google.com/maps?q=16.25518,99.67668"}},{"type":"Feature","geometry":{"type":"Point","coordinates":[99.97115,16.1324]},"properties":{"hs_id":"VI1202605040657w4z5fbuf09","hsID":"VI1202605040657w4z5fbuf09","acq_date":"2026-05-04","Date":"2026-05-04","acq_time":"","year_be":2569,"season_be":2569,"dataset_year_be":2569,"province":"กำแพงเพชร","Province":"กำแพงเพชร","__province":"กำแพงเพชร","district":"บึงสามัคคี","Amphoe":"บึงสามัคคี","__district":"บึงสามัคคี","subdistrict":"ระหาน","Tambon":"ระหาน","__subdistrict":"ระหาน","village":"บ้านกระบวยทองใต้","BaanN":"บ้านกระบวยทองใต้","__village":"บ้านกระบวยทองใต้","land_type":"พื้นที่เกษตร","LandType":"พื้นที่เกษตร","plant_type":"อ้อย","PlantType":"อ้อย","crop_type":"อ้อย","crop_type_raw":"อ้อย","__crop":"อ้อย","__plant_type":"อ้อย","confidence":47,"Q":"47","source":"NASA FIRMS Email Alert - Suomi NPP VIIRS","source_file":"2569-7-20 รวม 67-69 เขต 6.xlsx","filter_rule":"Province=กำแพงเพชร; LandType=พื้นที่เกษตร; PlantType normalized to allowed groups","month":5,"month_key":"2569-05","day_key":"2026-05-04","TambonN":"ระหาน","AmphoeN":"บึงสามัคคี","ProvinceN":"กำแพงเพชร","Maps":"http://maps.google.com/maps?q=16.1324,99.97115"}},{"type":"Feature","geometry":{"type":"Point","coordinates":[100.01623,16.17467]},"properties":{"hs_id":"VI1202605040657w4zh5bt871","hsID":"VI1202605040657w4zh5bt871","acq_date":"2026-05-04","Date":"2026-05-04","acq_time":"","year_be":2569,"season_be":2569,"dataset_year_be":2569,"province":"กำแพงเพชร","Province":"กำแพงเพชร","__province":"กำแพงเพชร","district":"บึงสามัคคี","Amphoe":"บึงสามัคคี","__district":"บึงสามัคคี","subdistrict":"วังชะโอน","Tambon":"วังชะโอน","__subdistrict":"วังชะโอน","village":"บ้านวังวัตร, บ้านวังวัด","BaanN":"บ้านวังวัตร, บ้านวังวัด","__village":"บ้านวังวัตร, บ้านวังวัด","land_type":"พื้นที่เกษตร","LandType":"พื้นที่เกษตร","plant_type":"นาข้าว","PlantType":"นาข้าว","crop_type":"นาข้าว","crop_type_raw":"นาข้าว","__crop":"นาข้าว","__plant_type":"นาข้าว","confidence":47,"Q":"47","source":"NASA FIRMS Email Alert - Suomi NPP VIIRS","source_file":"2569-7-20 รวม 67-69 เขต 6.xlsx","filter_rule":"Province=กำแพงเพชร; LandType=พื้นที่เกษตร; PlantType normalized to allowed groups","month":5,"month_key":"2569-05","day_key":"2026-05-04","TambonN":"วังชะโอน","AmphoeN":"บึงสามัคคี","ProvinceN":"กำแพงเพชร","Maps":"http://maps.google.com/maps?q=16.17467,100.01623"}},{"type":"Feature","geometry":{"type":"Point","coordinates":[99.57716,16.34171]},"properties":{"hs_id":"VI1202605040659w4yucyvvk5","hsID":"VI1202605040659w4yucyvvk5","acq_date":"2026-05-04","Date":"2026-05-04","acq_time":"","year_be":2569,"season_be":2569,"dataset_year_be":2569,"province":"กำแพงเพชร","Province":"กำแพงเพชร","__province":"กำแพงเพชร","district":"เมืองกำแพงเพชร","Amphoe":"เมืองกำแพงเพชร","__district":"เมืองกำแพงเพชร","subdistrict":"ไตรตรึงษ์","Tambon":"ไตรตรึงษ์","__subdistrict":"ไตรตรึงษ์","village":"บ้านหนองหลวง","BaanN":"บ้านหนองหลวง","__village":"บ้านหนองหลวง","land_type":"พื้นที่เกษตร","LandType":"พื้นที่เกษตร","plant_type":"อ้อย","PlantType":"อ้อย","crop_type":"อ้อย","crop_type_raw":"อ้อย","__crop":"อ้อย","__plant_type":"อ้อย","confidence":47,"Q":"47","source":"NASA FIRMS Email Alert - Suomi NPP VIIRS","source_file":"2569-7-20 รวม 67-69 เขต 6.xlsx","filter_rule":"Province=กำแพงเพชร; LandType=พื้นที่เกษตร; PlantType normalized to allowed groups","month":5,"month_key":"2569-05","day_key":"2026-05-04","TambonN":"ไตรตรึงษ์","AmphoeN":"เมืองกำแพงเพชร","ProvinceN":"กำแพงเพชร","Maps":"http://maps.google.com/maps?q=16.34171,99.57716"}},{"type":"Feature","geometry":{"type":"Point","coordinates":[99.7643,16.46765]},"properties":{"hs_id":"VI1202605040659w4yvwjy5h8","hsID":"VI1202605040659w4yvwjy5h8","acq_date":"2026-05-04","Date":"2026-05-04","acq_time":"","year_be":2569,"season_be":2569,"dataset_year_be":2569,"province":"กำแพงเพชร","Province":"กำแพงเพชร","__province":"กำแพงเพชร","district":"ไทรงาม","Amphoe":"ไทรงาม","__district":"ไทรงาม","subdistrict":"หนองคล้า","Tambon":"หนองคล้า","__subdistrict":"หนองคล้า","village":"บ้านแม่บัว","BaanN":"บ้านแม่บัว","__village":"บ้านแม่บัว","land_type":"พื้นที่เกษตร","LandType":"พื้นที่เกษตร","plant_type":"นาข้าว","PlantType":"นาข้าว","crop_type":"นาข้าว","crop_type_raw":"นาข้าว","__crop":"นาข้าว","__plant_type":"นาข้าว","confidence":47,"Q":"47","source":"NASA FIRMS Email Alert - Suomi NPP VIIRS","source_file":"2569-7-20 รวม 67-69 เขต 6.xlsx","filter_rule":"Province=กำแพงเพชร; LandType=พื้นที่เกษตร; PlantType normalized to allowed groups","month":5,"month_key":"2569-05","day_key":"2026-05-04","TambonN":"หนองคล้า","AmphoeN":"ไทรงาม","ProvinceN":"กำแพงเพชร","Maps":"http://maps.google.com/maps?q=16.46765,99.7643"}},{"type":"Feature","geometry":{"type":"Point","coordinates":[99.83624,16.46988]},"properties":{"hs_id":"VI1202605040659w4yvxy6810","hsID":"VI1202605040659w4yvxy6810","acq_date":"2026-05-04","Date":"2026-05-04","acq_time":"","year_be":2569,"season_be":2569,"dataset_year_be":2569,"province":"กำแพงเพชร","Province":"กำแพงเพชร","__province":"กำแพงเพชร","district":"ไทรงาม","Amphoe":"ไทรงาม","__district":"ไทรงาม","subdistrict":"หนองคล้า","Tambon":"หนองคล้า","__subdistrict":"หนองคล้า","village":"บ้านหนองคล้า","BaanN":"บ้านหนองคล้า","__village":"บ้านหนองคล้า","land_type":"พื้นที่เกษตร","LandType":"พื้นที่เกษตร","plant_type":"นาข้าว","PlantType":"นาข้าว","crop_type":"นาข้าว","crop_type_raw":"นาข้าว","__crop":"นาข้าว","__plant_type":"นาข้าว","confidence":47,"Q":"47","source":"NASA FIRMS Email Alert - Suomi NPP VIIRS","source_file":"2569-7-20 รวม 67-69 เขต 6.xlsx","filter_rule":"Province=กำแพงเพชร; LandType=พื้นที่เกษตร; PlantType normalized to allowed groups","month":5,"month_key":"2569-05","day_key":"2026-05-04","TambonN":"หนองคล้า","AmphoeN":"ไทรงาม","ProvinceN":"กำแพงเพชร","Maps":"http://maps.google.com/maps?q=16.46988,99.83624"}},{"type":"Feature","geometry":{"type":"Point","coordinates":[99.44939,16.78826]},"properties":{"hs_id":"VI1202605040659w4yxx00ydw","hsID":"VI1202605040659w4yxx00ydw","acq_date":"2026-05-04","Date":"2026-05-04","acq_time":"","year_be":2569,"season_be":2569,"dataset_year_be":2569,"province":"กำแพงเพชร","Province":"กำแพงเพชร","__province":"กำแพงเพชร","district":"พรานกระต่าย","Amphoe":"พรานกระต่าย","__district":"พรานกระต่าย","subdistrict":"วังควง","Tambon":"วังควง","__subdistrict":"วังควง","village":"บ้านสมอโคน","BaanN":"บ้านสมอโคน","__village":"บ้านสมอโคน","land_type":"พื้นที่เกษตร","LandType":"พื้นที่เกษตร","plant_type":"เกษตรอื่น ๆ","PlantType":"เกษตรอื่น ๆ","crop_type":"เกษตรอื่น ๆ","crop_type_raw":"เกษตรอื่น ๆ","__crop":"เกษตรอื่น ๆ","__plant_type":"เกษตรอื่น ๆ","confidence":47,"Q":"47","source":"NASA FIRMS Email Alert - Suomi NPP VIIRS","source_file":"2569-7-20 รวม 67-69 เขต 6.xlsx","filter_rule":"Province=กำแพงเพชร; LandType=พื้นที่เกษตร; PlantType normalized to allowed groups","month":5,"month_key":"2569-05","day_key":"2026-05-04","TambonN":"ท่าไม้","AmphoeN":"พรานกระต่าย","ProvinceN":"กำแพงเพชร","Maps":"http://maps.google.com/maps?q=16.78826,99.44939"}},{"type":"Feature","geometry":{"type":"Point","coordinates":[99.56838,16.66016]},"properties":{"hs_id":"VI1202605040659w4yyc8zkrq","hsID":"VI1202605040659w4yyc8zkrq","acq_date":"2026-05-04","Date":"2026-05-04","acq_time":"","year_be":2569,"season_be":2569,"dataset_year_be":2569,"province":"กำแพงเพชร","Province":"กำแพงเพชร","__province":"กำแพงเพชร","district":"พรานกระต่าย","Amphoe":"พรานกระต่าย","__district":"พรานกระต่าย","subdistrict":"พรานกระต่าย","Tambon":"พรานกระต่าย","__subdistrict":"พรานกระต่าย","village":"บ้านเขาแก้ว","BaanN":"บ้านเขาแก้ว","__village":"บ้านเขาแก้ว","land_type":"พื้นที่เกษตร","LandType":"พื้นที่เกษตร","plant_type":"เกษตรอื่น ๆ","PlantType":"เกษตรอื่น ๆ","crop_type":"เกษตรอื่น ๆ","crop_type_raw":"เกษตรอื่น ๆ","__crop":"เกษตรอื่น ๆ","__plant_type":"เกษตรอื่น ๆ","confidence":47,"Q":"47","source":"NASA FIRMS Email Alert - Suomi NPP VIIRS","source_file":"2569-7-20 รวม 67-69 เขต 6.xlsx","filter_rule":"Province=กำแพงเพชร; LandType=พื้นที่เกษตร; PlantType normalized to allowed groups","month":5,"month_key":"2569-05","day_key":"2026-05-04","TambonN":"พรานกระต่าย","AmphoeN":"พรานกระต่าย","ProvinceN":"กำแพงเพชร","Maps":"http://maps.google.com/maps?q=16.66016,99.56838"}},{"type":"Feature","geometry":{"type":"Point","coordinates":[99.6926,16.59509]},"properties":{"hs_id":"VI1202605040659w4yykt1cmu","hsID":"VI1202605040659w4yykt1cmu","acq_date":"2026-05-04","Date":"2026-05-04","acq_time":"","year_be":2569,"season_be":2569,"dataset_year_be":2569,"province":"กำแพงเพชร","Province":"กำแพงเพชร","__province":"กำแพงเพชร","district":"พรานกระต่าย","Amphoe":"พรานกระต่าย","__district":"พรานกระต่าย","subdistrict":"เขาคีริส","Tambon":"เขาคีริส","__subdistrict":"เขาคีริส","village":"บ้านวังแม่พาย","BaanN":"บ้านวังแม่พาย","__village":"บ้านวังแม่พาย","land_type":"พื้นที่เกษตร","LandType":"พื้นที่เกษตร","plant_type":"นาข้าว","PlantType":"นาข้าว","crop_type":"นาข้าว","crop_type_raw":"นาข้าว","__crop":"นาข้าว","__plant_type":"นาข้าว","confidence":47,"Q":"47","source":"NASA FIRMS Email Alert - Suomi NPP VIIRS","source_file":"2569-7-20 รวม 67-69 เขต 6.xlsx","filter_rule":"Province=กำแพงเพชร; LandType=พื้นที่เกษตร; PlantType normalized to allowed groups","month":5,"month_key":"2569-05","day_key":"2026-05-04","TambonN":"เขาคีริส","AmphoeN":"พรานกระต่าย","ProvinceN":"กำแพงเพชร","Maps":"http://maps.google.com/maps?q=16.59509,99.6926"}},{"type":"Feature","geometry":{"type":"Point","coordinates":[99.67412,16.6297]},"properties":{"hs_id":"VI1202605040659w4yys5k7p2","hsID":"VI1202605040659w4yys5k7p2","acq_date":"2026-05-04","Date":"2026-05-04","acq_time":"","year_be":2569,"season_be":2569,"dataset_year_be":2569,"province":"กำแพงเพชร","Province":"กำแพงเพชร","__province":"กำแพงเพชร","district":"พรานกระต่าย","Amphoe":"พรานกระต่าย","__district":"พรานกระต่าย","subdistrict":"คุยบ้านโอง","Tambon":"คุยบ้านโอง","__subdistrict":"คุยบ้านโอง","village":"บ้านคุยตาแข","BaanN":"บ้านคุยตาแข","__village":"บ้านคุยตาแข","land_type":"พื้นที่เกษตร","LandType":"พื้นที่เกษตร","plant_type":"นาข้าว","PlantType":"นาข้าว","crop_type":"นาข้าว","crop_type_raw":"นาข้าว","__crop":"นาข้าว","__plant_type":"นาข้าว","confidence":47,"Q":"47","source":"NASA FIRMS Email Alert - Suomi NPP VIIRS","source_file":"2569-7-20 รวม 67-69 เขต 6.xlsx","filter_rule":"Province=กำแพงเพชร; LandType=พื้นที่เกษตร; PlantType normalized to allowed groups","month":5,"month_key":"2569-05","day_key":"2026-05-04","TambonN":"คุยบ้านโอง","AmphoeN":"พรานกระต่าย","ProvinceN":"กำแพงเพชร","Maps":"http://maps.google.com/maps?q=16.6297,99.67412"}},{"type":"Feature","geometry":{"type":"Point","coordinates":[99.63402,16.72843]},"properties":{"hs_id":"VI1202605040659w4yz5jr60v","hsID":"VI1202605040659w4yz5jr60v","acq_date":"2026-05-04","Date":"2026-05-04","acq_time":"","year_be":2569,"season_be":2569,"dataset_year_be":2569,"province":"กำแพงเพชร","Province":"กำแพงเพชร","__province":"กำแพงเพชร","district":"พรานกระต่าย","Amphoe":"พรานกระต่าย","__district":"พรานกระต่าย","subdistrict":"ห้วยยั้ง","Tambon":"ห้วยยั้ง","__subdistrict":"ห้วยยั้ง","village":"บ้านแคทอง","BaanN":"บ้านแคทอง","__village":"บ้านแคทอง","land_type":"พื้นที่เกษตร","LandType":"พื้นที่เกษตร","plant_type":"นาข้าว","PlantType":"นาข้าว","crop_type":"นาข้าว","crop_type_raw":"นาข้าว","__crop":"นาข้าว","__plant_type":"นาข้าว","confidence":47,"Q":"47","source":"NASA FIRMS Email Alert - Suomi NPP VIIRS","source_file":"2569-7-20 รวม 67-69 เขต 6.xlsx","filter_rule":"Province=กำแพงเพชร; LandType=พื้นที่เกษตร; PlantType normalized to allowed groups","month":5,"month_key":"2569-05","day_key":"2026-05-04","TambonN":"ห้วยยั้ง","AmphoeN":"พรานกระต่าย","ProvinceN":"กำแพงเพชร","Maps":"http://maps.google.com/maps?q=16.72843,99.63402"}},{"type":"Feature","geometry":{"type":"Point","coordinates":[99.87382,16.69768]},"properties":{"hs_id":"VI1202605040659w4znbxtzh9","hsID":"VI1202605040659w4znbxtzh9","acq_date":"2026-05-04","Date":"2026-05-04","acq_time":"","year_be":2569,"season_be":2569,"dataset_year_be":2569,"province":"กำแพงเพชร","Province":"กำแพงเพชร","__province":"กำแพงเพชร","district":"ลานกระบือ","Amphoe":"ลานกระบือ","__district":"ลานกระบือ","subdistrict":"บึงทับแรต","Tambon":"บึงทับแรต","__subdistrict":"บึงทับแรต","village":"บ้านหนองท่าไม้","BaanN":"บ้านหนองท่าไม้","__village":"บ้านหนองท่าไม้","land_type":"พื้นที่เกษตร","LandType":"พื้นที่เกษตร","plant_type":"อ้อย","PlantType":"อ้อย","crop_type":"อ้อย","crop_type_raw":"อ้อย","__crop":"อ้อย","__plant_type":"อ้อย","confidence":47,"Q":"47","source":"NASA FIRMS Email Alert - Suomi NPP VIIRS","source_file":"2569-7-20 รวม 67-69 เขต 6.xlsx","filter_rule":"Province=กำแพงเพชร; LandType=พื้นที่เกษตร; PlantType normalized to allowed groups","month":5,"month_key":"2569-05","day_key":"2026-05-04","TambonN":"บึงทับแรต","AmphoeN":"ลานกระบือ","ProvinceN":"กำแพงเพชร","Maps":"http://maps.google.com/maps?q=16.69768,99.87382"}},{"type":"Feature","geometry":{"type":"Point","coordinates":[99.81309,15.95569]},"properties":{"hs_id":"VI1202605050637w4yfz29sts","hsID":"VI1202605050637w4yfz29sts","acq_date":"2026-05-05","Date":"2026-05-05","acq_time":"","year_be":2569,"season_be":2569,"dataset_year_be":2569,"province":"กำแพงเพชร","Province":"กำแพงเพชร","__province":"กำแพงเพชร","district":"ขาณุวรลักษบุรี","Amphoe":"ขาณุวรลักษบุรี","__district":"ขาณุวรลักษบุรี","subdistrict":"สลกบาตร","Tambon":"สลกบาตร","__subdistrict":"สลกบาตร","village":"บ้านดงดำ, บ้านดงคำน้อย","BaanN":"บ้านดงดำ, บ้านดงคำน้อย","__village":"บ้านดงดำ, บ้านดงคำน้อย","land_type":"พื้นที่เกษตร","LandType":"พื้นที่เกษตร","plant_type":"นาข้าว","PlantType":"นาข้าว","crop_type":"นาข้าว","crop_type_raw":"นาข้าว","__crop":"นาข้าว","__plant_type":"นาข้าว","confidence":47,"Q":"47","source":"NASA FIRMS Email Alert - Suomi NPP VIIRS","source_file":"2569-7-20 รวม 67-69 เขต 6.xlsx","filter_rule":"Province=กำแพงเพชร; LandType=พื้นที่เกษตร; PlantType normalized to allowed groups","month":5,"month_key":"2569-05","day_key":"2026-05-05","TambonN":"บ่อถ้ำ","AmphoeN":"ขาณุวรลักษบุรี","ProvinceN":"กำแพงเพชร","Maps":"http://maps.google.com/maps?q=15.95569,99.81309"}},{"type":"Feature","geometry":{"type":"Point","coordinates":[99.8103,16.01502]},"properties":{"hs_id":"VI1202605050637w4ygp5rwk8","hsID":"VI1202605050637w4ygp5rwk8","acq_date":"2026-05-05","Date":"2026-05-05","acq_time":"","year_be":2569,"season_be":2569,"dataset_year_be":2569,"province":"กำแพงเพชร","Province":"กำแพงเพชร","__province":"กำแพงเพชร","district":"ขาณุวรลักษบุรี","Amphoe":"ขาณุวรลักษบุรี","__district":"ขาณุวรลักษบุรี","subdistrict":"สลกบาตร","Tambon":"สลกบาตร","__subdistrict":"สลกบาตร","village":"บ้านหนองตะคล้อ (สลกบาตร)","BaanN":"บ้านหนองตะคล้อ (สลกบาตร)","__village":"บ้านหนองตะคล้อ (สลกบาตร)","land_type":"พื้นที่เกษตร","LandType":"พื้นที่เกษตร","plant_type":"นาข้าว","PlantType":"นาข้าว","crop_type":"นาข้าว","crop_type_raw":"นาข้าว","__crop":"นาข้าว","__plant_type":"นาข้าว","confidence":47,"Q":"47","source":"NASA FIRMS Email Alert - Suomi NPP VIIRS","source_file":"2569-7-20 รวม 67-69 เขต 6.xlsx","filter_rule":"Province=กำแพงเพชร; LandType=พื้นที่เกษตร; PlantType normalized to allowed groups","month":5,"month_key":"2569-05","day_key":"2026-05-05","TambonN":"สลกบาตร","AmphoeN":"ขาณุวรลักษบุรี","ProvinceN":"กำแพงเพชร","Maps":"http://maps.google.com/maps?q=16.01502,99.8103"}},{"type":"Feature","geometry":{"type":"Point","coordinates":[99.81395,16.10347]},"properties":{"hs_id":"VI1202605050637w4ygx7d398","hsID":"VI1202605050637w4ygx7d398","acq_date":"2026-05-05","Date":"2026-05-05","acq_time":"","year_be":2569,"season_be":2569,"dataset_year_be":2569,"province":"กำแพงเพชร","Province":"กำแพงเพชร","__province":"กำแพงเพชร","district":"ขาณุวรลักษบุรี","Amphoe":"ขาณุวรลักษบุรี","__district":"ขาณุวรลักษบุรี","subdistrict":"เกาะตาล","Tambon":"เกาะตาล","__subdistrict":"เกาะตาล","village":"บ้านดงยาง","BaanN":"บ้านดงยาง","__village":"บ้านดงยาง","land_type":"พื้นที่เกษตร","LandType":"พื้นที่เกษตร","plant_type":"นาข้าว","PlantType":"นาข้าว","crop_type":"นาข้าว","crop_type_raw":"นาข้าว","__crop":"นาข้าว","__plant_type":"นาข้าว","confidence":47,"Q":"47","source":"NASA FIRMS Email Alert - Suomi NPP VIIRS","source_file":"2569-7-20 รวม 67-69 เขต 6.xlsx","filter_rule":"Province=กำแพงเพชร; LandType=พื้นที่เกษตร; PlantType normalized to allowed groups","month":5,"month_key":"2569-05","day_key":"2026-05-05","TambonN":"เกาะตาล","AmphoeN":"ขาณุวรลักษบุรี","ProvinceN":"กำแพงเพชร","Maps":"http://maps.google.com/maps?q=16.10347,99.81395"}},{"type":"Feature","geometry":{"type":"Point","coordinates":[99.4682,16.50915]},"properties":{"hs_id":"VI1202605050637w4ytzmqsc0","hsID":"VI1202605050637w4ytzmqsc0","acq_date":"2026-05-05","Date":"2026-05-05","acq_time":"","year_be":2569,"season_be":2569,"dataset_year_be":2569,"province":"กำแพงเพชร","Province":"กำแพงเพชร","__province":"กำแพงเพชร","district":"เมืองกำแพงเพชร","Amphoe":"เมืองกำแพงเพชร","__district":"เมืองกำแพงเพชร","subdistrict":"ทรงธรรม","Tambon":"ทรงธรรม","__subdistrict":"ทรงธรรม","village":"บ้านสหกรณ์","BaanN":"บ้านสหกรณ์","__village":"บ้านสหกรณ์","land_type":"พื้นที่เกษตร","LandType":"พื้นที่เกษตร","plant_type":"นาข้าว","PlantType":"นาข้าว","crop_type":"นาข้าว","crop_type_raw":"นาข้าว","__crop":"นาข้าว","__plant_type":"นาข้าว","confidence":47,"Q":"47","source":"NASA FIRMS Email Alert - Suomi NPP VIIRS","source_file":"2569-7-20 รวม 67-69 เขต 6.xlsx","filter_rule":"Province=กำแพงเพชร; LandType=พื้นที่เกษตร; PlantType normalized to allowed groups","month":5,"month_key":"2569-05","day_key":"2026-05-05","TambonN":"ทรงธรรม","AmphoeN":"เมืองกำแพงเพชร","ProvinceN":"กำแพงเพชร","Maps":"http://maps.google.com/maps?q=16.50915,99.4682"}},{"type":"Feature","geometry":{"type":"Point","coordinates":[99.69382,16.33899]},"properties":{"hs_id":"VI1202605050637w4yuuw6vd2","hsID":"VI1202605050637w4yuuw6vd2","acq_date":"2026-05-05","Date":"2026-05-05","acq_time":"","year_be":2569,"season_be":2569,"dataset_year_be":2569,"province":"กำแพงเพชร","Province":"กำแพงเพชร","__province":"กำแพงเพชร","district":"เมืองกำแพงเพชร","Amphoe":"เมืองกำแพงเพชร","__district":"เมืองกำแพงเพชร","subdistrict":"คณฑี","Tambon":"คณฑี","__subdistrict":"คณฑี","village":"บ้านท่าเสลี่ยง","BaanN":"บ้านท่าเสลี่ยง","__village":"บ้านท่าเสลี่ยง","land_type":"พื้นที่เกษตร","LandType":"พื้นที่เกษตร","plant_type":"นาข้าว","PlantType":"นาข้าว","crop_type":"นาข้าว","crop_type_raw":"นาข้าว","__crop":"นาข้าว","__plant_type":"นาข้าว","confidence":47,"Q":"47","source":"NASA FIRMS Email Alert - Suomi NPP VIIRS","source_file":"2569-7-20 รวม 67-69 เขต 6.xlsx","filter_rule":"Province=กำแพงเพชร; LandType=พื้นที่เกษตร; PlantType normalized to allowed groups","month":5,"month_key":"2569-05","day_key":"2026-05-05","TambonN":"คณฑี","AmphoeN":"เมืองกำแพงเพชร","ProvinceN":"กำแพงเพชร","Maps":"http://maps.google.com/maps?q=16.33899,99.69382"}},{"type":"Feature","geometry":{"type":"Point","coordinates":[99.69753,16.33959]},"properties":{"hs_id":"VI1202605050637w4yuuwt90b","hsID":"VI1202605050637w4yuuwt90b","acq_date":"2026-05-05","Date":"2026-05-05","acq_time":"","year_be":2569,"season_be":2569,"dataset_year_be":2569,"province":"กำแพงเพชร","Province":"กำแพงเพชร","__province":"กำแพงเพชร","district":"เมืองกำแพงเพชร","Amphoe":"เมืองกำแพงเพชร","__district":"เมืองกำแพงเพชร","subdistrict":"คณฑี","Tambon":"คณฑี","__subdistrict":"คณฑี","village":"บ้านสามง่าม","BaanN":"บ้านสามง่าม","__village":"บ้านสามง่าม","land_type":"พื้นที่เกษตร","LandType":"พื้นที่เกษตร","plant_type":"นาข้าว","PlantType":"นาข้าว","crop_type":"นาข้าว","crop_type_raw":"นาข้าว","__crop":"นาข้าว","__plant_type":"นาข้าว","confidence":47,"Q":"47","source":"NASA FIRMS Email Alert - Suomi NPP VIIRS","source_file":"2569-7-20 รวม 67-69 เขต 6.xlsx","filter_rule":"Province=กำแพงเพชร; LandType=พื้นที่เกษตร; PlantType normalized to allowed groups","month":5,"month_key":"2569-05","day_key":"2026-05-05","TambonN":"วังบัว","AmphoeN":"คลองขลุง","ProvinceN":"กำแพงเพชร","Maps":"http://maps.google.com/maps?q=16.33959,99.69753"}},{"type":"Feature","geometry":{"type":"Point","coordinates":[99.77812,16.46751]},"properties":{"hs_id":"VI1202605050637w4yvwtb4nw","hsID":"VI1202605050637w4yvwtb4nw","acq_date":"2026-05-05","Date":"2026-05-05","acq_time":"","year_be":2569,"season_be":2569,"dataset_year_be":2569,"province":"กำแพงเพชร","Province":"กำแพงเพชร","__province":"กำแพงเพชร","district":"ไทรงาม","Amphoe":"ไทรงาม","__district":"ไทรงาม","subdistrict":"หนองคล้า","Tambon":"หนองคล้า","__subdistrict":"หนองคล้า","village":"บ้านแม่บัว","BaanN":"บ้านแม่บัว","__village":"บ้านแม่บัว","land_type":"พื้นที่เกษตร","LandType":"พื้นที่เกษตร","plant_type":"นาข้าว","PlantType":"นาข้าว","crop_type":"นาข้าว","crop_type_raw":"นาข้าว","__crop":"นาข้าว","__plant_type":"นาข้าว","confidence":47,"Q":"47","source":"NASA FIRMS Email Alert - Suomi NPP VIIRS","source_file":"2569-7-20 รวม 67-69 เขต 6.xlsx","filter_rule":"Province=กำแพงเพชร; LandType=พื้นที่เกษตร; PlantType normalized to allowed groups","month":5,"month_key":"2569-05","day_key":"2026-05-05","TambonN":"หนองคล้า","AmphoeN":"ไทรงาม","ProvinceN":"กำแพงเพชร","Maps":"http://maps.google.com/maps?q=16.46751,99.77812"}},{"type":"Feature","geometry":{"type":"Point","coordinates":[99.41645,16.65421]},"properties":{"hs_id":"VI1202605050637w4ywwrbcg1","hsID":"VI1202605050637w4ywwrbcg1","acq_date":"2026-05-05","Date":"2026-05-05","acq_time":"","year_be":2569,"season_be":2569,"dataset_year_be":2569,"province":"กำแพงเพชร","Province":"กำแพงเพชร","__province":"กำแพงเพชร","district":"เมืองกำแพงเพชร","Amphoe":"เมืองกำแพงเพชร","__district":"เมืองกำแพงเพชร","subdistrict":"ลานดอกไม้","Tambon":"ลานดอกไม้","__subdistrict":"ลานดอกไม้","village":"บ้านเกาะน้ำโจน","BaanN":"บ้านเกาะน้ำโจน","__village":"บ้านเกาะน้ำโจน","land_type":"พื้นที่เกษตร","LandType":"พื้นที่เกษตร","plant_type":"นาข้าว","PlantType":"นาข้าว","crop_type":"นาข้าว","crop_type_raw":"นาข้าว","__crop":"นาข้าว","__plant_type":"นาข้าว","confidence":47,"Q":"47","source":"NASA FIRMS Email Alert - Suomi NPP VIIRS","source_file":"2569-7-20 รวม 67-69 เขต 6.xlsx","filter_rule":"Province=กำแพงเพชร; LandType=พื้นที่เกษตร; PlantType normalized to allowed groups","month":5,"month_key":"2569-05","day_key":"2026-05-05","TambonN":"ท่าไม้","AmphoeN":"พรานกระต่าย","ProvinceN":"กำแพงเพชร","Maps":"http://maps.google.com/maps?q=16.65421,99.41645"}},{"type":"Feature","geometry":{"type":"Point","coordinates":[99.86059,16.09897]},"properties":{"hs_id":"VI1202605050637w4z586sr23","hsID":"VI1202605050637w4z586sr23","acq_date":"2026-05-05","Date":"2026-05-05","acq_time":"","year_be":2569,"season_be":2569,"dataset_year_be":2569,"province":"กำแพงเพชร","Province":"กำแพงเพชร","__province":"กำแพงเพชร","district":"ขาณุวรลักษบุรี","Amphoe":"ขาณุวรลักษบุรี","__district":"ขาณุวรลักษบุรี","subdistrict":"ยางสูง","Tambon":"ยางสูง","__subdistrict":"ยางสูง","village":"บ้านวังวน, บ้านคลองวน","BaanN":"บ้านวังวน, บ้านคลองวน","__village":"บ้านวังวน, บ้านคลองวน","land_type":"พื้นที่เกษตร","LandType":"พื้นที่เกษตร","plant_type":"นาข้าว","PlantType":"นาข้าว","crop_type":"นาข้าว","crop_type_raw":"นาข้าว","__crop":"นาข้าว","__plant_type":"นาข้าว","confidence":47,"Q":"47","source":"NASA FIRMS Email Alert - Suomi NPP VIIRS","source_file":"2569-7-20 รวม 67-69 เขต 6.xlsx","filter_rule":"Province=กำแพงเพชร; LandType=พื้นที่เกษตร; PlantType normalized to allowed groups","month":5,"month_key":"2569-05","day_key":"2026-05-05","TambonN":"ยางสูง","AmphoeN":"ขาณุวรลักษบุรี","ProvinceN":"กำแพงเพชร","Maps":"http://maps.google.com/maps?q=16.09897,99.86059"}},{"type":"Feature","geometry":{"type":"Point","coordinates":[99.66693,16.24763]},"properties":{"hs_id":"VI1202605060620w4yu7vz1rc","hsID":"VI1202605060620w4yu7vz1rc","acq_date":"2026-05-06","Date":"2026-05-06","acq_time":"","year_be":2569,"season_be":2569,"dataset_year_be":2569,"province":"กำแพงเพชร","Province":"กำแพงเพชร","__province":"กำแพงเพชร","district":"คลองขลุง","Amphoe":"คลองขลุง","__district":"คลองขลุง","subdistrict":"หัวถนน","Tambon":"หัวถนน","__subdistrict":"หัวถนน","village":"บ้านหนองขาม","BaanN":"บ้านหนองขาม","__village":"บ้านหนองขาม","land_type":"พื้นที่เกษตร","LandType":"พื้นที่เกษตร","plant_type":"นาข้าว","PlantType":"นาข้าว","crop_type":"นาข้าว","crop_type_raw":"นาข้าว","__crop":"นาข้าว","__plant_type":"นาข้าว","confidence":47,"Q":"47","source":"NASA FIRMS Email Alert - Suomi NPP VIIRS","source_file":"2569-7-20 รวม 67-69 เขต 6.xlsx","filter_rule":"Province=กำแพงเพชร; LandType=พื้นที่เกษตร; PlantType normalized to allowed groups","month":5,"month_key":"2569-05","day_key":"2026-05-06","TambonN":"หัวถนน","AmphoeN":"คลองขลุง","ProvinceN":"กำแพงเพชร","Maps":"http://maps.google.com/maps?q=16.24763,99.66693"}},{"type":"Feature","geometry":{"type":"Point","coordinates":[99.66586,16.24952]},"properties":{"hs_id":"VI1202605060620w4yu7ynkqf","hsID":"VI1202605060620w4yu7ynkqf","acq_date":"2026-05-06","Date":"2026-05-06","acq_time":"","year_be":2569,"season_be":2569,"dataset_year_be":2569,"province":"กำแพงเพชร","Province":"กำแพงเพชร","__province":"กำแพงเพชร","district":"คลองขลุง","Amphoe":"คลองขลุง","__district":"คลองขลุง","subdistrict":"หัวถนน","Tambon":"หัวถนน","__subdistrict":"หัวถนน","village":"บ้านหนองขาม","BaanN":"บ้านหนองขาม","__village":"บ้านหนองขาม","land_type":"พื้นที่เกษตร","LandType":"พื้นที่เกษตร","plant_type":"นาข้าว","PlantType":"นาข้าว","crop_type":"นาข้าว","crop_type_raw":"นาข้าว","__crop":"นาข้าว","__plant_type":"นาข้าว","confidence":47,"Q":"47","source":"NASA FIRMS Email Alert - Suomi NPP VIIRS","source_file":"2569-7-20 รวม 67-69 เขต 6.xlsx","filter_rule":"Province=กำแพงเพชร; LandType=พื้นที่เกษตร; PlantType normalized to allowed groups","month":5,"month_key":"2569-05","day_key":"2026-05-06","TambonN":"หัวถนน","AmphoeN":"คลองขลุง","ProvinceN":"กำแพงเพชร","Maps":"http://maps.google.com/maps?q=16.24952,99.66586"}},{"type":"Feature","geometry":{"type":"Point","coordinates":[99.79179,16.26782]},"properties":{"hs_id":"VI1202605060620w4yuwc6nvj","hsID":"VI1202605060620w4yuwc6nvj","acq_date":"2026-05-06","Date":"2026-05-06","acq_time":"","year_be":2569,"season_be":2569,"dataset_year_be":2569,"province":"กำแพงเพชร","Province":"กำแพงเพชร","__province":"กำแพงเพชร","district":"คลองขลุง","Amphoe":"คลองขลุง","__district":"คลองขลุง","subdistrict":"วังยาง","Tambon":"วังยาง","__subdistrict":"วังยาง","village":"บ้านวังตะล่อม","BaanN":"บ้านวังตะล่อม","__village":"บ้านวังตะล่อม","land_type":"พื้นที่เกษตร","LandType":"พื้นที่เกษตร","plant_type":"นาข้าว","PlantType":"นาข้าว","crop_type":"นาข้าว","crop_type_raw":"นาข้าว","__crop":"นาข้าว","__plant_type":"นาข้าว","confidence":47,"Q":"47","source":"NASA FIRMS Email Alert - Suomi NPP VIIRS","source_file":"2569-7-20 รวม 67-69 เขต 6.xlsx","filter_rule":"Province=กำแพงเพชร; LandType=พื้นที่เกษตร; PlantType normalized to allowed groups","month":5,"month_key":"2569-05","day_key":"2026-05-06","TambonN":"วังยาง","AmphoeN":"คลองขลุง","ProvinceN":"กำแพงเพชร","Maps":"http://maps.google.com/maps?q=16.26782,99.79179"}},{"type":"Feature","geometry":{"type":"Point","coordinates":[99.45016,16.74401]},"properties":{"hs_id":"VI1202605060620w4yxr01kut","hsID":"VI1202605060620w4yxr01kut","acq_date":"2026-05-06","Date":"2026-05-06","acq_time":"","year_be":2569,"season_be":2569,"dataset_year_be":2569,"province":"กำแพงเพชร","Province":"กำแพงเพชร","__province":"กำแพงเพชร","district":"พรานกระต่าย","Amphoe":"พรานกระต่าย","__district":"พรานกระต่าย","subdistrict":"ท่าไม้","Tambon":"ท่าไม้","__subdistrict":"ท่าไม้","village":"บ้านนาวังไม้แดง","BaanN":"บ้านนาวังไม้แดง","__village":"บ้านนาวังไม้แดง","land_type":"พื้นที่เกษตร","LandType":"พื้นที่เกษตร","plant_type":"นาข้าว","PlantType":"นาข้าว","crop_type":"นาข้าว","crop_type_raw":"นาข้าว","__crop":"นาข้าว","__plant_type":"นาข้าว","confidence":47,"Q":"47","source":"NASA FIRMS Email Alert - Suomi NPP VIIRS","source_file":"2569-7-20 รวม 67-69 เขต 6.xlsx","filter_rule":"Province=กำแพงเพชร; LandType=พื้นที่เกษตร; PlantType normalized to allowed groups","month":5,"month_key":"2569-05","day_key":"2026-05-06","TambonN":"ท่าไม้","AmphoeN":"พรานกระต่าย","ProvinceN":"กำแพงเพชร","Maps":"http://maps.google.com/maps?q=16.74401,99.45016"}},{"type":"Feature","geometry":{"type":"Point","coordinates":[99.45064,16.74524]},"properties":{"hs_id":"VI1202605060620w4yxr03spf","hsID":"VI1202605060620w4yxr03spf","acq_date":"2026-05-06","Date":"2026-05-06","acq_time":"","year_be":2569,"season_be":2569,"dataset_year_be":2569,"province":"กำแพงเพชร","Province":"กำแพงเพชร","__province":"กำแพงเพชร","district":"พรานกระต่าย","Amphoe":"พรานกระต่าย","__district":"พรานกระต่าย","subdistrict":"ท่าไม้","Tambon":"ท่าไม้","__subdistrict":"ท่าไม้","village":"บ้านนาวังไม้แดง","BaanN":"บ้านนาวังไม้แดง","__village":"บ้านนาวังไม้แดง","land_type":"พื้นที่เกษตร","LandType":"พื้นที่เกษตร","plant_type":"นาข้าว","PlantType":"นาข้าว","crop_type":"นาข้าว","crop_type_raw":"นาข้าว","__crop":"นาข้าว","__plant_type":"นาข้าว","confidence":47,"Q":"47","source":"NASA FIRMS Email Alert - Suomi NPP VIIRS","source_file":"2569-7-20 รวม 67-69 เขต 6.xlsx","filter_rule":"Province=กำแพงเพชร; LandType=พื้นที่เกษตร; PlantType normalized to allowed groups","month":5,"month_key":"2569-05","day_key":"2026-05-06","TambonN":"ท่าไม้","AmphoeN":"พรานกระต่าย","ProvinceN":"กำแพงเพชร","Maps":"http://maps.google.com/maps?q=16.74524,99.45064"}},{"type":"Feature","geometry":{"type":"Point","coordinates":[99.68433,16.63382]},"properties":{"hs_id":"VI1202605060620w4yysk5gj0","hsID":"VI1202605060620w4yysk5gj0","acq_date":"2026-05-06","Date":"2026-05-06","acq_time":"","year_be":2569,"season_be":2569,"dataset_year_be":2569,"province":"กำแพงเพชร","Province":"กำแพงเพชร","__province":"กำแพงเพชร","district":"พรานกระต่าย","Amphoe":"พรานกระต่าย","__district":"พรานกระต่าย","subdistrict":"คุยบ้านโอง","Tambon":"คุยบ้านโอง","__subdistrict":"คุยบ้านโอง","village":"บ้านจำปาทอง","BaanN":"บ้านจำปาทอง","__village":"บ้านจำปาทอง","land_type":"พื้นที่เกษตร","LandType":"พื้นที่เกษตร","plant_type":"นาข้าว","PlantType":"นาข้าว","crop_type":"นาข้าว","crop_type_raw":"นาข้าว","__crop":"นาข้าว","__plant_type":"นาข้าว","confidence":47,"Q":"47","source":"NASA FIRMS Email Alert - Suomi NPP VIIRS","source_file":"2569-7-20 รวม 67-69 เขต 6.xlsx","filter_rule":"Province=กำแพงเพชร; LandType=พื้นที่เกษตร; PlantType normalized to allowed groups","month":5,"month_key":"2569-05","day_key":"2026-05-06","TambonN":"คลองพิไกร","AmphoeN":"พรานกระต่าย","ProvinceN":"กำแพงเพชร","Maps":"http://maps.google.com/maps?q=16.63382,99.68433"}},{"type":"Feature","geometry":{"type":"Point","coordinates":[100.0033,16.32798]},"properties":{"hs_id":"VI1202605060620w4zhgskjmu","hsID":"VI1202605060620w4zhgskjmu","acq_date":"2026-05-06","Date":"2026-05-06","acq_time":"","year_be":2569,"season_be":2569,"dataset_year_be":2569,"province":"กำแพงเพชร","Province":"กำแพงเพชร","__province":"กำแพงเพชร","district":"บึงสามัคคี","Amphoe":"บึงสามัคคี","__district":"บึงสามัคคี","subdistrict":"บึงสามัคคี","Tambon":"บึงสามัคคี","__subdistrict":"บึงสามัคคี","village":"บ้านอู่ตะเภา","BaanN":"บ้านอู่ตะเภา","__village":"บ้านอู่ตะเภา","land_type":"พื้นที่เกษตร","LandType":"พื้นที่เกษตร","plant_type":"นาข้าว","PlantType":"นาข้าว","crop_type":"นาข้าว","crop_type_raw":"นาข้าว","__crop":"นาข้าว","__plant_type":"นาข้าว","confidence":47,"Q":"47","source":"NASA FIRMS Email Alert - Suomi NPP VIIRS","source_file":"2569-7-20 รวม 67-69 เขต 6.xlsx","filter_rule":"Province=กำแพงเพชร; LandType=พื้นที่เกษตร; PlantType normalized to allowed groups","month":5,"month_key":"2569-05","day_key":"2026-05-06","TambonN":"บึงสามัคคี","AmphoeN":"บึงสามัคคี","ProvinceN":"กำแพงเพชร","Maps":"http://maps.google.com/maps?q=16.32798,100.0033"}},{"type":"Feature","geometry":{"type":"Point","coordinates":[99.8978,16.59953]},"properties":{"hs_id":"VI1202605060620w4zn3jz772","hsID":"VI1202605060620w4zn3jz772","acq_date":"2026-05-06","Date":"2026-05-06","acq_time":"","year_be":2569,"season_be":2569,"dataset_year_be":2569,"province":"กำแพงเพชร","Province":"กำแพงเพชร","__province":"กำแพงเพชร","district":"ลานกระบือ","Amphoe":"ลานกระบือ","__district":"ลานกระบือ","subdistrict":"ช่องลม","Tambon":"ช่องลม","__subdistrict":"ช่องลม","village":"บ้านบึงกระดาน","BaanN":"บ้านบึงกระดาน","__village":"บ้านบึงกระดาน","land_type":"พื้นที่เกษตร","LandType":"พื้นที่เกษตร","plant_type":"อ้อย","PlantType":"อ้อย","crop_type":"อ้อย","crop_type_raw":"อ้อย","__crop":"อ้อย","__plant_type":"อ้อย","confidence":47,"Q":"47","source":"NASA FIRMS Email Alert - Suomi NPP VIIRS","source_file":"2569-7-20 รวม 67-69 เขต 6.xlsx","filter_rule":"Province=กำแพงเพชร; LandType=พื้นที่เกษตร; PlantType normalized to allowed groups","month":5,"month_key":"2569-05","day_key":"2026-05-06","TambonN":"ช่องลม","AmphoeN":"ลานกระบือ","ProvinceN":"กำแพงเพชร","Maps":"http://maps.google.com/maps?q=16.59953,99.8978"}},{"type":"Feature","geometry":{"type":"Point","coordinates":[99.58518,16.39937]},"properties":{"hs_id":"VI1202605061851w4yv617tqb","hsID":"VI1202605061851w4yv617tqb","acq_date":"2026-05-07","Date":"2026-05-07","acq_time":"","year_be":2569,"season_be":2569,"dataset_year_be":2569,"province":"กำแพงเพชร","Province":"กำแพงเพชร","__province":"กำแพงเพชร","district":"เมืองกำแพงเพชร","Amphoe":"เมืองกำแพงเพชร","__district":"เมืองกำแพงเพชร","subdistrict":"เทพนคร","Tambon":"เทพนคร","__subdistrict":"เทพนคร","village":"บ้านศรีนคร","BaanN":"บ้านศรีนคร","__village":"บ้านศรีนคร","land_type":"พื้นที่เกษตร","LandType":"พื้นที่เกษตร","plant_type":"อ้อย","PlantType":"อ้อย","crop_type":"อ้อย","crop_type_raw":"อ้อย","__crop":"อ้อย","__plant_type":"อ้อย","confidence":47,"Q":"47","source":"NASA FIRMS Email Alert - Suomi NPP VIIRS","source_file":"2569-7-20 รวม 67-69 เขต 6.xlsx","filter_rule":"Province=กำแพงเพชร; LandType=พื้นที่เกษตร; PlantType normalized to allowed groups","month":5,"month_key":"2569-05","day_key":"2026-05-07","TambonN":"เทพนคร","AmphoeN":"เมืองกำแพงเพชร","ProvinceN":"กำแพงเพชร","Maps":"http://maps.google.com/maps?q=16.39937,99.58518"}},{"type":"Feature","geometry":{"type":"Point","coordinates":[99.61475,16.56585]},"properties":{"hs_id":"VI1202605070741w4yy4z9ppf","hsID":"VI1202605070741w4yy4z9ppf","acq_date":"2026-05-07","Date":"2026-05-07","acq_time":"","year_be":2569,"season_be":2569,"dataset_year_be":2569,"province":"กำแพงเพชร","Province":"กำแพงเพชร","__province":"กำแพงเพชร","district":"พรานกระต่าย","Amphoe":"พรานกระต่าย","__district":"พรานกระต่าย","subdistrict":"เขาคีริส","Tambon":"เขาคีริส","__subdistrict":"เขาคีริส","village":"บ้านวังพาน","BaanN":"บ้านวังพาน","__village":"บ้านวังพาน","land_type":"พื้นที่เกษตร","LandType":"พื้นที่เกษตร","plant_type":"นาข้าว","PlantType":"นาข้าว","crop_type":"นาข้าว","crop_type_raw":"นาข้าว","__crop":"นาข้าว","__plant_type":"นาข้าว","confidence":47,"Q":"47","source":"NASA FIRMS Email Alert - Suomi NPP VIIRS","source_file":"2569-7-20 รวม 67-69 เขต 6.xlsx","filter_rule":"Province=กำแพงเพชร; LandType=พื้นที่เกษตร; PlantType normalized to allowed groups","month":5,"month_key":"2569-05","day_key":"2026-05-07","TambonN":"เขาคีริส","AmphoeN":"พรานกระต่าย","ProvinceN":"กำแพงเพชร","Maps":"http://maps.google.com/maps?q=16.56585,99.61475"}},{"type":"Feature","geometry":{"type":"Point","coordinates":[99.61768,16.56521]},"properties":{"hs_id":"VI1202605070741w4yy4ze7k4","hsID":"VI1202605070741w4yy4ze7k4","acq_date":"2026-05-07","Date":"2026-05-07","acq_time":"","year_be":2569,"season_be":2569,"dataset_year_be":2569,"province":"กำแพงเพชร","Province":"กำแพงเพชร","__province":"กำแพงเพชร","district":"พรานกระต่าย","Amphoe":"พรานกระต่าย","__district":"พรานกระต่าย","subdistrict":"เขาคีริส","Tambon":"เขาคีริส","__subdistrict":"เขาคีริส","village":"บ้านวังพาน","BaanN":"บ้านวังพาน","__village":"บ้านวังพาน","land_type":"พื้นที่เกษตร","LandType":"พื้นที่เกษตร","plant_type":"นาข้าว","PlantType":"นาข้าว","crop_type":"นาข้าว","crop_type_raw":"นาข้าว","__crop":"นาข้าว","__plant_type":"นาข้าว","confidence":47,"Q":"47","source":"NASA FIRMS Email Alert - Suomi NPP VIIRS","source_file":"2569-7-20 รวม 67-69 เขต 6.xlsx","filter_rule":"Province=กำแพงเพชร; LandType=พื้นที่เกษตร; PlantType normalized to allowed groups","month":5,"month_key":"2569-05","day_key":"2026-05-07","TambonN":"เขาคีริส","AmphoeN":"พรานกระต่าย","ProvinceN":"กำแพงเพชร","Maps":"http://maps.google.com/maps?q=16.56521,99.61768"}},{"type":"Feature","geometry":{"type":"Point","coordinates":[99.77802,16.051]},"properties":{"hs_id":"VI1202605080722w4ygq9bpu7","hsID":"VI1202605080722w4ygq9bpu7","acq_date":"2026-05-08","Date":"2026-05-08","acq_time":"","year_be":2569,"season_be":2569,"dataset_year_be":2569,"province":"กำแพงเพชร","Province":"กำแพงเพชร","__province":"กำแพงเพชร","district":"ขาณุวรลักษบุรี","Amphoe":"ขาณุวรลักษบุรี","__district":"ขาณุวรลักษบุรี","subdistrict":"ดอนแตง","Tambon":"ดอนแตง","__subdistrict":"ดอนแตง","village":"บ้านดอนหวาย","BaanN":"บ้านดอนหวาย","__village":"บ้านดอนหวาย","land_type":"พื้นที่เกษตร","LandType":"พื้นที่เกษตร","plant_type":"นาข้าว","PlantType":"นาข้าว","crop_type":"นาข้าว","crop_type_raw":"นาข้าว","__crop":"นาข้าว","__plant_type":"นาข้าว","confidence":47,"Q":"47","source":"NASA FIRMS Email Alert - Suomi NPP VIIRS","source_file":"2569-7-20 รวม 67-69 เขต 6.xlsx","filter_rule":"Province=กำแพงเพชร; LandType=พื้นที่เกษตร; PlantType normalized to allowed groups","month":5,"month_key":"2569-05","day_key":"2026-05-08","TambonN":"ดอนแตง","AmphoeN":"ขาณุวรลักษบุรี","ProvinceN":"กำแพงเพชร","Maps":"http://maps.google.com/maps?q=16.051,99.77802"}},{"type":"Feature","geometry":{"type":"Point","coordinates":[99.78706,16.06861]},"properties":{"hs_id":"VI1202605080722w4ygqtnwrn","hsID":"VI1202605080722w4ygqtnwrn","acq_date":"2026-05-08","Date":"2026-05-08","acq_time":"","year_be":2569,"season_be":2569,"dataset_year_be":2569,"province":"กำแพงเพชร","Province":"กำแพงเพชร","__province":"กำแพงเพชร","district":"ขาณุวรลักษบุรี","Amphoe":"ขาณุวรลักษบุรี","__district":"ขาณุวรลักษบุรี","subdistrict":"ดอนแตง","Tambon":"ดอนแตง","__subdistrict":"ดอนแตง","village":"บ้านดอนขวาง","BaanN":"บ้านดอนขวาง","__village":"บ้านดอนขวาง","land_type":"พื้นที่เกษตร","LandType":"พื้นที่เกษตร","plant_type":"นาข้าว","PlantType":"นาข้าว","crop_type":"นาข้าว","crop_type_raw":"นาข้าว","__crop":"นาข้าว","__plant_type":"นาข้าว","confidence":47,"Q":"47","source":"NASA FIRMS Email Alert - Suomi NPP VIIRS","source_file":"2569-7-20 รวม 67-69 เขต 6.xlsx","filter_rule":"Province=กำแพงเพชร; LandType=พื้นที่เกษตร; PlantType normalized to allowed groups","month":5,"month_key":"2569-05","day_key":"2026-05-08","TambonN":"เกาะตาล","AmphoeN":"ขาณุวรลักษบุรี","ProvinceN":"กำแพงเพชร","Maps":"http://maps.google.com/maps?q=16.06861,99.78706"}},{"type":"Feature","geometry":{"type":"Point","coordinates":[99.67645,16.20688]},"properties":{"hs_id":"VI1202605080722w4yuhnq5vt","hsID":"VI1202605080722w4yuhnq5vt","acq_date":"2026-05-08","Date":"2026-05-08","acq_time":"","year_be":2569,"season_be":2569,"dataset_year_be":2569,"province":"กำแพงเพชร","Province":"กำแพงเพชร","__province":"กำแพงเพชร","district":"คลองขลุง","Amphoe":"คลองขลุง","__district":"คลองขลุง","subdistrict":"คลองขลุง","Tambon":"คลองขลุง","__subdistrict":"คลองขลุง","village":"บ้านทุ่งมน","BaanN":"บ้านทุ่งมน","__village":"บ้านทุ่งมน","land_type":"พื้นที่เกษตร","LandType":"พื้นที่เกษตร","plant_type":"นาข้าว","PlantType":"นาข้าว","crop_type":"นาข้าว","crop_type_raw":"นาข้าว","__crop":"นาข้าว","__plant_type":"นาข้าว","confidence":47,"Q":"47","source":"NASA FIRMS Email Alert - Suomi NPP VIIRS","source_file":"2569-7-20 รวม 67-69 เขต 6.xlsx","filter_rule":"Province=กำแพงเพชร; LandType=พื้นที่เกษตร; PlantType normalized to allowed groups","month":5,"month_key":"2569-05","day_key":"2026-05-08","TambonN":"วังไทร","AmphoeN":"คลองขลุง","ProvinceN":"กำแพงเพชร","Maps":"http://maps.google.com/maps?q=16.20688,99.67645"}},{"type":"Feature","geometry":{"type":"Point","coordinates":[99.83256,16.29074]},"properties":{"hs_id":"VI1202605080722w4yuxtxu7q","hsID":"VI1202605080722w4yuxtxu7q","acq_date":"2026-05-08","Date":"2026-05-08","acq_time":"","year_be":2569,"season_be":2569,"dataset_year_be":2569,"province":"กำแพงเพชร","Province":"กำแพงเพชร","__province":"กำแพงเพชร","district":"ทรายทองวัฒนา","Amphoe":"ทรายทองวัฒนา","__district":"ทรายทองวัฒนา","subdistrict":"ทุ่งทราย","Tambon":"ทุ่งทราย","__subdistrict":"ทุ่งทราย","village":"บ้านเกาะติ้ว","BaanN":"บ้านเกาะติ้ว","__village":"บ้านเกาะติ้ว","land_type":"พื้นที่เกษตร","LandType":"พื้นที่เกษตร","plant_type":"อ้อย","PlantType":"อ้อย","crop_type":"อ้อย","crop_type_raw":"อ้อย","__crop":"อ้อย","__plant_type":"อ้อย","confidence":47,"Q":"47","source":"NASA FIRMS Email Alert - Suomi NPP VIIRS","source_file":"2569-7-20 รวม 67-69 เขต 6.xlsx","filter_rule":"Province=กำแพงเพชร; LandType=พื้นที่เกษตร; PlantType normalized to allowed groups","month":5,"month_key":"2569-05","day_key":"2026-05-08","TambonN":"ทุ่งทราย","AmphoeN":"ทรายทองวัฒนา","ProvinceN":"กำแพงเพชร","Maps":"http://maps.google.com/maps?q=16.29074,99.83256"}},{"type":"Feature","geometry":{"type":"Point","coordinates":[99.66764,16.62427]},"properties":{"hs_id":"VI1202605080722w4yyefrg2k","hsID":"VI1202605080722w4yyefrg2k","acq_date":"2026-05-08","Date":"2026-05-08","acq_time":"","year_be":2569,"season_be":2569,"dataset_year_be":2569,"province":"กำแพงเพชร","Province":"กำแพงเพชร","__province":"กำแพงเพชร","district":"พรานกระต่าย","Amphoe":"พรานกระต่าย","__district":"พรานกระต่าย","subdistrict":"คุยบ้านโอง","Tambon":"คุยบ้านโอง","__subdistrict":"คุยบ้านโอง","village":"บ้านคุยตาแข","BaanN":"บ้านคุยตาแข","__village":"บ้านคุยตาแข","land_type":"พื้นที่เกษตร","LandType":"พื้นที่เกษตร","plant_type":"นาข้าว","PlantType":"นาข้าว","crop_type":"นาข้าว","crop_type_raw":"นาข้าว","__crop":"นาข้าว","__plant_type":"นาข้าว","confidence":47,"Q":"47","source":"NASA FIRMS Email Alert - Suomi NPP VIIRS","source_file":"2569-7-20 รวม 67-69 เขต 6.xlsx","filter_rule":"Province=กำแพงเพชร; LandType=พื้นที่เกษตร; PlantType normalized to allowed groups","month":5,"month_key":"2569-05","day_key":"2026-05-08","TambonN":"คุยบ้านโอง","AmphoeN":"พรานกระต่าย","ProvinceN":"กำแพงเพชร","Maps":"http://maps.google.com/maps?q=16.62427,99.66764"}},{"type":"Feature","geometry":{"type":"Point","coordinates":[99.56627,15.91936]},"properties":{"hs_id":"VI1202605110625w4yf9djbyp","hsID":"VI1202605110625w4yf9djbyp","acq_date":"2026-05-11","Date":"2026-05-11","acq_time":"","year_be":2569,"season_be":2569,"dataset_year_be":2569,"province":"กำแพงเพชร","Province":"กำแพงเพชร","__province":"กำแพงเพชร","district":"ขาณุวรลักษบุรี","Amphoe":"ขาณุวรลักษบุรี","__district":"ขาณุวรลักษบุรี","subdistrict":"ปางมะค่า","Tambon":"ปางมะค่า","__subdistrict":"ปางมะค่า","village":"บ้านโป่งแต้","BaanN":"บ้านโป่งแต้","__village":"บ้านโป่งแต้","land_type":"พื้นที่เกษตร","LandType":"พื้นที่เกษตร","plant_type":"นาข้าว","PlantType":"นาข้าว","crop_type":"นาข้าว","crop_type_raw":"นาข้าว","__crop":"นาข้าว","__plant_type":"นาข้าว","confidence":47,"Q":"47","source":"NASA FIRMS Email Alert - Suomi NPP VIIRS","source_file":"2569-7-20 รวม 67-69 เขต 6.xlsx","filter_rule":"Province=กำแพงเพชร; LandType=พื้นที่เกษตร; PlantType normalized to allowed groups","month":5,"month_key":"2569-05","day_key":"2026-05-11","TambonN":"ปางมะค่า","AmphoeN":"ขาณุวรลักษบุรี","ProvinceN":"กำแพงเพชร","Maps":"http://maps.google.com/maps?q=15.91936,99.56627"}},{"type":"Feature","geometry":{"type":"Point","coordinates":[99.77942,16.27945]},"properties":{"hs_id":"VI1202605110625w4yuwe94tj","hsID":"VI1202605110625w4yuwe94tj","acq_date":"2026-05-11","Date":"2026-05-11","acq_time":"","year_be":2569,"season_be":2569,"dataset_year_be":2569,"province":"กำแพงเพชร","Province":"กำแพงเพชร","__province":"กำแพงเพชร","district":"ทรายทองวัฒนา","Amphoe":"ทรายทองวัฒนา","__district":"ทรายทองวัฒนา","subdistrict":"ทุ่งทราย","Tambon":"ทุ่งทราย","__subdistrict":"ทุ่งทราย","village":"บ้านวังน้ำแดง","BaanN":"บ้านวังน้ำแดง","__village":"บ้านวังน้ำแดง","land_type":"พื้นที่เกษตร","LandType":"พื้นที่เกษตร","plant_type":"นาข้าว","PlantType":"นาข้าว","crop_type":"นาข้าว","crop_type_raw":"นาข้าว","__crop":"นาข้าว","__plant_type":"นาข้าว","confidence":47,"Q":"47","source":"NASA FIRMS Email Alert - Suomi NPP VIIRS","source_file":"2569-7-20 รวม 67-69 เขต 6.xlsx","filter_rule":"Province=กำแพงเพชร; LandType=พื้นที่เกษตร; PlantType normalized to allowed groups","month":5,"month_key":"2569-05","day_key":"2026-05-11","TambonN":"ทุ่งทราย","AmphoeN":"ทรายทองวัฒนา","ProvinceN":"กำแพงเพชร","Maps":"http://maps.google.com/maps?q=16.27945,99.77942"}},{"type":"Feature","geometry":{"type":"Point","coordinates":[99.78439,16.28033]},"properties":{"hs_id":"VI1202605110625w4yuweszbc","hsID":"VI1202605110625w4yuweszbc","acq_date":"2026-05-11","Date":"2026-05-11","acq_time":"","year_be":2569,"season_be":2569,"dataset_year_be":2569,"province":"กำแพงเพชร","Province":"กำแพงเพชร","__province":"กำแพงเพชร","district":"ทรายทองวัฒนา","Amphoe":"ทรายทองวัฒนา","__district":"ทรายทองวัฒนา","subdistrict":"ทุ่งทราย","Tambon":"ทุ่งทราย","__subdistrict":"ทุ่งทราย","village":"บ้านวังน้ำแดงเหนือ","BaanN":"บ้านวังน้ำแดงเหนือ","__village":"บ้านวังน้ำแดงเหนือ","land_type":"พื้นที่เกษตร","LandType":"พื้นที่เกษตร","plant_type":"นาข้าว","PlantType":"นาข้าว","crop_type":"นาข้าว","crop_type_raw":"นาข้าว","__crop":"นาข้าว","__plant_type":"นาข้าว","confidence":47,"Q":"47","source":"NASA FIRMS Email Alert - Suomi NPP VIIRS","source_file":"2569-7-20 รวม 67-69 เขต 6.xlsx","filter_rule":"Province=กำแพงเพชร; LandType=พื้นที่เกษตร; PlantType normalized to allowed groups","month":5,"month_key":"2569-05","day_key":"2026-05-11","TambonN":"ทุ่งทราย","AmphoeN":"ทรายทองวัฒนา","ProvinceN":"กำแพงเพชร","Maps":"http://maps.google.com/maps?q=16.28033,99.78439"}},{"type":"Feature","geometry":{"type":"Point","coordinates":[99.66373,16.24932]},"properties":{"hs_id":"VI1202605120608w4yu7yhgjh","hsID":"VI1202605120608w4yu7yhgjh","acq_date":"2026-05-12","Date":"2026-05-12","acq_time":"","year_be":2569,"season_be":2569,"dataset_year_be":2569,"province":"กำแพงเพชร","Province":"กำแพงเพชร","__province":"กำแพงเพชร","district":"คลองขลุง","Amphoe":"คลองขลุง","__district":"คลองขลุง","subdistrict":"หัวถนน","Tambon":"หัวถนน","__subdistrict":"หัวถนน","village":"บ้านหนองขาม","BaanN":"บ้านหนองขาม","__village":"บ้านหนองขาม","land_type":"พื้นที่เกษตร","LandType":"พื้นที่เกษตร","plant_type":"นาข้าว","PlantType":"นาข้าว","crop_type":"นาข้าว","crop_type_raw":"นาข้าว","__crop":"นาข้าว","__plant_type":"นาข้าว","confidence":47,"Q":"47","source":"NASA FIRMS Email Alert - Suomi NPP VIIRS","source_file":"2569-7-20 รวม 67-69 เขต 6.xlsx","filter_rule":"Province=กำแพงเพชร; LandType=พื้นที่เกษตร; PlantType normalized to allowed groups","month":5,"month_key":"2569-05","day_key":"2026-05-12","TambonN":"หัวถนน","AmphoeN":"คลองขลุง","ProvinceN":"กำแพงเพชร","Maps":"http://maps.google.com/maps?q=16.24932,99.66373"}},{"type":"Feature","geometry":{"type":"Point","coordinates":[99.49664,16.4124]},"properties":{"hs_id":"VI1202605120608w4yv25g1pv","hsID":"VI1202605120608w4yv25g1pv","acq_date":"2026-05-12","Date":"2026-05-12","acq_time":"","year_be":2569,"season_be":2569,"dataset_year_be":2569,"province":"กำแพงเพชร","Province":"กำแพงเพชร","__province":"กำแพงเพชร","district":"เมืองกำแพงเพชร","Amphoe":"เมืองกำแพงเพชร","__district":"เมืองกำแพงเพชร","subdistrict":"คลองแม่ลาย","Tambon":"คลองแม่ลาย","__subdistrict":"คลองแม่ลาย","village":"บ้านกิโลสาม","BaanN":"บ้านกิโลสาม","__village":"บ้านกิโลสาม","land_type":"พื้นที่เกษตร","LandType":"พื้นที่เกษตร","plant_type":"เกษตรอื่น ๆ","PlantType":"เกษตรอื่น ๆ","crop_type":"เกษตรอื่น ๆ","crop_type_raw":"เกษตรอื่น ๆ","__crop":"เกษตรอื่น ๆ","__plant_type":"เกษตรอื่น ๆ","confidence":47,"Q":"47","source":"NASA FIRMS Email Alert - Suomi NPP VIIRS","source_file":"2569-7-20 รวม 67-69 เขต 6.xlsx","filter_rule":"Province=กำแพงเพชร; LandType=พื้นที่เกษตร; PlantType normalized to allowed groups","month":5,"month_key":"2569-05","day_key":"2026-05-12","TambonN":"คลองแม่ลาย","AmphoeN":"เมืองกำแพงเพชร","ProvinceN":"กำแพงเพชร","Maps":"http://maps.google.com/maps?q=16.4124,99.49664"}}]}